# Blender 5.2.0 LTS
# www.blender.org
mtllib left_1m.mtl
o Left_1m
v -0.381719 0.018275 0.152532 0.1389 0.0000 0.0000
v -0.512639 0.003420 0.152532 0.1389 0.0000 0.0000
v -0.512639 -0.496380 0.152532 0.1389 0.0000 0.0000
v -0.269542 -0.468752 0.152532 0.1389 0.0000 0.0000
v -0.067123 -0.400446 0.152532 0.1389 0.0000 0.0000
v 0.105725 -0.302568 0.152532 0.1389 0.0000 0.0000
v 0.253027 -0.179145 0.152532 0.1389 0.0000 0.0000
v 0.376450 -0.031843 0.152532 0.1389 0.0000 0.0000
v 0.474327 0.141004 0.152532 0.1389 0.0000 0.0000
v 0.542633 0.343423 0.152532 0.1389 0.0000 0.0000
v 0.570261 0.586520 0.152532 0.1389 0.0000 0.0000
v 0.070461 0.586520 0.152532 0.1389 0.0000 0.0000
v 0.055606 0.455601 0.152532 0.1389 0.0000 0.0000
v -0.272735 0.055066 0.152532 0.1389 0.0000 0.0000
v 0.018815 0.346616 0.152532 0.1389 0.0000 0.0000
v -0.179717 0.107823 0.152532 0.1389 0.0000 0.0000
v -0.033942 0.253598 0.152532 0.1389 0.0000 0.0000
v -0.100304 0.174185 0.152532 0.1389 0.0000 0.0000
v 0.105725 -0.302568 0.052532 0.1389 0.0000 0.0000
v -0.067123 -0.400446 0.052532 0.1389 0.0000 0.0000
v -0.269542 -0.468752 0.052532 0.1389 0.0000 0.0000
v -0.512639 -0.496380 0.052532 0.1389 0.0000 0.0000
v -0.512639 0.003420 0.052532 0.1389 0.0000 0.0000
v 0.055606 0.455601 0.052532 0.1389 0.0000 0.0000
v 0.070461 0.586520 0.052532 0.1389 0.0000 0.0000
v 0.570261 0.586520 0.052532 0.1389 0.0000 0.0000
v 0.542633 0.343423 0.052532 0.1389 0.0000 0.0000
v 0.474327 0.141004 0.052532 0.1389 0.0000 0.0000
v 0.376450 -0.031843 0.052532 0.1389 0.0000 0.0000
v 0.253027 -0.179145 0.052532 0.1389 0.0000 0.0000
v -0.381719 0.018275 0.052532 0.1389 0.0000 0.0000
v 0.018815 0.346616 0.052532 0.1389 0.0000 0.0000
v -0.033942 0.253598 0.052532 0.1389 0.0000 0.0000
v -0.272735 0.055066 0.052532 0.1389 0.0000 0.0000
v -0.100304 0.174185 0.052532 0.1389 0.0000 0.0000
v -0.179717 0.107823 0.052532 0.1389 0.0000 0.0000
v -0.346351 -0.633825 0.167632 0.1389 0.0000 0.0000
v -0.346929 -0.633825 0.167556 0.1389 0.0000 0.0000
v -0.346351 -0.633825 0.164407 0.1389 0.0000 0.0000
v -0.345774 -0.633825 0.167556 0.1389 0.0000 0.0000
v -0.344304 -0.633825 0.166495 0.1389 0.0000 0.0000
v -0.344726 -0.633825 0.166974 0.1389 0.0000 0.0000
v -0.345223 -0.633825 0.167334 0.1389 0.0000 0.0000
v -0.343669 -0.633825 0.164581 0.1389 0.0000 0.0000
v -0.343763 -0.633825 0.165270 0.1389 0.0000 0.0000
v -0.343978 -0.633825 0.165917 0.1389 0.0000 0.0000
v -0.344128 -0.633825 0.162597 0.1389 0.0000 0.0000
v -0.343856 -0.633825 0.163213 0.1389 0.0000 0.0000
v -0.343700 -0.633825 0.163885 0.1389 0.0000 0.0000
v -0.345494 -0.633825 0.161351 0.1389 0.0000 0.0000
v -0.344966 -0.633825 0.161643 0.1389 0.0000 0.0000
v -0.344504 -0.633825 0.162065 0.1389 0.0000 0.0000
v -0.347209 -0.633825 0.161351 0.1389 0.0000 0.0000
v -0.346642 -0.633825 0.161201 0.1389 0.0000 0.0000
v -0.346061 -0.633825 0.161201 0.1389 0.0000 0.0000
v -0.348575 -0.633825 0.162597 0.1389 0.0000 0.0000
v -0.348199 -0.633825 0.162065 0.1389 0.0000 0.0000
v -0.347736 -0.633825 0.161643 0.1389 0.0000 0.0000
v -0.349034 -0.633825 0.164581 0.1389 0.0000 0.0000
v -0.349002 -0.633825 0.163885 0.1389 0.0000 0.0000
v -0.348847 -0.633825 0.163213 0.1389 0.0000 0.0000
v -0.348399 -0.633825 0.166495 0.1389 0.0000 0.0000
v -0.348725 -0.633825 0.165917 0.1389 0.0000 0.0000
v -0.348940 -0.633825 0.165270 0.1389 0.0000 0.0000
v -0.347479 -0.633825 0.167334 0.1389 0.0000 0.0000
v -0.347977 -0.633825 0.166974 0.1389 0.0000 0.0000
v -0.351974 -0.647069 0.169657 0.1389 0.0000 0.0000
v -0.351974 -0.647069 0.159157 0.1389 0.0000 0.0000
v -0.351974 -0.643071 0.169657 0.1389 0.0000 0.0000
v -0.351974 -0.643071 0.159157 0.1389 0.0000 0.0000
v -0.340729 -0.647069 0.169657 0.1389 0.0000 0.0000
v -0.340729 -0.643071 0.169657 0.1389 0.0000 0.0000
v -0.346061 -0.647069 0.161201 0.1389 0.0000 0.0000
v -0.340729 -0.647069 0.159157 0.1389 0.0000 0.0000
v -0.346642 -0.647069 0.161201 0.1389 0.0000 0.0000
v -0.347209 -0.647069 0.161351 0.1389 0.0000 0.0000
v -0.347736 -0.647069 0.161643 0.1389 0.0000 0.0000
v -0.345494 -0.647069 0.161351 0.1389 0.0000 0.0000
v -0.344966 -0.647069 0.161643 0.1389 0.0000 0.0000
v -0.344504 -0.647069 0.162065 0.1389 0.0000 0.0000
v -0.343700 -0.647069 0.163885 0.1389 0.0000 0.0000
v -0.343669 -0.647069 0.164581 0.1389 0.0000 0.0000
v -0.343763 -0.647069 0.165270 0.1389 0.0000 0.0000
v -0.343978 -0.647069 0.165917 0.1389 0.0000 0.0000
v -0.344304 -0.647069 0.166495 0.1389 0.0000 0.0000
v -0.344726 -0.647069 0.166974 0.1389 0.0000 0.0000
v -0.345223 -0.647069 0.167334 0.1389 0.0000 0.0000
v -0.345774 -0.647069 0.167556 0.1389 0.0000 0.0000
v -0.346351 -0.647069 0.167632 0.1389 0.0000 0.0000
v -0.346929 -0.647069 0.167556 0.1389 0.0000 0.0000
v -0.347479 -0.647069 0.167334 0.1389 0.0000 0.0000
v -0.344128 -0.647069 0.162597 0.1389 0.0000 0.0000
v -0.343856 -0.647069 0.163213 0.1389 0.0000 0.0000
v -0.347977 -0.647069 0.166974 0.1389 0.0000 0.0000
v -0.348399 -0.647069 0.166495 0.1389 0.0000 0.0000
v -0.348725 -0.647069 0.165917 0.1389 0.0000 0.0000
v -0.348940 -0.647069 0.165270 0.1389 0.0000 0.0000
v -0.349034 -0.647069 0.164581 0.1389 0.0000 0.0000
v -0.349002 -0.647069 0.163885 0.1389 0.0000 0.0000
v -0.348847 -0.647069 0.163213 0.1389 0.0000 0.0000
v -0.348575 -0.647069 0.162597 0.1389 0.0000 0.0000
v -0.348199 -0.647069 0.162065 0.1389 0.0000 0.0000
v -0.340729 -0.643071 0.159157 0.1389 0.0000 0.0000
v -0.344966 -0.643071 0.161643 0.1389 0.0000 0.0000
v -0.345494 -0.643071 0.161351 0.1389 0.0000 0.0000
v -0.348940 -0.643071 0.165270 0.1389 0.0000 0.0000
v -0.348725 -0.643071 0.165917 0.1389 0.0000 0.0000
v -0.347736 -0.643071 0.161643 0.1389 0.0000 0.0000
v -0.348199 -0.643071 0.162065 0.1389 0.0000 0.0000
v -0.348575 -0.643071 0.162597 0.1389 0.0000 0.0000
v -0.348847 -0.643071 0.163213 0.1389 0.0000 0.0000
v -0.349002 -0.643071 0.163885 0.1389 0.0000 0.0000
v -0.349034 -0.643071 0.164581 0.1389 0.0000 0.0000
v -0.348399 -0.643071 0.166495 0.1389 0.0000 0.0000
v -0.347977 -0.643071 0.166974 0.1389 0.0000 0.0000
v -0.347479 -0.643071 0.167334 0.1389 0.0000 0.0000
v -0.345223 -0.643071 0.167334 0.1389 0.0000 0.0000
v -0.344726 -0.643071 0.166974 0.1389 0.0000 0.0000
v -0.344304 -0.643071 0.166495 0.1389 0.0000 0.0000
v -0.343978 -0.643071 0.165917 0.1389 0.0000 0.0000
v -0.346061 -0.643071 0.161201 0.1389 0.0000 0.0000
v -0.346642 -0.643071 0.161201 0.1389 0.0000 0.0000
v -0.347209 -0.643071 0.161351 0.1389 0.0000 0.0000
v -0.346929 -0.643071 0.167556 0.1389 0.0000 0.0000
v -0.346351 -0.643071 0.167632 0.1389 0.0000 0.0000
v -0.345774 -0.643071 0.167556 0.1389 0.0000 0.0000
v -0.343763 -0.643071 0.165270 0.1389 0.0000 0.0000
v -0.343669 -0.643071 0.164581 0.1389 0.0000 0.0000
v -0.343700 -0.643071 0.163885 0.1389 0.0000 0.0000
v -0.343856 -0.643071 0.163213 0.1389 0.0000 0.0000
v -0.344128 -0.643071 0.162597 0.1389 0.0000 0.0000
v -0.344504 -0.643071 0.162065 0.1389 0.0000 0.0000
v -0.346351 -0.652567 0.167632 0.1389 0.0000 0.0000
v -0.346929 -0.652567 0.167556 0.1389 0.0000 0.0000
v -0.347479 -0.652567 0.167334 0.1389 0.0000 0.0000
v -0.347977 -0.652567 0.166974 0.1389 0.0000 0.0000
v -0.348399 -0.652567 0.166495 0.1389 0.0000 0.0000
v -0.348725 -0.652567 0.165917 0.1389 0.0000 0.0000
v -0.348940 -0.652567 0.165270 0.1389 0.0000 0.0000
v -0.349034 -0.652567 0.164581 0.1389 0.0000 0.0000
v -0.349002 -0.652567 0.163885 0.1389 0.0000 0.0000
v -0.348847 -0.652567 0.163213 0.1389 0.0000 0.0000
v -0.348575 -0.652567 0.162597 0.1389 0.0000 0.0000
v -0.348199 -0.652567 0.162065 0.1389 0.0000 0.0000
v -0.347736 -0.652567 0.161643 0.1389 0.0000 0.0000
v -0.347209 -0.652567 0.161351 0.1389 0.0000 0.0000
v -0.346642 -0.652567 0.161201 0.1389 0.0000 0.0000
v -0.346061 -0.652567 0.161201 0.1389 0.0000 0.0000
v -0.345494 -0.652567 0.161351 0.1389 0.0000 0.0000
v -0.344966 -0.652567 0.161643 0.1389 0.0000 0.0000
v -0.344504 -0.652567 0.162065 0.1389 0.0000 0.0000
v -0.344128 -0.652567 0.162597 0.1389 0.0000 0.0000
v -0.343856 -0.652567 0.163213 0.1389 0.0000 0.0000
v -0.343700 -0.652567 0.163885 0.1389 0.0000 0.0000
v -0.343669 -0.652567 0.164581 0.1389 0.0000 0.0000
v -0.343763 -0.652567 0.165270 0.1389 0.0000 0.0000
v -0.343978 -0.652567 0.165917 0.1389 0.0000 0.0000
v -0.344304 -0.652567 0.166495 0.1389 0.0000 0.0000
v -0.344726 -0.652567 0.166974 0.1389 0.0000 0.0000
v -0.345223 -0.652567 0.167334 0.1389 0.0000 0.0000
v -0.345774 -0.652567 0.167556 0.1389 0.0000 0.0000
v -0.352026 -0.525993 0.111607 0.1389 0.0000 0.0000
v -0.349501 -0.521620 0.111607 0.1389 0.0000 0.0000
v -0.352026 -0.525993 0.116407 0.1389 0.0000 0.0000
v -0.349501 -0.521620 0.116407 0.1389 0.0000 0.0000
v -0.344451 -0.521620 0.111607 0.1389 0.0000 0.0000
v -0.344451 -0.521620 0.116407 0.1389 0.0000 0.0000
v -0.353224 -0.652567 0.156157 0.1389 0.0000 0.0000
v -0.353224 -0.631102 0.156157 0.1389 0.0000 0.0000
v -0.340729 -0.652567 0.156157 0.1389 0.0000 0.0000
v -0.340729 -0.631102 0.156157 0.1389 0.0000 0.0000
v -0.353224 -0.652567 0.171157 0.1389 0.0000 0.0000
v -0.340729 -0.652567 0.171157 0.1389 0.0000 0.0000
v -0.346412 -0.528555 0.103282 0.1389 0.0000 0.0000
v -0.340729 -0.539741 0.103282 0.1389 0.0000 0.0000
v -0.346976 -0.528617 0.103282 0.1389 0.0000 0.0000
v -0.353224 -0.539741 0.103282 0.1389 0.0000 0.0000
v -0.347540 -0.528555 0.103282 0.1389 0.0000 0.0000
v -0.345874 -0.528374 0.103282 0.1389 0.0000 0.0000
v -0.345388 -0.528082 0.103282 0.1389 0.0000 0.0000
v -0.344976 -0.527691 0.103282 0.1389 0.0000 0.0000
v -0.349294 -0.527222 0.103282 0.1389 0.0000 0.0000
v -0.348976 -0.527691 0.103282 0.1389 0.0000 0.0000
v -0.340729 -0.519745 0.103282 0.1389 0.0000 0.0000
v -0.344387 -0.525568 0.103282 0.1389 0.0000 0.0000
v -0.344539 -0.525022 0.103282 0.1389 0.0000 0.0000
v -0.348564 -0.528082 0.103282 0.1389 0.0000 0.0000
v -0.348078 -0.528374 0.103282 0.1389 0.0000 0.0000
v -0.344658 -0.527222 0.103282 0.1389 0.0000 0.0000
v -0.344448 -0.526695 0.103282 0.1389 0.0000 0.0000
v -0.344356 -0.526135 0.103282 0.1389 0.0000 0.0000
v -0.344804 -0.524520 0.103282 0.1389 0.0000 0.0000
v -0.345172 -0.524088 0.103282 0.1389 0.0000 0.0000
v -0.345623 -0.523744 0.103282 0.1389 0.0000 0.0000
v -0.347814 -0.523506 0.103282 0.1389 0.0000 0.0000
v -0.348329 -0.523744 0.103282 0.1389 0.0000 0.0000
v -0.353224 -0.519745 0.103282 0.1389 0.0000 0.0000
v -0.349414 -0.525022 0.103282 0.1389 0.0000 0.0000
v -0.349565 -0.525568 0.103282 0.1389 0.0000 0.0000
v -0.349596 -0.526135 0.103282 0.1389 0.0000 0.0000
v -0.349504 -0.526695 0.103282 0.1389 0.0000 0.0000
v -0.346138 -0.523506 0.103282 0.1389 0.0000 0.0000
v -0.346692 -0.523384 0.103282 0.1389 0.0000 0.0000
v -0.347260 -0.523384 0.103282 0.1389 0.0000 0.0000
v -0.348781 -0.524088 0.103282 0.1389 0.0000 0.0000
v -0.349148 -0.524520 0.103282 0.1389 0.0000 0.0000
v -0.353224 -0.622461 0.171157 0.1389 0.0000 0.0000
v -0.340729 -0.622461 0.171157 0.1389 0.0000 0.0000
v -0.341926 -0.525993 0.111607 0.1389 0.0000 0.0000
v -0.344451 -0.530366 0.111607 0.1389 0.0000 0.0000
v -0.341926 -0.525993 0.116407 0.1389 0.0000 0.0000
v -0.344451 -0.530366 0.116407 0.1389 0.0000 0.0000
v -0.353224 -0.534562 0.116407 0.1389 0.0000 0.0000
v -0.353224 -0.519745 0.116407 0.1389 0.0000 0.0000
v -0.340729 -0.519745 0.116407 0.1389 0.0000 0.0000
v -0.340729 -0.534562 0.116407 0.1389 0.0000 0.0000
v -0.349501 -0.530366 0.116407 0.1389 0.0000 0.0000
v -0.340729 -0.541016 0.116893 0.1389 0.0000 0.0000
v -0.340729 -0.557671 0.152153 0.1389 0.0000 0.0000
v -0.340729 -0.557802 0.162134 0.1389 0.0000 0.0000
v -0.340729 -0.566746 0.160455 0.1389 0.0000 0.0000
v -0.340729 -0.567394 0.169504 0.1389 0.0000 0.0000
v -0.340729 -0.577023 0.166403 0.1389 0.0000 0.0000
v -0.340729 -0.577936 0.174675 0.1389 0.0000 0.0000
v -0.340729 -0.588086 0.169755 0.1389 0.0000 0.0000
v -0.340729 -0.589083 0.177477 0.1389 0.0000 0.0000
v -0.340729 -0.599483 0.170377 0.1389 0.0000 0.0000
v -0.340729 -0.600467 0.177819 0.1389 0.0000 0.0000
v -0.340729 -0.610753 0.168242 0.1389 0.0000 0.0000
v -0.340729 -0.611716 0.175689 0.1389 0.0000 0.0000
v -0.340729 -0.621438 0.163437 0.1389 0.0000 0.0000
v -0.340729 -0.544539 0.129920 0.1389 0.0000 0.0000
v -0.340729 -0.537661 0.129562 0.1389 0.0000 0.0000
v -0.340729 -0.550167 0.141835 0.1389 0.0000 0.0000
v -0.340729 -0.542688 0.141830 0.1389 0.0000 0.0000
v -0.340729 -0.549476 0.152807 0.1389 0.0000 0.0000
v -0.353224 -0.541016 0.116893 0.1389 0.0000 0.0000
v -0.353224 -0.544539 0.129920 0.1389 0.0000 0.0000
v -0.353224 -0.550167 0.141835 0.1389 0.0000 0.0000
v -0.353224 -0.557671 0.152153 0.1389 0.0000 0.0000
v -0.353224 -0.566746 0.160455 0.1389 0.0000 0.0000
v -0.353224 -0.577023 0.166403 0.1389 0.0000 0.0000
v -0.353224 -0.588086 0.169755 0.1389 0.0000 0.0000
v -0.353224 -0.599483 0.170377 0.1389 0.0000 0.0000
v -0.353224 -0.610753 0.168242 0.1389 0.0000 0.0000
v -0.353224 -0.621438 0.163437 0.1389 0.0000 0.0000
v -0.346138 -0.523506 0.111607 0.1389 0.0000 0.0000
v -0.346692 -0.523384 0.111607 0.1389 0.0000 0.0000
v -0.346976 -0.523369 0.111607 0.1389 0.0000 0.0000
v -0.347260 -0.523384 0.111607 0.1389 0.0000 0.0000
v -0.347814 -0.523506 0.111607 0.1389 0.0000 0.0000
v -0.348329 -0.523744 0.111607 0.1389 0.0000 0.0000
v -0.348781 -0.524088 0.111607 0.1389 0.0000 0.0000
v -0.349148 -0.524520 0.111607 0.1389 0.0000 0.0000
v -0.349414 -0.525022 0.111607 0.1389 0.0000 0.0000
v -0.349565 -0.525568 0.111607 0.1389 0.0000 0.0000
v -0.349596 -0.526135 0.111607 0.1389 0.0000 0.0000
v -0.349504 -0.526695 0.111607 0.1389 0.0000 0.0000
v -0.349294 -0.527222 0.111607 0.1389 0.0000 0.0000
v -0.348976 -0.527691 0.111607 0.1389 0.0000 0.0000
v -0.348564 -0.528082 0.111607 0.1389 0.0000 0.0000
v -0.348078 -0.528374 0.111607 0.1389 0.0000 0.0000
v -0.347540 -0.528555 0.111607 0.1389 0.0000 0.0000
v -0.346976 -0.528617 0.111607 0.1389 0.0000 0.0000
v -0.346412 -0.528555 0.111607 0.1389 0.0000 0.0000
v -0.345874 -0.528374 0.111607 0.1389 0.0000 0.0000
v -0.345388 -0.528082 0.111607 0.1389 0.0000 0.0000
v -0.344976 -0.527691 0.111607 0.1389 0.0000 0.0000
v -0.344658 -0.527222 0.111607 0.1389 0.0000 0.0000
v -0.344448 -0.526695 0.111607 0.1389 0.0000 0.0000
v -0.344356 -0.526135 0.111607 0.1389 0.0000 0.0000
v -0.344387 -0.525568 0.111607 0.1389 0.0000 0.0000
v -0.344539 -0.525022 0.111607 0.1389 0.0000 0.0000
v -0.344804 -0.524520 0.111607 0.1389 0.0000 0.0000
v -0.345172 -0.524088 0.111607 0.1389 0.0000 0.0000
v -0.345623 -0.523744 0.111607 0.1389 0.0000 0.0000
v -0.353224 -0.611716 0.175689 0.1389 0.0000 0.0000
v -0.353224 -0.600467 0.177819 0.1389 0.0000 0.0000
v -0.353224 -0.589083 0.177477 0.1389 0.0000 0.0000
v -0.353224 -0.577936 0.174675 0.1389 0.0000 0.0000
v -0.353224 -0.567394 0.169504 0.1389 0.0000 0.0000
v -0.353224 -0.557802 0.162134 0.1389 0.0000 0.0000
v -0.353224 -0.549476 0.152807 0.1389 0.0000 0.0000
v -0.353224 -0.542688 0.141830 0.1389 0.0000 0.0000
v -0.353224 -0.537661 0.129562 0.1389 0.0000 0.0000
v -0.349501 -0.530366 0.111607 0.1389 0.0000 0.0000
v -0.247579 -0.525022 0.093157 0.1389 0.0000 0.0000
v -0.249321 -0.524328 0.093157 0.1389 0.0000 0.0000
v -0.247314 -0.524520 0.093157 0.1389 0.0000 0.0000
v -0.248865 -0.523468 0.093157 0.1389 0.0000 0.0000
v -0.246946 -0.524088 0.093157 0.1389 0.0000 0.0000
v -0.248235 -0.522727 0.093157 0.1389 0.0000 0.0000
v -0.246495 -0.523744 0.093157 0.1389 0.0000 0.0000
v -0.247461 -0.522138 0.093157 0.1389 0.0000 0.0000
v -0.245980 -0.523506 0.093157 0.1389 0.0000 0.0000
v -0.246578 -0.521730 0.093157 0.1389 0.0000 0.0000
v -0.245426 -0.523384 0.093157 0.1389 0.0000 0.0000
v -0.245628 -0.521521 0.093157 0.1389 0.0000 0.0000
v -0.244858 -0.523384 0.093157 0.1389 0.0000 0.0000
v -0.244656 -0.521521 0.093157 0.1389 0.0000 0.0000
v -0.244304 -0.523506 0.093157 0.1389 0.0000 0.0000
v -0.243706 -0.521730 0.093157 0.1389 0.0000 0.0000
v -0.243789 -0.523744 0.093157 0.1389 0.0000 0.0000
v -0.242823 -0.522138 0.093157 0.1389 0.0000 0.0000
v -0.243337 -0.524088 0.093157 0.1389 0.0000 0.0000
v -0.242048 -0.522727 0.093157 0.1389 0.0000 0.0000
v -0.242970 -0.524520 0.093157 0.1389 0.0000 0.0000
v -0.241419 -0.523468 0.093157 0.1389 0.0000 0.0000
v -0.242704 -0.525022 0.093157 0.1389 0.0000 0.0000
v -0.240963 -0.524328 0.093157 0.1389 0.0000 0.0000
v -0.242552 -0.525568 0.093157 0.1389 0.0000 0.0000
v -0.240703 -0.525265 0.093157 0.1389 0.0000 0.0000
v -0.242522 -0.526135 0.093157 0.1389 0.0000 0.0000
v -0.240650 -0.526236 0.093157 0.1389 0.0000 0.0000
v -0.242614 -0.526695 0.093157 0.1389 0.0000 0.0000
v -0.240808 -0.527196 0.093157 0.1389 0.0000 0.0000
v -0.242824 -0.527222 0.093157 0.1389 0.0000 0.0000
v -0.241168 -0.528100 0.093157 0.1389 0.0000 0.0000
v -0.243142 -0.527691 0.093157 0.1389 0.0000 0.0000
v -0.241714 -0.528905 0.093157 0.1389 0.0000 0.0000
v -0.243554 -0.528082 0.093157 0.1389 0.0000 0.0000
v -0.242420 -0.529574 0.093157 0.1389 0.0000 0.0000
v -0.244040 -0.528374 0.093157 0.1389 0.0000 0.0000
v -0.243253 -0.530075 0.093157 0.1389 0.0000 0.0000
v -0.244578 -0.528555 0.093157 0.1389 0.0000 0.0000
v -0.244175 -0.530386 0.093157 0.1389 0.0000 0.0000
v -0.245142 -0.528617 0.093157 0.1389 0.0000 0.0000
v -0.245142 -0.530491 0.093157 0.1389 0.0000 0.0000
v -0.245706 -0.528555 0.093157 0.1389 0.0000 0.0000
v -0.246109 -0.530386 0.093157 0.1389 0.0000 0.0000
v -0.246244 -0.528374 0.093157 0.1389 0.0000 0.0000
v -0.247031 -0.530075 0.093157 0.1389 0.0000 0.0000
v -0.246730 -0.528082 0.093157 0.1389 0.0000 0.0000
v -0.247864 -0.529574 0.093157 0.1389 0.0000 0.0000
v -0.247142 -0.527691 0.093157 0.1389 0.0000 0.0000
v -0.248570 -0.528905 0.093157 0.1389 0.0000 0.0000
v -0.247460 -0.527222 0.093157 0.1389 0.0000 0.0000
v -0.249116 -0.528100 0.093157 0.1389 0.0000 0.0000
v -0.247670 -0.526695 0.093157 0.1389 0.0000 0.0000
v -0.249476 -0.527196 0.093157 0.1389 0.0000 0.0000
v -0.247762 -0.526135 0.093157 0.1389 0.0000 0.0000
v -0.249633 -0.526236 0.093157 0.1389 0.0000 0.0000
v -0.247731 -0.525568 0.093157 0.1389 0.0000 0.0000
v -0.249581 -0.525265 0.093157 0.1389 0.0000 0.0000
v -0.245142 -0.530491 0.088657 0.1389 0.0000 0.0000
v -0.246109 -0.530386 0.088657 0.1389 0.0000 0.0000
v -0.247031 -0.530075 0.088657 0.1389 0.0000 0.0000
v -0.247864 -0.529574 0.088657 0.1389 0.0000 0.0000
v -0.248570 -0.528905 0.088657 0.1389 0.0000 0.0000
v -0.249116 -0.528100 0.088657 0.1389 0.0000 0.0000
v -0.249476 -0.527196 0.088657 0.1389 0.0000 0.0000
v -0.249633 -0.526236 0.088657 0.1389 0.0000 0.0000
v -0.249581 -0.525265 0.088657 0.1389 0.0000 0.0000
v -0.249321 -0.524328 0.088657 0.1389 0.0000 0.0000
v -0.248865 -0.523468 0.088657 0.1389 0.0000 0.0000
v -0.248235 -0.522727 0.088657 0.1389 0.0000 0.0000
v -0.247461 -0.522138 0.088657 0.1389 0.0000 0.0000
v -0.246578 -0.521730 0.088657 0.1389 0.0000 0.0000
v -0.245628 -0.521521 0.088657 0.1389 0.0000 0.0000
v -0.244656 -0.521521 0.088657 0.1389 0.0000 0.0000
v -0.243706 -0.521730 0.088657 0.1389 0.0000 0.0000
v -0.242823 -0.522138 0.088657 0.1389 0.0000 0.0000
v -0.242048 -0.522727 0.088657 0.1389 0.0000 0.0000
v -0.241419 -0.523468 0.088657 0.1389 0.0000 0.0000
v -0.240963 -0.524328 0.088657 0.1389 0.0000 0.0000
v -0.240703 -0.525265 0.088657 0.1389 0.0000 0.0000
v -0.240650 -0.526236 0.088657 0.1389 0.0000 0.0000
v -0.240808 -0.527196 0.088657 0.1389 0.0000 0.0000
v -0.241168 -0.528100 0.088657 0.1389 0.0000 0.0000
v -0.241714 -0.528905 0.088657 0.1389 0.0000 0.0000
v -0.242420 -0.529574 0.088657 0.1389 0.0000 0.0000
v -0.243253 -0.530075 0.088657 0.1389 0.0000 0.0000
v -0.244175 -0.530386 0.088657 0.1389 0.0000 0.0000
v -0.244517 -0.633825 0.043882 0.1389 0.0000 0.0000
v -0.244517 -0.643071 0.043882 0.1389 0.0000 0.0000
v -0.245095 -0.633825 0.043806 0.1389 0.0000 0.0000
v -0.245095 -0.643071 0.043806 0.1389 0.0000 0.0000
v -0.245645 -0.633825 0.043584 0.1389 0.0000 0.0000
v -0.245645 -0.643071 0.043584 0.1389 0.0000 0.0000
v -0.246143 -0.633825 0.043224 0.1389 0.0000 0.0000
v -0.246143 -0.643071 0.043224 0.1389 0.0000 0.0000
v -0.246565 -0.633825 0.042745 0.1389 0.0000 0.0000
v -0.246565 -0.643071 0.042745 0.1389 0.0000 0.0000
v -0.246891 -0.633825 0.042167 0.1389 0.0000 0.0000
v -0.246891 -0.643071 0.042167 0.1389 0.0000 0.0000
v -0.247106 -0.633825 0.041520 0.1389 0.0000 0.0000
v -0.247106 -0.643071 0.041520 0.1389 0.0000 0.0000
v -0.247200 -0.633825 0.040831 0.1389 0.0000 0.0000
v -0.247200 -0.643071 0.040831 0.1389 0.0000 0.0000
v -0.247168 -0.633825 0.040135 0.1389 0.0000 0.0000
v -0.247168 -0.643071 0.040135 0.1389 0.0000 0.0000
v -0.247013 -0.633825 0.039463 0.1389 0.0000 0.0000
v -0.247013 -0.643071 0.039463 0.1389 0.0000 0.0000
v -0.246741 -0.633825 0.038847 0.1389 0.0000 0.0000
v -0.246741 -0.643071 0.038847 0.1389 0.0000 0.0000
v -0.246365 -0.633825 0.038315 0.1389 0.0000 0.0000
v -0.246365 -0.643071 0.038315 0.1389 0.0000 0.0000
v -0.245902 -0.633825 0.037893 0.1389 0.0000 0.0000
v -0.245902 -0.643071 0.037893 0.1389 0.0000 0.0000
v -0.245375 -0.633825 0.037601 0.1389 0.0000 0.0000
v -0.245375 -0.643071 0.037601 0.1389 0.0000 0.0000
v -0.244808 -0.633825 0.037451 0.1389 0.0000 0.0000
v -0.244808 -0.643071 0.037451 0.1389 0.0000 0.0000
v -0.244227 -0.633825 0.037451 0.1389 0.0000 0.0000
v -0.244227 -0.643071 0.037451 0.1389 0.0000 0.0000
v -0.243659 -0.633825 0.037601 0.1389 0.0000 0.0000
v -0.243659 -0.643071 0.037601 0.1389 0.0000 0.0000
v -0.243132 -0.633825 0.037893 0.1389 0.0000 0.0000
v -0.243132 -0.643071 0.037893 0.1389 0.0000 0.0000
v -0.242670 -0.633825 0.038315 0.1389 0.0000 0.0000
v -0.242670 -0.643071 0.038315 0.1389 0.0000 0.0000
v -0.242294 -0.633825 0.038847 0.1389 0.0000 0.0000
v -0.242294 -0.643071 0.038847 0.1389 0.0000 0.0000
v -0.242021 -0.633825 0.039463 0.1389 0.0000 0.0000
v -0.242021 -0.643071 0.039463 0.1389 0.0000 0.0000
v -0.241866 -0.633825 0.040135 0.1389 0.0000 0.0000
v -0.241866 -0.643071 0.040135 0.1389 0.0000 0.0000
v -0.241835 -0.633825 0.040831 0.1389 0.0000 0.0000
v -0.241835 -0.643071 0.040831 0.1389 0.0000 0.0000
v -0.241929 -0.633825 0.041520 0.1389 0.0000 0.0000
v -0.241929 -0.643071 0.041520 0.1389 0.0000 0.0000
v -0.242144 -0.633825 0.042167 0.1389 0.0000 0.0000
v -0.242144 -0.643071 0.042167 0.1389 0.0000 0.0000
v -0.242470 -0.633825 0.042745 0.1389 0.0000 0.0000
v -0.242470 -0.643071 0.042745 0.1389 0.0000 0.0000
v -0.242891 -0.633825 0.043224 0.1389 0.0000 0.0000
v -0.242891 -0.643071 0.043224 0.1389 0.0000 0.0000
v -0.243389 -0.633825 0.043584 0.1389 0.0000 0.0000
v -0.243389 -0.643071 0.043584 0.1389 0.0000 0.0000
v -0.243940 -0.633825 0.043806 0.1389 0.0000 0.0000
v -0.243940 -0.643071 0.043806 0.1389 0.0000 0.0000
v -0.244517 -0.633825 0.040657 0.1389 0.0000 0.0000
v -0.240144 -0.647069 0.045907 0.1389 0.0000 0.0000
v -0.240144 -0.643071 0.045907 0.1389 0.0000 0.0000
v -0.240144 -0.647069 0.035407 0.1389 0.0000 0.0000
v -0.240144 -0.643071 0.035407 0.1389 0.0000 0.0000
v -0.251389 -0.629028 0.048907 0.1389 0.0000 0.0000
v -0.238894 -0.629028 0.048907 0.1389 0.0000 0.0000
v -0.251389 -0.619542 0.042202 0.1389 0.0000 0.0000
v -0.238894 -0.619542 0.042202 0.1389 0.0000 0.0000
v -0.251389 -0.609139 0.037883 0.1389 0.0000 0.0000
v -0.238894 -0.609139 0.037883 0.1389 0.0000 0.0000
v -0.251389 -0.598229 0.036120 0.1389 0.0000 0.0000
v -0.238894 -0.598229 0.036120 0.1389 0.0000 0.0000
v -0.251389 -0.587244 0.036985 0.1389 0.0000 0.0000
v -0.238894 -0.587244 0.036985 0.1389 0.0000 0.0000
v -0.251389 -0.576619 0.040442 0.1389 0.0000 0.0000
v -0.238894 -0.576619 0.040442 0.1389 0.0000 0.0000
v -0.251389 -0.566774 0.046355 0.1389 0.0000 0.0000
v -0.238894 -0.566774 0.046355 0.1389 0.0000 0.0000
v -0.251389 -0.558098 0.054490 0.1389 0.0000 0.0000
v -0.238894 -0.558098 0.054490 0.1389 0.0000 0.0000
v -0.251389 -0.550935 0.064525 0.1389 0.0000 0.0000
v -0.238894 -0.550935 0.064525 0.1389 0.0000 0.0000
v -0.251389 -0.545568 0.076063 0.1389 0.0000 0.0000
v -0.238894 -0.545568 0.076063 0.1389 0.0000 0.0000
v -0.251389 -0.542209 0.088648 0.1389 0.0000 0.0000
v -0.238894 -0.542209 0.088648 0.1389 0.0000 0.0000
v -0.251389 -0.540990 0.101782 0.1389 0.0000 0.0000
v -0.238894 -0.540990 0.101782 0.1389 0.0000 0.0000
v -0.244517 -0.647069 0.043882 0.1389 0.0000 0.0000
v -0.244517 -0.652567 0.043882 0.1389 0.0000 0.0000
v -0.245095 -0.647069 0.043806 0.1389 0.0000 0.0000
v -0.245095 -0.652567 0.043806 0.1389 0.0000 0.0000
v -0.245645 -0.647069 0.043584 0.1389 0.0000 0.0000
v -0.245645 -0.652567 0.043584 0.1389 0.0000 0.0000
v -0.246143 -0.647069 0.043224 0.1389 0.0000 0.0000
v -0.246143 -0.652567 0.043224 0.1389 0.0000 0.0000
v -0.246565 -0.647069 0.042745 0.1389 0.0000 0.0000
v -0.246565 -0.652567 0.042745 0.1389 0.0000 0.0000
v -0.246891 -0.647069 0.042167 0.1389 0.0000 0.0000
v -0.246891 -0.652567 0.042167 0.1389 0.0000 0.0000
v -0.247106 -0.647069 0.041520 0.1389 0.0000 0.0000
v -0.247106 -0.652567 0.041520 0.1389 0.0000 0.0000
v -0.247200 -0.647069 0.040831 0.1389 0.0000 0.0000
v -0.247200 -0.652567 0.040831 0.1389 0.0000 0.0000
v -0.247168 -0.647069 0.040135 0.1389 0.0000 0.0000
v -0.247168 -0.652567 0.040135 0.1389 0.0000 0.0000
v -0.247013 -0.647069 0.039463 0.1389 0.0000 0.0000
v -0.247013 -0.652567 0.039463 0.1389 0.0000 0.0000
v -0.246741 -0.647069 0.038847 0.1389 0.0000 0.0000
v -0.246741 -0.652567 0.038847 0.1389 0.0000 0.0000
v -0.246365 -0.647069 0.038315 0.1389 0.0000 0.0000
v -0.246365 -0.652567 0.038315 0.1389 0.0000 0.0000
v -0.245902 -0.647069 0.037893 0.1389 0.0000 0.0000
v -0.245902 -0.652567 0.037893 0.1389 0.0000 0.0000
v -0.245375 -0.647069 0.037601 0.1389 0.0000 0.0000
v -0.245375 -0.652567 0.037601 0.1389 0.0000 0.0000
v -0.244808 -0.647069 0.037451 0.1389 0.0000 0.0000
v -0.244808 -0.652567 0.037451 0.1389 0.0000 0.0000
v -0.244227 -0.647069 0.037451 0.1389 0.0000 0.0000
v -0.244227 -0.652567 0.037451 0.1389 0.0000 0.0000
v -0.243659 -0.647069 0.037601 0.1389 0.0000 0.0000
v -0.243659 -0.652567 0.037601 0.1389 0.0000 0.0000
v -0.243132 -0.647069 0.037893 0.1389 0.0000 0.0000
v -0.243132 -0.652567 0.037893 0.1389 0.0000 0.0000
v -0.242670 -0.647069 0.038315 0.1389 0.0000 0.0000
v -0.242670 -0.652567 0.038315 0.1389 0.0000 0.0000
v -0.242294 -0.647069 0.038847 0.1389 0.0000 0.0000
v -0.242294 -0.652567 0.038847 0.1389 0.0000 0.0000
v -0.242021 -0.647069 0.039463 0.1389 0.0000 0.0000
v -0.242021 -0.652567 0.039463 0.1389 0.0000 0.0000
v -0.241866 -0.647069 0.040135 0.1389 0.0000 0.0000
v -0.241866 -0.652567 0.040135 0.1389 0.0000 0.0000
v -0.241835 -0.647069 0.040831 0.1389 0.0000 0.0000
v -0.241835 -0.652567 0.040831 0.1389 0.0000 0.0000
v -0.241929 -0.647069 0.041520 0.1389 0.0000 0.0000
v -0.241929 -0.652567 0.041520 0.1389 0.0000 0.0000
v -0.242144 -0.647069 0.042167 0.1389 0.0000 0.0000
v -0.242144 -0.652567 0.042167 0.1389 0.0000 0.0000
v -0.242470 -0.647069 0.042745 0.1389 0.0000 0.0000
v -0.242470 -0.652567 0.042745 0.1389 0.0000 0.0000
v -0.242891 -0.647069 0.043224 0.1389 0.0000 0.0000
v -0.242891 -0.652567 0.043224 0.1389 0.0000 0.0000
v -0.243389 -0.647069 0.043584 0.1389 0.0000 0.0000
v -0.243389 -0.652567 0.043584 0.1389 0.0000 0.0000
v -0.243940 -0.647069 0.043806 0.1389 0.0000 0.0000
v -0.243940 -0.652567 0.043806 0.1389 0.0000 0.0000
v -0.244304 -0.523506 0.101782 0.1389 0.0000 0.0000
v -0.243789 -0.523744 0.101782 0.1389 0.0000 0.0000
v -0.238894 -0.519745 0.101782 0.1389 0.0000 0.0000
v -0.246946 -0.524088 0.101782 0.1389 0.0000 0.0000
v -0.246495 -0.523744 0.101782 0.1389 0.0000 0.0000
v -0.251389 -0.519745 0.101782 0.1389 0.0000 0.0000
v -0.245980 -0.523506 0.101782 0.1389 0.0000 0.0000
v -0.243337 -0.524088 0.101782 0.1389 0.0000 0.0000
v -0.242970 -0.524520 0.101782 0.1389 0.0000 0.0000
v -0.242704 -0.525022 0.101782 0.1389 0.0000 0.0000
v -0.242552 -0.525568 0.101782 0.1389 0.0000 0.0000
v -0.242522 -0.526135 0.101782 0.1389 0.0000 0.0000
v -0.242614 -0.526695 0.101782 0.1389 0.0000 0.0000
v -0.245426 -0.523384 0.101782 0.1389 0.0000 0.0000
v -0.245142 -0.523369 0.101782 0.1389 0.0000 0.0000
v -0.244858 -0.523384 0.101782 0.1389 0.0000 0.0000
v -0.242824 -0.527222 0.101782 0.1389 0.0000 0.0000
v -0.243142 -0.527691 0.101782 0.1389 0.0000 0.0000
v -0.243554 -0.528082 0.101782 0.1389 0.0000 0.0000
v -0.246244 -0.528374 0.101782 0.1389 0.0000 0.0000
v -0.246730 -0.528082 0.101782 0.1389 0.0000 0.0000
v -0.247670 -0.526695 0.101782 0.1389 0.0000 0.0000
v -0.247762 -0.526135 0.101782 0.1389 0.0000 0.0000
v -0.247731 -0.525568 0.101782 0.1389 0.0000 0.0000
v -0.247579 -0.525022 0.101782 0.1389 0.0000 0.0000
v -0.247314 -0.524520 0.101782 0.1389 0.0000 0.0000
v -0.245706 -0.528555 0.101782 0.1389 0.0000 0.0000
v -0.247142 -0.527691 0.101782 0.1389 0.0000 0.0000
v -0.247460 -0.527222 0.101782 0.1389 0.0000 0.0000
v -0.244040 -0.528374 0.101782 0.1389 0.0000 0.0000
v -0.244578 -0.528555 0.101782 0.1389 0.0000 0.0000
v -0.245142 -0.528617 0.101782 0.1389 0.0000 0.0000
v -0.251389 -0.519745 0.088657 0.1389 0.0000 0.0000
v -0.238894 -0.519745 0.088657 0.1389 0.0000 0.0000
v -0.251389 -0.652567 0.048907 0.1389 0.0000 0.0000
v -0.238894 -0.652567 0.048907 0.1389 0.0000 0.0000
v -0.251389 -0.643071 0.035407 0.1389 0.0000 0.0000
v -0.251389 -0.619292 0.033907 0.1389 0.0000 0.0000
v -0.251389 -0.652567 0.033907 0.1389 0.0000 0.0000
v -0.251389 -0.643071 0.045907 0.1389 0.0000 0.0000
v -0.251389 -0.647069 0.045907 0.1389 0.0000 0.0000
v -0.251389 -0.647069 0.035407 0.1389 0.0000 0.0000
v -0.251389 -0.535833 0.088657 0.1389 0.0000 0.0000
v -0.251389 -0.539242 0.074778 0.1389 0.0000 0.0000
v -0.251389 -0.544837 0.061961 0.1389 0.0000 0.0000
v -0.251389 -0.552404 0.050698 0.1389 0.0000 0.0000
v -0.251389 -0.561653 0.041420 0.1389 0.0000 0.0000
v -0.251389 -0.572231 0.034481 0.1389 0.0000 0.0000
v -0.251389 -0.583731 0.030147 0.1389 0.0000 0.0000
v -0.251389 -0.595714 0.028586 0.1389 0.0000 0.0000
v -0.251389 -0.607721 0.029855 0.1389 0.0000 0.0000
v -0.238894 -0.535833 0.088657 0.1389 0.0000 0.0000
v -0.238894 -0.652567 0.033907 0.1389 0.0000 0.0000
v -0.238894 -0.619292 0.033907 0.1389 0.0000 0.0000
v -0.238894 -0.539242 0.074778 0.1389 0.0000 0.0000
v -0.238894 -0.544837 0.061961 0.1389 0.0000 0.0000
v -0.238894 -0.552404 0.050698 0.1389 0.0000 0.0000
v -0.238894 -0.561653 0.041420 0.1389 0.0000 0.0000
v -0.238894 -0.572231 0.034481 0.1389 0.0000 0.0000
v -0.238894 -0.583731 0.030147 0.1389 0.0000 0.0000
v -0.238894 -0.595714 0.028586 0.1389 0.0000 0.0000
v -0.238894 -0.607721 0.029855 0.1389 0.0000 0.0000
v -0.242617 -0.530366 0.111607 0.1389 0.0000 0.0000
v -0.247667 -0.530366 0.111607 0.1389 0.0000 0.0000
v -0.242617 -0.530366 0.116407 0.1389 0.0000 0.0000
v -0.247667 -0.530366 0.116407 0.1389 0.0000 0.0000
v -0.244517 -0.633825 0.167632 0.1389 0.0000 0.0000
v -0.244517 -0.643071 0.167632 0.1389 0.0000 0.0000
v -0.245095 -0.633825 0.167556 0.1389 0.0000 0.0000
v -0.245095 -0.643071 0.167556 0.1389 0.0000 0.0000
v -0.245645 -0.633825 0.167334 0.1389 0.0000 0.0000
v -0.245645 -0.643071 0.167334 0.1389 0.0000 0.0000
v -0.246143 -0.633825 0.166974 0.1389 0.0000 0.0000
v -0.246143 -0.643071 0.166974 0.1389 0.0000 0.0000
v -0.246565 -0.633825 0.166495 0.1389 0.0000 0.0000
v -0.246565 -0.643071 0.166495 0.1389 0.0000 0.0000
v -0.246891 -0.633825 0.165917 0.1389 0.0000 0.0000
v -0.246891 -0.643071 0.165917 0.1389 0.0000 0.0000
v -0.247106 -0.633825 0.165270 0.1389 0.0000 0.0000
v -0.247106 -0.643071 0.165270 0.1389 0.0000 0.0000
v -0.247200 -0.633825 0.164581 0.1389 0.0000 0.0000
v -0.247200 -0.643071 0.164581 0.1389 0.0000 0.0000
v -0.247168 -0.633825 0.163885 0.1389 0.0000 0.0000
v -0.247168 -0.643071 0.163885 0.1389 0.0000 0.0000
v -0.247013 -0.633825 0.163213 0.1389 0.0000 0.0000
v -0.247013 -0.643071 0.163213 0.1389 0.0000 0.0000
v -0.246741 -0.633825 0.162597 0.1389 0.0000 0.0000
v -0.246741 -0.643071 0.162597 0.1389 0.0000 0.0000
v -0.246365 -0.633825 0.162065 0.1389 0.0000 0.0000
v -0.246365 -0.643071 0.162065 0.1389 0.0000 0.0000
v -0.245902 -0.633825 0.161643 0.1389 0.0000 0.0000
v -0.245902 -0.643071 0.161643 0.1389 0.0000 0.0000
v -0.245375 -0.633825 0.161351 0.1389 0.0000 0.0000
v -0.245375 -0.643071 0.161351 0.1389 0.0000 0.0000
v -0.244808 -0.633825 0.161201 0.1389 0.0000 0.0000
v -0.244808 -0.643071 0.161201 0.1389 0.0000 0.0000
v -0.244227 -0.633825 0.161201 0.1389 0.0000 0.0000
v -0.244227 -0.643071 0.161201 0.1389 0.0000 0.0000
v -0.243659 -0.633825 0.161351 0.1389 0.0000 0.0000
v -0.243659 -0.643071 0.161351 0.1389 0.0000 0.0000
v -0.243132 -0.633825 0.161643 0.1389 0.0000 0.0000
v -0.243132 -0.643071 0.161643 0.1389 0.0000 0.0000
v -0.242670 -0.633825 0.162065 0.1389 0.0000 0.0000
v -0.242670 -0.643071 0.162065 0.1389 0.0000 0.0000
v -0.242294 -0.633825 0.162597 0.1389 0.0000 0.0000
v -0.242294 -0.643071 0.162597 0.1389 0.0000 0.0000
v -0.242021 -0.633825 0.163213 0.1389 0.0000 0.0000
v -0.242021 -0.643071 0.163213 0.1389 0.0000 0.0000
v -0.241866 -0.633825 0.163885 0.1389 0.0000 0.0000
v -0.241866 -0.643071 0.163885 0.1389 0.0000 0.0000
v -0.241835 -0.633825 0.164581 0.1389 0.0000 0.0000
v -0.241835 -0.643071 0.164581 0.1389 0.0000 0.0000
v -0.241929 -0.633825 0.165270 0.1389 0.0000 0.0000
v -0.241929 -0.643071 0.165270 0.1389 0.0000 0.0000
v -0.242144 -0.633825 0.165917 0.1389 0.0000 0.0000
v -0.242144 -0.643071 0.165917 0.1389 0.0000 0.0000
v -0.242470 -0.633825 0.166495 0.1389 0.0000 0.0000
v -0.242470 -0.643071 0.166495 0.1389 0.0000 0.0000
v -0.242891 -0.633825 0.166974 0.1389 0.0000 0.0000
v -0.242891 -0.643071 0.166974 0.1389 0.0000 0.0000
v -0.243389 -0.633825 0.167334 0.1389 0.0000 0.0000
v -0.243389 -0.643071 0.167334 0.1389 0.0000 0.0000
v -0.243940 -0.633825 0.167556 0.1389 0.0000 0.0000
v -0.243940 -0.643071 0.167556 0.1389 0.0000 0.0000
v -0.244517 -0.633825 0.164407 0.1389 0.0000 0.0000
v -0.240144 -0.647069 0.159157 0.1389 0.0000 0.0000
v -0.240144 -0.647069 0.169657 0.1389 0.0000 0.0000
v -0.240144 -0.643071 0.159157 0.1389 0.0000 0.0000
v -0.240144 -0.643071 0.169657 0.1389 0.0000 0.0000
v -0.242617 -0.521620 0.111607 0.1389 0.0000 0.0000
v -0.240092 -0.525993 0.111607 0.1389 0.0000 0.0000
v -0.242617 -0.521620 0.116407 0.1389 0.0000 0.0000
v -0.240092 -0.525993 0.116407 0.1389 0.0000 0.0000
v -0.251389 -0.619292 0.171157 0.1389 0.0000 0.0000
v -0.238894 -0.619292 0.171157 0.1389 0.0000 0.0000
v -0.238894 -0.607721 0.175209 0.1389 0.0000 0.0000
v -0.251389 -0.607721 0.175209 0.1389 0.0000 0.0000
v -0.238894 -0.595714 0.176478 0.1389 0.0000 0.0000
v -0.251389 -0.595714 0.176478 0.1389 0.0000 0.0000
v -0.238894 -0.583731 0.174916 0.1389 0.0000 0.0000
v -0.251389 -0.583731 0.174916 0.1389 0.0000 0.0000
v -0.238894 -0.572231 0.170583 0.1389 0.0000 0.0000
v -0.251389 -0.572231 0.170583 0.1389 0.0000 0.0000
v -0.238894 -0.561653 0.163644 0.1389 0.0000 0.0000
v -0.251389 -0.561653 0.163644 0.1389 0.0000 0.0000
v -0.238894 -0.552404 0.154365 0.1389 0.0000 0.0000
v -0.251389 -0.552404 0.154365 0.1389 0.0000 0.0000
v -0.238894 -0.544837 0.143102 0.1389 0.0000 0.0000
v -0.251389 -0.544837 0.143102 0.1389 0.0000 0.0000
v -0.238894 -0.539242 0.130286 0.1389 0.0000 0.0000
v -0.251389 -0.539242 0.130286 0.1389 0.0000 0.0000
v -0.238894 -0.535833 0.116407 0.1389 0.0000 0.0000
v -0.251389 -0.535833 0.116407 0.1389 0.0000 0.0000
v -0.250192 -0.525993 0.116407 0.1389 0.0000 0.0000
v -0.251389 -0.519745 0.116407 0.1389 0.0000 0.0000
v -0.247667 -0.521620 0.116407 0.1389 0.0000 0.0000
v -0.238894 -0.519745 0.116407 0.1389 0.0000 0.0000
v -0.250192 -0.525993 0.111607 0.1389 0.0000 0.0000
v -0.251389 -0.519745 0.103282 0.1389 0.0000 0.0000
v -0.238894 -0.519745 0.103282 0.1389 0.0000 0.0000
v -0.251389 -0.647069 0.159157 0.1389 0.0000 0.0000
v -0.251389 -0.643071 0.159157 0.1389 0.0000 0.0000
v -0.245142 -0.528617 0.111607 0.1389 0.0000 0.0000
v -0.245142 -0.528617 0.103282 0.1389 0.0000 0.0000
v -0.245706 -0.528555 0.111607 0.1389 0.0000 0.0000
v -0.245706 -0.528555 0.103282 0.1389 0.0000 0.0000
v -0.246244 -0.528374 0.111607 0.1389 0.0000 0.0000
v -0.246244 -0.528374 0.103282 0.1389 0.0000 0.0000
v -0.246730 -0.528082 0.111607 0.1389 0.0000 0.0000
v -0.246730 -0.528082 0.103282 0.1389 0.0000 0.0000
v -0.247142 -0.527691 0.111607 0.1389 0.0000 0.0000
v -0.247142 -0.527691 0.103282 0.1389 0.0000 0.0000
v -0.247460 -0.527222 0.111607 0.1389 0.0000 0.0000
v -0.247460 -0.527222 0.103282 0.1389 0.0000 0.0000
v -0.247670 -0.526695 0.111607 0.1389 0.0000 0.0000
v -0.247670 -0.526695 0.103282 0.1389 0.0000 0.0000
v -0.247762 -0.526135 0.111607 0.1389 0.0000 0.0000
v -0.247762 -0.526135 0.103282 0.1389 0.0000 0.0000
v -0.247731 -0.525568 0.111607 0.1389 0.0000 0.0000
v -0.247731 -0.525568 0.103282 0.1389 0.0000 0.0000
v -0.247579 -0.525022 0.111607 0.1389 0.0000 0.0000
v -0.247579 -0.525022 0.103282 0.1389 0.0000 0.0000
v -0.247314 -0.524520 0.111607 0.1389 0.0000 0.0000
v -0.247314 -0.524520 0.103282 0.1389 0.0000 0.0000
v -0.246946 -0.524088 0.111607 0.1389 0.0000 0.0000
v -0.246946 -0.524088 0.103282 0.1389 0.0000 0.0000
v -0.246495 -0.523744 0.111607 0.1389 0.0000 0.0000
v -0.246495 -0.523744 0.103282 0.1389 0.0000 0.0000
v -0.245980 -0.523506 0.111607 0.1389 0.0000 0.0000
v -0.245980 -0.523506 0.103282 0.1389 0.0000 0.0000
v -0.245426 -0.523384 0.111607 0.1389 0.0000 0.0000
v -0.245426 -0.523384 0.103282 0.1389 0.0000 0.0000
v -0.245142 -0.523369 0.111607 0.1389 0.0000 0.0000
v -0.245142 -0.523369 0.103282 0.1389 0.0000 0.0000
v -0.244858 -0.523384 0.111607 0.1389 0.0000 0.0000
v -0.244858 -0.523384 0.103282 0.1389 0.0000 0.0000
v -0.244304 -0.523506 0.111607 0.1389 0.0000 0.0000
v -0.244304 -0.523506 0.103282 0.1389 0.0000 0.0000
v -0.243789 -0.523744 0.111607 0.1389 0.0000 0.0000
v -0.243789 -0.523744 0.103282 0.1389 0.0000 0.0000
v -0.243337 -0.524088 0.111607 0.1389 0.0000 0.0000
v -0.243337 -0.524088 0.103282 0.1389 0.0000 0.0000
v -0.242970 -0.524520 0.111607 0.1389 0.0000 0.0000
v -0.242970 -0.524520 0.103282 0.1389 0.0000 0.0000
v -0.242704 -0.525022 0.111607 0.1389 0.0000 0.0000
v -0.242704 -0.525022 0.103282 0.1389 0.0000 0.0000
v -0.242552 -0.525568 0.111607 0.1389 0.0000 0.0000
v -0.242552 -0.525568 0.103282 0.1389 0.0000 0.0000
v -0.242522 -0.526135 0.111607 0.1389 0.0000 0.0000
v -0.242522 -0.526135 0.103282 0.1389 0.0000 0.0000
v -0.242614 -0.526695 0.111607 0.1389 0.0000 0.0000
v -0.242614 -0.526695 0.103282 0.1389 0.0000 0.0000
v -0.242824 -0.527222 0.111607 0.1389 0.0000 0.0000
v -0.242824 -0.527222 0.103282 0.1389 0.0000 0.0000
v -0.243142 -0.527691 0.111607 0.1389 0.0000 0.0000
v -0.243142 -0.527691 0.103282 0.1389 0.0000 0.0000
v -0.243554 -0.528082 0.111607 0.1389 0.0000 0.0000
v -0.243554 -0.528082 0.103282 0.1389 0.0000 0.0000
v -0.244040 -0.528374 0.111607 0.1389 0.0000 0.0000
v -0.244040 -0.528374 0.103282 0.1389 0.0000 0.0000
v -0.244578 -0.528555 0.111607 0.1389 0.0000 0.0000
v -0.244578 -0.528555 0.103282 0.1389 0.0000 0.0000
v -0.247667 -0.521620 0.111607 0.1389 0.0000 0.0000
v -0.251389 -0.652567 0.171157 0.1389 0.0000 0.0000
v -0.238894 -0.652567 0.171157 0.1389 0.0000 0.0000
v -0.251389 -0.619542 0.162862 0.1389 0.0000 0.0000
v -0.251389 -0.609139 0.167181 0.1389 0.0000 0.0000
v -0.251389 -0.643071 0.169657 0.1389 0.0000 0.0000
v -0.251389 -0.629028 0.156157 0.1389 0.0000 0.0000
v -0.251389 -0.652567 0.156157 0.1389 0.0000 0.0000
v -0.251389 -0.647069 0.169657 0.1389 0.0000 0.0000
v -0.251389 -0.587244 0.168078 0.1389 0.0000 0.0000
v -0.251389 -0.598229 0.168943 0.1389 0.0000 0.0000
v -0.251389 -0.540990 0.103282 0.1389 0.0000 0.0000
v -0.251389 -0.542209 0.116416 0.1389 0.0000 0.0000
v -0.251389 -0.545568 0.129001 0.1389 0.0000 0.0000
v -0.251389 -0.550935 0.140539 0.1389 0.0000 0.0000
v -0.251389 -0.558098 0.150574 0.1389 0.0000 0.0000
v -0.251389 -0.566774 0.158709 0.1389 0.0000 0.0000
v -0.251389 -0.576619 0.164621 0.1389 0.0000 0.0000
v -0.243940 -0.652567 0.167556 0.1389 0.0000 0.0000
v -0.243389 -0.652567 0.167334 0.1389 0.0000 0.0000
v -0.242891 -0.652567 0.166974 0.1389 0.0000 0.0000
v -0.242470 -0.652567 0.166495 0.1389 0.0000 0.0000
v -0.242144 -0.652567 0.165917 0.1389 0.0000 0.0000
v -0.247106 -0.652567 0.165270 0.1389 0.0000 0.0000
v -0.246891 -0.652567 0.165917 0.1389 0.0000 0.0000
v -0.246565 -0.652567 0.166495 0.1389 0.0000 0.0000
v -0.246143 -0.652567 0.166974 0.1389 0.0000 0.0000
v -0.242021 -0.652567 0.163213 0.1389 0.0000 0.0000
v -0.242294 -0.652567 0.162597 0.1389 0.0000 0.0000
v -0.238894 -0.652567 0.156157 0.1389 0.0000 0.0000
v -0.242670 -0.652567 0.162065 0.1389 0.0000 0.0000
v -0.243132 -0.652567 0.161643 0.1389 0.0000 0.0000
v -0.246741 -0.652567 0.162597 0.1389 0.0000 0.0000
v -0.247013 -0.652567 0.163213 0.1389 0.0000 0.0000
v -0.247168 -0.652567 0.163885 0.1389 0.0000 0.0000
v -0.247200 -0.652567 0.164581 0.1389 0.0000 0.0000
v -0.245645 -0.652567 0.167334 0.1389 0.0000 0.0000
v -0.245095 -0.652567 0.167556 0.1389 0.0000 0.0000
v -0.244517 -0.652567 0.167632 0.1389 0.0000 0.0000
v -0.241929 -0.652567 0.165270 0.1389 0.0000 0.0000
v -0.241835 -0.652567 0.164581 0.1389 0.0000 0.0000
v -0.241866 -0.652567 0.163885 0.1389 0.0000 0.0000
v -0.243659 -0.652567 0.161351 0.1389 0.0000 0.0000
v -0.244227 -0.652567 0.161201 0.1389 0.0000 0.0000
v -0.244808 -0.652567 0.161201 0.1389 0.0000 0.0000
v -0.245375 -0.652567 0.161351 0.1389 0.0000 0.0000
v -0.245902 -0.652567 0.161643 0.1389 0.0000 0.0000
v -0.246365 -0.652567 0.162065 0.1389 0.0000 0.0000
v -0.238894 -0.540990 0.103282 0.1389 0.0000 0.0000
v -0.238894 -0.629028 0.156157 0.1389 0.0000 0.0000
v -0.238894 -0.542209 0.116416 0.1389 0.0000 0.0000
v -0.238894 -0.545568 0.129001 0.1389 0.0000 0.0000
v -0.238894 -0.550935 0.140539 0.1389 0.0000 0.0000
v -0.238894 -0.558098 0.150574 0.1389 0.0000 0.0000
v -0.238894 -0.566774 0.158709 0.1389 0.0000 0.0000
v -0.238894 -0.576619 0.164621 0.1389 0.0000 0.0000
v -0.238894 -0.587244 0.168078 0.1389 0.0000 0.0000
v -0.238894 -0.598229 0.168943 0.1389 0.0000 0.0000
v -0.238894 -0.609139 0.167181 0.1389 0.0000 0.0000
v -0.238894 -0.619542 0.162862 0.1389 0.0000 0.0000
v -0.247013 -0.647069 0.163213 0.1389 0.0000 0.0000
v -0.246741 -0.647069 0.162597 0.1389 0.0000 0.0000
v -0.246365 -0.647069 0.162065 0.1389 0.0000 0.0000
v -0.245902 -0.647069 0.161643 0.1389 0.0000 0.0000
v -0.245375 -0.647069 0.161351 0.1389 0.0000 0.0000
v -0.244808 -0.647069 0.161201 0.1389 0.0000 0.0000
v -0.244227 -0.647069 0.161201 0.1389 0.0000 0.0000
v -0.243659 -0.647069 0.161351 0.1389 0.0000 0.0000
v -0.241929 -0.647069 0.165270 0.1389 0.0000 0.0000
v -0.242144 -0.647069 0.165917 0.1389 0.0000 0.0000
v -0.242470 -0.647069 0.166495 0.1389 0.0000 0.0000
v -0.242891 -0.647069 0.166974 0.1389 0.0000 0.0000
v -0.243389 -0.647069 0.167334 0.1389 0.0000 0.0000
v -0.247200 -0.647069 0.164581 0.1389 0.0000 0.0000
v -0.247168 -0.647069 0.163885 0.1389 0.0000 0.0000
v -0.243132 -0.647069 0.161643 0.1389 0.0000 0.0000
v -0.242670 -0.647069 0.162065 0.1389 0.0000 0.0000
v -0.242294 -0.647069 0.162597 0.1389 0.0000 0.0000
v -0.242021 -0.647069 0.163213 0.1389 0.0000 0.0000
v -0.241866 -0.647069 0.163885 0.1389 0.0000 0.0000
v -0.241835 -0.647069 0.164581 0.1389 0.0000 0.0000
v -0.246565 -0.647069 0.166495 0.1389 0.0000 0.0000
v -0.246143 -0.647069 0.166974 0.1389 0.0000 0.0000
v -0.245645 -0.647069 0.167334 0.1389 0.0000 0.0000
v -0.246891 -0.647069 0.165917 0.1389 0.0000 0.0000
v -0.247106 -0.647069 0.165270 0.1389 0.0000 0.0000
v -0.243940 -0.647069 0.167556 0.1389 0.0000 0.0000
v -0.244517 -0.647069 0.167632 0.1389 0.0000 0.0000
v -0.245095 -0.647069 0.167556 0.1389 0.0000 0.0000
v -0.346351 -0.633825 0.043882 0.1389 0.0000 0.0000
v -0.346351 -0.643071 0.043882 0.1389 0.0000 0.0000
v -0.346929 -0.633825 0.043806 0.1389 0.0000 0.0000
v -0.346929 -0.643071 0.043806 0.1389 0.0000 0.0000
v -0.347479 -0.633825 0.043584 0.1389 0.0000 0.0000
v -0.347479 -0.643071 0.043584 0.1389 0.0000 0.0000
v -0.347977 -0.633825 0.043224 0.1389 0.0000 0.0000
v -0.347977 -0.643071 0.043224 0.1389 0.0000 0.0000
v -0.348399 -0.633825 0.042745 0.1389 0.0000 0.0000
v -0.348399 -0.643071 0.042745 0.1389 0.0000 0.0000
v -0.348725 -0.633825 0.042167 0.1389 0.0000 0.0000
v -0.348725 -0.643071 0.042167 0.1389 0.0000 0.0000
v -0.348940 -0.633825 0.041520 0.1389 0.0000 0.0000
v -0.348940 -0.643071 0.041520 0.1389 0.0000 0.0000
v -0.349034 -0.633825 0.040831 0.1389 0.0000 0.0000
v -0.349034 -0.643071 0.040831 0.1389 0.0000 0.0000
v -0.349002 -0.633825 0.040135 0.1389 0.0000 0.0000
v -0.349002 -0.643071 0.040135 0.1389 0.0000 0.0000
v -0.348847 -0.633825 0.039463 0.1389 0.0000 0.0000
v -0.348847 -0.643071 0.039463 0.1389 0.0000 0.0000
v -0.348575 -0.633825 0.038847 0.1389 0.0000 0.0000
v -0.348575 -0.643071 0.038847 0.1389 0.0000 0.0000
v -0.348199 -0.633825 0.038315 0.1389 0.0000 0.0000
v -0.348199 -0.643071 0.038315 0.1389 0.0000 0.0000
v -0.347736 -0.633825 0.037893 0.1389 0.0000 0.0000
v -0.347736 -0.643071 0.037893 0.1389 0.0000 0.0000
v -0.347209 -0.633825 0.037601 0.1389 0.0000 0.0000
v -0.347209 -0.643071 0.037601 0.1389 0.0000 0.0000
v -0.346642 -0.633825 0.037451 0.1389 0.0000 0.0000
v -0.346642 -0.643071 0.037451 0.1389 0.0000 0.0000
v -0.346061 -0.633825 0.037451 0.1389 0.0000 0.0000
v -0.346061 -0.643071 0.037451 0.1389 0.0000 0.0000
v -0.345494 -0.633825 0.037601 0.1389 0.0000 0.0000
v -0.345494 -0.643071 0.037601 0.1389 0.0000 0.0000
v -0.344966 -0.633825 0.037893 0.1389 0.0000 0.0000
v -0.344966 -0.643071 0.037893 0.1389 0.0000 0.0000
v -0.344504 -0.633825 0.038315 0.1389 0.0000 0.0000
v -0.344504 -0.643071 0.038315 0.1389 0.0000 0.0000
v -0.344128 -0.633825 0.038847 0.1389 0.0000 0.0000
v -0.344128 -0.643071 0.038847 0.1389 0.0000 0.0000
v -0.343856 -0.633825 0.039463 0.1389 0.0000 0.0000
v -0.343856 -0.643071 0.039463 0.1389 0.0000 0.0000
v -0.343700 -0.633825 0.040135 0.1389 0.0000 0.0000
v -0.343700 -0.643071 0.040135 0.1389 0.0000 0.0000
v -0.343669 -0.633825 0.040831 0.1389 0.0000 0.0000
v -0.343669 -0.643071 0.040831 0.1389 0.0000 0.0000
v -0.343763 -0.633825 0.041520 0.1389 0.0000 0.0000
v -0.343763 -0.643071 0.041520 0.1389 0.0000 0.0000
v -0.343978 -0.633825 0.042167 0.1389 0.0000 0.0000
v -0.343978 -0.643071 0.042167 0.1389 0.0000 0.0000
v -0.344304 -0.633825 0.042745 0.1389 0.0000 0.0000
v -0.344304 -0.643071 0.042745 0.1389 0.0000 0.0000
v -0.344726 -0.633825 0.043224 0.1389 0.0000 0.0000
v -0.344726 -0.643071 0.043224 0.1389 0.0000 0.0000
v -0.345223 -0.633825 0.043584 0.1389 0.0000 0.0000
v -0.345223 -0.643071 0.043584 0.1389 0.0000 0.0000
v -0.345774 -0.633825 0.043806 0.1389 0.0000 0.0000
v -0.345774 -0.643071 0.043806 0.1389 0.0000 0.0000
v -0.346351 -0.633825 0.040657 0.1389 0.0000 0.0000
v -0.351974 -0.647069 0.045907 0.1389 0.0000 0.0000
v -0.351974 -0.647069 0.035407 0.1389 0.0000 0.0000
v -0.351974 -0.643071 0.045907 0.1389 0.0000 0.0000
v -0.351974 -0.643071 0.035407 0.1389 0.0000 0.0000
v -0.340729 -0.643071 0.035407 0.1389 0.0000 0.0000
v -0.340729 -0.647069 0.035407 0.1389 0.0000 0.0000
v -0.340729 -0.647069 0.045907 0.1389 0.0000 0.0000
v -0.340729 -0.643071 0.045907 0.1389 0.0000 0.0000
v -0.353224 -0.534562 0.088657 0.1389 0.0000 0.0000
v -0.346976 -0.530491 0.088657 0.1389 0.0000 0.0000
v -0.340729 -0.534562 0.088657 0.1389 0.0000 0.0000
v -0.346009 -0.530386 0.088657 0.1389 0.0000 0.0000
v -0.345087 -0.530075 0.088657 0.1389 0.0000 0.0000
v -0.344254 -0.529574 0.088657 0.1389 0.0000 0.0000
v -0.343548 -0.528905 0.088657 0.1389 0.0000 0.0000
v -0.343002 -0.528100 0.088657 0.1389 0.0000 0.0000
v -0.348412 -0.521730 0.088657 0.1389 0.0000 0.0000
v -0.349295 -0.522138 0.088657 0.1389 0.0000 0.0000
v -0.353224 -0.519745 0.088657 0.1389 0.0000 0.0000
v -0.342642 -0.527196 0.088657 0.1389 0.0000 0.0000
v -0.342485 -0.526236 0.088657 0.1389 0.0000 0.0000
v -0.340729 -0.519745 0.088657 0.1389 0.0000 0.0000
v -0.342537 -0.525265 0.088657 0.1389 0.0000 0.0000
v -0.342797 -0.524328 0.088657 0.1389 0.0000 0.0000
v -0.343253 -0.523468 0.088657 0.1389 0.0000 0.0000
v -0.343883 -0.522727 0.088657 0.1389 0.0000 0.0000
v -0.344657 -0.522138 0.088657 0.1389 0.0000 0.0000
v -0.345540 -0.521730 0.088657 0.1389 0.0000 0.0000
v -0.346490 -0.521521 0.088657 0.1389 0.0000 0.0000
v -0.347462 -0.521521 0.088657 0.1389 0.0000 0.0000
v -0.350070 -0.522727 0.088657 0.1389 0.0000 0.0000
v -0.350699 -0.523468 0.088657 0.1389 0.0000 0.0000
v -0.351155 -0.524328 0.088657 0.1389 0.0000 0.0000
v -0.351415 -0.525265 0.088657 0.1389 0.0000 0.0000
v -0.351468 -0.526236 0.088657 0.1389 0.0000 0.0000
v -0.351310 -0.527196 0.088657 0.1389 0.0000 0.0000
v -0.350950 -0.528100 0.088657 0.1389 0.0000 0.0000
v -0.350404 -0.528905 0.088657 0.1389 0.0000 0.0000
v -0.349698 -0.529574 0.088657 0.1389 0.0000 0.0000
v -0.348865 -0.530075 0.088657 0.1389 0.0000 0.0000
v -0.347943 -0.530386 0.088657 0.1389 0.0000 0.0000
v -0.346061 -0.647069 0.037451 0.1389 0.0000 0.0000
v -0.346642 -0.647069 0.037451 0.1389 0.0000 0.0000
v -0.347209 -0.647069 0.037601 0.1389 0.0000 0.0000
v -0.347736 -0.647069 0.037893 0.1389 0.0000 0.0000
v -0.345494 -0.647069 0.037601 0.1389 0.0000 0.0000
v -0.344966 -0.647069 0.037893 0.1389 0.0000 0.0000
v -0.344504 -0.647069 0.038315 0.1389 0.0000 0.0000
v -0.343700 -0.647069 0.040135 0.1389 0.0000 0.0000
v -0.343669 -0.647069 0.040831 0.1389 0.0000 0.0000
v -0.343763 -0.647069 0.041520 0.1389 0.0000 0.0000
v -0.343978 -0.647069 0.042167 0.1389 0.0000 0.0000
v -0.344304 -0.647069 0.042745 0.1389 0.0000 0.0000
v -0.344726 -0.647069 0.043224 0.1389 0.0000 0.0000
v -0.345223 -0.647069 0.043584 0.1389 0.0000 0.0000
v -0.345774 -0.647069 0.043806 0.1389 0.0000 0.0000
v -0.346351 -0.647069 0.043882 0.1389 0.0000 0.0000
v -0.346929 -0.647069 0.043806 0.1389 0.0000 0.0000
v -0.347479 -0.647069 0.043584 0.1389 0.0000 0.0000
v -0.344128 -0.647069 0.038847 0.1389 0.0000 0.0000
v -0.343856 -0.647069 0.039463 0.1389 0.0000 0.0000
v -0.347977 -0.647069 0.043224 0.1389 0.0000 0.0000
v -0.348399 -0.647069 0.042745 0.1389 0.0000 0.0000
v -0.348725 -0.647069 0.042167 0.1389 0.0000 0.0000
v -0.348940 -0.647069 0.041520 0.1389 0.0000 0.0000
v -0.349034 -0.647069 0.040831 0.1389 0.0000 0.0000
v -0.349002 -0.647069 0.040135 0.1389 0.0000 0.0000
v -0.348847 -0.647069 0.039463 0.1389 0.0000 0.0000
v -0.348575 -0.647069 0.038847 0.1389 0.0000 0.0000
v -0.348199 -0.647069 0.038315 0.1389 0.0000 0.0000
v -0.353224 -0.652567 0.033907 0.1389 0.0000 0.0000
v -0.353224 -0.622461 0.033907 0.1389 0.0000 0.0000
v -0.340729 -0.652567 0.033907 0.1389 0.0000 0.0000
v -0.340729 -0.622461 0.033907 0.1389 0.0000 0.0000
v -0.353224 -0.652567 0.048907 0.1389 0.0000 0.0000
v -0.346929 -0.652567 0.043806 0.1389 0.0000 0.0000
v -0.340729 -0.652567 0.048907 0.1389 0.0000 0.0000
v -0.346351 -0.652567 0.043882 0.1389 0.0000 0.0000
v -0.345774 -0.652567 0.043806 0.1389 0.0000 0.0000
v -0.348725 -0.652567 0.042167 0.1389 0.0000 0.0000
v -0.348399 -0.652567 0.042745 0.1389 0.0000 0.0000
v -0.348940 -0.652567 0.041520 0.1389 0.0000 0.0000
v -0.347209 -0.652567 0.037601 0.1389 0.0000 0.0000
v -0.347736 -0.652567 0.037893 0.1389 0.0000 0.0000
v -0.348199 -0.652567 0.038315 0.1389 0.0000 0.0000
v -0.348575 -0.652567 0.038847 0.1389 0.0000 0.0000
v -0.348847 -0.652567 0.039463 0.1389 0.0000 0.0000
v -0.349002 -0.652567 0.040135 0.1389 0.0000 0.0000
v -0.349034 -0.652567 0.040831 0.1389 0.0000 0.0000
v -0.347977 -0.652567 0.043224 0.1389 0.0000 0.0000
v -0.347479 -0.652567 0.043584 0.1389 0.0000 0.0000
v -0.344304 -0.652567 0.042745 0.1389 0.0000 0.0000
v -0.343978 -0.652567 0.042167 0.1389 0.0000 0.0000
v -0.344966 -0.652567 0.037893 0.1389 0.0000 0.0000
v -0.345494 -0.652567 0.037601 0.1389 0.0000 0.0000
v -0.346061 -0.652567 0.037451 0.1389 0.0000 0.0000
v -0.346642 -0.652567 0.037451 0.1389 0.0000 0.0000
v -0.345223 -0.652567 0.043584 0.1389 0.0000 0.0000
v -0.344726 -0.652567 0.043224 0.1389 0.0000 0.0000
v -0.343763 -0.652567 0.041520 0.1389 0.0000 0.0000
v -0.343669 -0.652567 0.040831 0.1389 0.0000 0.0000
v -0.343700 -0.652567 0.040135 0.1389 0.0000 0.0000
v -0.343856 -0.652567 0.039463 0.1389 0.0000 0.0000
v -0.344128 -0.652567 0.038847 0.1389 0.0000 0.0000
v -0.344504 -0.652567 0.038315 0.1389 0.0000 0.0000
v -0.347540 -0.528555 0.101782 0.1389 0.0000 0.0000
v -0.348078 -0.528374 0.101782 0.1389 0.0000 0.0000
v -0.353224 -0.539741 0.101782 0.1389 0.0000 0.0000
v -0.348564 -0.528082 0.101782 0.1389 0.0000 0.0000
v -0.348976 -0.527691 0.101782 0.1389 0.0000 0.0000
v -0.353224 -0.519745 0.101782 0.1389 0.0000 0.0000
v -0.349565 -0.525568 0.101782 0.1389 0.0000 0.0000
v -0.349414 -0.525022 0.101782 0.1389 0.0000 0.0000
v -0.344658 -0.527222 0.101782 0.1389 0.0000 0.0000
v -0.344976 -0.527691 0.101782 0.1389 0.0000 0.0000
v -0.340729 -0.539741 0.101782 0.1389 0.0000 0.0000
v -0.345388 -0.528082 0.101782 0.1389 0.0000 0.0000
v -0.349294 -0.527222 0.101782 0.1389 0.0000 0.0000
v -0.349504 -0.526695 0.101782 0.1389 0.0000 0.0000
v -0.349596 -0.526135 0.101782 0.1389 0.0000 0.0000
v -0.345874 -0.528374 0.101782 0.1389 0.0000 0.0000
v -0.346412 -0.528555 0.101782 0.1389 0.0000 0.0000
v -0.346976 -0.528617 0.101782 0.1389 0.0000 0.0000
v -0.349148 -0.524520 0.101782 0.1389 0.0000 0.0000
v -0.348781 -0.524088 0.101782 0.1389 0.0000 0.0000
v -0.348329 -0.523744 0.101782 0.1389 0.0000 0.0000
v -0.346138 -0.523506 0.101782 0.1389 0.0000 0.0000
v -0.345623 -0.523744 0.101782 0.1389 0.0000 0.0000
v -0.340729 -0.519745 0.101782 0.1389 0.0000 0.0000
v -0.344539 -0.525022 0.101782 0.1389 0.0000 0.0000
v -0.344387 -0.525568 0.101782 0.1389 0.0000 0.0000
v -0.344356 -0.526135 0.101782 0.1389 0.0000 0.0000
v -0.344448 -0.526695 0.101782 0.1389 0.0000 0.0000
v -0.347814 -0.523506 0.101782 0.1389 0.0000 0.0000
v -0.347260 -0.523384 0.101782 0.1389 0.0000 0.0000
v -0.346692 -0.523384 0.101782 0.1389 0.0000 0.0000
v -0.345172 -0.524088 0.101782 0.1389 0.0000 0.0000
v -0.344804 -0.524520 0.101782 0.1389 0.0000 0.0000
v -0.340729 -0.537661 0.075502 0.1389 0.0000 0.0000
v -0.353224 -0.537661 0.075502 0.1389 0.0000 0.0000
v -0.340729 -0.542688 0.063234 0.1389 0.0000 0.0000
v -0.353224 -0.542688 0.063234 0.1389 0.0000 0.0000
v -0.340729 -0.549476 0.052257 0.1389 0.0000 0.0000
v -0.353224 -0.549476 0.052257 0.1389 0.0000 0.0000
v -0.340729 -0.557802 0.042930 0.1389 0.0000 0.0000
v -0.353224 -0.557802 0.042930 0.1389 0.0000 0.0000
v -0.340729 -0.567394 0.035560 0.1389 0.0000 0.0000
v -0.353224 -0.567394 0.035560 0.1389 0.0000 0.0000
v -0.340729 -0.577936 0.030389 0.1389 0.0000 0.0000
v -0.353224 -0.577936 0.030389 0.1389 0.0000 0.0000
v -0.340729 -0.589083 0.027586 0.1389 0.0000 0.0000
v -0.353224 -0.589083 0.027586 0.1389 0.0000 0.0000
v -0.340729 -0.600467 0.027245 0.1389 0.0000 0.0000
v -0.353224 -0.600467 0.027245 0.1389 0.0000 0.0000
v -0.340729 -0.611716 0.029375 0.1389 0.0000 0.0000
v -0.353224 -0.611716 0.029375 0.1389 0.0000 0.0000
v -0.340729 -0.610753 0.036822 0.1389 0.0000 0.0000
v -0.340729 -0.621438 0.041627 0.1389 0.0000 0.0000
v -0.340729 -0.631102 0.048907 0.1389 0.0000 0.0000
v -0.340729 -0.599483 0.034687 0.1389 0.0000 0.0000
v -0.340729 -0.541016 0.088171 0.1389 0.0000 0.0000
v -0.340729 -0.544539 0.075143 0.1389 0.0000 0.0000
v -0.340729 -0.550167 0.063228 0.1389 0.0000 0.0000
v -0.340729 -0.557671 0.052911 0.1389 0.0000 0.0000
v -0.340729 -0.588086 0.035308 0.1389 0.0000 0.0000
v -0.340729 -0.577023 0.038661 0.1389 0.0000 0.0000
v -0.340729 -0.566746 0.044609 0.1389 0.0000 0.0000
v -0.346976 -0.528617 0.093157 0.1389 0.0000 0.0000
v -0.347540 -0.528555 0.093157 0.1389 0.0000 0.0000
v -0.348078 -0.528374 0.093157 0.1389 0.0000 0.0000
v -0.348564 -0.528082 0.093157 0.1389 0.0000 0.0000
v -0.348976 -0.527691 0.093157 0.1389 0.0000 0.0000
v -0.349294 -0.527222 0.093157 0.1389 0.0000 0.0000
v -0.349504 -0.526695 0.093157 0.1389 0.0000 0.0000
v -0.349596 -0.526135 0.093157 0.1389 0.0000 0.0000
v -0.349565 -0.525568 0.093157 0.1389 0.0000 0.0000
v -0.349414 -0.525022 0.093157 0.1389 0.0000 0.0000
v -0.349148 -0.524520 0.093157 0.1389 0.0000 0.0000
v -0.348781 -0.524088 0.093157 0.1389 0.0000 0.0000
v -0.348329 -0.523744 0.093157 0.1389 0.0000 0.0000
v -0.347814 -0.523506 0.093157 0.1389 0.0000 0.0000
v -0.347260 -0.523384 0.093157 0.1389 0.0000 0.0000
v -0.346692 -0.523384 0.093157 0.1389 0.0000 0.0000
v -0.346138 -0.523506 0.093157 0.1389 0.0000 0.0000
v -0.345623 -0.523744 0.093157 0.1389 0.0000 0.0000
v -0.345172 -0.524088 0.093157 0.1389 0.0000 0.0000
v -0.344804 -0.524520 0.093157 0.1389 0.0000 0.0000
v -0.344539 -0.525022 0.093157 0.1389 0.0000 0.0000
v -0.344387 -0.525568 0.093157 0.1389 0.0000 0.0000
v -0.344356 -0.526135 0.093157 0.1389 0.0000 0.0000
v -0.344448 -0.526695 0.093157 0.1389 0.0000 0.0000
v -0.344658 -0.527222 0.093157 0.1389 0.0000 0.0000
v -0.344976 -0.527691 0.093157 0.1389 0.0000 0.0000
v -0.345388 -0.528082 0.093157 0.1389 0.0000 0.0000
v -0.345874 -0.528374 0.093157 0.1389 0.0000 0.0000
v -0.346412 -0.528555 0.093157 0.1389 0.0000 0.0000
v -0.353224 -0.631102 0.048907 0.1389 0.0000 0.0000
v -0.353224 -0.621438 0.041627 0.1389 0.0000 0.0000
v -0.353224 -0.610753 0.036822 0.1389 0.0000 0.0000
v -0.353224 -0.599483 0.034687 0.1389 0.0000 0.0000
v -0.353224 -0.588086 0.035308 0.1389 0.0000 0.0000
v -0.353224 -0.577023 0.038661 0.1389 0.0000 0.0000
v -0.353224 -0.566746 0.044609 0.1389 0.0000 0.0000
v -0.353224 -0.557671 0.052911 0.1389 0.0000 0.0000
v -0.353224 -0.550167 0.063228 0.1389 0.0000 0.0000
v -0.353224 -0.544539 0.075143 0.1389 0.0000 0.0000
v -0.353224 -0.541016 0.088171 0.1389 0.0000 0.0000
v -0.346976 -0.530491 0.093157 0.1389 0.0000 0.0000
v -0.347943 -0.530386 0.093157 0.1389 0.0000 0.0000
v -0.348865 -0.530075 0.093157 0.1389 0.0000 0.0000
v -0.349698 -0.529574 0.093157 0.1389 0.0000 0.0000
v -0.350404 -0.528905 0.093157 0.1389 0.0000 0.0000
v -0.350950 -0.528100 0.093157 0.1389 0.0000 0.0000
v -0.351310 -0.527196 0.093157 0.1389 0.0000 0.0000
v -0.351468 -0.526236 0.093157 0.1389 0.0000 0.0000
v -0.351415 -0.525265 0.093157 0.1389 0.0000 0.0000
v -0.351155 -0.524328 0.093157 0.1389 0.0000 0.0000
v -0.350699 -0.523468 0.093157 0.1389 0.0000 0.0000
v -0.350070 -0.522727 0.093157 0.1389 0.0000 0.0000
v -0.349295 -0.522138 0.093157 0.1389 0.0000 0.0000
v -0.348412 -0.521730 0.093157 0.1389 0.0000 0.0000
v -0.347462 -0.521521 0.093157 0.1389 0.0000 0.0000
v -0.346490 -0.521521 0.093157 0.1389 0.0000 0.0000
v -0.345540 -0.521730 0.093157 0.1389 0.0000 0.0000
v -0.344657 -0.522138 0.093157 0.1389 0.0000 0.0000
v -0.343883 -0.522727 0.093157 0.1389 0.0000 0.0000
v -0.343253 -0.523468 0.093157 0.1389 0.0000 0.0000
v -0.342797 -0.524328 0.093157 0.1389 0.0000 0.0000
v -0.342537 -0.525265 0.093157 0.1389 0.0000 0.0000
v -0.342485 -0.526236 0.093157 0.1389 0.0000 0.0000
v -0.342642 -0.527196 0.093157 0.1389 0.0000 0.0000
v -0.343002 -0.528100 0.093157 0.1389 0.0000 0.0000
v -0.343548 -0.528905 0.093157 0.1389 0.0000 0.0000
v -0.344254 -0.529574 0.093157 0.1389 0.0000 0.0000
v -0.345087 -0.530075 0.093157 0.1389 0.0000 0.0000
v -0.346009 -0.530386 0.093157 0.1389 0.0000 0.0000
v -0.248374 -0.656316 0.069683 0.1389 0.0000 0.0000
v -0.245442 -0.656316 0.076769 0.1389 0.0000 0.0000
v -0.266903 -0.656316 0.091925 0.1389 0.0000 0.0000
v -0.287224 -0.656316 0.126927 0.1389 0.0000 0.0000
v -0.303540 -0.656316 0.075703 0.1389 0.0000 0.0000
v -0.303184 -0.656316 0.074296 0.1389 0.0000 0.0000
v -0.303064 -0.656316 0.072833 0.1389 0.0000 0.0000
v -0.323422 -0.656316 0.045287 0.1389 0.0000 0.0000
v -0.317740 -0.656316 0.041881 0.1389 0.0000 0.0000
v -0.304894 -0.656316 0.067530 0.1389 0.0000 0.0000
v -0.304117 -0.656316 0.068667 0.1389 0.0000 0.0000
v -0.318407 -0.656316 0.111513 0.1389 0.0000 0.0000
v -0.319579 -0.656316 0.111086 0.1389 0.0000 0.0000
v -0.304894 -0.656316 0.078137 0.1389 0.0000 0.0000
v -0.288934 -0.656316 0.130767 0.1389 0.0000 0.0000
v -0.289054 -0.656316 0.132230 0.1389 0.0000 0.0000
v -0.316380 -0.656316 0.113138 0.1389 0.0000 0.0000
v -0.288934 -0.656316 0.133693 0.1389 0.0000 0.0000
v -0.288578 -0.656316 0.135100 0.1389 0.0000 0.0000
v -0.270101 -0.656316 0.093978 0.1389 0.0000 0.0000
v -0.271320 -0.656316 0.094122 0.1389 0.0000 0.0000
v -0.272539 -0.656316 0.093978 0.1389 0.0000 0.0000
v -0.268929 -0.656316 0.093551 0.1389 0.0000 0.0000
v -0.267849 -0.656316 0.092858 0.1389 0.0000 0.0000
v -0.320798 -0.656316 0.110942 0.1389 0.0000 0.0000
v -0.322017 -0.656316 0.111086 0.1389 0.0000 0.0000
v -0.323189 -0.656316 0.111513 0.1389 0.0000 0.0000
v -0.317327 -0.656316 0.112206 0.1389 0.0000 0.0000
v -0.288001 -0.656316 0.128063 0.1389 0.0000 0.0000
v -0.288578 -0.656316 0.129360 0.1389 0.0000 0.0000
v -0.287224 -0.656316 0.137534 0.1389 0.0000 0.0000
v -0.268696 -0.656316 0.159776 0.1389 0.0000 0.0000
v -0.269378 -0.656316 0.160239 0.1389 0.0000 0.0000
v -0.275738 -0.656316 0.091925 0.1389 0.0000 0.0000
v -0.274791 -0.656316 0.092858 0.1389 0.0000 0.0000
v -0.273711 -0.656316 0.093551 0.1389 0.0000 0.0000
v -0.304117 -0.656316 0.077000 0.1389 0.0000 0.0000
v -0.274599 -0.656316 0.163296 0.1389 0.0000 0.0000
v -0.288001 -0.656316 0.136397 0.1389 0.0000 0.0000
v -0.317519 -0.656316 0.041768 0.1389 0.0000 0.0000
v -0.303540 -0.656316 0.069963 0.1389 0.0000 0.0000
v -0.303184 -0.656316 0.071370 0.1389 0.0000 0.0000
v -0.325215 -0.656316 0.113138 0.1389 0.0000 0.0000
v -0.343744 -0.656316 0.135381 0.1389 0.0000 0.0000
v -0.345418 -0.656316 0.131598 0.1389 0.0000 0.0000
v -0.346676 -0.656316 0.128294 0.1389 0.0000 0.0000
v -0.324269 -0.656316 0.112206 0.1389 0.0000 0.0000
v -0.287224 -0.652567 0.126927 0.1389 0.0000 0.0000
v -0.288001 -0.652567 0.128063 0.1389 0.0000 0.0000
v -0.288578 -0.652567 0.129360 0.1389 0.0000 0.0000
v -0.288934 -0.652567 0.130767 0.1389 0.0000 0.0000
v -0.289054 -0.652567 0.132230 0.1389 0.0000 0.0000
v -0.288934 -0.652567 0.133693 0.1389 0.0000 0.0000
v -0.288578 -0.652567 0.135100 0.1389 0.0000 0.0000
v -0.288001 -0.652567 0.136397 0.1389 0.0000 0.0000
v -0.287224 -0.652567 0.137534 0.1389 0.0000 0.0000
v -0.268696 -0.652567 0.159776 0.1389 0.0000 0.0000
v -0.274599 -0.652567 0.163296 0.1389 0.0000 0.0000
v -0.316380 -0.652567 0.113138 0.1389 0.0000 0.0000
v -0.317327 -0.652567 0.112206 0.1389 0.0000 0.0000
v -0.318407 -0.652567 0.111513 0.1389 0.0000 0.0000
v -0.319579 -0.652567 0.111086 0.1389 0.0000 0.0000
v -0.320798 -0.652567 0.110942 0.1389 0.0000 0.0000
v -0.322017 -0.652567 0.111086 0.1389 0.0000 0.0000
v -0.323189 -0.652567 0.111513 0.1389 0.0000 0.0000
v -0.324269 -0.652567 0.112206 0.1389 0.0000 0.0000
v -0.325215 -0.652567 0.113138 0.1389 0.0000 0.0000
v -0.343744 -0.652567 0.135381 0.1389 0.0000 0.0000
v -0.304894 -0.652567 0.078137 0.1389 0.0000 0.0000
v -0.346676 -0.652567 0.128294 0.1389 0.0000 0.0000
v -0.304117 -0.652567 0.077000 0.1389 0.0000 0.0000
v -0.303540 -0.652567 0.075703 0.1389 0.0000 0.0000
v -0.303184 -0.652567 0.074296 0.1389 0.0000 0.0000
v -0.303064 -0.652567 0.072833 0.1389 0.0000 0.0000
v -0.303184 -0.652567 0.071370 0.1389 0.0000 0.0000
v -0.303540 -0.652567 0.069963 0.1389 0.0000 0.0000
v -0.304117 -0.652567 0.068667 0.1389 0.0000 0.0000
v -0.304894 -0.652567 0.067530 0.1389 0.0000 0.0000
v -0.323422 -0.652567 0.045287 0.1389 0.0000 0.0000
v -0.317519 -0.652567 0.041768 0.1389 0.0000 0.0000
v -0.315173 -0.652567 0.044585 0.1389 0.0000 0.0000
v -0.301475 -0.652567 0.061028 0.1389 0.0000 0.0000
v -0.296059 -0.652567 0.067530 0.1389 0.0000 0.0000
v -0.275738 -0.652567 0.091925 0.1389 0.0000 0.0000
v -0.274791 -0.652567 0.092858 0.1389 0.0000 0.0000
v -0.273711 -0.652567 0.093551 0.1389 0.0000 0.0000
v -0.272539 -0.652567 0.093978 0.1389 0.0000 0.0000
v -0.271320 -0.652567 0.094122 0.1389 0.0000 0.0000
v -0.270101 -0.652567 0.093978 0.1389 0.0000 0.0000
v -0.268929 -0.652567 0.093551 0.1389 0.0000 0.0000
v -0.267849 -0.652567 0.092858 0.1389 0.0000 0.0000
v -0.266903 -0.652567 0.091925 0.1389 0.0000 0.0000
v -0.248374 -0.652567 0.069683 0.1389 0.0000 0.0000
v -0.246143 -0.680056 0.161839 0.1389 0.0000 0.0000
v -0.249553 -0.680056 0.149175 0.1389 0.0000 0.0000
v -0.246565 -0.680056 0.162319 0.1389 0.0000 0.0000
v -0.257205 -0.680056 0.158361 0.1389 0.0000 0.0000
v -0.246891 -0.680056 0.162896 0.1389 0.0000 0.0000
v -0.245645 -0.680056 0.161480 0.1389 0.0000 0.0000
v -0.245095 -0.680056 0.161257 0.1389 0.0000 0.0000
v -0.243384 -0.680056 0.138502 0.1389 0.0000 0.0000
v -0.244517 -0.680056 0.161182 0.1389 0.0000 0.0000
v -0.238894 -0.680056 0.126681 0.1389 0.0000 0.0000
v -0.243940 -0.680056 0.161257 0.1389 0.0000 0.0000
v -0.243389 -0.680056 0.161480 0.1389 0.0000 0.0000
v -0.242891 -0.680056 0.161839 0.1389 0.0000 0.0000
v -0.242470 -0.680056 0.162319 0.1389 0.0000 0.0000
v -0.238894 -0.680056 0.163657 0.1389 0.0000 0.0000
v -0.242144 -0.680056 0.162896 0.1389 0.0000 0.0000
v -0.275943 -0.680056 0.171157 0.1389 0.0000 0.0000
v -0.246365 -0.680056 0.166748 0.1389 0.0000 0.0000
v -0.246741 -0.680056 0.166217 0.1389 0.0000 0.0000
v -0.247013 -0.680056 0.165600 0.1389 0.0000 0.0000
v -0.247168 -0.680056 0.164929 0.1389 0.0000 0.0000
v -0.266096 -0.680056 0.165767 0.1389 0.0000 0.0000
v -0.247200 -0.680056 0.164232 0.1389 0.0000 0.0000
v -0.247106 -0.680056 0.163544 0.1389 0.0000 0.0000
v -0.245902 -0.680056 0.167170 0.1389 0.0000 0.0000
v -0.245142 -0.680056 0.171157 0.1389 0.0000 0.0000
v -0.245375 -0.680056 0.167463 0.1389 0.0000 0.0000
v -0.241929 -0.680056 0.163544 0.1389 0.0000 0.0000
v -0.241835 -0.680056 0.164232 0.1389 0.0000 0.0000
v -0.239014 -0.680056 0.165120 0.1389 0.0000 0.0000
v -0.241866 -0.680056 0.164929 0.1389 0.0000 0.0000
v -0.239370 -0.680056 0.166527 0.1389 0.0000 0.0000
v -0.242021 -0.680056 0.165600 0.1389 0.0000 0.0000
v -0.239947 -0.680056 0.167824 0.1389 0.0000 0.0000
v -0.242294 -0.680056 0.166217 0.1389 0.0000 0.0000
v -0.240724 -0.680056 0.168960 0.1389 0.0000 0.0000
v -0.242670 -0.680056 0.166748 0.1389 0.0000 0.0000
v -0.241671 -0.680056 0.169893 0.1389 0.0000 0.0000
v -0.243132 -0.680056 0.167170 0.1389 0.0000 0.0000
v -0.242751 -0.680056 0.170586 0.1389 0.0000 0.0000
v -0.243659 -0.680056 0.167463 0.1389 0.0000 0.0000
v -0.243923 -0.680056 0.171013 0.1389 0.0000 0.0000
v -0.244227 -0.680056 0.167613 0.1389 0.0000 0.0000
v -0.244517 -0.680056 0.167632 0.1389 0.0000 0.0000
v -0.244808 -0.680056 0.167613 0.1389 0.0000 0.0000
v -0.316175 -0.656940 0.033907 0.1389 0.0000 0.0000
v -0.296059 -0.684429 0.033907 0.1389 0.0000 0.0000
v -0.316175 -0.680056 0.033907 0.1389 0.0000 0.0000
v -0.346976 -0.684429 0.033907 0.1389 0.0000 0.0000
v -0.346976 -0.680056 0.033907 0.1389 0.0000 0.0000
v -0.275943 -0.680056 0.033907 0.1389 0.0000 0.0000
v -0.296059 -0.652567 0.033907 0.1389 0.0000 0.0000
v -0.275943 -0.656940 0.033907 0.1389 0.0000 0.0000
v -0.261487 -0.652567 0.033907 0.1389 0.0000 0.0000
v -0.245142 -0.656940 0.033907 0.1389 0.0000 0.0000
v -0.247789 -0.652567 0.033907 0.1389 0.0000 0.0000
v -0.245142 -0.652567 0.033907 0.1389 0.0000 0.0000
v -0.245142 -0.680056 0.033907 0.1389 0.0000 0.0000
v -0.245142 -0.684429 0.033907 0.1389 0.0000 0.0000
v -0.344329 -0.652567 0.033907 0.1389 0.0000 0.0000
v -0.346976 -0.656940 0.033907 0.1389 0.0000 0.0000
v -0.346976 -0.652567 0.033907 0.1389 0.0000 0.0000
v -0.244517 -0.656940 0.161182 0.1389 0.0000 0.0000
v -0.244517 -0.652567 0.161182 0.1389 0.0000 0.0000
v -0.245095 -0.656940 0.161257 0.1389 0.0000 0.0000
v -0.245095 -0.652567 0.161257 0.1389 0.0000 0.0000
v -0.245645 -0.656940 0.161480 0.1389 0.0000 0.0000
v -0.245645 -0.652567 0.161480 0.1389 0.0000 0.0000
v -0.246143 -0.656940 0.161839 0.1389 0.0000 0.0000
v -0.246143 -0.652567 0.161839 0.1389 0.0000 0.0000
v -0.246565 -0.656940 0.162319 0.1389 0.0000 0.0000
v -0.246565 -0.652567 0.162319 0.1389 0.0000 0.0000
v -0.246891 -0.656940 0.162896 0.1389 0.0000 0.0000
v -0.246891 -0.652567 0.162896 0.1389 0.0000 0.0000
v -0.247106 -0.656940 0.163544 0.1389 0.0000 0.0000
v -0.247106 -0.652567 0.163544 0.1389 0.0000 0.0000
v -0.247200 -0.656940 0.164232 0.1389 0.0000 0.0000
v -0.247200 -0.652567 0.164232 0.1389 0.0000 0.0000
v -0.247168 -0.656940 0.164929 0.1389 0.0000 0.0000
v -0.247168 -0.652567 0.164929 0.1389 0.0000 0.0000
v -0.247013 -0.656940 0.165600 0.1389 0.0000 0.0000
v -0.247013 -0.652567 0.165600 0.1389 0.0000 0.0000
v -0.246741 -0.656940 0.166217 0.1389 0.0000 0.0000
v -0.246741 -0.652567 0.166217 0.1389 0.0000 0.0000
v -0.246365 -0.656940 0.166748 0.1389 0.0000 0.0000
v -0.246365 -0.652567 0.166748 0.1389 0.0000 0.0000
v -0.245902 -0.656940 0.167170 0.1389 0.0000 0.0000
v -0.245902 -0.652567 0.167170 0.1389 0.0000 0.0000
v -0.245375 -0.656940 0.167463 0.1389 0.0000 0.0000
v -0.245375 -0.652567 0.167463 0.1389 0.0000 0.0000
v -0.244808 -0.656940 0.167613 0.1389 0.0000 0.0000
v -0.244808 -0.652567 0.167613 0.1389 0.0000 0.0000
v -0.244517 -0.656940 0.167632 0.1389 0.0000 0.0000
v -0.244227 -0.656940 0.167613 0.1389 0.0000 0.0000
v -0.244227 -0.652567 0.167613 0.1389 0.0000 0.0000
v -0.243659 -0.656940 0.167463 0.1389 0.0000 0.0000
v -0.243659 -0.652567 0.167463 0.1389 0.0000 0.0000
v -0.243132 -0.656940 0.167170 0.1389 0.0000 0.0000
v -0.243132 -0.652567 0.167170 0.1389 0.0000 0.0000
v -0.242670 -0.656940 0.166748 0.1389 0.0000 0.0000
v -0.242670 -0.652567 0.166748 0.1389 0.0000 0.0000
v -0.242294 -0.656940 0.166217 0.1389 0.0000 0.0000
v -0.242294 -0.652567 0.166217 0.1389 0.0000 0.0000
v -0.242021 -0.656940 0.165600 0.1389 0.0000 0.0000
v -0.242021 -0.652567 0.165600 0.1389 0.0000 0.0000
v -0.241866 -0.656940 0.164929 0.1389 0.0000 0.0000
v -0.241866 -0.652567 0.164929 0.1389 0.0000 0.0000
v -0.241835 -0.656940 0.164232 0.1389 0.0000 0.0000
v -0.241835 -0.652567 0.164232 0.1389 0.0000 0.0000
v -0.241929 -0.656940 0.163544 0.1389 0.0000 0.0000
v -0.241929 -0.652567 0.163544 0.1389 0.0000 0.0000
v -0.242144 -0.656940 0.162896 0.1389 0.0000 0.0000
v -0.242144 -0.652567 0.162896 0.1389 0.0000 0.0000
v -0.242470 -0.656940 0.162319 0.1389 0.0000 0.0000
v -0.242470 -0.652567 0.162319 0.1389 0.0000 0.0000
v -0.242891 -0.656940 0.161839 0.1389 0.0000 0.0000
v -0.242891 -0.652567 0.161839 0.1389 0.0000 0.0000
v -0.243389 -0.656940 0.161480 0.1389 0.0000 0.0000
v -0.243389 -0.652567 0.161480 0.1389 0.0000 0.0000
v -0.243940 -0.656940 0.161257 0.1389 0.0000 0.0000
v -0.243940 -0.652567 0.161257 0.1389 0.0000 0.0000
v -0.350189 -0.680056 0.163544 0.1389 0.0000 0.0000
v -0.349974 -0.680056 0.162896 0.1389 0.0000 0.0000
v -0.353224 -0.680056 0.163657 0.1389 0.0000 0.0000
v -0.353224 -0.680056 0.126681 0.1389 0.0000 0.0000
v -0.349648 -0.680056 0.162319 0.1389 0.0000 0.0000
v -0.349227 -0.680056 0.161839 0.1389 0.0000 0.0000
v -0.347023 -0.680056 0.161257 0.1389 0.0000 0.0000
v -0.342565 -0.680056 0.149175 0.1389 0.0000 0.0000
v -0.347601 -0.680056 0.161182 0.1389 0.0000 0.0000
v -0.348734 -0.680056 0.138502 0.1389 0.0000 0.0000
v -0.348178 -0.680056 0.161257 0.1389 0.0000 0.0000
v -0.348729 -0.680056 0.161480 0.1389 0.0000 0.0000
v -0.345553 -0.680056 0.162319 0.1389 0.0000 0.0000
v -0.334913 -0.680056 0.158361 0.1389 0.0000 0.0000
v -0.345975 -0.680056 0.161839 0.1389 0.0000 0.0000
v -0.346473 -0.680056 0.161480 0.1389 0.0000 0.0000
v -0.345227 -0.680056 0.162896 0.1389 0.0000 0.0000
v -0.345012 -0.680056 0.163544 0.1389 0.0000 0.0000
v -0.326022 -0.680056 0.165767 0.1389 0.0000 0.0000
v -0.344918 -0.680056 0.164232 0.1389 0.0000 0.0000
v -0.316175 -0.680056 0.171157 0.1389 0.0000 0.0000
v -0.344950 -0.680056 0.164929 0.1389 0.0000 0.0000
v -0.345105 -0.680056 0.165600 0.1389 0.0000 0.0000
v -0.346216 -0.680056 0.167170 0.1389 0.0000 0.0000
v -0.346976 -0.680056 0.171157 0.1389 0.0000 0.0000
v -0.345753 -0.680056 0.166748 0.1389 0.0000 0.0000
v -0.345377 -0.680056 0.166217 0.1389 0.0000 0.0000
v -0.346743 -0.680056 0.167463 0.1389 0.0000 0.0000
v -0.347310 -0.680056 0.167613 0.1389 0.0000 0.0000
v -0.348195 -0.680056 0.171013 0.1389 0.0000 0.0000
v -0.347601 -0.680056 0.167632 0.1389 0.0000 0.0000
v -0.347891 -0.680056 0.167613 0.1389 0.0000 0.0000
v -0.349367 -0.680056 0.170586 0.1389 0.0000 0.0000
v -0.348459 -0.680056 0.167463 0.1389 0.0000 0.0000
v -0.350447 -0.680056 0.169893 0.1389 0.0000 0.0000
v -0.348986 -0.680056 0.167170 0.1389 0.0000 0.0000
v -0.351394 -0.680056 0.168960 0.1389 0.0000 0.0000
v -0.349448 -0.680056 0.166748 0.1389 0.0000 0.0000
v -0.352171 -0.680056 0.167824 0.1389 0.0000 0.0000
v -0.349824 -0.680056 0.166217 0.1389 0.0000 0.0000
v -0.352748 -0.680056 0.166527 0.1389 0.0000 0.0000
v -0.350096 -0.680056 0.165600 0.1389 0.0000 0.0000
v -0.353104 -0.680056 0.165120 0.1389 0.0000 0.0000
v -0.350252 -0.680056 0.164929 0.1389 0.0000 0.0000
v -0.350283 -0.680056 0.164232 0.1389 0.0000 0.0000
v -0.346976 -0.652567 0.171157 0.1389 0.0000 0.0000
v -0.346976 -0.656940 0.171157 0.1389 0.0000 0.0000
v -0.344329 -0.652567 0.171157 0.1389 0.0000 0.0000
v -0.316175 -0.656940 0.171157 0.1389 0.0000 0.0000
v -0.296059 -0.652567 0.171157 0.1389 0.0000 0.0000
v -0.275943 -0.656940 0.171157 0.1389 0.0000 0.0000
v -0.296059 -0.684429 0.171157 0.1389 0.0000 0.0000
v -0.245142 -0.684429 0.171157 0.1389 0.0000 0.0000
v -0.245142 -0.652567 0.171157 0.1389 0.0000 0.0000
v -0.247789 -0.652567 0.171157 0.1389 0.0000 0.0000
v -0.245142 -0.656940 0.171157 0.1389 0.0000 0.0000
v -0.261487 -0.652567 0.171157 0.1389 0.0000 0.0000
v -0.346976 -0.684429 0.171157 0.1389 0.0000 0.0000
v -0.244517 -0.684429 0.037432 0.1389 0.0000 0.0000
v -0.244517 -0.680056 0.037432 0.1389 0.0000 0.0000
v -0.245095 -0.684429 0.037507 0.1389 0.0000 0.0000
v -0.245095 -0.680056 0.037507 0.1389 0.0000 0.0000
v -0.245645 -0.684429 0.037730 0.1389 0.0000 0.0000
v -0.245645 -0.680056 0.037730 0.1389 0.0000 0.0000
v -0.246143 -0.684429 0.038089 0.1389 0.0000 0.0000
v -0.246143 -0.680056 0.038089 0.1389 0.0000 0.0000
v -0.246565 -0.684429 0.038569 0.1389 0.0000 0.0000
v -0.246565 -0.680056 0.038569 0.1389 0.0000 0.0000
v -0.246891 -0.684429 0.039146 0.1389 0.0000 0.0000
v -0.246891 -0.680056 0.039146 0.1389 0.0000 0.0000
v -0.247106 -0.684429 0.039794 0.1389 0.0000 0.0000
v -0.247106 -0.680056 0.039794 0.1389 0.0000 0.0000
v -0.247200 -0.684429 0.040482 0.1389 0.0000 0.0000
v -0.247200 -0.680056 0.040482 0.1389 0.0000 0.0000
v -0.247168 -0.684429 0.041179 0.1389 0.0000 0.0000
v -0.247168 -0.680056 0.041179 0.1389 0.0000 0.0000
v -0.247013 -0.684429 0.041851 0.1389 0.0000 0.0000
v -0.247013 -0.680056 0.041851 0.1389 0.0000 0.0000
v -0.246741 -0.684429 0.042467 0.1389 0.0000 0.0000
v -0.246741 -0.680056 0.042467 0.1389 0.0000 0.0000
v -0.246365 -0.684429 0.042998 0.1389 0.0000 0.0000
v -0.246365 -0.680056 0.042998 0.1389 0.0000 0.0000
v -0.245902 -0.684429 0.043420 0.1389 0.0000 0.0000
v -0.245902 -0.680056 0.043420 0.1389 0.0000 0.0000
v -0.245375 -0.684429 0.043713 0.1389 0.0000 0.0000
v -0.245375 -0.680056 0.043713 0.1389 0.0000 0.0000
v -0.244808 -0.684429 0.043863 0.1389 0.0000 0.0000
v -0.244808 -0.680056 0.043863 0.1389 0.0000 0.0000
v -0.244517 -0.684429 0.043882 0.1389 0.0000 0.0000
v -0.244517 -0.680056 0.043882 0.1389 0.0000 0.0000
v -0.244227 -0.684429 0.043863 0.1389 0.0000 0.0000
v -0.244227 -0.680056 0.043863 0.1389 0.0000 0.0000
v -0.243659 -0.684429 0.043713 0.1389 0.0000 0.0000
v -0.243659 -0.680056 0.043713 0.1389 0.0000 0.0000
v -0.243132 -0.684429 0.043420 0.1389 0.0000 0.0000
v -0.243132 -0.680056 0.043420 0.1389 0.0000 0.0000
v -0.242670 -0.684429 0.042998 0.1389 0.0000 0.0000
v -0.242670 -0.680056 0.042998 0.1389 0.0000 0.0000
v -0.242294 -0.684429 0.042467 0.1389 0.0000 0.0000
v -0.242294 -0.680056 0.042467 0.1389 0.0000 0.0000
v -0.242021 -0.684429 0.041851 0.1389 0.0000 0.0000
v -0.242021 -0.680056 0.041851 0.1389 0.0000 0.0000
v -0.241866 -0.684429 0.041179 0.1389 0.0000 0.0000
v -0.241866 -0.680056 0.041179 0.1389 0.0000 0.0000
v -0.241835 -0.684429 0.040482 0.1389 0.0000 0.0000
v -0.241835 -0.680056 0.040482 0.1389 0.0000 0.0000
v -0.241929 -0.684429 0.039794 0.1389 0.0000 0.0000
v -0.241929 -0.680056 0.039794 0.1389 0.0000 0.0000
v -0.242144 -0.684429 0.039146 0.1389 0.0000 0.0000
v -0.242144 -0.680056 0.039146 0.1389 0.0000 0.0000
v -0.242470 -0.684429 0.038569 0.1389 0.0000 0.0000
v -0.242470 -0.680056 0.038569 0.1389 0.0000 0.0000
v -0.242891 -0.684429 0.038089 0.1389 0.0000 0.0000
v -0.242891 -0.680056 0.038089 0.1389 0.0000 0.0000
v -0.243389 -0.684429 0.037730 0.1389 0.0000 0.0000
v -0.243389 -0.680056 0.037730 0.1389 0.0000 0.0000
v -0.243940 -0.684429 0.037507 0.1389 0.0000 0.0000
v -0.243940 -0.680056 0.037507 0.1389 0.0000 0.0000
v -0.349974 -0.656940 0.162896 0.1389 0.0000 0.0000
v -0.353224 -0.656940 0.163657 0.1389 0.0000 0.0000
v -0.349648 -0.656940 0.162319 0.1389 0.0000 0.0000
v -0.353224 -0.656940 0.126681 0.1389 0.0000 0.0000
v -0.349227 -0.656940 0.161839 0.1389 0.0000 0.0000
v -0.348729 -0.656940 0.161480 0.1389 0.0000 0.0000
v -0.350189 -0.656940 0.163544 0.1389 0.0000 0.0000
v -0.350283 -0.656940 0.164232 0.1389 0.0000 0.0000
v -0.353104 -0.656940 0.165120 0.1389 0.0000 0.0000
v -0.350252 -0.656940 0.164929 0.1389 0.0000 0.0000
v -0.352748 -0.656940 0.166527 0.1389 0.0000 0.0000
v -0.350096 -0.656940 0.165600 0.1389 0.0000 0.0000
v -0.352171 -0.656940 0.167824 0.1389 0.0000 0.0000
v -0.349824 -0.656940 0.166217 0.1389 0.0000 0.0000
v -0.351394 -0.656940 0.168960 0.1389 0.0000 0.0000
v -0.349448 -0.656940 0.166748 0.1389 0.0000 0.0000
v -0.350447 -0.656940 0.169893 0.1389 0.0000 0.0000
v -0.348986 -0.656940 0.167170 0.1389 0.0000 0.0000
v -0.349367 -0.656940 0.170586 0.1389 0.0000 0.0000
v -0.348459 -0.656940 0.167463 0.1389 0.0000 0.0000
v -0.348195 -0.656940 0.171013 0.1389 0.0000 0.0000
v -0.345975 -0.656940 0.161839 0.1389 0.0000 0.0000
v -0.342565 -0.656940 0.149175 0.1389 0.0000 0.0000
v -0.345553 -0.656940 0.162319 0.1389 0.0000 0.0000
v -0.334913 -0.656940 0.158361 0.1389 0.0000 0.0000
v -0.345227 -0.656940 0.162896 0.1389 0.0000 0.0000
v -0.346473 -0.656940 0.161480 0.1389 0.0000 0.0000
v -0.347023 -0.656940 0.161257 0.1389 0.0000 0.0000
v -0.348734 -0.656940 0.138502 0.1389 0.0000 0.0000
v -0.347601 -0.656940 0.161182 0.1389 0.0000 0.0000
v -0.348178 -0.656940 0.161257 0.1389 0.0000 0.0000
v -0.345377 -0.656940 0.166217 0.1389 0.0000 0.0000
v -0.345105 -0.656940 0.165600 0.1389 0.0000 0.0000
v -0.344950 -0.656940 0.164929 0.1389 0.0000 0.0000
v -0.326022 -0.656940 0.165767 0.1389 0.0000 0.0000
v -0.344918 -0.656940 0.164232 0.1389 0.0000 0.0000
v -0.345012 -0.656940 0.163544 0.1389 0.0000 0.0000
v -0.347891 -0.656940 0.167613 0.1389 0.0000 0.0000
v -0.347601 -0.656940 0.167632 0.1389 0.0000 0.0000
v -0.347310 -0.656940 0.167613 0.1389 0.0000 0.0000
v -0.346743 -0.656940 0.167463 0.1389 0.0000 0.0000
v -0.346216 -0.656940 0.167170 0.1389 0.0000 0.0000
v -0.345753 -0.656940 0.166748 0.1389 0.0000 0.0000
v -0.296059 -0.652567 0.102532 0.1389 0.0000 0.0000
v -0.264652 -0.652567 0.048361 0.1389 0.0000 0.0000
v -0.261487 -0.652567 0.044585 0.1389 0.0000 0.0000
v -0.274378 -0.652567 0.041881 0.1389 0.0000 0.0000
v -0.240724 -0.652567 0.036103 0.1389 0.0000 0.0000
v -0.241671 -0.652567 0.035171 0.1389 0.0000 0.0000
v -0.241456 -0.652567 0.036982 0.1389 0.0000 0.0000
v -0.240724 -0.652567 0.168960 0.1389 0.0000 0.0000
v -0.239947 -0.652567 0.167824 0.1389 0.0000 0.0000
v -0.241456 -0.652567 0.168082 0.1389 0.0000 0.0000
v -0.266903 -0.652567 0.102532 0.1389 0.0000 0.0000
v -0.261487 -0.652567 0.160479 0.1389 0.0000 0.0000
v -0.261487 -0.652567 0.168082 0.1389 0.0000 0.0000
v -0.279601 -0.652567 0.165505 0.1389 0.0000 0.0000
v -0.290497 -0.652567 0.168193 0.1389 0.0000 0.0000
v -0.252584 -0.652567 0.142931 0.1389 0.0000 0.0000
v -0.260248 -0.652567 0.152610 0.1389 0.0000 0.0000
v -0.322740 -0.652567 0.160239 0.1389 0.0000 0.0000
v -0.331870 -0.652567 0.152610 0.1389 0.0000 0.0000
v -0.344329 -0.652567 0.160479 0.1389 0.0000 0.0000
v -0.339534 -0.652567 0.142931 0.1389 0.0000 0.0000
v -0.312517 -0.652567 0.165505 0.1389 0.0000 0.0000
v -0.344329 -0.652567 0.168082 0.1389 0.0000 0.0000
v -0.301621 -0.652567 0.168193 0.1389 0.0000 0.0000
v -0.241456 -0.652567 0.160479 0.1389 0.0000 0.0000
v -0.239370 -0.652567 0.166527 0.1389 0.0000 0.0000
v -0.239014 -0.652567 0.165120 0.1389 0.0000 0.0000
v -0.247789 -0.652567 0.168082 0.1389 0.0000 0.0000
v -0.243923 -0.652567 0.171013 0.1389 0.0000 0.0000
v -0.242751 -0.652567 0.170586 0.1389 0.0000 0.0000
v -0.241671 -0.652567 0.169893 0.1389 0.0000 0.0000
v -0.348195 -0.652567 0.171013 0.1389 0.0000 0.0000
v -0.352171 -0.652567 0.167824 0.1389 0.0000 0.0000
v -0.351394 -0.652567 0.168960 0.1389 0.0000 0.0000
v -0.350662 -0.652567 0.168082 0.1389 0.0000 0.0000
v -0.350447 -0.652567 0.169893 0.1389 0.0000 0.0000
v -0.349367 -0.652567 0.170586 0.1389 0.0000 0.0000
v -0.352748 -0.652567 0.166527 0.1389 0.0000 0.0000
v -0.350662 -0.652567 0.160479 0.1389 0.0000 0.0000
v -0.353104 -0.652567 0.165120 0.1389 0.0000 0.0000
v -0.352171 -0.652567 0.037240 0.1389 0.0000 0.0000
v -0.352748 -0.652567 0.038537 0.1389 0.0000 0.0000
v -0.350662 -0.652567 0.044585 0.1389 0.0000 0.0000
v -0.353104 -0.652567 0.039944 0.1389 0.0000 0.0000
v -0.344329 -0.652567 0.036982 0.1389 0.0000 0.0000
v -0.348195 -0.652567 0.034051 0.1389 0.0000 0.0000
v -0.349367 -0.652567 0.034478 0.1389 0.0000 0.0000
v -0.350662 -0.652567 0.036982 0.1389 0.0000 0.0000
v -0.350447 -0.652567 0.035171 0.1389 0.0000 0.0000
v -0.351394 -0.652567 0.036103 0.1389 0.0000 0.0000
v -0.243923 -0.652567 0.034051 0.1389 0.0000 0.0000
v -0.247789 -0.652567 0.036982 0.1389 0.0000 0.0000
v -0.242751 -0.652567 0.034478 0.1389 0.0000 0.0000
v -0.241456 -0.652567 0.044585 0.1389 0.0000 0.0000
v -0.238894 -0.652567 0.044585 0.1389 0.0000 0.0000
v -0.238894 -0.652567 0.041407 0.1389 0.0000 0.0000
v -0.239014 -0.652567 0.039944 0.1389 0.0000 0.0000
v -0.239370 -0.652567 0.038537 0.1389 0.0000 0.0000
v -0.239947 -0.652567 0.037240 0.1389 0.0000 0.0000
v -0.241152 -0.652567 0.105875 0.1389 0.0000 0.0000
v -0.242836 -0.652567 0.119075 0.1389 0.0000 0.0000
v -0.246699 -0.652567 0.131598 0.1389 0.0000 0.0000
v -0.247789 -0.652567 0.160479 0.1389 0.0000 0.0000
v -0.238894 -0.652567 0.163657 0.1389 0.0000 0.0000
v -0.238894 -0.652567 0.160479 0.1389 0.0000 0.0000
v -0.238894 -0.652567 0.102532 0.1389 0.0000 0.0000
v -0.247789 -0.652567 0.079586 0.1389 0.0000 0.0000
v -0.245442 -0.652567 0.076769 0.1389 0.0000 0.0000
v -0.241456 -0.652567 0.061028 0.1389 0.0000 0.0000
v -0.244503 -0.652567 0.079610 0.1389 0.0000 0.0000
v -0.241715 -0.652567 0.092538 0.1389 0.0000 0.0000
v -0.247789 -0.652567 0.044585 0.1389 0.0000 0.0000
v -0.256211 -0.652567 0.057060 0.1389 0.0000 0.0000
v -0.247789 -0.652567 0.061028 0.1389 0.0000 0.0000
v -0.249402 -0.652567 0.067620 0.1389 0.0000 0.0000
v -0.261487 -0.652567 0.036982 0.1389 0.0000 0.0000
v -0.296059 -0.652567 0.036532 0.1389 0.0000 0.0000
v -0.284992 -0.652567 0.037883 0.1389 0.0000 0.0000
v -0.307126 -0.652567 0.037883 0.1389 0.0000 0.0000
v -0.347615 -0.652567 0.079610 0.1389 0.0000 0.0000
v -0.342716 -0.652567 0.067620 0.1389 0.0000 0.0000
v -0.344329 -0.652567 0.061028 0.1389 0.0000 0.0000
v -0.335907 -0.652567 0.057060 0.1389 0.0000 0.0000
v -0.344329 -0.652567 0.044585 0.1389 0.0000 0.0000
v -0.327466 -0.652567 0.048361 0.1389 0.0000 0.0000
v -0.349282 -0.652567 0.119075 0.1389 0.0000 0.0000
v -0.350966 -0.652567 0.105875 0.1389 0.0000 0.0000
v -0.238894 -0.652567 0.061028 0.1389 0.0000 0.0000
v -0.245902 -0.652567 0.043420 0.1389 0.0000 0.0000
v -0.246365 -0.652567 0.042998 0.1389 0.0000 0.0000
v -0.247200 -0.652567 0.040482 0.1389 0.0000 0.0000
v -0.247106 -0.652567 0.039794 0.1389 0.0000 0.0000
v -0.246891 -0.652567 0.039146 0.1389 0.0000 0.0000
v -0.246565 -0.652567 0.038569 0.1389 0.0000 0.0000
v -0.246143 -0.652567 0.038089 0.1389 0.0000 0.0000
v -0.245645 -0.652567 0.037730 0.1389 0.0000 0.0000
v -0.246741 -0.652567 0.042467 0.1389 0.0000 0.0000
v -0.247013 -0.652567 0.041851 0.1389 0.0000 0.0000
v -0.247168 -0.652567 0.041179 0.1389 0.0000 0.0000
v -0.245095 -0.652567 0.037507 0.1389 0.0000 0.0000
v -0.244517 -0.652567 0.037432 0.1389 0.0000 0.0000
v -0.243940 -0.652567 0.037507 0.1389 0.0000 0.0000
v -0.243389 -0.652567 0.037730 0.1389 0.0000 0.0000
v -0.242891 -0.652567 0.038089 0.1389 0.0000 0.0000
v -0.242470 -0.652567 0.038569 0.1389 0.0000 0.0000
v -0.242144 -0.652567 0.039146 0.1389 0.0000 0.0000
v -0.242670 -0.652567 0.042998 0.1389 0.0000 0.0000
v -0.242294 -0.652567 0.042467 0.1389 0.0000 0.0000
v -0.242021 -0.652567 0.041851 0.1389 0.0000 0.0000
v -0.241929 -0.652567 0.039794 0.1389 0.0000 0.0000
v -0.241835 -0.652567 0.040482 0.1389 0.0000 0.0000
v -0.241866 -0.652567 0.041179 0.1389 0.0000 0.0000
v -0.243132 -0.652567 0.043420 0.1389 0.0000 0.0000
v -0.243659 -0.652567 0.043713 0.1389 0.0000 0.0000
v -0.244227 -0.652567 0.043863 0.1389 0.0000 0.0000
v -0.244808 -0.652567 0.043863 0.1389 0.0000 0.0000
v -0.245375 -0.652567 0.043713 0.1389 0.0000 0.0000
v -0.261487 -0.652567 0.096030 0.1389 0.0000 0.0000
v -0.347601 -0.652567 0.161182 0.1389 0.0000 0.0000
v -0.347023 -0.652567 0.161257 0.1389 0.0000 0.0000
v -0.346473 -0.652567 0.161480 0.1389 0.0000 0.0000
v -0.345975 -0.652567 0.161839 0.1389 0.0000 0.0000
v -0.345553 -0.652567 0.162319 0.1389 0.0000 0.0000
v -0.345227 -0.652567 0.162896 0.1389 0.0000 0.0000
v -0.345105 -0.652567 0.165600 0.1389 0.0000 0.0000
v -0.345377 -0.652567 0.166217 0.1389 0.0000 0.0000
v -0.348459 -0.652567 0.167463 0.1389 0.0000 0.0000
v -0.348986 -0.652567 0.167170 0.1389 0.0000 0.0000
v -0.349227 -0.652567 0.161839 0.1389 0.0000 0.0000
v -0.349648 -0.652567 0.162319 0.1389 0.0000 0.0000
v -0.349974 -0.652567 0.162896 0.1389 0.0000 0.0000
v -0.348729 -0.652567 0.161480 0.1389 0.0000 0.0000
v -0.348178 -0.652567 0.161257 0.1389 0.0000 0.0000
v -0.345012 -0.652567 0.163544 0.1389 0.0000 0.0000
v -0.344918 -0.652567 0.164232 0.1389 0.0000 0.0000
v -0.344950 -0.652567 0.164929 0.1389 0.0000 0.0000
v -0.345753 -0.652567 0.166748 0.1389 0.0000 0.0000
v -0.346216 -0.652567 0.167170 0.1389 0.0000 0.0000
v -0.346743 -0.652567 0.167463 0.1389 0.0000 0.0000
v -0.349448 -0.652567 0.166748 0.1389 0.0000 0.0000
v -0.349824 -0.652567 0.166217 0.1389 0.0000 0.0000
v -0.350096 -0.652567 0.165600 0.1389 0.0000 0.0000
v -0.350252 -0.652567 0.164929 0.1389 0.0000 0.0000
v -0.350283 -0.652567 0.164232 0.1389 0.0000 0.0000
v -0.350189 -0.652567 0.163544 0.1389 0.0000 0.0000
v -0.347310 -0.652567 0.167613 0.1389 0.0000 0.0000
v -0.347601 -0.652567 0.167632 0.1389 0.0000 0.0000
v -0.347891 -0.652567 0.167613 0.1389 0.0000 0.0000
v -0.348986 -0.652567 0.043420 0.1389 0.0000 0.0000
v -0.349448 -0.652567 0.042998 0.1389 0.0000 0.0000
v -0.350283 -0.652567 0.040482 0.1389 0.0000 0.0000
v -0.350189 -0.652567 0.039794 0.1389 0.0000 0.0000
v -0.349974 -0.652567 0.039146 0.1389 0.0000 0.0000
v -0.349648 -0.652567 0.038569 0.1389 0.0000 0.0000
v -0.349227 -0.652567 0.038089 0.1389 0.0000 0.0000
v -0.348729 -0.652567 0.037730 0.1389 0.0000 0.0000
v -0.346473 -0.652567 0.037730 0.1389 0.0000 0.0000
v -0.345975 -0.652567 0.038089 0.1389 0.0000 0.0000
v -0.345553 -0.652567 0.038569 0.1389 0.0000 0.0000
v -0.345227 -0.652567 0.039146 0.1389 0.0000 0.0000
v -0.345012 -0.652567 0.039794 0.1389 0.0000 0.0000
v -0.344918 -0.652567 0.040482 0.1389 0.0000 0.0000
v -0.344950 -0.652567 0.041179 0.1389 0.0000 0.0000
v -0.345105 -0.652567 0.041851 0.1389 0.0000 0.0000
v -0.345377 -0.652567 0.042467 0.1389 0.0000 0.0000
v -0.345753 -0.652567 0.042998 0.1389 0.0000 0.0000
v -0.348178 -0.652567 0.037507 0.1389 0.0000 0.0000
v -0.347601 -0.652567 0.037432 0.1389 0.0000 0.0000
v -0.347023 -0.652567 0.037507 0.1389 0.0000 0.0000
v -0.350252 -0.652567 0.041179 0.1389 0.0000 0.0000
v -0.349824 -0.652567 0.042467 0.1389 0.0000 0.0000
v -0.350096 -0.652567 0.041851 0.1389 0.0000 0.0000
v -0.346216 -0.652567 0.043420 0.1389 0.0000 0.0000
v -0.346743 -0.652567 0.043713 0.1389 0.0000 0.0000
v -0.347310 -0.652567 0.043863 0.1389 0.0000 0.0000
v -0.347601 -0.652567 0.043882 0.1389 0.0000 0.0000
v -0.347891 -0.652567 0.043863 0.1389 0.0000 0.0000
v -0.348459 -0.652567 0.043713 0.1389 0.0000 0.0000
v -0.350403 -0.652567 0.092538 0.1389 0.0000 0.0000
v -0.350662 -0.652567 0.061028 0.1389 0.0000 0.0000
v -0.353224 -0.652567 0.041407 0.1389 0.0000 0.0000
v -0.353224 -0.652567 0.044585 0.1389 0.0000 0.0000
v -0.353224 -0.652567 0.061028 0.1389 0.0000 0.0000
v -0.353224 -0.652567 0.102532 0.1389 0.0000 0.0000
v -0.353224 -0.652567 0.160479 0.1389 0.0000 0.0000
v -0.353224 -0.652567 0.163657 0.1389 0.0000 0.0000
v -0.347601 -0.684429 0.161182 0.1389 0.0000 0.0000
v -0.348178 -0.684429 0.161257 0.1389 0.0000 0.0000
v -0.348729 -0.684429 0.161480 0.1389 0.0000 0.0000
v -0.349227 -0.684429 0.161839 0.1389 0.0000 0.0000
v -0.349648 -0.684429 0.162319 0.1389 0.0000 0.0000
v -0.349974 -0.684429 0.162896 0.1389 0.0000 0.0000
v -0.350189 -0.684429 0.163544 0.1389 0.0000 0.0000
v -0.350283 -0.684429 0.164232 0.1389 0.0000 0.0000
v -0.350252 -0.684429 0.164929 0.1389 0.0000 0.0000
v -0.350096 -0.684429 0.165600 0.1389 0.0000 0.0000
v -0.349824 -0.684429 0.166217 0.1389 0.0000 0.0000
v -0.349448 -0.684429 0.166748 0.1389 0.0000 0.0000
v -0.348986 -0.684429 0.167170 0.1389 0.0000 0.0000
v -0.348459 -0.684429 0.167463 0.1389 0.0000 0.0000
v -0.347891 -0.684429 0.167613 0.1389 0.0000 0.0000
v -0.347601 -0.684429 0.167632 0.1389 0.0000 0.0000
v -0.347310 -0.684429 0.167613 0.1389 0.0000 0.0000
v -0.346743 -0.684429 0.167463 0.1389 0.0000 0.0000
v -0.346216 -0.684429 0.167170 0.1389 0.0000 0.0000
v -0.345753 -0.684429 0.166748 0.1389 0.0000 0.0000
v -0.345377 -0.684429 0.166217 0.1389 0.0000 0.0000
v -0.345105 -0.684429 0.165600 0.1389 0.0000 0.0000
v -0.344950 -0.684429 0.164929 0.1389 0.0000 0.0000
v -0.344918 -0.684429 0.164232 0.1389 0.0000 0.0000
v -0.345012 -0.684429 0.163544 0.1389 0.0000 0.0000
v -0.345227 -0.684429 0.162896 0.1389 0.0000 0.0000
v -0.345553 -0.684429 0.162319 0.1389 0.0000 0.0000
v -0.345975 -0.684429 0.161839 0.1389 0.0000 0.0000
v -0.346473 -0.684429 0.161480 0.1389 0.0000 0.0000
v -0.347023 -0.684429 0.161257 0.1389 0.0000 0.0000
v -0.244517 -0.656940 0.037432 0.1389 0.0000 0.0000
v -0.245095 -0.656940 0.037507 0.1389 0.0000 0.0000
v -0.245645 -0.656940 0.037730 0.1389 0.0000 0.0000
v -0.246143 -0.656940 0.038089 0.1389 0.0000 0.0000
v -0.246565 -0.656940 0.038569 0.1389 0.0000 0.0000
v -0.246891 -0.656940 0.039146 0.1389 0.0000 0.0000
v -0.247106 -0.656940 0.039794 0.1389 0.0000 0.0000
v -0.247200 -0.656940 0.040482 0.1389 0.0000 0.0000
v -0.247168 -0.656940 0.041179 0.1389 0.0000 0.0000
v -0.247013 -0.656940 0.041851 0.1389 0.0000 0.0000
v -0.246741 -0.656940 0.042467 0.1389 0.0000 0.0000
v -0.246365 -0.656940 0.042998 0.1389 0.0000 0.0000
v -0.245902 -0.656940 0.043420 0.1389 0.0000 0.0000
v -0.245375 -0.656940 0.043713 0.1389 0.0000 0.0000
v -0.244808 -0.656940 0.043863 0.1389 0.0000 0.0000
v -0.244517 -0.656940 0.043882 0.1389 0.0000 0.0000
v -0.244227 -0.656940 0.043863 0.1389 0.0000 0.0000
v -0.243659 -0.656940 0.043713 0.1389 0.0000 0.0000
v -0.243132 -0.656940 0.043420 0.1389 0.0000 0.0000
v -0.242670 -0.656940 0.042998 0.1389 0.0000 0.0000
v -0.242294 -0.656940 0.042467 0.1389 0.0000 0.0000
v -0.242021 -0.656940 0.041851 0.1389 0.0000 0.0000
v -0.241866 -0.656940 0.041179 0.1389 0.0000 0.0000
v -0.241835 -0.656940 0.040482 0.1389 0.0000 0.0000
v -0.241929 -0.656940 0.039794 0.1389 0.0000 0.0000
v -0.242144 -0.656940 0.039146 0.1389 0.0000 0.0000
v -0.242470 -0.656940 0.038569 0.1389 0.0000 0.0000
v -0.242891 -0.656940 0.038089 0.1389 0.0000 0.0000
v -0.243389 -0.656940 0.037730 0.1389 0.0000 0.0000
v -0.243940 -0.656940 0.037507 0.1389 0.0000 0.0000
v -0.353224 -0.680056 0.078383 0.1389 0.0000 0.0000
v -0.353224 -0.680056 0.041407 0.1389 0.0000 0.0000
v -0.353224 -0.684429 0.041407 0.1389 0.0000 0.0000
v -0.353224 -0.684429 0.102532 0.1389 0.0000 0.0000
v -0.353224 -0.684429 0.163657 0.1389 0.0000 0.0000
v -0.353224 -0.656940 0.078383 0.1389 0.0000 0.0000
v -0.353224 -0.656940 0.041407 0.1389 0.0000 0.0000
v -0.347601 -0.656940 0.037432 0.1389 0.0000 0.0000
v -0.348178 -0.656940 0.037507 0.1389 0.0000 0.0000
v -0.348729 -0.656940 0.037730 0.1389 0.0000 0.0000
v -0.349227 -0.656940 0.038089 0.1389 0.0000 0.0000
v -0.349648 -0.656940 0.038569 0.1389 0.0000 0.0000
v -0.349974 -0.656940 0.039146 0.1389 0.0000 0.0000
v -0.350189 -0.656940 0.039794 0.1389 0.0000 0.0000
v -0.350283 -0.656940 0.040482 0.1389 0.0000 0.0000
v -0.350252 -0.656940 0.041179 0.1389 0.0000 0.0000
v -0.350096 -0.656940 0.041851 0.1389 0.0000 0.0000
v -0.349824 -0.656940 0.042467 0.1389 0.0000 0.0000
v -0.349448 -0.656940 0.042998 0.1389 0.0000 0.0000
v -0.348986 -0.656940 0.043420 0.1389 0.0000 0.0000
v -0.348459 -0.656940 0.043713 0.1389 0.0000 0.0000
v -0.347891 -0.656940 0.043863 0.1389 0.0000 0.0000
v -0.347601 -0.656940 0.043882 0.1389 0.0000 0.0000
v -0.347310 -0.656940 0.043863 0.1389 0.0000 0.0000
v -0.346743 -0.656940 0.043713 0.1389 0.0000 0.0000
v -0.346216 -0.656940 0.043420 0.1389 0.0000 0.0000
v -0.345753 -0.656940 0.042998 0.1389 0.0000 0.0000
v -0.345377 -0.656940 0.042467 0.1389 0.0000 0.0000
v -0.345105 -0.656940 0.041851 0.1389 0.0000 0.0000
v -0.344950 -0.656940 0.041179 0.1389 0.0000 0.0000
v -0.344918 -0.656940 0.040482 0.1389 0.0000 0.0000
v -0.345012 -0.656940 0.039794 0.1389 0.0000 0.0000
v -0.345227 -0.656940 0.039146 0.1389 0.0000 0.0000
v -0.345553 -0.656940 0.038569 0.1389 0.0000 0.0000
v -0.345975 -0.656940 0.038089 0.1389 0.0000 0.0000
v -0.346473 -0.656940 0.037730 0.1389 0.0000 0.0000
v -0.347023 -0.656940 0.037507 0.1389 0.0000 0.0000
v -0.249402 -0.684429 0.067620 0.1389 0.0000 0.0000
v -0.244503 -0.684429 0.079610 0.1389 0.0000 0.0000
v -0.279601 -0.684429 0.165505 0.1389 0.0000 0.0000
v -0.269378 -0.684429 0.160239 0.1389 0.0000 0.0000
v -0.260248 -0.684429 0.152610 0.1389 0.0000 0.0000
v -0.349282 -0.684429 0.119075 0.1389 0.0000 0.0000
v -0.345418 -0.684429 0.131598 0.1389 0.0000 0.0000
v -0.339534 -0.684429 0.142931 0.1389 0.0000 0.0000
v -0.327466 -0.684429 0.048361 0.1389 0.0000 0.0000
v -0.317740 -0.684429 0.041881 0.1389 0.0000 0.0000
v -0.307126 -0.684429 0.037883 0.1389 0.0000 0.0000
v -0.335907 -0.684429 0.057060 0.1389 0.0000 0.0000
v -0.342716 -0.684429 0.067620 0.1389 0.0000 0.0000
v -0.347615 -0.684429 0.079610 0.1389 0.0000 0.0000
v -0.350403 -0.684429 0.092538 0.1389 0.0000 0.0000
v -0.351037 -0.684429 0.102519 0.1389 0.0000 0.0000
v -0.350966 -0.684429 0.105875 0.1389 0.0000 0.0000
v -0.331870 -0.684429 0.152610 0.1389 0.0000 0.0000
v -0.322740 -0.684429 0.160239 0.1389 0.0000 0.0000
v -0.312517 -0.684429 0.165505 0.1389 0.0000 0.0000
v -0.301621 -0.684429 0.168193 0.1389 0.0000 0.0000
v -0.296059 -0.684429 0.168532 0.1389 0.0000 0.0000
v -0.290497 -0.684429 0.168193 0.1389 0.0000 0.0000
v -0.252584 -0.684429 0.142931 0.1389 0.0000 0.0000
v -0.246699 -0.684429 0.131598 0.1389 0.0000 0.0000
v -0.242836 -0.684429 0.119075 0.1389 0.0000 0.0000
v -0.241152 -0.684429 0.105875 0.1389 0.0000 0.0000
v -0.241081 -0.684429 0.102519 0.1389 0.0000 0.0000
v -0.241715 -0.684429 0.092538 0.1389 0.0000 0.0000
v -0.256211 -0.684429 0.057060 0.1389 0.0000 0.0000
v -0.264652 -0.684429 0.048361 0.1389 0.0000 0.0000
v -0.274378 -0.684429 0.041881 0.1389 0.0000 0.0000
v -0.284992 -0.684429 0.037883 0.1389 0.0000 0.0000
v -0.296059 -0.684429 0.036532 0.1389 0.0000 0.0000
v -0.342565 -0.656940 0.055888 0.1389 0.0000 0.0000
v -0.326022 -0.656940 0.039296 0.1389 0.0000 0.0000
v -0.334913 -0.656940 0.046702 0.1389 0.0000 0.0000
v -0.348734 -0.656940 0.066562 0.1389 0.0000 0.0000
v -0.348195 -0.656940 0.034051 0.1389 0.0000 0.0000
v -0.349367 -0.656940 0.034478 0.1389 0.0000 0.0000
v -0.350447 -0.656940 0.035171 0.1389 0.0000 0.0000
v -0.351394 -0.656940 0.036103 0.1389 0.0000 0.0000
v -0.352171 -0.656940 0.037240 0.1389 0.0000 0.0000
v -0.352748 -0.656940 0.038537 0.1389 0.0000 0.0000
v -0.353104 -0.656940 0.039944 0.1389 0.0000 0.0000
v -0.238894 -0.656940 0.041407 0.1389 0.0000 0.0000
v -0.238894 -0.656940 0.078383 0.1389 0.0000 0.0000
v -0.249553 -0.656940 0.055888 0.1389 0.0000 0.0000
v -0.257205 -0.656940 0.046702 0.1389 0.0000 0.0000
v -0.243384 -0.656940 0.066562 0.1389 0.0000 0.0000
v -0.266096 -0.656940 0.039296 0.1389 0.0000 0.0000
v -0.239014 -0.656940 0.039944 0.1389 0.0000 0.0000
v -0.239370 -0.656940 0.038537 0.1389 0.0000 0.0000
v -0.239947 -0.656940 0.037240 0.1389 0.0000 0.0000
v -0.240724 -0.656940 0.036103 0.1389 0.0000 0.0000
v -0.241671 -0.656940 0.035171 0.1389 0.0000 0.0000
v -0.242751 -0.656940 0.034478 0.1389 0.0000 0.0000
v -0.243923 -0.656940 0.034051 0.1389 0.0000 0.0000
v -0.238894 -0.656940 0.163657 0.1389 0.0000 0.0000
v -0.238894 -0.656940 0.126681 0.1389 0.0000 0.0000
v -0.238894 -0.684429 0.102532 0.1389 0.0000 0.0000
v -0.238894 -0.680056 0.078383 0.1389 0.0000 0.0000
v -0.238894 -0.684429 0.041407 0.1389 0.0000 0.0000
v -0.238894 -0.680056 0.041407 0.1389 0.0000 0.0000
v -0.238894 -0.684429 0.163657 0.1389 0.0000 0.0000
v -0.347601 -0.684429 0.037432 0.1389 0.0000 0.0000
v -0.347601 -0.680056 0.037432 0.1389 0.0000 0.0000
v -0.348178 -0.684429 0.037507 0.1389 0.0000 0.0000
v -0.348178 -0.680056 0.037507 0.1389 0.0000 0.0000
v -0.348729 -0.684429 0.037730 0.1389 0.0000 0.0000
v -0.348729 -0.680056 0.037730 0.1389 0.0000 0.0000
v -0.349227 -0.684429 0.038089 0.1389 0.0000 0.0000
v -0.349227 -0.680056 0.038089 0.1389 0.0000 0.0000
v -0.349648 -0.684429 0.038569 0.1389 0.0000 0.0000
v -0.349648 -0.680056 0.038569 0.1389 0.0000 0.0000
v -0.349974 -0.684429 0.039146 0.1389 0.0000 0.0000
v -0.349974 -0.680056 0.039146 0.1389 0.0000 0.0000
v -0.350189 -0.684429 0.039794 0.1389 0.0000 0.0000
v -0.350189 -0.680056 0.039794 0.1389 0.0000 0.0000
v -0.350283 -0.684429 0.040482 0.1389 0.0000 0.0000
v -0.350283 -0.680056 0.040482 0.1389 0.0000 0.0000
v -0.350252 -0.684429 0.041179 0.1389 0.0000 0.0000
v -0.350252 -0.680056 0.041179 0.1389 0.0000 0.0000
v -0.350096 -0.684429 0.041851 0.1389 0.0000 0.0000
v -0.350096 -0.680056 0.041851 0.1389 0.0000 0.0000
v -0.349824 -0.684429 0.042467 0.1389 0.0000 0.0000
v -0.349824 -0.680056 0.042467 0.1389 0.0000 0.0000
v -0.349448 -0.684429 0.042998 0.1389 0.0000 0.0000
v -0.349448 -0.680056 0.042998 0.1389 0.0000 0.0000
v -0.348986 -0.684429 0.043420 0.1389 0.0000 0.0000
v -0.348986 -0.680056 0.043420 0.1389 0.0000 0.0000
v -0.348459 -0.684429 0.043713 0.1389 0.0000 0.0000
v -0.348459 -0.680056 0.043713 0.1389 0.0000 0.0000
v -0.347891 -0.684429 0.043863 0.1389 0.0000 0.0000
v -0.347891 -0.680056 0.043863 0.1389 0.0000 0.0000
v -0.347601 -0.684429 0.043882 0.1389 0.0000 0.0000
v -0.347601 -0.680056 0.043882 0.1389 0.0000 0.0000
v -0.347310 -0.684429 0.043863 0.1389 0.0000 0.0000
v -0.347310 -0.680056 0.043863 0.1389 0.0000 0.0000
v -0.346743 -0.684429 0.043713 0.1389 0.0000 0.0000
v -0.346743 -0.680056 0.043713 0.1389 0.0000 0.0000
v -0.346216 -0.684429 0.043420 0.1389 0.0000 0.0000
v -0.346216 -0.680056 0.043420 0.1389 0.0000 0.0000
v -0.345753 -0.684429 0.042998 0.1389 0.0000 0.0000
v -0.345753 -0.680056 0.042998 0.1389 0.0000 0.0000
v -0.345377 -0.684429 0.042467 0.1389 0.0000 0.0000
v -0.345377 -0.680056 0.042467 0.1389 0.0000 0.0000
v -0.345105 -0.684429 0.041851 0.1389 0.0000 0.0000
v -0.345105 -0.680056 0.041851 0.1389 0.0000 0.0000
v -0.344950 -0.684429 0.041179 0.1389 0.0000 0.0000
v -0.344950 -0.680056 0.041179 0.1389 0.0000 0.0000
v -0.344918 -0.684429 0.040482 0.1389 0.0000 0.0000
v -0.344918 -0.680056 0.040482 0.1389 0.0000 0.0000
v -0.345012 -0.684429 0.039794 0.1389 0.0000 0.0000
v -0.345012 -0.680056 0.039794 0.1389 0.0000 0.0000
v -0.345227 -0.684429 0.039146 0.1389 0.0000 0.0000
v -0.345227 -0.680056 0.039146 0.1389 0.0000 0.0000
v -0.345553 -0.684429 0.038569 0.1389 0.0000 0.0000
v -0.345553 -0.680056 0.038569 0.1389 0.0000 0.0000
v -0.345975 -0.684429 0.038089 0.1389 0.0000 0.0000
v -0.345975 -0.680056 0.038089 0.1389 0.0000 0.0000
v -0.346473 -0.684429 0.037730 0.1389 0.0000 0.0000
v -0.346473 -0.680056 0.037730 0.1389 0.0000 0.0000
v -0.347023 -0.684429 0.037507 0.1389 0.0000 0.0000
v -0.347023 -0.680056 0.037507 0.1389 0.0000 0.0000
v -0.257205 -0.656940 0.158361 0.1389 0.0000 0.0000
v -0.249553 -0.656940 0.149175 0.1389 0.0000 0.0000
v -0.266096 -0.656940 0.165767 0.1389 0.0000 0.0000
v -0.243923 -0.656940 0.171013 0.1389 0.0000 0.0000
v -0.242751 -0.656940 0.170586 0.1389 0.0000 0.0000
v -0.241671 -0.656940 0.169893 0.1389 0.0000 0.0000
v -0.240724 -0.656940 0.168960 0.1389 0.0000 0.0000
v -0.239947 -0.656940 0.167824 0.1389 0.0000 0.0000
v -0.239370 -0.656940 0.166527 0.1389 0.0000 0.0000
v -0.239014 -0.656940 0.165120 0.1389 0.0000 0.0000
v -0.243384 -0.656940 0.138502 0.1389 0.0000 0.0000
v -0.348195 -0.680056 0.034051 0.1389 0.0000 0.0000
v -0.326022 -0.680056 0.039296 0.1389 0.0000 0.0000
v -0.353104 -0.680056 0.039944 0.1389 0.0000 0.0000
v -0.352748 -0.680056 0.038537 0.1389 0.0000 0.0000
v -0.352171 -0.680056 0.037240 0.1389 0.0000 0.0000
v -0.351394 -0.680056 0.036103 0.1389 0.0000 0.0000
v -0.350447 -0.680056 0.035171 0.1389 0.0000 0.0000
v -0.349367 -0.680056 0.034478 0.1389 0.0000 0.0000
v -0.334913 -0.680056 0.046702 0.1389 0.0000 0.0000
v -0.342565 -0.680056 0.055888 0.1389 0.0000 0.0000
v -0.348734 -0.680056 0.066562 0.1389 0.0000 0.0000
v -0.239014 -0.684429 0.039944 0.1389 0.0000 0.0000
v -0.239370 -0.684429 0.038537 0.1389 0.0000 0.0000
v -0.239947 -0.684429 0.037240 0.1389 0.0000 0.0000
v -0.240724 -0.684429 0.036103 0.1389 0.0000 0.0000
v -0.241671 -0.684429 0.035171 0.1389 0.0000 0.0000
v -0.242751 -0.684429 0.034478 0.1389 0.0000 0.0000
v -0.243923 -0.684429 0.034051 0.1389 0.0000 0.0000
v -0.348195 -0.684429 0.034051 0.1389 0.0000 0.0000
v -0.349367 -0.684429 0.034478 0.1389 0.0000 0.0000
v -0.350447 -0.684429 0.035171 0.1389 0.0000 0.0000
v -0.351394 -0.684429 0.036103 0.1389 0.0000 0.0000
v -0.352171 -0.684429 0.037240 0.1389 0.0000 0.0000
v -0.352748 -0.684429 0.038537 0.1389 0.0000 0.0000
v -0.353104 -0.684429 0.039944 0.1389 0.0000 0.0000
v -0.348195 -0.684429 0.171013 0.1389 0.0000 0.0000
v -0.353104 -0.684429 0.165120 0.1389 0.0000 0.0000
v -0.352748 -0.684429 0.166527 0.1389 0.0000 0.0000
v -0.352171 -0.684429 0.167824 0.1389 0.0000 0.0000
v -0.351394 -0.684429 0.168960 0.1389 0.0000 0.0000
v -0.350447 -0.684429 0.169893 0.1389 0.0000 0.0000
v -0.349367 -0.684429 0.170586 0.1389 0.0000 0.0000
v -0.247168 -0.684429 0.164929 0.1389 0.0000 0.0000
v -0.247013 -0.684429 0.165600 0.1389 0.0000 0.0000
v -0.241835 -0.684429 0.164232 0.1389 0.0000 0.0000
v -0.241866 -0.684429 0.164929 0.1389 0.0000 0.0000
v -0.239014 -0.684429 0.165120 0.1389 0.0000 0.0000
v -0.242021 -0.684429 0.165600 0.1389 0.0000 0.0000
v -0.239370 -0.684429 0.166527 0.1389 0.0000 0.0000
v -0.242294 -0.684429 0.166217 0.1389 0.0000 0.0000
v -0.239947 -0.684429 0.167824 0.1389 0.0000 0.0000
v -0.242670 -0.684429 0.166748 0.1389 0.0000 0.0000
v -0.240724 -0.684429 0.168960 0.1389 0.0000 0.0000
v -0.243132 -0.684429 0.167170 0.1389 0.0000 0.0000
v -0.241671 -0.684429 0.169893 0.1389 0.0000 0.0000
v -0.243659 -0.684429 0.167463 0.1389 0.0000 0.0000
v -0.242751 -0.684429 0.170586 0.1389 0.0000 0.0000
v -0.244227 -0.684429 0.167613 0.1389 0.0000 0.0000
v -0.243923 -0.684429 0.171013 0.1389 0.0000 0.0000
v -0.241929 -0.684429 0.163544 0.1389 0.0000 0.0000
v -0.242144 -0.684429 0.162896 0.1389 0.0000 0.0000
v -0.242470 -0.684429 0.162319 0.1389 0.0000 0.0000
v -0.242891 -0.684429 0.161839 0.1389 0.0000 0.0000
v -0.246741 -0.684429 0.166217 0.1389 0.0000 0.0000
v -0.246365 -0.684429 0.166748 0.1389 0.0000 0.0000
v -0.245902 -0.684429 0.167170 0.1389 0.0000 0.0000
v -0.245375 -0.684429 0.167463 0.1389 0.0000 0.0000
v -0.244808 -0.684429 0.167613 0.1389 0.0000 0.0000
v -0.244517 -0.684429 0.167632 0.1389 0.0000 0.0000
v -0.246143 -0.684429 0.161839 0.1389 0.0000 0.0000
v -0.246565 -0.684429 0.162319 0.1389 0.0000 0.0000
v -0.246891 -0.684429 0.162896 0.1389 0.0000 0.0000
v -0.247106 -0.684429 0.163544 0.1389 0.0000 0.0000
v -0.247200 -0.684429 0.164232 0.1389 0.0000 0.0000
v -0.243389 -0.684429 0.161480 0.1389 0.0000 0.0000
v -0.243940 -0.684429 0.161257 0.1389 0.0000 0.0000
v -0.244517 -0.684429 0.161182 0.1389 0.0000 0.0000
v -0.245095 -0.684429 0.161257 0.1389 0.0000 0.0000
v -0.245645 -0.684429 0.161480 0.1389 0.0000 0.0000
v -0.249553 -0.680056 0.055888 0.1389 0.0000 0.0000
v -0.266096 -0.680056 0.039296 0.1389 0.0000 0.0000
v -0.257205 -0.680056 0.046702 0.1389 0.0000 0.0000
v -0.243923 -0.680056 0.034051 0.1389 0.0000 0.0000
v -0.242751 -0.680056 0.034478 0.1389 0.0000 0.0000
v -0.241671 -0.680056 0.035171 0.1389 0.0000 0.0000
v -0.240724 -0.680056 0.036103 0.1389 0.0000 0.0000
v -0.239947 -0.680056 0.037240 0.1389 0.0000 0.0000
v -0.239370 -0.680056 0.038537 0.1389 0.0000 0.0000
v -0.239014 -0.680056 0.039944 0.1389 0.0000 0.0000
v -0.243384 -0.680056 0.066562 0.1389 0.0000 0.0000
v -0.389772 -0.643156 0.052139 0.1389 0.0000 0.0000
v -0.389772 -0.652567 0.065782 0.1389 0.0000 0.0000
v -0.389772 -0.642283 0.052252 0.1389 0.0000 0.0000
v -0.389772 -0.638965 0.065782 0.1389 0.0000 0.0000
v -0.389772 -0.641410 0.052139 0.1389 0.0000 0.0000
v -0.389772 -0.643988 0.051802 0.1389 0.0000 0.0000
v -0.389772 -0.644741 0.051258 0.1389 0.0000 0.0000
v -0.389772 -0.645378 0.050533 0.1389 0.0000 0.0000
v -0.389772 -0.645871 0.049661 0.1389 0.0000 0.0000
v -0.389772 -0.646196 0.048682 0.1389 0.0000 0.0000
v -0.389772 -0.652567 0.035032 0.1389 0.0000 0.0000
v -0.389772 -0.646338 0.047641 0.1389 0.0000 0.0000
v -0.389772 -0.646291 0.046589 0.1389 0.0000 0.0000
v -0.389772 -0.646056 0.045573 0.1389 0.0000 0.0000
v -0.389772 -0.645644 0.044642 0.1389 0.0000 0.0000
v -0.389772 -0.645076 0.043838 0.1389 0.0000 0.0000
v -0.389772 -0.644377 0.043200 0.1389 0.0000 0.0000
v -0.389772 -0.640987 0.042758 0.1389 0.0000 0.0000
v -0.389772 -0.640190 0.043200 0.1389 0.0000 0.0000
v -0.389772 -0.626952 0.035032 0.1389 0.0000 0.0000
v -0.389772 -0.639491 0.043838 0.1389 0.0000 0.0000
v -0.389772 -0.643580 0.042758 0.1389 0.0000 0.0000
v -0.389772 -0.642722 0.042531 0.1389 0.0000 0.0000
v -0.389772 -0.641844 0.042531 0.1389 0.0000 0.0000
v -0.389772 -0.638922 0.044642 0.1389 0.0000 0.0000
v -0.389772 -0.638511 0.045573 0.1389 0.0000 0.0000
v -0.389772 -0.626952 0.051361 0.1389 0.0000 0.0000
v -0.389772 -0.638276 0.046589 0.1389 0.0000 0.0000
v -0.389772 -0.638228 0.047641 0.1389 0.0000 0.0000
v -0.389772 -0.638370 0.048682 0.1389 0.0000 0.0000
v -0.389772 -0.638695 0.049661 0.1389 0.0000 0.0000
v -0.389772 -0.633448 0.057984 0.1389 0.0000 0.0000
v -0.389772 -0.639188 0.050533 0.1389 0.0000 0.0000
v -0.389772 -0.639826 0.051258 0.1389 0.0000 0.0000
v -0.389772 -0.640578 0.051802 0.1389 0.0000 0.0000
v -0.468490 -0.638965 0.065782 0.1389 0.0000 0.0000
v -0.468490 -0.652567 0.065782 0.1389 0.0000 0.0000
v -0.468490 -0.633448 0.057984 0.1389 0.0000 0.0000
v -0.468490 -0.652567 0.035032 0.1389 0.0000 0.0000
v -0.468490 -0.626952 0.051361 0.1389 0.0000 0.0000
v -0.468490 -0.626952 0.035032 0.1389 0.0000 0.0000
v -0.389772 -0.643156 0.162447 0.1389 0.0000 0.0000
v -0.389772 -0.643988 0.162111 0.1389 0.0000 0.0000
v -0.389772 -0.652567 0.170032 0.1389 0.0000 0.0000
v -0.389772 -0.646056 0.155882 0.1389 0.0000 0.0000
v -0.389772 -0.645644 0.154950 0.1389 0.0000 0.0000
v -0.389772 -0.652567 0.139282 0.1389 0.0000 0.0000
v -0.389772 -0.645076 0.154147 0.1389 0.0000 0.0000
v -0.389772 -0.626952 0.153702 0.1389 0.0000 0.0000
v -0.389772 -0.638276 0.156897 0.1389 0.0000 0.0000
v -0.389772 -0.638228 0.157950 0.1389 0.0000 0.0000
v -0.389772 -0.638695 0.159970 0.1389 0.0000 0.0000
v -0.389772 -0.639188 0.160842 0.1389 0.0000 0.0000
v -0.389772 -0.626952 0.170032 0.1389 0.0000 0.0000
v -0.389772 -0.641410 0.162447 0.1389 0.0000 0.0000
v -0.389772 -0.642283 0.162561 0.1389 0.0000 0.0000
v -0.389772 -0.644741 0.161567 0.1389 0.0000 0.0000
v -0.389772 -0.645378 0.160842 0.1389 0.0000 0.0000
v -0.389772 -0.645871 0.159970 0.1389 0.0000 0.0000
v -0.389772 -0.646196 0.158990 0.1389 0.0000 0.0000
v -0.389772 -0.646338 0.157950 0.1389 0.0000 0.0000
v -0.389772 -0.646291 0.156897 0.1389 0.0000 0.0000
v -0.389772 -0.644377 0.153509 0.1389 0.0000 0.0000
v -0.389772 -0.643580 0.153066 0.1389 0.0000 0.0000
v -0.389772 -0.638965 0.139282 0.1389 0.0000 0.0000
v -0.389772 -0.642722 0.152840 0.1389 0.0000 0.0000
v -0.389772 -0.640190 0.153509 0.1389 0.0000 0.0000
v -0.389772 -0.633448 0.147080 0.1389 0.0000 0.0000
v -0.389772 -0.640987 0.153066 0.1389 0.0000 0.0000
v -0.389772 -0.641844 0.152840 0.1389 0.0000 0.0000
v -0.389772 -0.638370 0.158990 0.1389 0.0000 0.0000
v -0.389772 -0.639826 0.161567 0.1389 0.0000 0.0000
v -0.389772 -0.640578 0.162111 0.1389 0.0000 0.0000
v -0.389772 -0.639491 0.154147 0.1389 0.0000 0.0000
v -0.389772 -0.638922 0.154950 0.1389 0.0000 0.0000
v -0.389772 -0.638511 0.155882 0.1389 0.0000 0.0000
v -0.468490 -0.626952 0.153702 0.1389 0.0000 0.0000
v -0.468490 -0.626952 0.170032 0.1389 0.0000 0.0000
v -0.468490 -0.633448 0.147080 0.1389 0.0000 0.0000
v -0.468490 -0.652567 0.170032 0.1389 0.0000 0.0000
v -0.468490 -0.638965 0.139282 0.1389 0.0000 0.0000
v -0.468490 -0.652567 0.139282 0.1389 0.0000 0.0000
v -0.468490 -0.553715 0.139282 0.1389 0.0000 0.0000
v -0.468490 -0.540112 0.139282 0.1389 0.0000 0.0000
v -0.468490 -0.559231 0.147080 0.1389 0.0000 0.0000
v -0.468490 -0.540112 0.170032 0.1389 0.0000 0.0000
v -0.468490 -0.565727 0.153702 0.1389 0.0000 0.0000
v -0.468490 -0.565727 0.170032 0.1389 0.0000 0.0000
v -0.389772 -0.553757 0.154950 0.1389 0.0000 0.0000
v -0.389772 -0.559231 0.147080 0.1389 0.0000 0.0000
v -0.389772 -0.554169 0.155882 0.1389 0.0000 0.0000
v -0.389772 -0.565727 0.153702 0.1389 0.0000 0.0000
v -0.389772 -0.554403 0.156897 0.1389 0.0000 0.0000
v -0.389772 -0.551269 0.162447 0.1389 0.0000 0.0000
v -0.389772 -0.565727 0.170032 0.1389 0.0000 0.0000
v -0.389772 -0.550396 0.162561 0.1389 0.0000 0.0000
v -0.389772 -0.540112 0.170032 0.1389 0.0000 0.0000
v -0.389772 -0.549523 0.162447 0.1389 0.0000 0.0000
v -0.389772 -0.552101 0.162111 0.1389 0.0000 0.0000
v -0.389772 -0.552854 0.161567 0.1389 0.0000 0.0000
v -0.389772 -0.553491 0.160842 0.1389 0.0000 0.0000
v -0.389772 -0.553984 0.159970 0.1389 0.0000 0.0000
v -0.389772 -0.554309 0.158990 0.1389 0.0000 0.0000
v -0.389772 -0.554451 0.157950 0.1389 0.0000 0.0000
v -0.389772 -0.551693 0.153066 0.1389 0.0000 0.0000
v -0.389772 -0.553715 0.139282 0.1389 0.0000 0.0000
v -0.389772 -0.552490 0.153509 0.1389 0.0000 0.0000
v -0.389772 -0.553189 0.154147 0.1389 0.0000 0.0000
v -0.389772 -0.550835 0.152840 0.1389 0.0000 0.0000
v -0.389772 -0.549957 0.152840 0.1389 0.0000 0.0000
v -0.389772 -0.540112 0.139282 0.1389 0.0000 0.0000
v -0.389772 -0.549099 0.153066 0.1389 0.0000 0.0000
v -0.389772 -0.548302 0.153509 0.1389 0.0000 0.0000
v -0.389772 -0.547603 0.154147 0.1389 0.0000 0.0000
v -0.389772 -0.547035 0.154950 0.1389 0.0000 0.0000
v -0.389772 -0.546624 0.155882 0.1389 0.0000 0.0000
v -0.389772 -0.546389 0.156897 0.1389 0.0000 0.0000
v -0.389772 -0.546341 0.157950 0.1389 0.0000 0.0000
v -0.389772 -0.546483 0.158990 0.1389 0.0000 0.0000
v -0.389772 -0.546808 0.159970 0.1389 0.0000 0.0000
v -0.389772 -0.547301 0.160842 0.1389 0.0000 0.0000
v -0.389772 -0.547939 0.161567 0.1389 0.0000 0.0000
v -0.389772 -0.548691 0.162111 0.1389 0.0000 0.0000
v -0.377276 -0.550396 0.162561 0.1389 0.0000 0.0000
v -0.377276 -0.549523 0.162447 0.1389 0.0000 0.0000
v -0.377276 -0.548691 0.162111 0.1389 0.0000 0.0000
v -0.377276 -0.547939 0.161567 0.1389 0.0000 0.0000
v -0.377276 -0.547301 0.160842 0.1389 0.0000 0.0000
v -0.377276 -0.546808 0.159970 0.1389 0.0000 0.0000
v -0.377276 -0.546483 0.158990 0.1389 0.0000 0.0000
v -0.377276 -0.546341 0.157950 0.1389 0.0000 0.0000
v -0.377276 -0.546389 0.156897 0.1389 0.0000 0.0000
v -0.377276 -0.546624 0.155882 0.1389 0.0000 0.0000
v -0.377276 -0.547035 0.154950 0.1389 0.0000 0.0000
v -0.377276 -0.547603 0.154147 0.1389 0.0000 0.0000
v -0.377276 -0.548302 0.153509 0.1389 0.0000 0.0000
v -0.377276 -0.549099 0.153066 0.1389 0.0000 0.0000
v -0.377276 -0.549957 0.152840 0.1389 0.0000 0.0000
v -0.377276 -0.550835 0.152840 0.1389 0.0000 0.0000
v -0.377276 -0.551693 0.153066 0.1389 0.0000 0.0000
v -0.377276 -0.552490 0.153509 0.1389 0.0000 0.0000
v -0.377276 -0.553189 0.154147 0.1389 0.0000 0.0000
v -0.377276 -0.553757 0.154950 0.1389 0.0000 0.0000
v -0.377276 -0.554169 0.155882 0.1389 0.0000 0.0000
v -0.377276 -0.554403 0.156897 0.1389 0.0000 0.0000
v -0.377276 -0.554451 0.157950 0.1389 0.0000 0.0000
v -0.377276 -0.554309 0.158990 0.1389 0.0000 0.0000
v -0.377276 -0.553984 0.159970 0.1389 0.0000 0.0000
v -0.377276 -0.553491 0.160842 0.1389 0.0000 0.0000
v -0.377276 -0.552854 0.161567 0.1389 0.0000 0.0000
v -0.377276 -0.552101 0.162111 0.1389 0.0000 0.0000
v -0.377276 -0.551269 0.162447 0.1389 0.0000 0.0000
v -0.483484 -0.540112 0.170032 0.1389 0.0000 0.0000
v -0.483484 -0.540112 0.035032 0.1389 0.0000 0.0000
v -0.483484 -0.652567 0.170032 0.1389 0.0000 0.0000
v -0.483484 -0.652567 0.035032 0.1389 0.0000 0.0000
v -0.377276 -0.642283 0.162561 0.1389 0.0000 0.0000
v -0.377276 -0.641410 0.162447 0.1389 0.0000 0.0000
v -0.377276 -0.640578 0.162111 0.1389 0.0000 0.0000
v -0.377276 -0.639826 0.161567 0.1389 0.0000 0.0000
v -0.377276 -0.639188 0.160842 0.1389 0.0000 0.0000
v -0.377276 -0.638695 0.159970 0.1389 0.0000 0.0000
v -0.377276 -0.638370 0.158990 0.1389 0.0000 0.0000
v -0.377276 -0.638228 0.157950 0.1389 0.0000 0.0000
v -0.377276 -0.638276 0.156897 0.1389 0.0000 0.0000
v -0.377276 -0.638511 0.155882 0.1389 0.0000 0.0000
v -0.377276 -0.638922 0.154950 0.1389 0.0000 0.0000
v -0.377276 -0.639491 0.154147 0.1389 0.0000 0.0000
v -0.377276 -0.640190 0.153509 0.1389 0.0000 0.0000
v -0.377276 -0.640987 0.153066 0.1389 0.0000 0.0000
v -0.377276 -0.641844 0.152840 0.1389 0.0000 0.0000
v -0.377276 -0.642722 0.152840 0.1389 0.0000 0.0000
v -0.377276 -0.643580 0.153066 0.1389 0.0000 0.0000
v -0.377276 -0.644377 0.153509 0.1389 0.0000 0.0000
v -0.377276 -0.645076 0.154147 0.1389 0.0000 0.0000
v -0.377276 -0.645644 0.154950 0.1389 0.0000 0.0000
v -0.377276 -0.646056 0.155882 0.1389 0.0000 0.0000
v -0.377276 -0.646291 0.156897 0.1389 0.0000 0.0000
v -0.377276 -0.646338 0.157950 0.1389 0.0000 0.0000
v -0.377276 -0.646196 0.158990 0.1389 0.0000 0.0000
v -0.377276 -0.645871 0.159970 0.1389 0.0000 0.0000
v -0.377276 -0.645378 0.160842 0.1389 0.0000 0.0000
v -0.377276 -0.644741 0.161567 0.1389 0.0000 0.0000
v -0.377276 -0.643988 0.162111 0.1389 0.0000 0.0000
v -0.377276 -0.643156 0.162447 0.1389 0.0000 0.0000
v -0.377276 -0.652567 0.035032 0.1389 0.0000 0.0000
v -0.377276 -0.652567 0.072892 0.1389 0.0000 0.0000
v -0.377276 -0.652567 0.170032 0.1389 0.0000 0.0000
v -0.431833 -0.415162 0.072708 0.1389 0.0000 0.0000
v -0.429131 -0.415162 0.072532 0.1389 0.0000 0.0000
v -0.429131 -0.540112 0.072532 0.1389 0.0000 0.0000
v -0.426429 -0.540112 0.072708 0.1389 0.0000 0.0000
v -0.426429 -0.415162 0.072708 0.1389 0.0000 0.0000
v -0.421151 -0.415162 0.074102 0.1389 0.0000 0.0000
v -0.421151 -0.540112 0.074102 0.1389 0.0000 0.0000
v -0.416247 -0.415162 0.076826 0.1389 0.0000 0.0000
v -0.416247 -0.540112 0.076826 0.1389 0.0000 0.0000
v -0.411945 -0.415162 0.080752 0.1389 0.0000 0.0000
v -0.411945 -0.540112 0.080752 0.1389 0.0000 0.0000
v -0.408447 -0.415162 0.085696 0.1389 0.0000 0.0000
v -0.408447 -0.540112 0.085696 0.1389 0.0000 0.0000
v -0.405916 -0.415162 0.091428 0.1389 0.0000 0.0000
v -0.405916 -0.540112 0.091428 0.1389 0.0000 0.0000
v -0.404470 -0.415162 0.097678 0.1389 0.0000 0.0000
v -0.404470 -0.540112 0.097678 0.1389 0.0000 0.0000
v -0.404177 -0.415162 0.104156 0.1389 0.0000 0.0000
v -0.404177 -0.540112 0.104156 0.1389 0.0000 0.0000
v -0.405052 -0.415162 0.110558 0.1389 0.0000 0.0000
v -0.405052 -0.540112 0.110558 0.1389 0.0000 0.0000
v -0.407052 -0.415162 0.116584 0.1389 0.0000 0.0000
v -0.407052 -0.540112 0.116584 0.1389 0.0000 0.0000
v -0.410084 -0.415162 0.121953 0.1389 0.0000 0.0000
v -0.410084 -0.540112 0.121953 0.1389 0.0000 0.0000
v -0.414007 -0.415162 0.126415 0.1389 0.0000 0.0000
v -0.414007 -0.540112 0.126415 0.1389 0.0000 0.0000
v -0.418638 -0.415162 0.129759 0.1389 0.0000 0.0000
v -0.418638 -0.540112 0.129759 0.1389 0.0000 0.0000
v -0.423759 -0.415162 0.131830 0.1389 0.0000 0.0000
v -0.423759 -0.540112 0.131830 0.1389 0.0000 0.0000
v -0.429131 -0.415162 0.132532 0.1389 0.0000 0.0000
v -0.429131 -0.540112 0.132532 0.1389 0.0000 0.0000
v -0.434503 -0.415162 0.131830 0.1389 0.0000 0.0000
v -0.434503 -0.540112 0.131830 0.1389 0.0000 0.0000
v -0.439624 -0.415162 0.129759 0.1389 0.0000 0.0000
v -0.439624 -0.540112 0.129759 0.1389 0.0000 0.0000
v -0.444254 -0.415162 0.126415 0.1389 0.0000 0.0000
v -0.444254 -0.540112 0.126415 0.1389 0.0000 0.0000
v -0.448177 -0.415162 0.121953 0.1389 0.0000 0.0000
v -0.448177 -0.540112 0.121953 0.1389 0.0000 0.0000
v -0.451210 -0.415162 0.116584 0.1389 0.0000 0.0000
v -0.451210 -0.540112 0.116584 0.1389 0.0000 0.0000
v -0.453210 -0.415162 0.110558 0.1389 0.0000 0.0000
v -0.453210 -0.540112 0.110558 0.1389 0.0000 0.0000
v -0.454084 -0.415162 0.104156 0.1389 0.0000 0.0000
v -0.454084 -0.540112 0.104156 0.1389 0.0000 0.0000
v -0.453792 -0.415162 0.097678 0.1389 0.0000 0.0000
v -0.453792 -0.540112 0.097678 0.1389 0.0000 0.0000
v -0.452346 -0.415162 0.091428 0.1389 0.0000 0.0000
v -0.452346 -0.540112 0.091428 0.1389 0.0000 0.0000
v -0.449815 -0.415162 0.085696 0.1389 0.0000 0.0000
v -0.449815 -0.540112 0.085696 0.1389 0.0000 0.0000
v -0.446316 -0.415162 0.080752 0.1389 0.0000 0.0000
v -0.446316 -0.540112 0.080752 0.1389 0.0000 0.0000
v -0.442014 -0.415162 0.076826 0.1389 0.0000 0.0000
v -0.442014 -0.540112 0.076826 0.1389 0.0000 0.0000
v -0.437110 -0.415162 0.074102 0.1389 0.0000 0.0000
v -0.437110 -0.540112 0.074102 0.1389 0.0000 0.0000
v -0.431833 -0.540112 0.072708 0.1389 0.0000 0.0000
v -0.421009 -0.596340 0.093532 0.1389 0.0000 0.0000
v -0.377276 -0.596340 0.093532 0.1389 0.0000 0.0000
v -0.421009 -0.594728 0.093742 0.1389 0.0000 0.0000
v -0.377276 -0.594728 0.093742 0.1389 0.0000 0.0000
v -0.421009 -0.593192 0.094364 0.1389 0.0000 0.0000
v -0.377276 -0.593192 0.094364 0.1389 0.0000 0.0000
v -0.421009 -0.591803 0.095367 0.1389 0.0000 0.0000
v -0.377276 -0.591803 0.095367 0.1389 0.0000 0.0000
v -0.421009 -0.590626 0.096705 0.1389 0.0000 0.0000
v -0.377276 -0.590626 0.096705 0.1389 0.0000 0.0000
v -0.421009 -0.589716 0.098316 0.1389 0.0000 0.0000
v -0.377276 -0.589716 0.098316 0.1389 0.0000 0.0000
v -0.421009 -0.589116 0.100124 0.1389 0.0000 0.0000
v -0.377276 -0.589116 0.100124 0.1389 0.0000 0.0000
v -0.421009 -0.588854 0.102045 0.1389 0.0000 0.0000
v -0.377276 -0.588854 0.102045 0.1389 0.0000 0.0000
v -0.421009 -0.588941 0.103988 0.1389 0.0000 0.0000
v -0.377276 -0.588941 0.103988 0.1389 0.0000 0.0000
v -0.421009 -0.589375 0.105863 0.1389 0.0000 0.0000
v -0.377276 -0.589375 0.105863 0.1389 0.0000 0.0000
v -0.421009 -0.590134 0.107583 0.1389 0.0000 0.0000
v -0.377276 -0.590134 0.107583 0.1389 0.0000 0.0000
v -0.421009 -0.591184 0.109066 0.1389 0.0000 0.0000
v -0.377276 -0.591184 0.109066 0.1389 0.0000 0.0000
v -0.421009 -0.592475 0.110243 0.1389 0.0000 0.0000
v -0.377276 -0.592475 0.110243 0.1389 0.0000 0.0000
v -0.421009 -0.593946 0.111061 0.1389 0.0000 0.0000
v -0.377276 -0.593946 0.111061 0.1389 0.0000 0.0000
v -0.421009 -0.595529 0.111479 0.1389 0.0000 0.0000
v -0.377276 -0.595529 0.111479 0.1389 0.0000 0.0000
v -0.421009 -0.597150 0.111479 0.1389 0.0000 0.0000
v -0.377276 -0.597150 0.111479 0.1389 0.0000 0.0000
v -0.421009 -0.598733 0.111061 0.1389 0.0000 0.0000
v -0.377276 -0.598733 0.111061 0.1389 0.0000 0.0000
v -0.421009 -0.600205 0.110243 0.1389 0.0000 0.0000
v -0.377276 -0.600205 0.110243 0.1389 0.0000 0.0000
v -0.421009 -0.601495 0.109066 0.1389 0.0000 0.0000
v -0.377276 -0.601495 0.109066 0.1389 0.0000 0.0000
v -0.421009 -0.602545 0.107583 0.1389 0.0000 0.0000
v -0.377276 -0.602545 0.107583 0.1389 0.0000 0.0000
v -0.421009 -0.603304 0.105863 0.1389 0.0000 0.0000
v -0.377276 -0.603304 0.105863 0.1389 0.0000 0.0000
v -0.421009 -0.603738 0.103988 0.1389 0.0000 0.0000
v -0.377276 -0.603738 0.103988 0.1389 0.0000 0.0000
v -0.421009 -0.603826 0.102045 0.1389 0.0000 0.0000
v -0.377276 -0.603826 0.102045 0.1389 0.0000 0.0000
v -0.421009 -0.603563 0.100124 0.1389 0.0000 0.0000
v -0.377276 -0.603563 0.100124 0.1389 0.0000 0.0000
v -0.421009 -0.602963 0.098316 0.1389 0.0000 0.0000
v -0.377276 -0.602963 0.098316 0.1389 0.0000 0.0000
v -0.421009 -0.602054 0.096705 0.1389 0.0000 0.0000
v -0.377276 -0.602054 0.096705 0.1389 0.0000 0.0000
v -0.421009 -0.600877 0.095367 0.1389 0.0000 0.0000
v -0.377276 -0.600877 0.095367 0.1389 0.0000 0.0000
v -0.421009 -0.599488 0.094364 0.1389 0.0000 0.0000
v -0.377276 -0.599488 0.094364 0.1389 0.0000 0.0000
v -0.421009 -0.597951 0.093742 0.1389 0.0000 0.0000
v -0.377276 -0.597951 0.093742 0.1389 0.0000 0.0000
v -0.377276 -0.642283 0.052252 0.1389 0.0000 0.0000
v -0.377276 -0.641410 0.052139 0.1389 0.0000 0.0000
v -0.377276 -0.640578 0.051802 0.1389 0.0000 0.0000
v -0.377276 -0.639826 0.051258 0.1389 0.0000 0.0000
v -0.377276 -0.639188 0.050533 0.1389 0.0000 0.0000
v -0.377276 -0.638695 0.049661 0.1389 0.0000 0.0000
v -0.377276 -0.638370 0.048682 0.1389 0.0000 0.0000
v -0.377276 -0.638228 0.047641 0.1389 0.0000 0.0000
v -0.377276 -0.638276 0.046589 0.1389 0.0000 0.0000
v -0.377276 -0.638511 0.045573 0.1389 0.0000 0.0000
v -0.377276 -0.638922 0.044642 0.1389 0.0000 0.0000
v -0.377276 -0.639491 0.043838 0.1389 0.0000 0.0000
v -0.377276 -0.640190 0.043200 0.1389 0.0000 0.0000
v -0.377276 -0.640987 0.042758 0.1389 0.0000 0.0000
v -0.377276 -0.641844 0.042531 0.1389 0.0000 0.0000
v -0.377276 -0.642722 0.042531 0.1389 0.0000 0.0000
v -0.377276 -0.643580 0.042758 0.1389 0.0000 0.0000
v -0.377276 -0.644377 0.043200 0.1389 0.0000 0.0000
v -0.377276 -0.645076 0.043838 0.1389 0.0000 0.0000
v -0.377276 -0.645644 0.044642 0.1389 0.0000 0.0000
v -0.377276 -0.646056 0.045573 0.1389 0.0000 0.0000
v -0.377276 -0.646291 0.046589 0.1389 0.0000 0.0000
v -0.377276 -0.646338 0.047641 0.1389 0.0000 0.0000
v -0.377276 -0.646196 0.048682 0.1389 0.0000 0.0000
v -0.377276 -0.645871 0.049661 0.1389 0.0000 0.0000
v -0.377276 -0.645378 0.050533 0.1389 0.0000 0.0000
v -0.377276 -0.644741 0.051258 0.1389 0.0000 0.0000
v -0.377276 -0.643988 0.051802 0.1389 0.0000 0.0000
v -0.377276 -0.643156 0.052139 0.1389 0.0000 0.0000
v -0.468490 -0.540112 0.065782 0.1389 0.0000 0.0000
v -0.468490 -0.540112 0.035032 0.1389 0.0000 0.0000
v -0.377276 -0.540112 0.170032 0.1389 0.0000 0.0000
v -0.377276 -0.540112 0.072892 0.1389 0.0000 0.0000
v -0.377276 -0.540112 0.035032 0.1389 0.0000 0.0000
v -0.389772 -0.540112 0.035032 0.1389 0.0000 0.0000
v -0.389772 -0.540112 0.065782 0.1389 0.0000 0.0000
v -0.429131 -0.415162 0.102532 0.1389 0.0000 0.0000
v -0.377276 -0.571650 0.035032 0.1389 0.0000 0.0000
v -0.377276 -0.571650 0.072892 0.1389 0.0000 0.0000
v -0.377276 -0.548302 0.043200 0.1389 0.0000 0.0000
v -0.377276 -0.549099 0.042758 0.1389 0.0000 0.0000
v -0.377276 -0.546389 0.046589 0.1389 0.0000 0.0000
v -0.377276 -0.546624 0.045573 0.1389 0.0000 0.0000
v -0.377276 -0.552490 0.043200 0.1389 0.0000 0.0000
v -0.377276 -0.553189 0.043838 0.1389 0.0000 0.0000
v -0.377276 -0.553757 0.044642 0.1389 0.0000 0.0000
v -0.377276 -0.554169 0.045573 0.1389 0.0000 0.0000
v -0.377276 -0.547035 0.044642 0.1389 0.0000 0.0000
v -0.377276 -0.547603 0.043838 0.1389 0.0000 0.0000
v -0.377276 -0.549957 0.042531 0.1389 0.0000 0.0000
v -0.377276 -0.550835 0.042531 0.1389 0.0000 0.0000
v -0.377276 -0.551693 0.042758 0.1389 0.0000 0.0000
v -0.377276 -0.554309 0.048682 0.1389 0.0000 0.0000
v -0.377276 -0.554451 0.047641 0.1389 0.0000 0.0000
v -0.377276 -0.554403 0.046589 0.1389 0.0000 0.0000
v -0.377276 -0.553984 0.049661 0.1389 0.0000 0.0000
v -0.377276 -0.553491 0.050533 0.1389 0.0000 0.0000
v -0.377276 -0.552854 0.051258 0.1389 0.0000 0.0000
v -0.377276 -0.552101 0.051802 0.1389 0.0000 0.0000
v -0.377276 -0.551269 0.052139 0.1389 0.0000 0.0000
v -0.377276 -0.550396 0.052252 0.1389 0.0000 0.0000
v -0.377276 -0.549523 0.052139 0.1389 0.0000 0.0000
v -0.377276 -0.548691 0.051802 0.1389 0.0000 0.0000
v -0.377276 -0.547939 0.051258 0.1389 0.0000 0.0000
v -0.377276 -0.547301 0.050533 0.1389 0.0000 0.0000
v -0.377276 -0.546808 0.049661 0.1389 0.0000 0.0000
v -0.377276 -0.546483 0.048682 0.1389 0.0000 0.0000
v -0.377276 -0.546341 0.047641 0.1389 0.0000 0.0000
v -0.377276 -0.571650 0.170032 0.1389 0.0000 0.0000
v -0.389772 -0.565727 0.051361 0.1389 0.0000 0.0000
v -0.468490 -0.565727 0.051361 0.1389 0.0000 0.0000
v -0.468490 -0.559231 0.057984 0.1389 0.0000 0.0000
v -0.389772 -0.559231 0.057984 0.1389 0.0000 0.0000
v -0.468490 -0.553715 0.065782 0.1389 0.0000 0.0000
v -0.389772 -0.553715 0.065782 0.1389 0.0000 0.0000
v -0.389772 -0.565727 0.035032 0.1389 0.0000 0.0000
v -0.468490 -0.565727 0.035032 0.1389 0.0000 0.0000
v -0.389772 -0.550396 0.052252 0.1389 0.0000 0.0000
v -0.389772 -0.549523 0.052139 0.1389 0.0000 0.0000
v -0.389772 -0.548691 0.051802 0.1389 0.0000 0.0000
v -0.389772 -0.547939 0.051258 0.1389 0.0000 0.0000
v -0.389772 -0.547301 0.050533 0.1389 0.0000 0.0000
v -0.389772 -0.546808 0.049661 0.1389 0.0000 0.0000
v -0.389772 -0.546483 0.048682 0.1389 0.0000 0.0000
v -0.389772 -0.546341 0.047641 0.1389 0.0000 0.0000
v -0.389772 -0.546389 0.046589 0.1389 0.0000 0.0000
v -0.389772 -0.546624 0.045573 0.1389 0.0000 0.0000
v -0.389772 -0.547035 0.044642 0.1389 0.0000 0.0000
v -0.389772 -0.547603 0.043838 0.1389 0.0000 0.0000
v -0.389772 -0.548302 0.043200 0.1389 0.0000 0.0000
v -0.389772 -0.549099 0.042758 0.1389 0.0000 0.0000
v -0.389772 -0.549957 0.042531 0.1389 0.0000 0.0000
v -0.389772 -0.550835 0.042531 0.1389 0.0000 0.0000
v -0.389772 -0.551693 0.042758 0.1389 0.0000 0.0000
v -0.389772 -0.552490 0.043200 0.1389 0.0000 0.0000
v -0.389772 -0.553189 0.043838 0.1389 0.0000 0.0000
v -0.389772 -0.553757 0.044642 0.1389 0.0000 0.0000
v -0.389772 -0.554169 0.045573 0.1389 0.0000 0.0000
v -0.389772 -0.554403 0.046589 0.1389 0.0000 0.0000
v -0.389772 -0.554451 0.047641 0.1389 0.0000 0.0000
v -0.389772 -0.554309 0.048682 0.1389 0.0000 0.0000
v -0.389772 -0.553984 0.049661 0.1389 0.0000 0.0000
v -0.389772 -0.553491 0.050533 0.1389 0.0000 0.0000
v -0.389772 -0.552854 0.051258 0.1389 0.0000 0.0000
v -0.389772 -0.552101 0.051802 0.1389 0.0000 0.0000
v -0.389772 -0.551269 0.052139 0.1389 0.0000 0.0000
v -0.421009 -0.596340 0.102532 0.1389 0.0000 0.0000
v -0.512639 -0.521370 0.170032 0.1389 0.0000 0.0000
v -0.512639 -0.515122 0.177532 0.1389 0.0000 0.0000
v -0.512639 -0.496380 0.177532 0.1389 0.0000 0.0000
v -0.512639 -0.496380 -0.022468 0.1389 0.0000 0.0000
v -0.512639 -0.521370 -0.022468 0.1389 0.0000 0.0000
v 0.595251 0.586520 0.170032 0.1389 0.0000 0.0000
v 0.595251 0.586520 -0.022468 0.1389 0.0000 0.0000
v 0.570261 0.586520 -0.022468 0.1389 0.0000 0.0000
v 0.570261 0.586520 0.177532 0.1389 0.0000 0.0000
v 0.589004 0.586520 0.177532 0.1389 0.0000 0.0000
v -0.269542 -0.468752 0.177532 0.1389 0.0000 0.0000
v -0.269542 -0.468752 -0.022468 0.1389 0.0000 0.0000
v -0.067123 -0.400446 0.177532 0.1389 0.0000 0.0000
v -0.067123 -0.400446 -0.022468 0.1389 0.0000 0.0000
v 0.105725 -0.302568 0.177532 0.1389 0.0000 0.0000
v 0.105725 -0.302568 -0.022468 0.1389 0.0000 0.0000
v 0.253027 -0.179145 0.177532 0.1389 0.0000 0.0000
v 0.253027 -0.179145 -0.022468 0.1389 0.0000 0.0000
v 0.376450 -0.031843 0.177532 0.1389 0.0000 0.0000
v 0.376450 -0.031843 -0.022468 0.1389 0.0000 0.0000
v 0.474327 0.141004 0.177532 0.1389 0.0000 0.0000
v 0.474327 0.141004 -0.022468 0.1389 0.0000 0.0000
v 0.542633 0.343423 0.177532 0.1389 0.0000 0.0000
v 0.542633 0.343423 -0.022468 0.1389 0.0000 0.0000
v -0.056849 -0.423214 -0.022468 0.1389 0.0000 0.0000
v -0.263988 -0.493048 -0.022468 0.1389 0.0000 0.0000
v 0.566929 0.337870 -0.022468 0.1389 0.0000 0.0000
v 0.497096 0.130731 -0.022468 0.1389 0.0000 0.0000
v 0.396858 -0.046004 -0.022468 0.1389 0.0000 0.0000
v 0.270798 -0.196916 -0.022468 0.1389 0.0000 0.0000
v 0.119886 -0.322977 -0.022468 0.1389 0.0000 0.0000
v -0.263988 -0.493048 0.170032 0.1389 0.0000 0.0000
v -0.056849 -0.423214 0.170032 0.1389 0.0000 0.0000
v 0.119886 -0.322977 0.170032 0.1389 0.0000 0.0000
v 0.270798 -0.196916 0.170032 0.1389 0.0000 0.0000
v 0.396858 -0.046004 0.170032 0.1389 0.0000 0.0000
v 0.497096 0.130731 0.170032 0.1389 0.0000 0.0000
v 0.566929 0.337870 0.170032 0.1389 0.0000 0.0000
v -0.265377 -0.486939 0.177532 0.1389 0.0000 0.0000
v -0.059348 -0.417522 0.177532 0.1389 0.0000 0.0000
v 0.116415 -0.317840 0.177532 0.1389 0.0000 0.0000
v 0.266355 -0.192473 0.177532 0.1389 0.0000 0.0000
v 0.391721 -0.042533 0.177532 0.1389 0.0000 0.0000
v 0.491404 0.133230 0.177532 0.1389 0.0000 0.0000
v 0.560820 0.339258 0.177532 0.1389 0.0000 0.0000
v -0.512639 0.028410 0.170032 0.1389 0.0000 0.0000
v -0.512639 0.028410 -0.022468 0.1389 0.0000 0.0000
v -0.512639 0.003420 -0.022468 0.1389 0.0000 0.0000
v -0.512639 0.003420 0.177532 0.1389 0.0000 0.0000
v -0.512639 0.022163 0.177532 0.1389 0.0000 0.0000
v 0.045471 0.586520 0.170032 0.1389 0.0000 0.0000
v 0.051719 0.586520 0.177532 0.1389 0.0000 0.0000
v 0.070461 0.586520 0.177532 0.1389 0.0000 0.0000
v 0.070461 0.586520 -0.022468 0.1389 0.0000 0.0000
v 0.045471 0.586520 -0.022468 0.1389 0.0000 0.0000
v -0.381719 0.018276 0.177532 0.1389 0.0000 0.0000
v -0.381719 0.018276 -0.022468 0.1389 0.0000 0.0000
v -0.272735 0.055066 0.177532 0.1389 0.0000 0.0000
v -0.272735 0.055066 -0.022468 0.1389 0.0000 0.0000
v -0.179717 0.107823 0.177532 0.1389 0.0000 0.0000
v -0.179717 0.107823 -0.022468 0.1389 0.0000 0.0000
v -0.100304 0.174185 0.177532 0.1389 0.0000 0.0000
v -0.100304 0.174185 -0.022468 0.1389 0.0000 0.0000
v -0.033942 0.253598 0.177532 0.1389 0.0000 0.0000
v -0.033942 0.253598 -0.022468 0.1389 0.0000 0.0000
v 0.018815 0.346616 0.177532 0.1389 0.0000 0.0000
v 0.018815 0.346616 -0.022468 0.1389 0.0000 0.0000
v 0.055606 0.455601 0.177532 0.1389 0.0000 0.0000
v 0.055606 0.455601 -0.022468 0.1389 0.0000 0.0000
v -0.385884 0.036602 0.177532 0.1389 0.0000 0.0000
v 0.037280 0.459765 0.177532 0.1389 0.0000 0.0000
v -0.280510 0.072143 0.177532 0.1389 0.0000 0.0000
v 0.001739 0.354391 0.177532 0.1389 0.0000 0.0000
v -0.190407 0.123234 0.177532 0.1389 0.0000 0.0000
v -0.049352 0.264288 0.177532 0.1389 0.0000 0.0000
v -0.113632 0.187513 0.177532 0.1389 0.0000 0.0000
v -0.387411 0.042710 0.170032 0.1389 0.0000 0.0000
v -0.283009 0.077835 0.170032 0.1389 0.0000 0.0000
v -0.194017 0.128370 0.170032 0.1389 0.0000 0.0000
v -0.117936 0.191817 0.170032 0.1389 0.0000 0.0000
v -0.054489 0.267898 0.170032 0.1389 0.0000 0.0000
v -0.003954 0.356890 0.170032 0.1389 0.0000 0.0000
v 0.031171 0.461293 0.170032 0.1389 0.0000 0.0000
v -0.387411 0.042710 -0.022468 0.1389 0.0000 0.0000
v -0.283009 0.077835 -0.022468 0.1389 0.0000 0.0000
v -0.194017 0.128370 -0.022468 0.1389 0.0000 0.0000
v -0.117936 0.191817 -0.022468 0.1389 0.0000 0.0000
v -0.054489 0.267898 -0.022468 0.1389 0.0000 0.0000
v -0.003954 0.356890 -0.022468 0.1389 0.0000 0.0000
v 0.031171 0.461293 -0.022468 0.1389 0.0000 0.0000
v -0.456550 -0.411691 -0.597468 0.1389 0.0000 0.0000
v -0.415039 -0.408498 -0.597468 0.1389 0.0000 0.0000
v -0.408653 -0.491520 -0.597468 0.1389 0.0000 0.0000
v -0.450164 -0.494714 -0.597468 0.1389 0.0000 0.0000
v -0.415039 -0.408498 -0.587468 0.1389 0.0000 0.0000
v -0.456550 -0.411691 -0.587468 0.1389 0.0000 0.0000
v -0.450164 -0.494714 -0.587468 0.1389 0.0000 0.0000
v -0.408653 -0.491520 -0.587468 0.1389 0.0000 0.0000
v -0.434753 -0.473472 -0.587468 0.1389 0.0000 0.0000
v -0.433782 -0.472778 -0.587468 0.1389 0.0000 0.0000
v -0.432532 -0.472223 -0.587468 0.1389 0.0000 0.0000
v -0.431005 -0.471945 -0.587468 0.1389 0.0000 0.0000
v -0.429617 -0.472084 -0.587468 0.1389 0.0000 0.0000
v -0.428228 -0.472361 -0.587468 0.1389 0.0000 0.0000
v -0.427118 -0.472917 -0.587468 0.1389 0.0000 0.0000
v -0.426146 -0.473611 -0.587468 0.1389 0.0000 0.0000
v -0.425313 -0.474444 -0.587468 0.1389 0.0000 0.0000
v -0.424758 -0.475416 -0.587468 0.1389 0.0000 0.0000
v -0.424202 -0.476665 -0.587468 0.1389 0.0000 0.0000
v -0.423924 -0.478193 -0.587468 0.1389 0.0000 0.0000
v -0.423924 -0.479581 -0.587468 0.1389 0.0000 0.0000
v -0.424341 -0.480969 -0.587468 0.1389 0.0000 0.0000
v -0.424758 -0.482080 -0.587468 0.1389 0.0000 0.0000
v -0.425452 -0.482913 -0.587468 0.1389 0.0000 0.0000
v -0.426285 -0.483746 -0.587468 0.1389 0.0000 0.0000
v -0.427395 -0.484440 -0.587468 0.1389 0.0000 0.0000
v -0.428506 -0.484995 -0.587468 0.1389 0.0000 0.0000
v -0.430033 -0.485273 -0.587468 0.1389 0.0000 0.0000
v -0.431560 -0.485273 -0.587468 0.1389 0.0000 0.0000
v -0.432810 -0.484856 -0.587468 0.1389 0.0000 0.0000
v -0.433920 -0.484440 -0.587468 0.1389 0.0000 0.0000
v -0.434892 -0.483746 -0.587468 0.1389 0.0000 0.0000
v -0.435725 -0.482913 -0.587468 0.1389 0.0000 0.0000
v -0.436420 -0.481802 -0.587468 0.1389 0.0000 0.0000
v -0.436836 -0.480691 -0.587468 0.1389 0.0000 0.0000
v -0.437252 -0.479164 -0.587468 0.1389 0.0000 0.0000
v -0.437114 -0.477637 -0.587468 0.1389 0.0000 0.0000
v -0.436836 -0.476388 -0.587468 0.1389 0.0000 0.0000
v -0.436281 -0.475277 -0.587468 0.1389 0.0000 0.0000
v -0.435587 -0.474305 -0.587468 0.1389 0.0000 0.0000
v -0.428228 -0.472361 -0.457468 0.1389 0.0000 0.0000
v -0.429617 -0.472084 -0.457468 0.1389 0.0000 0.0000
v -0.431005 -0.471945 -0.457468 0.1389 0.0000 0.0000
v -0.432532 -0.472223 -0.457468 0.1389 0.0000 0.0000
v -0.433782 -0.472778 -0.457468 0.1389 0.0000 0.0000
v -0.434753 -0.473472 -0.457468 0.1389 0.0000 0.0000
v -0.435587 -0.474305 -0.457468 0.1389 0.0000 0.0000
v -0.436281 -0.475277 -0.457468 0.1389 0.0000 0.0000
v -0.436836 -0.476388 -0.457468 0.1389 0.0000 0.0000
v -0.437114 -0.477637 -0.457468 0.1389 0.0000 0.0000
v -0.437252 -0.479164 -0.457468 0.1389 0.0000 0.0000
v -0.436836 -0.480691 -0.457468 0.1389 0.0000 0.0000
v -0.436420 -0.481802 -0.457468 0.1389 0.0000 0.0000
v -0.435725 -0.482913 -0.457468 0.1389 0.0000 0.0000
v -0.434892 -0.483746 -0.457468 0.1389 0.0000 0.0000
v -0.433920 -0.484440 -0.457468 0.1389 0.0000 0.0000
v -0.432810 -0.484856 -0.457468 0.1389 0.0000 0.0000
v -0.431560 -0.485273 -0.457468 0.1389 0.0000 0.0000
v -0.430033 -0.485273 -0.457468 0.1389 0.0000 0.0000
v -0.428506 -0.484995 -0.457468 0.1389 0.0000 0.0000
v -0.427395 -0.484440 -0.457468 0.1389 0.0000 0.0000
v -0.426285 -0.483746 -0.457468 0.1389 0.0000 0.0000
v -0.425452 -0.482913 -0.457468 0.1389 0.0000 0.0000
v -0.424758 -0.482080 -0.457468 0.1389 0.0000 0.0000
v -0.424341 -0.480969 -0.457468 0.1389 0.0000 0.0000
v -0.423924 -0.479581 -0.457468 0.1389 0.0000 0.0000
v -0.423924 -0.478193 -0.457468 0.1389 0.0000 0.0000
v -0.424202 -0.476665 -0.457468 0.1389 0.0000 0.0000
v -0.424758 -0.475416 -0.457468 0.1389 0.0000 0.0000
v -0.425313 -0.474444 -0.457468 0.1389 0.0000 0.0000
v -0.426146 -0.473611 -0.457468 0.1389 0.0000 0.0000
v -0.427118 -0.472917 -0.457468 0.1389 0.0000 0.0000
v -0.410874 -0.462504 -0.447468 0.1389 0.0000 0.0000
v -0.452385 -0.465697 -0.447468 0.1389 0.0000 0.0000
v -0.450164 -0.494714 -0.447468 0.1389 0.0000 0.0000
v -0.408653 -0.491520 -0.447468 0.1389 0.0000 0.0000
v -0.452385 -0.465697 -0.457468 0.1389 0.0000 0.0000
v -0.410874 -0.462504 -0.457468 0.1389 0.0000 0.0000
v -0.408653 -0.491520 -0.457468 0.1389 0.0000 0.0000
v -0.450164 -0.494714 -0.457468 0.1389 0.0000 0.0000
v -0.414206 -0.462782 -0.447468 0.1389 0.0000 0.0000
v -0.449053 -0.465420 -0.447468 0.1389 0.0000 0.0000
v -0.412262 -0.488466 -0.447468 0.1389 0.0000 0.0000
v -0.447110 -0.491243 -0.447468 0.1389 0.0000 0.0000
v -0.449053 -0.465420 0.032532 0.1389 0.0000 0.0000
v -0.452385 -0.465697 0.032532 0.1389 0.0000 0.0000
v -0.450164 -0.494714 0.032532 0.1389 0.0000 0.0000
v -0.408653 -0.491520 0.032532 0.1389 0.0000 0.0000
v -0.410874 -0.462504 0.032532 0.1389 0.0000 0.0000
v -0.414206 -0.462782 0.032532 0.1389 0.0000 0.0000
v -0.447110 -0.491243 0.032532 0.1389 0.0000 0.0000
v -0.412262 -0.488466 0.032532 0.1389 0.0000 0.0000
v -0.440723 -0.076270 -0.597468 0.1389 0.0000 0.0000
v -0.482235 -0.079463 -0.597468 0.1389 0.0000 0.0000
v -0.488621 0.003559 -0.597468 0.1389 0.0000 0.0000
v -0.447110 0.006752 -0.597468 0.1389 0.0000 0.0000
v -0.482235 -0.079463 -0.587468 0.1389 0.0000 0.0000
v -0.440723 -0.076270 -0.587468 0.1389 0.0000 0.0000
v -0.447110 0.006752 -0.587468 0.1389 0.0000 0.0000
v -0.488621 0.003559 -0.587468 0.1389 0.0000 0.0000
v -0.462520 -0.014489 -0.587468 0.1389 0.0000 0.0000
v -0.463492 -0.015183 -0.587468 0.1389 0.0000 0.0000
v -0.464741 -0.015739 -0.587468 0.1389 0.0000 0.0000
v -0.466130 -0.016016 -0.587468 0.1389 0.0000 0.0000
v -0.467657 -0.016016 -0.587468 0.1389 0.0000 0.0000
v -0.469045 -0.015600 -0.587468 0.1389 0.0000 0.0000
v -0.470017 -0.015183 -0.587468 0.1389 0.0000 0.0000
v -0.470989 -0.014489 -0.587468 0.1389 0.0000 0.0000
v -0.471822 -0.013656 -0.587468 0.1389 0.0000 0.0000
v -0.472516 -0.012545 -0.587468 0.1389 0.0000 0.0000
v -0.473071 -0.011435 -0.587468 0.1389 0.0000 0.0000
v -0.473349 -0.009908 -0.587468 0.1389 0.0000 0.0000
v -0.473349 -0.008380 -0.587468 0.1389 0.0000 0.0000
v -0.472933 -0.007131 -0.587468 0.1389 0.0000 0.0000
v -0.472516 -0.006020 -0.587468 0.1389 0.0000 0.0000
v -0.471822 -0.005048 -0.587468 0.1389 0.0000 0.0000
v -0.470989 -0.004215 -0.587468 0.1389 0.0000 0.0000
v -0.469878 -0.003521 -0.587468 0.1389 0.0000 0.0000
v -0.468768 -0.002966 -0.587468 0.1389 0.0000 0.0000
v -0.467241 -0.002688 -0.587468 0.1389 0.0000 0.0000
v -0.465713 -0.002827 -0.587468 0.1389 0.0000 0.0000
v -0.464464 -0.003105 -0.587468 0.1389 0.0000 0.0000
v -0.463353 -0.003660 -0.587468 0.1389 0.0000 0.0000
v -0.462381 -0.004354 -0.587468 0.1389 0.0000 0.0000
v -0.461548 -0.005187 -0.587468 0.1389 0.0000 0.0000
v -0.460854 -0.006159 -0.587468 0.1389 0.0000 0.0000
v -0.460299 -0.007409 -0.587468 0.1389 0.0000 0.0000
v -0.460021 -0.008936 -0.587468 0.1389 0.0000 0.0000
v -0.460160 -0.010324 -0.587468 0.1389 0.0000 0.0000
v -0.460438 -0.011712 -0.587468 0.1389 0.0000 0.0000
v -0.460993 -0.012823 -0.587468 0.1389 0.0000 0.0000
v -0.461687 -0.013795 -0.587468 0.1389 0.0000 0.0000
v -0.469045 -0.015600 -0.457468 0.1389 0.0000 0.0000
v -0.467657 -0.016016 -0.457468 0.1389 0.0000 0.0000
v -0.466130 -0.016016 -0.457468 0.1389 0.0000 0.0000
v -0.464741 -0.015739 -0.457468 0.1389 0.0000 0.0000
v -0.463492 -0.015183 -0.457468 0.1389 0.0000 0.0000
v -0.462520 -0.014489 -0.457468 0.1389 0.0000 0.0000
v -0.461687 -0.013795 -0.457468 0.1389 0.0000 0.0000
v -0.460993 -0.012823 -0.457468 0.1389 0.0000 0.0000
v -0.460438 -0.011712 -0.457468 0.1389 0.0000 0.0000
v -0.460160 -0.010324 -0.457468 0.1389 0.0000 0.0000
v -0.460021 -0.008936 -0.457468 0.1389 0.0000 0.0000
v -0.460299 -0.007409 -0.457468 0.1389 0.0000 0.0000
v -0.460854 -0.006159 -0.457468 0.1389 0.0000 0.0000
v -0.461548 -0.005187 -0.457468 0.1389 0.0000 0.0000
v -0.462381 -0.004354 -0.457468 0.1389 0.0000 0.0000
v -0.463353 -0.003660 -0.457468 0.1389 0.0000 0.0000
v -0.464464 -0.003105 -0.457468 0.1389 0.0000 0.0000
v -0.465713 -0.002827 -0.457468 0.1389 0.0000 0.0000
v -0.467241 -0.002688 -0.457468 0.1389 0.0000 0.0000
v -0.468768 -0.002966 -0.457468 0.1389 0.0000 0.0000
v -0.469878 -0.003521 -0.457468 0.1389 0.0000 0.0000
v -0.470989 -0.004215 -0.457468 0.1389 0.0000 0.0000
v -0.471822 -0.005048 -0.457468 0.1389 0.0000 0.0000
v -0.472516 -0.006020 -0.457468 0.1389 0.0000 0.0000
v -0.472933 -0.007131 -0.457468 0.1389 0.0000 0.0000
v -0.473349 -0.008380 -0.457468 0.1389 0.0000 0.0000
v -0.473349 -0.009908 -0.457468 0.1389 0.0000 0.0000
v -0.473071 -0.011435 -0.457468 0.1389 0.0000 0.0000
v -0.472516 -0.012545 -0.457468 0.1389 0.0000 0.0000
v -0.471822 -0.013656 -0.457468 0.1389 0.0000 0.0000
v -0.470989 -0.014489 -0.457468 0.1389 0.0000 0.0000
v -0.470017 -0.015183 -0.457468 0.1389 0.0000 0.0000
v -0.486400 -0.025457 -0.447468 0.1389 0.0000 0.0000
v -0.444888 -0.022264 -0.447468 0.1389 0.0000 0.0000
v -0.447110 0.006752 -0.447468 0.1389 0.0000 0.0000
v -0.488621 0.003559 -0.447468 0.1389 0.0000 0.0000
v -0.444888 -0.022264 -0.457468 0.1389 0.0000 0.0000
v -0.486400 -0.025457 -0.457468 0.1389 0.0000 0.0000
v -0.488621 0.003559 -0.457468 0.1389 0.0000 0.0000
v -0.447110 0.006752 -0.457468 0.1389 0.0000 0.0000
v -0.483068 -0.025318 -0.447468 0.1389 0.0000 0.0000
v -0.448081 -0.022541 -0.447468 0.1389 0.0000 0.0000
v -0.485011 0.000505 -0.447468 0.1389 0.0000 0.0000
v -0.450164 0.003143 -0.447468 0.1389 0.0000 0.0000
v -0.448081 -0.022541 0.032532 0.1389 0.0000 0.0000
v -0.444888 -0.022264 0.032532 0.1389 0.0000 0.0000
v -0.447110 0.006752 0.032532 0.1389 0.0000 0.0000
v -0.488621 0.003559 0.032532 0.1389 0.0000 0.0000
v -0.486400 -0.025457 0.032532 0.1389 0.0000 0.0000
v -0.483068 -0.025318 0.032532 0.1389 0.0000 0.0000
v -0.450164 0.003143 0.032532 0.1389 0.0000 0.0000
v -0.485011 0.000505 0.032532 0.1389 0.0000 0.0000
v -0.429617 -0.224960 -0.157468 0.1389 0.0000 0.0000
v -0.429894 -0.221628 -0.157468 0.1389 0.0000 0.0000
v -0.429894 -0.221628 -0.192468 0.1389 0.0000 0.0000
v -0.426701 -0.263278 -0.192468 0.1389 0.0000 0.0000
v -0.426701 -0.263278 -0.157468 0.1389 0.0000 0.0000
v -0.426979 -0.259946 -0.157468 0.1389 0.0000 0.0000
v -0.429617 -0.224960 -0.188468 0.1389 0.0000 0.0000
v -0.426979 -0.259946 -0.188468 0.1389 0.0000 0.0000
v 0.080041 -0.041006 -0.157468 0.1389 0.0000 0.0000
v 0.082262 -0.043505 -0.157468 0.1389 0.0000 0.0000
v 0.082262 -0.043505 -0.192468 0.1389 0.0000 0.0000
v 0.054218 -0.012684 -0.192468 0.1389 0.0000 0.0000
v 0.054218 -0.012684 -0.157468 0.1389 0.0000 0.0000
v 0.056439 -0.015183 -0.157468 0.1389 0.0000 0.0000
v 0.080041 -0.041006 -0.188468 0.1389 0.0000 0.0000
v 0.056439 -0.015183 -0.188468 0.1389 0.0000 0.0000
v -0.285646 -0.240371 -0.192468 0.1389 0.0000 0.0000
v -0.354924 -0.254671 -0.192468 0.1389 0.0000 0.0000
v -0.361588 -0.213437 -0.192468 0.1389 0.0000 0.0000
v 0.001461 -0.056694 -0.192468 0.1389 0.0000 0.0000
v 0.026729 -0.089876 -0.192468 0.1389 0.0000 0.0000
v -0.031165 -0.130554 -0.192468 0.1389 0.0000 0.0000
v -0.091419 -0.165817 -0.192468 0.1389 0.0000 0.0000
v -0.153894 -0.195805 -0.192468 0.1389 0.0000 0.0000
v -0.218590 -0.220657 -0.192468 0.1389 0.0000 0.0000
v -0.053656 -0.095429 -0.192468 0.1389 0.0000 0.0000
v -0.110994 -0.129027 -0.192468 0.1389 0.0000 0.0000
v -0.295642 -0.199970 -0.192468 0.1389 0.0000 0.0000
v -0.170415 -0.157626 -0.192468 0.1389 0.0000 0.0000
v -0.231918 -0.181228 -0.192468 0.1389 0.0000 0.0000
v -0.354924 -0.254671 -0.157468 0.1389 0.0000 0.0000
v -0.285646 -0.240371 -0.157468 0.1389 0.0000 0.0000
v -0.218590 -0.220657 -0.157468 0.1389 0.0000 0.0000
v -0.153894 -0.195805 -0.157468 0.1389 0.0000 0.0000
v -0.091419 -0.165817 -0.157468 0.1389 0.0000 0.0000
v -0.031165 -0.130554 -0.157468 0.1389 0.0000 0.0000
v 0.026729 -0.089876 -0.157468 0.1389 0.0000 0.0000
v -0.355480 -0.251339 -0.157468 0.1389 0.0000 0.0000
v 0.024785 -0.087238 -0.157468 0.1389 0.0000 0.0000
v -0.286341 -0.237178 -0.157468 0.1389 0.0000 0.0000
v -0.032970 -0.127638 -0.157468 0.1389 0.0000 0.0000
v -0.219701 -0.217463 -0.157468 0.1389 0.0000 0.0000
v -0.092946 -0.162763 -0.157468 0.1389 0.0000 0.0000
v -0.155143 -0.192751 -0.157468 0.1389 0.0000 0.0000
v -0.355480 -0.251339 -0.188468 0.1389 0.0000 0.0000
v -0.286341 -0.237178 -0.188468 0.1389 0.0000 0.0000
v -0.219701 -0.217463 -0.188468 0.1389 0.0000 0.0000
v -0.155143 -0.192751 -0.188468 0.1389 0.0000 0.0000
v -0.092946 -0.162763 -0.188468 0.1389 0.0000 0.0000
v -0.032970 -0.127638 -0.188468 0.1389 0.0000 0.0000
v 0.024785 -0.087238 -0.188468 0.1389 0.0000 0.0000
v -0.361033 -0.216769 -0.188468 0.1389 0.0000 0.0000
v 0.003543 -0.059471 -0.188468 0.1389 0.0000 0.0000
v -0.294809 -0.203164 -0.188468 0.1389 0.0000 0.0000
v -0.051851 -0.098206 -0.188468 0.1389 0.0000 0.0000
v -0.230946 -0.184421 -0.188468 0.1389 0.0000 0.0000
v -0.169026 -0.160681 -0.188468 0.1389 0.0000 0.0000
v -0.109328 -0.131942 -0.188468 0.1389 0.0000 0.0000
v -0.361033 -0.216769 -0.157468 0.1389 0.0000 0.0000
v -0.294809 -0.203164 -0.157468 0.1389 0.0000 0.0000
v -0.230946 -0.184421 -0.157468 0.1389 0.0000 0.0000
v -0.169026 -0.160681 -0.157468 0.1389 0.0000 0.0000
v -0.109328 -0.131942 -0.157468 0.1389 0.0000 0.0000
v -0.051851 -0.098206 -0.157468 0.1389 0.0000 0.0000
v 0.003543 -0.059471 -0.157468 0.1389 0.0000 0.0000
v -0.361588 -0.213437 -0.157468 0.1389 0.0000 0.0000
v 0.001461 -0.056694 -0.157468 0.1389 0.0000 0.0000
v -0.295642 -0.199970 -0.157468 0.1389 0.0000 0.0000
v -0.053656 -0.095429 -0.157468 0.1389 0.0000 0.0000
v -0.231918 -0.181228 -0.157468 0.1389 0.0000 0.0000
v -0.110994 -0.129027 -0.157468 0.1389 0.0000 0.0000
v -0.170415 -0.157626 -0.157468 0.1389 0.0000 0.0000
v -0.448081 -0.022541 -0.157468 0.1389 0.0000 0.0000
v -0.444888 -0.022264 -0.157468 0.1389 0.0000 0.0000
v -0.444888 -0.022264 -0.192468 0.1389 0.0000 0.0000
v -0.486400 -0.025457 -0.192468 0.1389 0.0000 0.0000
v -0.486400 -0.025457 -0.157468 0.1389 0.0000 0.0000
v -0.483068 -0.025318 -0.157468 0.1389 0.0000 0.0000
v -0.448081 -0.022541 -0.188468 0.1389 0.0000 0.0000
v -0.483068 -0.025318 -0.188468 0.1389 0.0000 0.0000
v -0.449053 -0.465420 -0.157468 0.1389 0.0000 0.0000
v -0.452385 -0.465697 -0.157468 0.1389 0.0000 0.0000
v -0.452385 -0.465697 -0.192468 0.1389 0.0000 0.0000
v -0.410874 -0.462504 -0.192468 0.1389 0.0000 0.0000
v -0.410874 -0.462504 -0.157468 0.1389 0.0000 0.0000
v -0.414206 -0.462782 -0.157468 0.1389 0.0000 0.0000
v -0.449053 -0.465420 -0.188468 0.1389 0.0000 0.0000
v -0.414206 -0.462782 -0.188468 0.1389 0.0000 0.0000
v -0.416011 -0.396003 -0.192468 0.1389 0.0000 0.0000
v -0.457522 -0.399335 -0.192468 0.1389 0.0000 0.0000
v -0.452385 -0.465697 -0.192468 0.1389 0.0000 0.0000
v -0.410874 -0.462504 -0.272468 0.1389 0.0000 0.0000
v -0.452385 -0.465697 -0.272468 0.1389 0.0000 0.0000
v -0.457522 -0.399335 -0.197468 0.1389 0.0000 0.0000
v -0.452802 -0.461532 -0.272468 0.1389 0.0000 0.0000
v -0.415317 -0.458617 -0.272468 0.1389 0.0000 0.0000
v -0.415317 -0.458617 -0.197468 0.1389 0.0000 0.0000
v -0.420176 -0.396420 -0.197468 0.1389 0.0000 0.0000
v -0.448637 -0.461255 -0.197468 0.1389 0.0000 0.0000
v -0.448637 -0.461255 -0.272468 0.1389 0.0000 0.0000
v -0.453357 -0.398919 -0.197468 0.1389 0.0000 0.0000
v -0.411152 -0.458339 -0.272468 0.1389 0.0000 0.0000
v -0.416011 -0.396003 -0.197468 0.1389 0.0000 0.0000
v -0.481263 -0.091958 -0.192468 0.1389 0.0000 0.0000
v -0.439752 -0.088765 -0.192468 0.1389 0.0000 0.0000
v -0.444888 -0.022264 -0.192468 0.1389 0.0000 0.0000
v -0.486400 -0.025457 -0.272468 0.1389 0.0000 0.0000
v -0.444888 -0.022264 -0.272468 0.1389 0.0000 0.0000
v -0.439752 -0.088765 -0.197468 0.1389 0.0000 0.0000
v -0.444472 -0.026429 -0.272468 0.1389 0.0000 0.0000
v -0.481818 -0.029344 -0.272468 0.1389 0.0000 0.0000
v -0.481818 -0.029344 -0.197468 0.1389 0.0000 0.0000
v -0.477098 -0.091680 -0.197468 0.1389 0.0000 0.0000
v -0.448637 -0.026845 -0.197468 0.1389 0.0000 0.0000
v -0.448637 -0.026845 -0.272468 0.1389 0.0000 0.0000
v -0.443916 -0.089043 -0.197468 0.1389 0.0000 0.0000
v -0.485983 -0.029622 -0.272468 0.1389 0.0000 0.0000
v -0.481263 -0.091958 -0.197468 0.1389 0.0000 0.0000
v -0.470989 -0.496380 -0.122468 0.1389 0.0000 0.0000
v -0.491675 -0.498046 -0.072468 0.1389 0.0000 0.0000
v -0.491675 -0.498046 -0.022468 0.1389 0.0000 0.0000
v -0.367142 -0.488327 -0.022468 0.1389 0.0000 0.0000
v -0.367142 -0.488327 -0.072468 0.1389 0.0000 0.0000
v -0.387828 -0.489993 -0.122468 0.1389 0.0000 0.0000
v -0.387550 -0.494158 -0.122468 0.1389 0.0000 0.0000
v -0.366864 -0.492492 -0.072468 0.1389 0.0000 0.0000
v -0.366864 -0.492492 -0.022468 0.1389 0.0000 0.0000
v -0.491398 -0.502072 -0.022468 0.1389 0.0000 0.0000
v -0.491398 -0.502072 -0.072468 0.1389 0.0000 0.0000
v -0.470573 -0.500545 -0.122468 0.1389 0.0000 0.0000
v -0.426285 0.008280 -0.122468 0.1389 0.0000 0.0000
v -0.405598 0.009946 -0.072468 0.1389 0.0000 0.0000
v -0.405598 0.009946 -0.022468 0.1389 0.0000 0.0000
v -0.530132 0.000366 -0.022468 0.1389 0.0000 0.0000
v -0.530132 0.000366 -0.072468 0.1389 0.0000 0.0000
v -0.509307 0.001893 -0.122468 0.1389 0.0000 0.0000
v -0.509723 0.006058 -0.122468 0.1389 0.0000 0.0000
v -0.530410 0.004531 -0.072468 0.1389 0.0000 0.0000
v -0.530410 0.004531 -0.022468 0.1389 0.0000 0.0000
v -0.405876 0.014111 -0.022468 0.1389 0.0000 0.0000
v -0.405876 0.014111 -0.072468 0.1389 0.0000 0.0000
v -0.426562 0.012445 -0.122468 0.1389 0.0000 0.0000
v 0.179445 -0.134996 -0.597468 0.1389 0.0000 0.0000
v 0.208878 -0.105564 -0.597468 0.1389 0.0000 0.0000
v 0.267743 -0.164429 -0.597468 0.1389 0.0000 0.0000
v 0.238311 -0.193862 -0.597468 0.1389 0.0000 0.0000
v 0.208878 -0.105564 -0.587468 0.1389 0.0000 0.0000
v 0.179445 -0.134996 -0.587468 0.1389 0.0000 0.0000
v 0.238311 -0.193862 -0.587468 0.1389 0.0000 0.0000
v 0.267743 -0.164429 -0.587468 0.1389 0.0000 0.0000
v 0.236228 -0.167761 -0.587468 0.1389 0.0000 0.0000
v 0.236506 -0.166512 -0.587468 0.1389 0.0000 0.0000
v 0.237061 -0.165401 -0.587468 0.1389 0.0000 0.0000
v 0.238033 -0.164151 -0.587468 0.1389 0.0000 0.0000
v 0.239282 -0.163180 -0.587468 0.1389 0.0000 0.0000
v 0.240393 -0.162624 -0.587468 0.1389 0.0000 0.0000
v 0.241643 -0.162347 -0.587468 0.1389 0.0000 0.0000
v 0.242753 -0.162208 -0.587468 0.1389 0.0000 0.0000
v 0.244003 -0.162347 -0.587468 0.1389 0.0000 0.0000
v 0.245113 -0.162624 -0.587468 0.1389 0.0000 0.0000
v 0.246363 -0.163180 -0.587468 0.1389 0.0000 0.0000
v 0.247474 -0.164151 -0.587468 0.1389 0.0000 0.0000
v 0.248445 -0.165401 -0.587468 0.1389 0.0000 0.0000
v 0.249001 -0.166512 -0.587468 0.1389 0.0000 0.0000
v 0.249278 -0.167761 -0.587468 0.1389 0.0000 0.0000
v 0.249417 -0.168872 -0.587468 0.1389 0.0000 0.0000
v 0.249278 -0.170121 -0.587468 0.1389 0.0000 0.0000
v 0.249001 -0.171232 -0.587468 0.1389 0.0000 0.0000
v 0.248445 -0.172481 -0.587468 0.1389 0.0000 0.0000
v 0.247474 -0.173592 -0.587468 0.1389 0.0000 0.0000
v 0.246363 -0.174564 -0.587468 0.1389 0.0000 0.0000
v 0.245113 -0.175119 -0.587468 0.1389 0.0000 0.0000
v 0.244003 -0.175397 -0.587468 0.1389 0.0000 0.0000
v 0.242753 -0.175536 -0.587468 0.1389 0.0000 0.0000
v 0.241643 -0.175397 -0.587468 0.1389 0.0000 0.0000
v 0.240393 -0.175119 -0.587468 0.1389 0.0000 0.0000
v 0.239282 -0.174564 -0.587468 0.1389 0.0000 0.0000
v 0.238033 -0.173592 -0.587468 0.1389 0.0000 0.0000
v 0.237061 -0.172481 -0.587468 0.1389 0.0000 0.0000
v 0.236506 -0.171232 -0.587468 0.1389 0.0000 0.0000
v 0.236228 -0.170121 -0.587468 0.1389 0.0000 0.0000
v 0.236089 -0.168872 -0.587468 0.1389 0.0000 0.0000
v 0.240393 -0.162624 -0.457468 0.1389 0.0000 0.0000
v 0.239282 -0.163180 -0.457468 0.1389 0.0000 0.0000
v 0.238033 -0.164151 -0.457468 0.1389 0.0000 0.0000
v 0.237061 -0.165401 -0.457468 0.1389 0.0000 0.0000
v 0.236506 -0.166512 -0.457468 0.1389 0.0000 0.0000
v 0.236228 -0.167761 -0.457468 0.1389 0.0000 0.0000
v 0.236089 -0.168872 -0.457468 0.1389 0.0000 0.0000
v 0.236228 -0.170121 -0.457468 0.1389 0.0000 0.0000
v 0.236506 -0.171232 -0.457468 0.1389 0.0000 0.0000
v 0.237061 -0.172481 -0.457468 0.1389 0.0000 0.0000
v 0.238033 -0.173592 -0.457468 0.1389 0.0000 0.0000
v 0.239282 -0.174564 -0.457468 0.1389 0.0000 0.0000
v 0.240393 -0.175119 -0.457468 0.1389 0.0000 0.0000
v 0.241643 -0.175397 -0.457468 0.1389 0.0000 0.0000
v 0.242753 -0.175536 -0.457468 0.1389 0.0000 0.0000
v 0.244003 -0.175397 -0.457468 0.1389 0.0000 0.0000
v 0.245113 -0.175119 -0.457468 0.1389 0.0000 0.0000
v 0.246363 -0.174564 -0.457468 0.1389 0.0000 0.0000
v 0.247474 -0.173592 -0.457468 0.1389 0.0000 0.0000
v 0.248445 -0.172481 -0.457468 0.1389 0.0000 0.0000
v 0.249001 -0.171232 -0.457468 0.1389 0.0000 0.0000
v 0.249278 -0.170121 -0.457468 0.1389 0.0000 0.0000
v 0.249417 -0.168872 -0.457468 0.1389 0.0000 0.0000
v 0.249278 -0.167761 -0.457468 0.1389 0.0000 0.0000
v 0.249001 -0.166512 -0.457468 0.1389 0.0000 0.0000
v 0.248445 -0.165401 -0.457468 0.1389 0.0000 0.0000
v 0.247474 -0.164151 -0.457468 0.1389 0.0000 0.0000
v 0.246363 -0.163180 -0.457468 0.1389 0.0000 0.0000
v 0.245113 -0.162624 -0.457468 0.1389 0.0000 0.0000
v 0.244003 -0.162347 -0.457468 0.1389 0.0000 0.0000
v 0.242753 -0.162208 -0.457468 0.1389 0.0000 0.0000
v 0.241643 -0.162347 -0.457468 0.1389 0.0000 0.0000
v 0.247196 -0.143882 -0.447468 0.1389 0.0000 0.0000
v 0.217763 -0.173314 -0.447468 0.1389 0.0000 0.0000
v 0.238311 -0.193862 -0.447468 0.1389 0.0000 0.0000
v 0.267743 -0.164429 -0.447468 0.1389 0.0000 0.0000
v 0.217763 -0.173314 -0.457468 0.1389 0.0000 0.0000
v 0.247196 -0.143882 -0.457468 0.1389 0.0000 0.0000
v 0.267743 -0.164429 -0.457468 0.1389 0.0000 0.0000
v 0.238311 -0.193862 -0.457468 0.1389 0.0000 0.0000
v 0.244836 -0.146242 -0.447468 0.1389 0.0000 0.0000
v 0.220123 -0.170954 -0.447468 0.1389 0.0000 0.0000
v 0.263162 -0.164429 -0.447468 0.1389 0.0000 0.0000
v 0.238311 -0.189280 -0.447468 0.1389 0.0000 0.0000
v 0.220123 -0.170954 0.032532 0.1389 0.0000 0.0000
v 0.217763 -0.173314 0.032532 0.1389 0.0000 0.0000
v 0.238311 -0.193862 0.032532 0.1389 0.0000 0.0000
v 0.267743 -0.164429 0.032532 0.1389 0.0000 0.0000
v 0.247196 -0.143882 0.032532 0.1389 0.0000 0.0000
v 0.244836 -0.146242 0.032532 0.1389 0.0000 0.0000
v 0.238311 -0.189280 0.032532 0.1389 0.0000 0.0000
v 0.263162 -0.164429 0.032532 0.1389 0.0000 0.0000
v -0.026722 0.130036 -0.597468 0.1389 0.0000 0.0000
v -0.056155 0.100604 -0.597468 0.1389 0.0000 0.0000
v -0.115020 0.159469 -0.597468 0.1389 0.0000 0.0000
v -0.085588 0.188902 -0.597468 0.1389 0.0000 0.0000
v -0.056155 0.100604 -0.587468 0.1389 0.0000 0.0000
v -0.026722 0.130036 -0.587468 0.1389 0.0000 0.0000
v -0.085588 0.188902 -0.587468 0.1389 0.0000 0.0000
v -0.115020 0.159469 -0.587468 0.1389 0.0000 0.0000
v -0.083505 0.162662 -0.587468 0.1389 0.0000 0.0000
v -0.083783 0.161552 -0.587468 0.1389 0.0000 0.0000
v -0.084338 0.160302 -0.587468 0.1389 0.0000 0.0000
v -0.085310 0.159191 -0.587468 0.1389 0.0000 0.0000
v -0.086421 0.158220 -0.587468 0.1389 0.0000 0.0000
v -0.087670 0.157664 -0.587468 0.1389 0.0000 0.0000
v -0.088781 0.157387 -0.587468 0.1389 0.0000 0.0000
v -0.090030 0.157248 -0.587468 0.1389 0.0000 0.0000
v -0.091141 0.157387 -0.587468 0.1389 0.0000 0.0000
v -0.092391 0.157664 -0.587468 0.1389 0.0000 0.0000
v -0.093501 0.158220 -0.587468 0.1389 0.0000 0.0000
v -0.094751 0.159191 -0.587468 0.1389 0.0000 0.0000
v -0.095722 0.160302 -0.587468 0.1389 0.0000 0.0000
v -0.096278 0.161552 -0.587468 0.1389 0.0000 0.0000
v -0.096555 0.162662 -0.587468 0.1389 0.0000 0.0000
v -0.096694 0.163912 -0.587468 0.1389 0.0000 0.0000
v -0.096555 0.165022 -0.587468 0.1389 0.0000 0.0000
v -0.096278 0.166272 -0.587468 0.1389 0.0000 0.0000
v -0.095722 0.167383 -0.587468 0.1389 0.0000 0.0000
v -0.094751 0.168632 -0.587468 0.1389 0.0000 0.0000
v -0.093501 0.169604 -0.587468 0.1389 0.0000 0.0000
v -0.092391 0.170159 -0.587468 0.1389 0.0000 0.0000
v -0.091141 0.170437 -0.587468 0.1389 0.0000 0.0000
v -0.090030 0.170576 -0.587468 0.1389 0.0000 0.0000
v -0.088781 0.170437 -0.587468 0.1389 0.0000 0.0000
v -0.087670 0.170159 -0.587468 0.1389 0.0000 0.0000
v -0.086421 0.169604 -0.587468 0.1389 0.0000 0.0000
v -0.085310 0.168632 -0.587468 0.1389 0.0000 0.0000
v -0.084338 0.167383 -0.587468 0.1389 0.0000 0.0000
v -0.083783 0.166272 -0.587468 0.1389 0.0000 0.0000
v -0.083505 0.165022 -0.587468 0.1389 0.0000 0.0000
v -0.083366 0.163912 -0.587468 0.1389 0.0000 0.0000
v -0.087670 0.157664 -0.457468 0.1389 0.0000 0.0000
v -0.086421 0.158220 -0.457468 0.1389 0.0000 0.0000
v -0.085310 0.159191 -0.457468 0.1389 0.0000 0.0000
v -0.084338 0.160302 -0.457468 0.1389 0.0000 0.0000
v -0.083783 0.161552 -0.457468 0.1389 0.0000 0.0000
v -0.083505 0.162662 -0.457468 0.1389 0.0000 0.0000
v -0.083366 0.163912 -0.457468 0.1389 0.0000 0.0000
v -0.083505 0.165022 -0.457468 0.1389 0.0000 0.0000
v -0.083783 0.166272 -0.457468 0.1389 0.0000 0.0000
v -0.084338 0.167383 -0.457468 0.1389 0.0000 0.0000
v -0.085310 0.168632 -0.457468 0.1389 0.0000 0.0000
v -0.086421 0.169604 -0.457468 0.1389 0.0000 0.0000
v -0.087670 0.170159 -0.457468 0.1389 0.0000 0.0000
v -0.088781 0.170437 -0.457468 0.1389 0.0000 0.0000
v -0.090030 0.170576 -0.457468 0.1389 0.0000 0.0000
v -0.091141 0.170437 -0.457468 0.1389 0.0000 0.0000
v -0.092391 0.170159 -0.457468 0.1389 0.0000 0.0000
v -0.093501 0.169604 -0.457468 0.1389 0.0000 0.0000
v -0.094751 0.168632 -0.457468 0.1389 0.0000 0.0000
v -0.095722 0.167383 -0.457468 0.1389 0.0000 0.0000
v -0.096278 0.166272 -0.457468 0.1389 0.0000 0.0000
v -0.096555 0.165022 -0.457468 0.1389 0.0000 0.0000
v -0.096694 0.163912 -0.457468 0.1389 0.0000 0.0000
v -0.096555 0.162662 -0.457468 0.1389 0.0000 0.0000
v -0.096278 0.161552 -0.457468 0.1389 0.0000 0.0000
v -0.095722 0.160302 -0.457468 0.1389 0.0000 0.0000
v -0.094751 0.159191 -0.457468 0.1389 0.0000 0.0000
v -0.093501 0.158220 -0.457468 0.1389 0.0000 0.0000
v -0.092391 0.157664 -0.457468 0.1389 0.0000 0.0000
v -0.091141 0.157387 -0.457468 0.1389 0.0000 0.0000
v -0.090030 0.157248 -0.457468 0.1389 0.0000 0.0000
v -0.088781 0.157387 -0.457468 0.1389 0.0000 0.0000
v -0.094473 0.138922 -0.447468 0.1389 0.0000 0.0000
v -0.065040 0.168354 -0.447468 0.1389 0.0000 0.0000
v -0.085588 0.188902 -0.447468 0.1389 0.0000 0.0000
v -0.115020 0.159469 -0.447468 0.1389 0.0000 0.0000
v -0.065040 0.168354 -0.457468 0.1389 0.0000 0.0000
v -0.094473 0.138922 -0.457468 0.1389 0.0000 0.0000
v -0.115020 0.159469 -0.457468 0.1389 0.0000 0.0000
v -0.085588 0.188902 -0.457468 0.1389 0.0000 0.0000
v -0.092113 0.141282 -0.447468 0.1389 0.0000 0.0000
v -0.067400 0.165994 -0.447468 0.1389 0.0000 0.0000
v -0.110300 0.159469 -0.447468 0.1389 0.0000 0.0000
v -0.085588 0.184181 -0.447468 0.1389 0.0000 0.0000
v -0.067400 0.165994 0.032532 0.1389 0.0000 0.0000
v -0.065040 0.168354 0.032532 0.1389 0.0000 0.0000
v -0.085588 0.188902 0.032532 0.1389 0.0000 0.0000
v -0.115020 0.159469 0.032532 0.1389 0.0000 0.0000
v -0.094473 0.138922 0.032532 0.1389 0.0000 0.0000
v -0.092113 0.141282 0.032532 0.1389 0.0000 0.0000
v -0.085588 0.184181 0.032532 0.1389 0.0000 0.0000
v -0.110300 0.159469 0.032532 0.1389 0.0000 0.0000
v 0.078375 0.024245 -0.157468 0.1389 0.0000 0.0000
v 0.076153 0.026606 -0.157468 0.1389 0.0000 0.0000
v 0.076153 0.026606 -0.192468 0.1389 0.0000 0.0000
v 0.105586 -0.002827 -0.192468 0.1389 0.0000 0.0000
v 0.105586 -0.002827 -0.157468 0.1389 0.0000 0.0000
v 0.103226 -0.000467 -0.157468 0.1389 0.0000 0.0000
v 0.078375 0.024245 -0.188468 0.1389 0.0000 0.0000
v 0.103226 -0.000467 -0.188468 0.1389 0.0000 0.0000
v 0.345767 0.495584 -0.157468 0.1389 0.0000 0.0000
v 0.349100 0.495168 -0.157468 0.1389 0.0000 0.0000
v 0.349100 0.495168 -0.192468 0.1389 0.0000 0.0000
v 0.307727 0.500305 -0.192468 0.1389 0.0000 0.0000
v 0.307727 0.500305 -0.157468 0.1389 0.0000 0.0000
v 0.311059 0.499888 -0.157468 0.1389 0.0000 0.0000
v 0.345767 0.495584 -0.188468 0.1389 0.0000 0.0000
v 0.311059 0.499888 -0.188468 0.1389 0.0000 0.0000
v 0.197771 0.106435 -0.192468 0.1389 0.0000 0.0000
v 0.154455 0.050485 -0.192468 0.1389 0.0000 0.0000
v 0.122662 0.077280 -0.192468 0.1389 0.0000 0.0000
v 0.296343 0.432554 -0.192468 0.1389 0.0000 0.0000
v 0.337021 0.423946 -0.192468 0.1389 0.0000 0.0000
v 0.319528 0.355363 -0.192468 0.1389 0.0000 0.0000
v 0.296759 0.289417 -0.192468 0.1389 0.0000 0.0000
v 0.268854 0.225831 -0.192468 0.1389 0.0000 0.0000
v 0.235812 0.164884 -0.192468 0.1389 0.0000 0.0000
v 0.279683 0.367303 -0.192468 0.1389 0.0000 0.0000
v 0.258025 0.304550 -0.192468 0.1389 0.0000 0.0000
v 0.163896 0.130453 -0.192468 0.1389 0.0000 0.0000
v 0.231369 0.244157 -0.192468 0.1389 0.0000 0.0000
v 0.199992 0.186125 -0.192468 0.1389 0.0000 0.0000
v 0.154455 0.050485 -0.157468 0.1389 0.0000 0.0000
v 0.197771 0.106435 -0.157468 0.1389 0.0000 0.0000
v 0.235812 0.164884 -0.157468 0.1389 0.0000 0.0000
v 0.268854 0.225831 -0.157468 0.1389 0.0000 0.0000
v 0.296759 0.289417 -0.157468 0.1389 0.0000 0.0000
v 0.319528 0.355363 -0.157468 0.1389 0.0000 0.0000
v 0.337021 0.423946 -0.157468 0.1389 0.0000 0.0000
v 0.151956 0.052567 -0.157468 0.1389 0.0000 0.0000
v 0.333828 0.424641 -0.157468 0.1389 0.0000 0.0000
v 0.195133 0.108240 -0.157468 0.1389 0.0000 0.0000
v 0.316335 0.356335 -0.157468 0.1389 0.0000 0.0000
v 0.233035 0.166550 -0.157468 0.1389 0.0000 0.0000
v 0.293705 0.290528 -0.157468 0.1389 0.0000 0.0000
v 0.265799 0.227359 -0.157468 0.1389 0.0000 0.0000
v 0.151956 0.052567 -0.188468 0.1389 0.0000 0.0000
v 0.195133 0.108240 -0.188468 0.1389 0.0000 0.0000
v 0.233035 0.166550 -0.188468 0.1389 0.0000 0.0000
v 0.265799 0.227359 -0.188468 0.1389 0.0000 0.0000
v 0.293705 0.290528 -0.188468 0.1389 0.0000 0.0000
v 0.316335 0.356335 -0.188468 0.1389 0.0000 0.0000
v 0.333828 0.424641 -0.188468 0.1389 0.0000 0.0000
v 0.125161 0.075197 -0.188468 0.1389 0.0000 0.0000
v 0.299536 0.431860 -0.188468 0.1389 0.0000 0.0000
v 0.166534 0.128509 -0.188468 0.1389 0.0000 0.0000
v 0.282876 0.366331 -0.188468 0.1389 0.0000 0.0000
v 0.202908 0.184459 -0.188468 0.1389 0.0000 0.0000
v 0.234423 0.242769 -0.188468 0.1389 0.0000 0.0000
v 0.261079 0.303300 -0.188468 0.1389 0.0000 0.0000
v 0.125161 0.075197 -0.157468 0.1389 0.0000 0.0000
v 0.166534 0.128509 -0.157468 0.1389 0.0000 0.0000
v 0.202908 0.184459 -0.157468 0.1389 0.0000 0.0000
v 0.234423 0.242769 -0.157468 0.1389 0.0000 0.0000
v 0.261079 0.303300 -0.157468 0.1389 0.0000 0.0000
v 0.282876 0.366331 -0.157468 0.1389 0.0000 0.0000
v 0.299536 0.431860 -0.157468 0.1389 0.0000 0.0000
v 0.122662 0.077280 -0.157468 0.1389 0.0000 0.0000
v 0.296343 0.432554 -0.157468 0.1389 0.0000 0.0000
v 0.163896 0.130453 -0.157468 0.1389 0.0000 0.0000
v 0.279683 0.367303 -0.157468 0.1389 0.0000 0.0000
v 0.199992 0.186125 -0.157468 0.1389 0.0000 0.0000
v 0.258025 0.304550 -0.157468 0.1389 0.0000 0.0000
v 0.231369 0.244157 -0.157468 0.1389 0.0000 0.0000
v -0.067400 0.165994 -0.157468 0.1389 0.0000 0.0000
v -0.065040 0.168354 -0.157468 0.1389 0.0000 0.0000
v -0.065040 0.168354 -0.192468 0.1389 0.0000 0.0000
v -0.094473 0.138922 -0.192468 0.1389 0.0000 0.0000
v -0.094473 0.138922 -0.157468 0.1389 0.0000 0.0000
v -0.092113 0.141282 -0.157468 0.1389 0.0000 0.0000
v -0.067400 0.165994 -0.188468 0.1389 0.0000 0.0000
v -0.092113 0.141282 -0.188468 0.1389 0.0000 0.0000
v 0.220123 -0.170954 -0.157468 0.1389 0.0000 0.0000
v 0.217763 -0.173314 -0.157468 0.1389 0.0000 0.0000
v 0.217763 -0.173314 -0.192468 0.1389 0.0000 0.0000
v 0.247196 -0.143882 -0.192468 0.1389 0.0000 0.0000
v 0.247196 -0.143882 -0.157468 0.1389 0.0000 0.0000
v 0.244836 -0.146242 -0.157468 0.1389 0.0000 0.0000
v 0.220123 -0.170954 -0.188468 0.1389 0.0000 0.0000
v 0.244836 -0.146242 -0.188468 0.1389 0.0000 0.0000
v 0.200131 -0.096678 -0.192468 0.1389 0.0000 0.0000
v 0.170560 -0.126250 -0.192468 0.1389 0.0000 0.0000
v 0.247196 -0.143882 -0.272468 0.1389 0.0000 0.0000
v 0.217763 -0.173314 -0.272468 0.1389 0.0000 0.0000
v 0.170560 -0.126250 -0.197468 0.1389 0.0000 0.0000
v 0.214848 -0.170399 -0.272468 0.1389 0.0000 0.0000
v 0.241365 -0.143882 -0.272468 0.1389 0.0000 0.0000
v 0.241365 -0.143882 -0.197468 0.1389 0.0000 0.0000
v 0.197077 -0.099733 -0.197468 0.1389 0.0000 0.0000
v 0.217763 -0.167483 -0.197468 0.1389 0.0000 0.0000
v 0.217763 -0.167483 -0.272468 0.1389 0.0000 0.0000
v 0.173614 -0.123196 -0.197468 0.1389 0.0000 0.0000
v 0.244280 -0.140966 -0.272468 0.1389 0.0000 0.0000
v 0.200131 -0.096678 -0.197468 0.1389 0.0000 0.0000
v -0.094473 0.138922 -0.192468 0.1389 0.0000 0.0000
v -0.047270 0.091718 -0.192468 0.1389 0.0000 0.0000
v -0.017837 0.121151 -0.192468 0.1389 0.0000 0.0000
v -0.094473 0.138922 -0.272468 0.1389 0.0000 0.0000
v -0.065040 0.168354 -0.272468 0.1389 0.0000 0.0000
v -0.017837 0.121151 -0.197468 0.1389 0.0000 0.0000
v -0.061986 0.165439 -0.272468 0.1389 0.0000 0.0000
v -0.088503 0.138922 -0.272468 0.1389 0.0000 0.0000
v -0.088503 0.138922 -0.197468 0.1389 0.0000 0.0000
v -0.044354 0.094634 -0.197468 0.1389 0.0000 0.0000
v -0.065040 0.162385 -0.197468 0.1389 0.0000 0.0000
v -0.065040 0.162385 -0.272468 0.1389 0.0000 0.0000
v -0.020752 0.118236 -0.197468 0.1389 0.0000 0.0000
v -0.091557 0.135867 -0.272468 0.1389 0.0000 0.0000
v -0.047270 0.091718 -0.197468 0.1389 0.0000 0.0000
v 0.223594 -0.208717 -0.122468 0.1389 0.0000 0.0000
v 0.208878 -0.223433 -0.072468 0.1389 0.0000 0.0000
v 0.208878 -0.223433 -0.022468 0.1389 0.0000 0.0000
v 0.297315 -0.134996 -0.022468 0.1389 0.0000 0.0000
v 0.297315 -0.134996 -0.072468 0.1389 0.0000 0.0000
v 0.282598 -0.149713 -0.122468 0.1389 0.0000 0.0000
v 0.285514 -0.152767 -0.122468 0.1389 0.0000 0.0000
v 0.300230 -0.137912 -0.072468 0.1389 0.0000 0.0000
v 0.300230 -0.137912 -0.022468 0.1389 0.0000 0.0000
v 0.211793 -0.226349 -0.022468 0.1389 0.0000 0.0000
v 0.211793 -0.226349 -0.072468 0.1389 0.0000 0.0000
v 0.226649 -0.211632 -0.122468 0.1389 0.0000 0.0000
v -0.070871 0.203618 -0.122468 0.1389 0.0000 0.0000
v -0.056155 0.218334 -0.072468 0.1389 0.0000 0.0000
v -0.056155 0.218334 -0.022468 0.1389 0.0000 0.0000
v -0.144453 0.130036 -0.022468 0.1389 0.0000 0.0000
v -0.144453 0.130036 -0.072468 0.1389 0.0000 0.0000
v -0.129737 0.144753 -0.122468 0.1389 0.0000 0.0000
v -0.132652 0.147668 -0.122468 0.1389 0.0000 0.0000
v -0.147507 0.132952 -0.072468 0.1389 0.0000 0.0000
v -0.147507 0.132952 -0.022468 0.1389 0.0000 0.0000
v -0.059070 0.221389 -0.022468 0.1389 0.0000 0.0000
v -0.059070 0.221389 -0.072468 0.1389 0.0000 0.0000
v -0.073787 0.206534 -0.122468 0.1389 0.0000 0.0000
v 0.482379 0.488921 -0.597468 0.1389 0.0000 0.0000
v 0.485573 0.530432 -0.597468 0.1389 0.0000 0.0000
v 0.568595 0.524045 -0.597468 0.1389 0.0000 0.0000
v 0.565402 0.482534 -0.597468 0.1389 0.0000 0.0000
v 0.485573 0.530432 -0.587468 0.1389 0.0000 0.0000
v 0.482379 0.488921 -0.587468 0.1389 0.0000 0.0000
v 0.565402 0.482534 -0.587468 0.1389 0.0000 0.0000
v 0.568595 0.524045 -0.587468 0.1389 0.0000 0.0000
v 0.546798 0.500999 -0.587468 0.1389 0.0000 0.0000
v 0.546243 0.502110 -0.587468 0.1389 0.0000 0.0000
v 0.545965 0.503498 -0.587468 0.1389 0.0000 0.0000
v 0.545826 0.504886 -0.587468 0.1389 0.0000 0.0000
v 0.546104 0.506414 -0.587468 0.1389 0.0000 0.0000
v 0.546659 0.507663 -0.587468 0.1389 0.0000 0.0000
v 0.547354 0.508635 -0.587468 0.1389 0.0000 0.0000
v 0.548186 0.509468 -0.587468 0.1389 0.0000 0.0000
v 0.549158 0.510162 -0.587468 0.1389 0.0000 0.0000
v 0.550269 0.510717 -0.587468 0.1389 0.0000 0.0000
v 0.551519 0.510995 -0.587468 0.1389 0.0000 0.0000
v 0.553046 0.511134 -0.587468 0.1389 0.0000 0.0000
v 0.554573 0.510717 -0.587468 0.1389 0.0000 0.0000
v 0.555684 0.510301 -0.587468 0.1389 0.0000 0.0000
v 0.556794 0.509607 -0.587468 0.1389 0.0000 0.0000
v 0.557627 0.508774 -0.587468 0.1389 0.0000 0.0000
v 0.558321 0.507802 -0.587468 0.1389 0.0000 0.0000
v 0.558738 0.506691 -0.587468 0.1389 0.0000 0.0000
v 0.559154 0.505442 -0.587468 0.1389 0.0000 0.0000
v 0.559154 0.503914 -0.587468 0.1389 0.0000 0.0000
v 0.558877 0.502387 -0.587468 0.1389 0.0000 0.0000
v 0.558321 0.501277 -0.587468 0.1389 0.0000 0.0000
v 0.557627 0.500166 -0.587468 0.1389 0.0000 0.0000
v 0.556794 0.499333 -0.587468 0.1389 0.0000 0.0000
v 0.555961 0.498639 -0.587468 0.1389 0.0000 0.0000
v 0.554851 0.498222 -0.587468 0.1389 0.0000 0.0000
v 0.553462 0.497806 -0.587468 0.1389 0.0000 0.0000
v 0.552074 0.497806 -0.587468 0.1389 0.0000 0.0000
v 0.550547 0.498084 -0.587468 0.1389 0.0000 0.0000
v 0.549297 0.498639 -0.587468 0.1389 0.0000 0.0000
v 0.548325 0.499194 -0.587468 0.1389 0.0000 0.0000
v 0.547492 0.500027 -0.587468 0.1389 0.0000 0.0000
v 0.546659 0.507663 -0.457468 0.1389 0.0000 0.0000
v 0.546104 0.506414 -0.457468 0.1389 0.0000 0.0000
v 0.545826 0.504886 -0.457468 0.1389 0.0000 0.0000
v 0.545965 0.503498 -0.457468 0.1389 0.0000 0.0000
v 0.546243 0.502110 -0.457468 0.1389 0.0000 0.0000
v 0.546798 0.500999 -0.457468 0.1389 0.0000 0.0000
v 0.547492 0.500027 -0.457468 0.1389 0.0000 0.0000
v 0.548325 0.499194 -0.457468 0.1389 0.0000 0.0000
v 0.549297 0.498639 -0.457468 0.1389 0.0000 0.0000
v 0.550547 0.498084 -0.457468 0.1389 0.0000 0.0000
v 0.552074 0.497806 -0.457468 0.1389 0.0000 0.0000
v 0.553462 0.497806 -0.457468 0.1389 0.0000 0.0000
v 0.554851 0.498222 -0.457468 0.1389 0.0000 0.0000
v 0.555961 0.498639 -0.457468 0.1389 0.0000 0.0000
v 0.556794 0.499333 -0.457468 0.1389 0.0000 0.0000
v 0.557627 0.500166 -0.457468 0.1389 0.0000 0.0000
v 0.558321 0.501277 -0.457468 0.1389 0.0000 0.0000
v 0.558877 0.502387 -0.457468 0.1389 0.0000 0.0000
v 0.559154 0.503914 -0.457468 0.1389 0.0000 0.0000
v 0.559154 0.505442 -0.457468 0.1389 0.0000 0.0000
v 0.558738 0.506691 -0.457468 0.1389 0.0000 0.0000
v 0.558321 0.507802 -0.457468 0.1389 0.0000 0.0000
v 0.557627 0.508774 -0.457468 0.1389 0.0000 0.0000
v 0.556794 0.509607 -0.457468 0.1389 0.0000 0.0000
v 0.555684 0.510301 -0.457468 0.1389 0.0000 0.0000
v 0.554573 0.510717 -0.457468 0.1389 0.0000 0.0000
v 0.553046 0.511134 -0.457468 0.1389 0.0000 0.0000
v 0.551519 0.510995 -0.457468 0.1389 0.0000 0.0000
v 0.550269 0.510717 -0.457468 0.1389 0.0000 0.0000
v 0.549158 0.510162 -0.457468 0.1389 0.0000 0.0000
v 0.548186 0.509468 -0.457468 0.1389 0.0000 0.0000
v 0.547354 0.508635 -0.457468 0.1389 0.0000 0.0000
v 0.539579 0.526267 -0.447468 0.1389 0.0000 0.0000
v 0.536386 0.484755 -0.447468 0.1389 0.0000 0.0000
v 0.565402 0.482534 -0.447468 0.1389 0.0000 0.0000
v 0.568595 0.524045 -0.447468 0.1389 0.0000 0.0000
v 0.536386 0.484755 -0.457468 0.1389 0.0000 0.0000
v 0.539579 0.526267 -0.457468 0.1389 0.0000 0.0000
v 0.568595 0.524045 -0.457468 0.1389 0.0000 0.0000
v 0.565402 0.482534 -0.457468 0.1389 0.0000 0.0000
v 0.539301 0.522935 -0.447468 0.1389 0.0000 0.0000
v 0.536663 0.488088 -0.447468 0.1389 0.0000 0.0000
v 0.565124 0.520991 -0.447468 0.1389 0.0000 0.0000
v 0.562348 0.486144 -0.447468 0.1389 0.0000 0.0000
v 0.536663 0.488088 0.032532 0.1389 0.0000 0.0000
v 0.536386 0.484755 0.032532 0.1389 0.0000 0.0000
v 0.565402 0.482534 0.032532 0.1389 0.0000 0.0000
v 0.568595 0.524045 0.032532 0.1389 0.0000 0.0000
v 0.539579 0.526267 0.032532 0.1389 0.0000 0.0000
v 0.539301 0.522935 0.032532 0.1389 0.0000 0.0000
v 0.562348 0.486144 0.032532 0.1389 0.0000 0.0000
v 0.565124 0.520991 0.032532 0.1389 0.0000 0.0000
v 0.153344 0.556116 -0.597468 0.1389 0.0000 0.0000
v 0.150151 0.514605 -0.597468 0.1389 0.0000 0.0000
v 0.067129 0.520991 -0.597468 0.1389 0.0000 0.0000
v 0.070322 0.562502 -0.597468 0.1389 0.0000 0.0000
v 0.150151 0.514605 -0.587468 0.1389 0.0000 0.0000
v 0.153344 0.556116 -0.587468 0.1389 0.0000 0.0000
v 0.070322 0.562502 -0.587468 0.1389 0.0000 0.0000
v 0.067129 0.520991 -0.587468 0.1389 0.0000 0.0000
v 0.089065 0.543899 -0.587468 0.1389 0.0000 0.0000
v 0.089481 0.542927 -0.587468 0.1389 0.0000 0.0000
v 0.089898 0.541538 -0.587468 0.1389 0.0000 0.0000
v 0.089898 0.540011 -0.587468 0.1389 0.0000 0.0000
v 0.089620 0.538623 -0.587468 0.1389 0.0000 0.0000
v 0.089065 0.537373 -0.587468 0.1389 0.0000 0.0000
v 0.088370 0.536402 -0.587468 0.1389 0.0000 0.0000
v 0.087676 0.535569 -0.587468 0.1389 0.0000 0.0000
v 0.086705 0.534874 -0.587468 0.1389 0.0000 0.0000
v 0.085594 0.534319 -0.587468 0.1389 0.0000 0.0000
v 0.084206 0.534041 -0.587468 0.1389 0.0000 0.0000
v 0.082817 0.533902 -0.587468 0.1389 0.0000 0.0000
v 0.081290 0.534180 -0.587468 0.1389 0.0000 0.0000
v 0.080041 0.534736 -0.587468 0.1389 0.0000 0.0000
v 0.079069 0.535430 -0.587468 0.1389 0.0000 0.0000
v 0.078236 0.536263 -0.587468 0.1389 0.0000 0.0000
v 0.077542 0.537235 -0.587468 0.1389 0.0000 0.0000
v 0.076986 0.538345 -0.587468 0.1389 0.0000 0.0000
v 0.076708 0.539595 -0.587468 0.1389 0.0000 0.0000
v 0.076570 0.541122 -0.587468 0.1389 0.0000 0.0000
v 0.076847 0.542649 -0.587468 0.1389 0.0000 0.0000
v 0.077403 0.543760 -0.587468 0.1389 0.0000 0.0000
v 0.078097 0.544870 -0.587468 0.1389 0.0000 0.0000
v 0.078930 0.545703 -0.587468 0.1389 0.0000 0.0000
v 0.079902 0.546397 -0.587468 0.1389 0.0000 0.0000
v 0.081012 0.546814 -0.587468 0.1389 0.0000 0.0000
v 0.082262 0.547231 -0.587468 0.1389 0.0000 0.0000
v 0.083789 0.547231 -0.587468 0.1389 0.0000 0.0000
v 0.085316 0.546953 -0.587468 0.1389 0.0000 0.0000
v 0.086427 0.546397 -0.587468 0.1389 0.0000 0.0000
v 0.087538 0.545703 -0.587468 0.1389 0.0000 0.0000
v 0.088370 0.544870 -0.587468 0.1389 0.0000 0.0000
v 0.089065 0.537373 -0.457468 0.1389 0.0000 0.0000
v 0.089620 0.538623 -0.457468 0.1389 0.0000 0.0000
v 0.089898 0.540011 -0.457468 0.1389 0.0000 0.0000
v 0.089898 0.541538 -0.457468 0.1389 0.0000 0.0000
v 0.089481 0.542927 -0.457468 0.1389 0.0000 0.0000
v 0.089065 0.543899 -0.457468 0.1389 0.0000 0.0000
v 0.088370 0.544870 -0.457468 0.1389 0.0000 0.0000
v 0.087538 0.545703 -0.457468 0.1389 0.0000 0.0000
v 0.086427 0.546397 -0.457468 0.1389 0.0000 0.0000
v 0.085316 0.546953 -0.457468 0.1389 0.0000 0.0000
v 0.083789 0.547231 -0.457468 0.1389 0.0000 0.0000
v 0.082262 0.547231 -0.457468 0.1389 0.0000 0.0000
v 0.081012 0.546814 -0.457468 0.1389 0.0000 0.0000
v 0.079902 0.546397 -0.457468 0.1389 0.0000 0.0000
v 0.078930 0.545703 -0.457468 0.1389 0.0000 0.0000
v 0.078097 0.544870 -0.457468 0.1389 0.0000 0.0000
v 0.077403 0.543760 -0.457468 0.1389 0.0000 0.0000
v 0.076847 0.542649 -0.457468 0.1389 0.0000 0.0000
v 0.076570 0.541122 -0.457468 0.1389 0.0000 0.0000
v 0.076708 0.539595 -0.457468 0.1389 0.0000 0.0000
v 0.076986 0.538345 -0.457468 0.1389 0.0000 0.0000
v 0.077542 0.537235 -0.457468 0.1389 0.0000 0.0000
v 0.078236 0.536263 -0.457468 0.1389 0.0000 0.0000
v 0.079069 0.535430 -0.457468 0.1389 0.0000 0.0000
v 0.080041 0.534736 -0.457468 0.1389 0.0000 0.0000
v 0.081290 0.534180 -0.457468 0.1389 0.0000 0.0000
v 0.082817 0.533902 -0.457468 0.1389 0.0000 0.0000
v 0.084206 0.534041 -0.457468 0.1389 0.0000 0.0000
v 0.085594 0.534319 -0.457468 0.1389 0.0000 0.0000
v 0.086705 0.534874 -0.457468 0.1389 0.0000 0.0000
v 0.087676 0.535569 -0.457468 0.1389 0.0000 0.0000
v 0.088370 0.536402 -0.457468 0.1389 0.0000 0.0000
v 0.096145 0.518770 -0.447468 0.1389 0.0000 0.0000
v 0.099338 0.560281 -0.447468 0.1389 0.0000 0.0000
v 0.070322 0.562502 -0.447468 0.1389 0.0000 0.0000
v 0.067129 0.520991 -0.447468 0.1389 0.0000 0.0000
v 0.099338 0.560281 -0.457468 0.1389 0.0000 0.0000
v 0.096145 0.518770 -0.457468 0.1389 0.0000 0.0000
v 0.067129 0.520991 -0.457468 0.1389 0.0000 0.0000
v 0.070322 0.562502 -0.457468 0.1389 0.0000 0.0000
v 0.096423 0.521963 -0.447468 0.1389 0.0000 0.0000
v 0.099200 0.556949 -0.447468 0.1389 0.0000 0.0000
v 0.070739 0.524045 -0.447468 0.1389 0.0000 0.0000
v 0.073376 0.558893 -0.447468 0.1389 0.0000 0.0000
v 0.099200 0.556949 0.032532 0.1389 0.0000 0.0000
v 0.099338 0.560281 0.032532 0.1389 0.0000 0.0000
v 0.070322 0.562502 0.032532 0.1389 0.0000 0.0000
v 0.067129 0.520991 0.032532 0.1389 0.0000 0.0000
v 0.096145 0.518770 0.032532 0.1389 0.0000 0.0000
v 0.096423 0.521963 0.032532 0.1389 0.0000 0.0000
v 0.073376 0.558893 0.032532 0.1389 0.0000 0.0000
v 0.070739 0.524045 0.032532 0.1389 0.0000 0.0000
v 0.099200 0.556949 -0.157468 0.1389 0.0000 0.0000
v 0.099338 0.560281 -0.157468 0.1389 0.0000 0.0000
v 0.099338 0.560281 -0.192468 0.1389 0.0000 0.0000
v 0.096145 0.518770 -0.192468 0.1389 0.0000 0.0000
v 0.096145 0.518770 -0.157468 0.1389 0.0000 0.0000
v 0.096423 0.521963 -0.157468 0.1389 0.0000 0.0000
v 0.099200 0.556949 -0.188468 0.1389 0.0000 0.0000
v 0.096423 0.521963 -0.188468 0.1389 0.0000 0.0000
v 0.536663 0.488088 -0.157468 0.1389 0.0000 0.0000
v 0.536386 0.484755 -0.157468 0.1389 0.0000 0.0000
v 0.536386 0.484755 -0.192468 0.1389 0.0000 0.0000
v 0.539579 0.526267 -0.192468 0.1389 0.0000 0.0000
v 0.539579 0.526267 -0.157468 0.1389 0.0000 0.0000
v 0.539301 0.522935 -0.157468 0.1389 0.0000 0.0000
v 0.536663 0.488088 -0.188468 0.1389 0.0000 0.0000
v 0.539301 0.522935 -0.188468 0.1389 0.0000 0.0000
v 0.473217 0.531404 -0.192468 0.1389 0.0000 0.0000
v 0.469885 0.489892 -0.192468 0.1389 0.0000 0.0000
v 0.539579 0.526267 -0.272468 0.1389 0.0000 0.0000
v 0.536386 0.484755 -0.272468 0.1389 0.0000 0.0000
v 0.469885 0.489892 -0.197468 0.1389 0.0000 0.0000
v 0.532221 0.485033 -0.272468 0.1389 0.0000 0.0000
v 0.535136 0.522518 -0.272468 0.1389 0.0000 0.0000
v 0.535136 0.522518 -0.197468 0.1389 0.0000 0.0000
v 0.472800 0.527238 -0.197468 0.1389 0.0000 0.0000
v 0.532498 0.489198 -0.197468 0.1389 0.0000 0.0000
v 0.532498 0.489198 -0.272468 0.1389 0.0000 0.0000
v 0.470301 0.494057 -0.197468 0.1389 0.0000 0.0000
v 0.535414 0.526683 -0.272468 0.1389 0.0000 0.0000
v 0.473217 0.531404 -0.197468 0.1389 0.0000 0.0000
v 0.162646 0.513633 -0.192468 0.1389 0.0000 0.0000
v 0.165839 0.555144 -0.192468 0.1389 0.0000 0.0000
v 0.096145 0.518770 -0.272468 0.1389 0.0000 0.0000
v 0.099338 0.560281 -0.272468 0.1389 0.0000 0.0000
v 0.165839 0.555144 -0.197468 0.1389 0.0000 0.0000
v 0.103503 0.559864 -0.272468 0.1389 0.0000 0.0000
v 0.100727 0.522518 -0.272468 0.1389 0.0000 0.0000
v 0.100727 0.522518 -0.197468 0.1389 0.0000 0.0000
v 0.162924 0.517798 -0.197468 0.1389 0.0000 0.0000
v 0.103226 0.555699 -0.197468 0.1389 0.0000 0.0000
v 0.103226 0.555699 -0.272468 0.1389 0.0000 0.0000
v 0.165562 0.550979 -0.197468 0.1389 0.0000 0.0000
v 0.100310 0.518353 -0.272468 0.1389 0.0000 0.0000
v 0.162646 0.513633 -0.197468 0.1389 0.0000 0.0000
v 0.563875 0.461709 -0.122468 0.1389 0.0000 0.0000
v 0.562209 0.441023 -0.072468 0.1389 0.0000 0.0000
v 0.562209 0.441023 -0.022468 0.1389 0.0000 0.0000
v 0.571927 0.565556 -0.022468 0.1389 0.0000 0.0000
v 0.571927 0.565556 -0.072468 0.1389 0.0000 0.0000
v 0.570261 0.544870 -0.122468 0.1389 0.0000 0.0000
v 0.574426 0.544454 -0.122468 0.1389 0.0000 0.0000
v 0.575953 0.565279 -0.072468 0.1389 0.0000 0.0000
v 0.575953 0.565279 -0.022468 0.1389 0.0000 0.0000
v 0.566374 0.440745 -0.022468 0.1389 0.0000 0.0000
v 0.566374 0.440745 -0.072468 0.1389 0.0000 0.0000
v 0.568040 0.461431 -0.122468 0.1389 0.0000 0.0000
v 0.071988 0.583188 -0.122468 0.1389 0.0000 0.0000
v 0.073515 0.604013 -0.072468 0.1389 0.0000 0.0000
v 0.073515 0.604013 -0.022468 0.1389 0.0000 0.0000
v 0.063936 0.479480 -0.022468 0.1389 0.0000 0.0000
v 0.063936 0.479480 -0.072468 0.1389 0.0000 0.0000
v 0.065602 0.500166 -0.122468 0.1389 0.0000 0.0000
v 0.061437 0.500444 -0.122468 0.1389 0.0000 0.0000
v 0.059771 0.479758 -0.072468 0.1389 0.0000 0.0000
v 0.059771 0.479758 -0.022468 0.1389 0.0000 0.0000
v 0.069350 0.604291 -0.022468 0.1389 0.0000 0.0000
v 0.069350 0.604291 -0.072468 0.1389 0.0000 0.0000
v 0.067823 0.583605 -0.122468 0.1389 0.0000 0.0000
v -0.181015 -0.604854 0.035810 0.1389 0.0000 0.0000
v -0.181015 -0.593492 0.035118 0.1389 0.0000 0.0000
v -0.146119 -0.596340 0.035032 0.1389 0.0000 0.0000
v -0.146119 -0.593492 0.035118 0.1389 0.0000 0.0000
v -0.181015 -0.582246 0.037187 0.1389 0.0000 0.0000
v -0.146119 -0.582246 0.037187 0.1389 0.0000 0.0000
v -0.181015 -0.571577 0.041930 0.1389 0.0000 0.0000
v -0.146119 -0.571577 0.041930 0.1389 0.0000 0.0000
v -0.181015 -0.561922 0.049154 0.1389 0.0000 0.0000
v -0.146119 -0.561922 0.049154 0.1389 0.0000 0.0000
v -0.181015 -0.553677 0.058564 0.1389 0.0000 0.0000
v -0.146119 -0.553677 0.058564 0.1389 0.0000 0.0000
v -0.181015 -0.547177 0.069774 0.1389 0.0000 0.0000
v -0.146119 -0.547177 0.069774 0.1389 0.0000 0.0000
v -0.181015 -0.542691 0.082325 0.1389 0.0000 0.0000
v -0.146119 -0.542691 0.082325 0.1389 0.0000 0.0000
v -0.181015 -0.540401 0.095703 0.1389 0.0000 0.0000
v -0.146119 -0.540401 0.095703 0.1389 0.0000 0.0000
v -0.181015 -0.540401 0.109361 0.1389 0.0000 0.0000
v -0.146119 -0.540401 0.109361 0.1389 0.0000 0.0000
v -0.181015 -0.542691 0.122739 0.1389 0.0000 0.0000
v -0.146119 -0.542691 0.122739 0.1389 0.0000 0.0000
v -0.181015 -0.547177 0.135290 0.1389 0.0000 0.0000
v -0.146119 -0.547177 0.135290 0.1389 0.0000 0.0000
v -0.181015 -0.553677 0.146499 0.1389 0.0000 0.0000
v -0.146119 -0.553677 0.146499 0.1389 0.0000 0.0000
v -0.181015 -0.561922 0.155909 0.1389 0.0000 0.0000
v -0.146119 -0.561922 0.155909 0.1389 0.0000 0.0000
v -0.181015 -0.571577 0.163134 0.1389 0.0000 0.0000
v -0.146119 -0.571577 0.163134 0.1389 0.0000 0.0000
v -0.181015 -0.582246 0.167877 0.1389 0.0000 0.0000
v -0.146119 -0.582246 0.167877 0.1389 0.0000 0.0000
v -0.181015 -0.593492 0.169945 0.1389 0.0000 0.0000
v -0.146119 -0.593492 0.169945 0.1389 0.0000 0.0000
v -0.146119 -0.596340 0.170032 0.1389 0.0000 0.0000
v -0.181015 -0.596340 0.170032 0.1389 0.0000 0.0000
v -0.146119 -0.604854 0.169253 0.1389 0.0000 0.0000
v -0.146119 -0.604854 0.035810 0.1389 0.0000 0.0000
v -0.146119 -0.615868 0.039234 0.1389 0.0000 0.0000
v -0.181015 -0.615868 0.039234 0.1389 0.0000 0.0000
v -0.146119 -0.626082 0.045248 0.1389 0.0000 0.0000
v -0.181015 -0.626082 0.045248 0.1389 0.0000 0.0000
v -0.146119 -0.635079 0.053608 0.1389 0.0000 0.0000
v -0.181015 -0.635079 0.053608 0.1389 0.0000 0.0000
v -0.146119 -0.642489 0.063971 0.1389 0.0000 0.0000
v -0.181015 -0.642489 0.063971 0.1389 0.0000 0.0000
v -0.146119 -0.648010 0.075913 0.1389 0.0000 0.0000
v -0.181015 -0.648010 0.075913 0.1389 0.0000 0.0000
v -0.146119 -0.651416 0.088944 0.1389 0.0000 0.0000
v -0.181015 -0.651416 0.088944 0.1389 0.0000 0.0000
v -0.146119 -0.652567 0.102532 0.1389 0.0000 0.0000
v -0.181015 -0.652567 0.102532 0.1389 0.0000 0.0000
v -0.146119 -0.651416 0.116119 0.1389 0.0000 0.0000
v -0.181015 -0.651416 0.116119 0.1389 0.0000 0.0000
v -0.146119 -0.648010 0.129151 0.1389 0.0000 0.0000
v -0.181015 -0.648010 0.129151 0.1389 0.0000 0.0000
v -0.146119 -0.642489 0.141092 0.1389 0.0000 0.0000
v -0.181015 -0.642489 0.141092 0.1389 0.0000 0.0000
v -0.146119 -0.635079 0.151455 0.1389 0.0000 0.0000
v -0.181015 -0.635079 0.151455 0.1389 0.0000 0.0000
v -0.146119 -0.626082 0.159815 0.1389 0.0000 0.0000
v -0.181015 -0.626082 0.159815 0.1389 0.0000 0.0000
v -0.146119 -0.615868 0.165830 0.1389 0.0000 0.0000
v -0.181015 -0.615868 0.165830 0.1389 0.0000 0.0000
v -0.181015 -0.604854 0.169253 0.1389 0.0000 0.0000
v -0.181015 -0.591020 0.161248 0.1389 0.0000 0.0000
v -0.181015 -0.580630 0.158503 0.1389 0.0000 0.0000
v -0.181015 -0.570975 0.153140 0.1389 0.0000 0.0000
v -0.181015 -0.562505 0.145411 0.1389 0.0000 0.0000
v -0.181015 -0.633837 0.064296 0.1389 0.0000 0.0000
v -0.181015 -0.639808 0.074866 0.1389 0.0000 0.0000
v -0.181015 -0.643745 0.086731 0.1389 0.0000 0.0000
v -0.181015 -0.645467 0.099334 0.1389 0.0000 0.0000
v -0.181015 -0.644891 0.112087 0.1389 0.0000 0.0000
v -0.181015 -0.642044 0.124393 0.1389 0.0000 0.0000
v -0.181015 -0.637061 0.135677 0.1389 0.0000 0.0000
v -0.181015 -0.630174 0.145411 0.1389 0.0000 0.0000
v -0.181015 -0.621704 0.153140 0.1389 0.0000 0.0000
v -0.181015 -0.612049 0.158503 0.1389 0.0000 0.0000
v -0.181015 -0.601659 0.161248 0.1389 0.0000 0.0000
v -0.181015 -0.555618 0.135677 0.1389 0.0000 0.0000
v -0.181015 -0.550635 0.124393 0.1389 0.0000 0.0000
v -0.181015 -0.547789 0.112087 0.1389 0.0000 0.0000
v -0.181015 -0.547213 0.099334 0.1389 0.0000 0.0000
v -0.181015 -0.548934 0.086731 0.1389 0.0000 0.0000
v -0.181015 -0.552872 0.074866 0.1389 0.0000 0.0000
v -0.181015 -0.558842 0.064296 0.1389 0.0000 0.0000
v -0.181015 -0.566566 0.055513 0.1389 0.0000 0.0000
v -0.181015 -0.575682 0.048928 0.1389 0.0000 0.0000
v -0.181015 -0.585763 0.044850 0.1389 0.0000 0.0000
v -0.181015 -0.596340 0.043469 0.1389 0.0000 0.0000
v -0.181015 -0.606916 0.044850 0.1389 0.0000 0.0000
v -0.181015 -0.616998 0.048928 0.1389 0.0000 0.0000
v -0.181015 -0.626114 0.055513 0.1389 0.0000 0.0000
v -0.193838 -0.591020 0.161248 0.1389 0.0000 0.0000
v -0.193838 -0.596340 0.170032 0.1389 0.0000 0.0000
v -0.193838 -0.601659 0.161248 0.1389 0.0000 0.0000
v -0.193838 -0.604854 0.169253 0.1389 0.0000 0.0000
v -0.193838 -0.612049 0.158503 0.1389 0.0000 0.0000
v -0.193838 -0.615868 0.165830 0.1389 0.0000 0.0000
v -0.193838 -0.621704 0.153140 0.1389 0.0000 0.0000
v -0.193838 -0.626082 0.159815 0.1389 0.0000 0.0000
v -0.193838 -0.630174 0.145411 0.1389 0.0000 0.0000
v -0.193838 -0.635079 0.151455 0.1389 0.0000 0.0000
v -0.193838 -0.637061 0.135677 0.1389 0.0000 0.0000
v -0.193838 -0.642489 0.141092 0.1389 0.0000 0.0000
v -0.193838 -0.642044 0.124393 0.1389 0.0000 0.0000
v -0.193838 -0.648010 0.129151 0.1389 0.0000 0.0000
v -0.193838 -0.644891 0.112087 0.1389 0.0000 0.0000
v -0.193838 -0.651416 0.116119 0.1389 0.0000 0.0000
v -0.193838 -0.645467 0.099334 0.1389 0.0000 0.0000
v -0.193838 -0.652567 0.102532 0.1389 0.0000 0.0000
v -0.193838 -0.643745 0.086731 0.1389 0.0000 0.0000
v -0.193838 -0.651416 0.088944 0.1389 0.0000 0.0000
v -0.193838 -0.639808 0.074866 0.1389 0.0000 0.0000
v -0.193838 -0.648010 0.075913 0.1389 0.0000 0.0000
v -0.193838 -0.633837 0.064296 0.1389 0.0000 0.0000
v -0.193838 -0.562505 0.145411 0.1389 0.0000 0.0000
v -0.193838 -0.561922 0.155909 0.1389 0.0000 0.0000
v -0.193838 -0.570975 0.153140 0.1389 0.0000 0.0000
v -0.193838 -0.571577 0.163134 0.1389 0.0000 0.0000
v -0.193838 -0.580630 0.158503 0.1389 0.0000 0.0000
v -0.193838 -0.582246 0.167877 0.1389 0.0000 0.0000
v -0.193838 -0.593492 0.169945 0.1389 0.0000 0.0000
v -0.193838 -0.642489 0.063971 0.1389 0.0000 0.0000
v -0.193838 -0.635079 0.053608 0.1389 0.0000 0.0000
v -0.193838 -0.626114 0.055513 0.1389 0.0000 0.0000
v -0.193838 -0.626082 0.045248 0.1389 0.0000 0.0000
v -0.193838 -0.616998 0.048928 0.1389 0.0000 0.0000
v -0.193838 -0.615868 0.039234 0.1389 0.0000 0.0000
v -0.193838 -0.606916 0.044850 0.1389 0.0000 0.0000
v -0.193838 -0.604854 0.035810 0.1389 0.0000 0.0000
v -0.193838 -0.596340 0.043469 0.1389 0.0000 0.0000
v -0.193838 -0.593492 0.035118 0.1389 0.0000 0.0000
v -0.193838 -0.585763 0.044850 0.1389 0.0000 0.0000
v -0.193838 -0.582246 0.037187 0.1389 0.0000 0.0000
v -0.193838 -0.575682 0.048928 0.1389 0.0000 0.0000
v -0.193838 -0.571577 0.041930 0.1389 0.0000 0.0000
v -0.193838 -0.566566 0.055513 0.1389 0.0000 0.0000
v -0.193838 -0.561922 0.049154 0.1389 0.0000 0.0000
v -0.193838 -0.558842 0.064296 0.1389 0.0000 0.0000
v -0.193838 -0.553677 0.058564 0.1389 0.0000 0.0000
v -0.193838 -0.552872 0.074866 0.1389 0.0000 0.0000
v -0.193838 -0.547177 0.069774 0.1389 0.0000 0.0000
v -0.193838 -0.548934 0.086731 0.1389 0.0000 0.0000
v -0.193838 -0.542691 0.082325 0.1389 0.0000 0.0000
v -0.193838 -0.547213 0.099334 0.1389 0.0000 0.0000
v -0.193838 -0.540401 0.095703 0.1389 0.0000 0.0000
v -0.193838 -0.547789 0.112087 0.1389 0.0000 0.0000
v -0.193838 -0.540401 0.109361 0.1389 0.0000 0.0000
v -0.193838 -0.550635 0.124393 0.1389 0.0000 0.0000
v -0.193838 -0.542691 0.122739 0.1389 0.0000 0.0000
v -0.193838 -0.555618 0.135677 0.1389 0.0000 0.0000
v -0.193838 -0.547177 0.135290 0.1389 0.0000 0.0000
v -0.193838 -0.553677 0.146499 0.1389 0.0000 0.0000
v -0.377276 -0.601760 0.164441 0.1389 0.0000 0.0000
v -0.379775 -0.612364 0.161735 0.1389 0.0000 0.0000
v -0.377276 -0.612364 0.161735 0.1389 0.0000 0.0000
v -0.379775 -0.622267 0.156442 0.1389 0.0000 0.0000
v -0.377276 -0.622267 0.156442 0.1389 0.0000 0.0000
v -0.379775 -0.631037 0.148793 0.1389 0.0000 0.0000
v -0.377276 -0.631037 0.148793 0.1389 0.0000 0.0000
v -0.379775 -0.638291 0.139121 0.1389 0.0000 0.0000
v -0.377276 -0.638291 0.139121 0.1389 0.0000 0.0000
v -0.379775 -0.643711 0.127851 0.1389 0.0000 0.0000
v -0.377276 -0.643711 0.127851 0.1389 0.0000 0.0000
v -0.379775 -0.647061 0.115474 0.1389 0.0000 0.0000
v -0.377276 -0.647061 0.115474 0.1389 0.0000 0.0000
v -0.379775 -0.648194 0.102532 0.1389 0.0000 0.0000
v -0.377276 -0.648194 0.102532 0.1389 0.0000 0.0000
v -0.379775 -0.647061 0.089589 0.1389 0.0000 0.0000
v -0.377276 -0.647061 0.089589 0.1389 0.0000 0.0000
v -0.379775 -0.643711 0.077212 0.1389 0.0000 0.0000
v -0.377276 -0.643711 0.077212 0.1389 0.0000 0.0000
v -0.379775 -0.638291 0.065942 0.1389 0.0000 0.0000
v -0.377276 -0.638291 0.065942 0.1389 0.0000 0.0000
v -0.379775 -0.631037 0.056271 0.1389 0.0000 0.0000
v -0.377276 -0.631037 0.056271 0.1389 0.0000 0.0000
v -0.379775 -0.622267 0.048622 0.1389 0.0000 0.0000
v -0.377276 -0.622267 0.048622 0.1389 0.0000 0.0000
v -0.379775 -0.612364 0.043329 0.1389 0.0000 0.0000
v -0.377276 -0.612364 0.043329 0.1389 0.0000 0.0000
v -0.379775 -0.601760 0.040623 0.1389 0.0000 0.0000
v -0.377276 -0.596340 0.164782 0.1389 0.0000 0.0000
v -0.379775 -0.590919 0.164441 0.1389 0.0000 0.0000
v -0.379775 -0.601760 0.164441 0.1389 0.0000 0.0000
v -0.377276 -0.590919 0.164441 0.1389 0.0000 0.0000
v -0.377276 -0.580316 0.161735 0.1389 0.0000 0.0000
v -0.379775 -0.580316 0.161735 0.1389 0.0000 0.0000
v -0.377276 -0.570413 0.156442 0.1389 0.0000 0.0000
v -0.379775 -0.570413 0.156442 0.1389 0.0000 0.0000
v -0.377276 -0.561642 0.148793 0.1389 0.0000 0.0000
v -0.379775 -0.561642 0.148793 0.1389 0.0000 0.0000
v -0.377276 -0.554389 0.139121 0.1389 0.0000 0.0000
v -0.379775 -0.554389 0.139121 0.1389 0.0000 0.0000
v -0.377276 -0.548968 0.127851 0.1389 0.0000 0.0000
v -0.379775 -0.548968 0.127851 0.1389 0.0000 0.0000
v -0.377276 -0.545619 0.115474 0.1389 0.0000 0.0000
v -0.379775 -0.545619 0.115474 0.1389 0.0000 0.0000
v -0.377276 -0.544485 0.102532 0.1389 0.0000 0.0000
v -0.379775 -0.544485 0.102532 0.1389 0.0000 0.0000
v -0.377276 -0.545619 0.089589 0.1389 0.0000 0.0000
v -0.379775 -0.545619 0.089589 0.1389 0.0000 0.0000
v -0.377276 -0.548968 0.077212 0.1389 0.0000 0.0000
v -0.379775 -0.548968 0.077212 0.1389 0.0000 0.0000
v -0.377276 -0.554389 0.065942 0.1389 0.0000 0.0000
v -0.379775 -0.554389 0.065942 0.1389 0.0000 0.0000
v -0.377276 -0.561642 0.056271 0.1389 0.0000 0.0000
v -0.379775 -0.561642 0.056271 0.1389 0.0000 0.0000
v -0.377276 -0.570413 0.048622 0.1389 0.0000 0.0000
v -0.379775 -0.570413 0.048622 0.1389 0.0000 0.0000
v -0.377276 -0.580316 0.043329 0.1389 0.0000 0.0000
v -0.379775 -0.580316 0.043329 0.1389 0.0000 0.0000
v -0.377276 -0.590919 0.040623 0.1389 0.0000 0.0000
v -0.379775 -0.590919 0.040623 0.1389 0.0000 0.0000
v -0.377276 -0.596340 0.040282 0.1389 0.0000 0.0000
v -0.377276 -0.601760 0.040623 0.1389 0.0000 0.0000
v -0.423508 -0.600547 0.109981 0.1389 0.0000 0.0000
v -0.423508 -0.591486 0.095672 0.1389 0.0000 0.0000
v -0.423508 -0.601782 0.108721 0.1389 0.0000 0.0000
v -0.423508 -0.592828 0.094580 0.1389 0.0000 0.0000
v -0.423508 -0.594334 0.093860 0.1389 0.0000 0.0000
v -0.423508 -0.599115 0.110893 0.1389 0.0000 0.0000
v -0.423508 -0.597553 0.111413 0.1389 0.0000 0.0000
v -0.423508 -0.595934 0.111519 0.1389 0.0000 0.0000
v -0.423508 -0.594334 0.111204 0.1389 0.0000 0.0000
v -0.423508 -0.592828 0.110483 0.1389 0.0000 0.0000
v -0.423508 -0.590371 0.097085 0.1389 0.0000 0.0000
v -0.423508 -0.589536 0.098753 0.1389 0.0000 0.0000
v -0.423508 -0.595934 0.093545 0.1389 0.0000 0.0000
v -0.423508 -0.597553 0.093650 0.1389 0.0000 0.0000
v -0.423508 -0.599115 0.094171 0.1389 0.0000 0.0000
v -0.423508 -0.602587 0.097557 0.1389 0.0000 0.0000
v -0.423508 -0.602587 0.107507 0.1389 0.0000 0.0000
v -0.423508 -0.601782 0.096343 0.1389 0.0000 0.0000
v -0.423508 -0.600547 0.095083 0.1389 0.0000 0.0000
v -0.423508 -0.591486 0.109391 0.1389 0.0000 0.0000
v -0.423508 -0.590371 0.107978 0.1389 0.0000 0.0000
v -0.423508 -0.589536 0.106311 0.1389 0.0000 0.0000
v -0.423508 -0.589018 0.104467 0.1389 0.0000 0.0000
v -0.423508 -0.588843 0.102532 0.1389 0.0000 0.0000
v -0.423508 -0.589018 0.100597 0.1389 0.0000 0.0000
v -0.302307 -0.652567 0.143032 0.1389 0.0000 0.0000
v -0.302307 -0.652567 0.102532 0.1389 0.0000 0.0000
v -0.302307 -0.651416 0.116119 0.1389 0.0000 0.0000
v -0.302307 -0.648010 0.129151 0.1389 0.0000 0.0000
v -0.302307 -0.642489 0.141092 0.1389 0.0000 0.0000
v -0.302307 -0.641322 0.143032 0.1389 0.0000 0.0000
v -0.386023 -0.602587 0.097557 0.1389 0.0000 0.0000
v -0.386023 -0.602587 0.107507 0.1389 0.0000 0.0000
v -0.386023 -0.602763 0.097892 0.1389 0.0000 0.0000
v -0.379775 -0.601782 0.096343 0.1389 0.0000 0.0000
v -0.379775 -0.602763 0.097892 0.1389 0.0000 0.0000
v -0.379775 -0.603444 0.099658 0.1389 0.0000 0.0000
v -0.386023 -0.603444 0.099658 0.1389 0.0000 0.0000
v -0.379775 -0.603793 0.101559 0.1389 0.0000 0.0000
v -0.386023 -0.603793 0.101559 0.1389 0.0000 0.0000
v -0.379775 -0.603837 0.102532 0.1389 0.0000 0.0000
v -0.386023 -0.603793 0.103505 0.1389 0.0000 0.0000
v -0.379775 -0.602763 0.107172 0.1389 0.0000 0.0000
v -0.386023 -0.603444 0.105406 0.1389 0.0000 0.0000
v -0.379775 -0.603444 0.105406 0.1389 0.0000 0.0000
v -0.379775 -0.603793 0.103505 0.1389 0.0000 0.0000
v -0.379775 -0.600547 0.095083 0.1389 0.0000 0.0000
v -0.379775 -0.599115 0.094171 0.1389 0.0000 0.0000
v -0.379775 -0.597553 0.093650 0.1389 0.0000 0.0000
v -0.379775 -0.595934 0.093545 0.1389 0.0000 0.0000
v -0.379775 -0.594334 0.093860 0.1389 0.0000 0.0000
v -0.379775 -0.592828 0.094580 0.1389 0.0000 0.0000
v -0.379775 -0.591486 0.095672 0.1389 0.0000 0.0000
v -0.379775 -0.590371 0.097085 0.1389 0.0000 0.0000
v -0.379775 -0.589536 0.098753 0.1389 0.0000 0.0000
v -0.379775 -0.589018 0.100597 0.1389 0.0000 0.0000
v -0.379775 -0.588843 0.102532 0.1389 0.0000 0.0000
v -0.379775 -0.589018 0.104467 0.1389 0.0000 0.0000
v -0.379775 -0.589536 0.106311 0.1389 0.0000 0.0000
v -0.379775 -0.590371 0.107978 0.1389 0.0000 0.0000
v -0.379775 -0.591486 0.109391 0.1389 0.0000 0.0000
v -0.379775 -0.592828 0.110483 0.1389 0.0000 0.0000
v -0.379775 -0.594334 0.111204 0.1389 0.0000 0.0000
v -0.379775 -0.595934 0.111519 0.1389 0.0000 0.0000
v -0.379775 -0.597553 0.111413 0.1389 0.0000 0.0000
v -0.379775 -0.599115 0.110893 0.1389 0.0000 0.0000
v -0.379775 -0.600547 0.109981 0.1389 0.0000 0.0000
v -0.379775 -0.601782 0.108721 0.1389 0.0000 0.0000
v -0.386023 -0.602763 0.107172 0.1389 0.0000 0.0000
v -0.302307 -0.641322 0.062032 0.1389 0.0000 0.0000
v -0.302307 -0.652567 0.062032 0.1389 0.0000 0.0000
v -0.371029 -0.641322 0.062032 0.1389 0.0000 0.0000
v -0.371029 -0.652567 0.062032 0.1389 0.0000 0.0000
v -0.371029 -0.652567 0.035032 0.1389 0.0000 0.0000
v -0.371029 -0.596340 0.035032 0.1389 0.0000 0.0000
v -0.377276 -0.596340 0.035032 0.1389 0.0000 0.0000
v -0.371029 -0.540112 0.035032 0.1389 0.0000 0.0000
v -0.367775 -0.594027 0.035089 0.1389 0.0000 0.0000
v -0.368136 -0.595329 0.035043 0.1389 0.0000 0.0000
v -0.371029 -0.593492 0.035118 0.1389 0.0000 0.0000
v -0.365752 -0.601313 0.035296 0.1389 0.0000 0.0000
v -0.364594 -0.602010 0.035376 0.1389 0.0000 0.0000
v -0.371029 -0.604854 0.035810 0.1389 0.0000 0.0000
v -0.366733 -0.600384 0.035207 0.1389 0.0000 0.0000
v -0.368209 -0.596678 0.035033 0.1389 0.0000 0.0000
v -0.367991 -0.598011 0.035062 0.1389 0.0000 0.0000
v -0.367491 -0.599266 0.035123 0.1389 0.0000 0.0000
v -0.363314 -0.602441 0.035430 0.1389 0.0000 0.0000
v -0.361971 -0.602587 0.035450 0.1389 0.0000 0.0000
v -0.360628 -0.602441 0.035430 0.1389 0.0000 0.0000
v -0.355733 -0.596678 0.035033 0.1389 0.0000 0.0000
v -0.355806 -0.595329 0.035043 0.1389 0.0000 0.0000
v -0.359348 -0.602010 0.035376 0.1389 0.0000 0.0000
v -0.358190 -0.601313 0.035296 0.1389 0.0000 0.0000
v -0.357209 -0.600384 0.035207 0.1389 0.0000 0.0000
v -0.356451 -0.599266 0.035123 0.1389 0.0000 0.0000
v -0.355951 -0.598011 0.035062 0.1389 0.0000 0.0000
v -0.359976 -0.590419 0.035407 0.1389 0.0000 0.0000
v -0.361296 -0.590129 0.035445 0.1389 0.0000 0.0000
v -0.371029 -0.582246 0.037187 0.1389 0.0000 0.0000
v -0.358750 -0.590986 0.035338 0.1389 0.0000 0.0000
v -0.357675 -0.591804 0.035252 0.1389 0.0000 0.0000
v -0.356167 -0.594027 0.035089 0.1389 0.0000 0.0000
v -0.356419 -0.593475 0.035119 0.1389 0.0000 0.0000
v -0.356800 -0.592834 0.035163 0.1389 0.0000 0.0000
v -0.362646 -0.590129 0.035445 0.1389 0.0000 0.0000
v -0.363966 -0.590419 0.035407 0.1389 0.0000 0.0000
v -0.365192 -0.590986 0.035338 0.1389 0.0000 0.0000
v -0.366267 -0.591804 0.035252 0.1389 0.0000 0.0000
v -0.367142 -0.592834 0.035163 0.1389 0.0000 0.0000
v -0.367523 -0.593475 0.035119 0.1389 0.0000 0.0000
v -0.371029 -0.635079 0.151455 0.1389 0.0000 0.0000
v -0.371029 -0.641322 0.143032 0.1389 0.0000 0.0000
v -0.302307 -0.642489 0.063971 0.1389 0.0000 0.0000
v -0.302307 -0.648010 0.075913 0.1389 0.0000 0.0000
v -0.302307 -0.651416 0.088944 0.1389 0.0000 0.0000
v -0.371029 -0.615868 0.039234 0.1389 0.0000 0.0000
v -0.371029 -0.626082 0.045248 0.1389 0.0000 0.0000
v -0.371029 -0.635079 0.053608 0.1389 0.0000 0.0000
v -0.371029 -0.571577 0.041930 0.1389 0.0000 0.0000
v -0.371029 -0.561922 0.049154 0.1389 0.0000 0.0000
v -0.371029 -0.553677 0.058564 0.1389 0.0000 0.0000
v -0.371029 -0.547177 0.069774 0.1389 0.0000 0.0000
v -0.371029 -0.542691 0.082325 0.1389 0.0000 0.0000
v -0.371029 -0.540401 0.095703 0.1389 0.0000 0.0000
v -0.371029 -0.540112 0.102532 0.1389 0.0000 0.0000
v -0.371029 -0.540401 0.109361 0.1389 0.0000 0.0000
v -0.371029 -0.542691 0.122739 0.1389 0.0000 0.0000
v -0.371029 -0.547177 0.135290 0.1389 0.0000 0.0000
v -0.371029 -0.553677 0.146499 0.1389 0.0000 0.0000
v -0.371029 -0.561922 0.155909 0.1389 0.0000 0.0000
v -0.371029 -0.571577 0.163134 0.1389 0.0000 0.0000
v -0.371029 -0.582246 0.167877 0.1389 0.0000 0.0000
v -0.371029 -0.593492 0.169945 0.1389 0.0000 0.0000
v -0.371029 -0.596340 0.170032 0.1389 0.0000 0.0000
v -0.371029 -0.604854 0.169253 0.1389 0.0000 0.0000
v -0.371029 -0.615868 0.165830 0.1389 0.0000 0.0000
v -0.371029 -0.626082 0.159815 0.1389 0.0000 0.0000
v -0.127376 -0.594441 0.057590 0.1389 0.0000 0.0000
v -0.127376 -0.596340 0.057532 0.1389 0.0000 0.0000
v -0.127376 -0.602016 0.058051 0.1389 0.0000 0.0000
v -0.127376 -0.609358 0.060333 0.1389 0.0000 0.0000
v -0.127376 -0.616168 0.064343 0.1389 0.0000 0.0000
v -0.127376 -0.622166 0.069916 0.1389 0.0000 0.0000
v -0.127376 -0.627106 0.076825 0.1389 0.0000 0.0000
v -0.127376 -0.630787 0.084786 0.1389 0.0000 0.0000
v -0.127376 -0.633057 0.093473 0.1389 0.0000 0.0000
v -0.127376 -0.633825 0.102532 0.1389 0.0000 0.0000
v -0.127376 -0.633057 0.111590 0.1389 0.0000 0.0000
v -0.127376 -0.630787 0.120278 0.1389 0.0000 0.0000
v -0.127376 -0.627106 0.128239 0.1389 0.0000 0.0000
v -0.127376 -0.622166 0.135147 0.1389 0.0000 0.0000
v -0.127376 -0.616168 0.140721 0.1389 0.0000 0.0000
v -0.127376 -0.609358 0.144731 0.1389 0.0000 0.0000
v -0.127376 -0.602016 0.147013 0.1389 0.0000 0.0000
v -0.127376 -0.596340 0.147532 0.1389 0.0000 0.0000
v -0.127376 -0.594441 0.147474 0.1389 0.0000 0.0000
v -0.127376 -0.586944 0.146095 0.1389 0.0000 0.0000
v -0.127376 -0.579831 0.142933 0.1389 0.0000 0.0000
v -0.127376 -0.573395 0.138117 0.1389 0.0000 0.0000
v -0.127376 -0.567898 0.131844 0.1389 0.0000 0.0000
v -0.127376 -0.563565 0.124370 0.1389 0.0000 0.0000
v -0.127376 -0.560574 0.116003 0.1389 0.0000 0.0000
v -0.127376 -0.559047 0.107084 0.1389 0.0000 0.0000
v -0.127376 -0.559047 0.097979 0.1389 0.0000 0.0000
v -0.127376 -0.560574 0.089060 0.1389 0.0000 0.0000
v -0.127376 -0.563565 0.080693 0.1389 0.0000 0.0000
v -0.127376 -0.567898 0.073220 0.1389 0.0000 0.0000
v -0.127376 -0.573395 0.066947 0.1389 0.0000 0.0000
v -0.127376 -0.579831 0.062131 0.1389 0.0000 0.0000
v -0.127376 -0.586944 0.058968 0.1389 0.0000 0.0000
v -0.371029 -0.643786 0.042849 0.1389 0.0000 0.0000
v -0.371029 -0.644562 0.043342 0.1389 0.0000 0.0000
v -0.371029 -0.639654 0.043662 0.1389 0.0000 0.0000
v -0.371029 -0.640381 0.043070 0.1389 0.0000 0.0000
v -0.371029 -0.646132 0.048934 0.1389 0.0000 0.0000
v -0.371029 -0.645763 0.049891 0.1389 0.0000 0.0000
v -0.371029 -0.645231 0.050730 0.1389 0.0000 0.0000
v -0.371029 -0.645231 0.044025 0.1389 0.0000 0.0000
v -0.371029 -0.645763 0.044864 0.1389 0.0000 0.0000
v -0.371029 -0.646132 0.045821 0.1389 0.0000 0.0000
v -0.371029 -0.644562 0.051412 0.1389 0.0000 0.0000
v -0.371029 -0.643786 0.051906 0.1389 0.0000 0.0000
v -0.371029 -0.642940 0.052188 0.1389 0.0000 0.0000
v -0.371029 -0.642063 0.052245 0.1389 0.0000 0.0000
v -0.371029 -0.641197 0.042680 0.1389 0.0000 0.0000
v -0.371029 -0.642063 0.042510 0.1389 0.0000 0.0000
v -0.371029 -0.642940 0.042567 0.1389 0.0000 0.0000
v -0.371029 -0.646320 0.046850 0.1389 0.0000 0.0000
v -0.371029 -0.646344 0.047377 0.1389 0.0000 0.0000
v -0.371029 -0.646320 0.047905 0.1389 0.0000 0.0000
v -0.371029 -0.639654 0.051093 0.1389 0.0000 0.0000
v -0.371029 -0.640381 0.051685 0.1389 0.0000 0.0000
v -0.371029 -0.641197 0.052075 0.1389 0.0000 0.0000
v -0.371029 -0.639050 0.050328 0.1389 0.0000 0.0000
v -0.371029 -0.638598 0.049424 0.1389 0.0000 0.0000
v -0.371029 -0.638317 0.048425 0.1389 0.0000 0.0000
v -0.371029 -0.638222 0.047377 0.1389 0.0000 0.0000
v -0.371029 -0.638317 0.046329 0.1389 0.0000 0.0000
v -0.371029 -0.638598 0.045331 0.1389 0.0000 0.0000
v -0.371029 -0.639050 0.044427 0.1389 0.0000 0.0000
v -0.371029 -0.540112 0.170032 0.1389 0.0000 0.0000
v -0.377276 -0.540112 0.102532 0.1389 0.0000 0.0000
v -0.377276 -0.645763 0.155173 0.1389 0.0000 0.0000
v -0.377276 -0.645231 0.154334 0.1389 0.0000 0.0000
v -0.377276 -0.652567 0.102532 0.1389 0.0000 0.0000
v -0.377276 -0.642940 0.162497 0.1389 0.0000 0.0000
v -0.377276 -0.643786 0.162215 0.1389 0.0000 0.0000
v -0.377276 -0.645763 0.160199 0.1389 0.0000 0.0000
v -0.377276 -0.646132 0.159243 0.1389 0.0000 0.0000
v -0.377276 -0.646320 0.158213 0.1389 0.0000 0.0000
v -0.377276 -0.644562 0.153651 0.1389 0.0000 0.0000
v -0.377276 -0.643786 0.153157 0.1389 0.0000 0.0000
v -0.377276 -0.642940 0.152875 0.1389 0.0000 0.0000
v -0.377276 -0.644562 0.161721 0.1389 0.0000 0.0000
v -0.377276 -0.645231 0.161039 0.1389 0.0000 0.0000
v -0.377276 -0.646344 0.157686 0.1389 0.0000 0.0000
v -0.377276 -0.646320 0.157159 0.1389 0.0000 0.0000
v -0.377276 -0.646132 0.156130 0.1389 0.0000 0.0000
v -0.377276 -0.639654 0.153971 0.1389 0.0000 0.0000
v -0.377276 -0.640381 0.153379 0.1389 0.0000 0.0000
v -0.377276 -0.641197 0.152989 0.1389 0.0000 0.0000
v -0.377276 -0.639050 0.154736 0.1389 0.0000 0.0000
v -0.377276 -0.638598 0.155639 0.1389 0.0000 0.0000
v -0.377276 -0.639654 0.161402 0.1389 0.0000 0.0000
v -0.377276 -0.596340 0.170032 0.1389 0.0000 0.0000
v -0.377276 -0.639050 0.160636 0.1389 0.0000 0.0000
v -0.377276 -0.638598 0.159733 0.1389 0.0000 0.0000
v -0.377276 -0.640381 0.161993 0.1389 0.0000 0.0000
v -0.377276 -0.641197 0.162383 0.1389 0.0000 0.0000
v -0.377276 -0.642063 0.162554 0.1389 0.0000 0.0000
v -0.377276 -0.638317 0.156638 0.1389 0.0000 0.0000
v -0.377276 -0.638222 0.157686 0.1389 0.0000 0.0000
v -0.377276 -0.638317 0.158734 0.1389 0.0000 0.0000
v -0.377276 -0.551899 0.153157 0.1389 0.0000 0.0000
v -0.377276 -0.551053 0.152875 0.1389 0.0000 0.0000
v -0.377276 -0.550176 0.162554 0.1389 0.0000 0.0000
v -0.377276 -0.551053 0.162497 0.1389 0.0000 0.0000
v -0.377276 -0.552675 0.161721 0.1389 0.0000 0.0000
v -0.377276 -0.553344 0.161039 0.1389 0.0000 0.0000
v -0.377276 -0.549310 0.152989 0.1389 0.0000 0.0000
v -0.377276 -0.548494 0.153379 0.1389 0.0000 0.0000
v -0.377276 -0.547767 0.153971 0.1389 0.0000 0.0000
v -0.377276 -0.547163 0.154736 0.1389 0.0000 0.0000
v -0.377276 -0.551899 0.162215 0.1389 0.0000 0.0000
v -0.377276 -0.546711 0.155639 0.1389 0.0000 0.0000
v -0.377276 -0.546430 0.156638 0.1389 0.0000 0.0000
v -0.377276 -0.546335 0.157686 0.1389 0.0000 0.0000
v -0.377276 -0.546430 0.158734 0.1389 0.0000 0.0000
v -0.377276 -0.546711 0.159733 0.1389 0.0000 0.0000
v -0.377276 -0.547163 0.160636 0.1389 0.0000 0.0000
v -0.377276 -0.547767 0.161402 0.1389 0.0000 0.0000
v -0.377276 -0.548494 0.161993 0.1389 0.0000 0.0000
v -0.377276 -0.549310 0.162383 0.1389 0.0000 0.0000
v -0.377276 -0.554433 0.157159 0.1389 0.0000 0.0000
v -0.377276 -0.554244 0.156130 0.1389 0.0000 0.0000
v -0.377276 -0.553876 0.155173 0.1389 0.0000 0.0000
v -0.377276 -0.553344 0.154334 0.1389 0.0000 0.0000
v -0.377276 -0.552675 0.153651 0.1389 0.0000 0.0000
v -0.377276 -0.550176 0.152818 0.1389 0.0000 0.0000
v -0.377276 -0.553876 0.160199 0.1389 0.0000 0.0000
v -0.377276 -0.554244 0.159243 0.1389 0.0000 0.0000
v -0.377276 -0.554433 0.158213 0.1389 0.0000 0.0000
v -0.377276 -0.554457 0.157686 0.1389 0.0000 0.0000
v -0.377276 -0.553344 0.044025 0.1389 0.0000 0.0000
v -0.377276 -0.552675 0.043342 0.1389 0.0000 0.0000
v -0.377276 -0.547767 0.043662 0.1389 0.0000 0.0000
v -0.377276 -0.548494 0.043070 0.1389 0.0000 0.0000
v -0.377276 -0.549310 0.042680 0.1389 0.0000 0.0000
v -0.377276 -0.547163 0.044427 0.1389 0.0000 0.0000
v -0.377276 -0.546711 0.045331 0.1389 0.0000 0.0000
v -0.377276 -0.546430 0.046329 0.1389 0.0000 0.0000
v -0.377276 -0.554244 0.048934 0.1389 0.0000 0.0000
v -0.377276 -0.553876 0.049891 0.1389 0.0000 0.0000
v -0.377276 -0.553344 0.050730 0.1389 0.0000 0.0000
v -0.377276 -0.546335 0.047377 0.1389 0.0000 0.0000
v -0.377276 -0.546430 0.048425 0.1389 0.0000 0.0000
v -0.377276 -0.546711 0.049424 0.1389 0.0000 0.0000
v -0.377276 -0.547163 0.050328 0.1389 0.0000 0.0000
v -0.377276 -0.547767 0.051093 0.1389 0.0000 0.0000
v -0.377276 -0.548494 0.051685 0.1389 0.0000 0.0000
v -0.377276 -0.549310 0.052075 0.1389 0.0000 0.0000
v -0.377276 -0.552675 0.051412 0.1389 0.0000 0.0000
v -0.377276 -0.551899 0.051906 0.1389 0.0000 0.0000
v -0.377276 -0.554244 0.045821 0.1389 0.0000 0.0000
v -0.377276 -0.553876 0.044864 0.1389 0.0000 0.0000
v -0.377276 -0.551899 0.042849 0.1389 0.0000 0.0000
v -0.377276 -0.551053 0.042567 0.1389 0.0000 0.0000
v -0.377276 -0.550176 0.042510 0.1389 0.0000 0.0000
v -0.377276 -0.550176 0.052245 0.1389 0.0000 0.0000
v -0.377276 -0.551053 0.052188 0.1389 0.0000 0.0000
v -0.377276 -0.554433 0.047905 0.1389 0.0000 0.0000
v -0.377276 -0.554457 0.047377 0.1389 0.0000 0.0000
v -0.377276 -0.554433 0.046850 0.1389 0.0000 0.0000
v -0.377276 -0.646320 0.046850 0.1389 0.0000 0.0000
v -0.377276 -0.646132 0.045821 0.1389 0.0000 0.0000
v -0.377276 -0.645231 0.050730 0.1389 0.0000 0.0000
v -0.377276 -0.645763 0.049891 0.1389 0.0000 0.0000
v -0.377276 -0.642940 0.042567 0.1389 0.0000 0.0000
v -0.377276 -0.643786 0.042849 0.1389 0.0000 0.0000
v -0.377276 -0.644562 0.043342 0.1389 0.0000 0.0000
v -0.377276 -0.645763 0.044864 0.1389 0.0000 0.0000
v -0.377276 -0.645231 0.044025 0.1389 0.0000 0.0000
v -0.377276 -0.642063 0.152818 0.1389 0.0000 0.0000
v -0.377276 -0.642063 0.042510 0.1389 0.0000 0.0000
v -0.377276 -0.641197 0.042680 0.1389 0.0000 0.0000
v -0.377276 -0.640381 0.043070 0.1389 0.0000 0.0000
v -0.377276 -0.639654 0.043662 0.1389 0.0000 0.0000
v -0.377276 -0.642940 0.052188 0.1389 0.0000 0.0000
v -0.377276 -0.643786 0.051906 0.1389 0.0000 0.0000
v -0.377276 -0.644562 0.051412 0.1389 0.0000 0.0000
v -0.377276 -0.646132 0.048934 0.1389 0.0000 0.0000
v -0.377276 -0.646320 0.047905 0.1389 0.0000 0.0000
v -0.377276 -0.646344 0.047377 0.1389 0.0000 0.0000
v -0.377276 -0.639050 0.044427 0.1389 0.0000 0.0000
v -0.377276 -0.638598 0.045331 0.1389 0.0000 0.0000
v -0.377276 -0.638317 0.046329 0.1389 0.0000 0.0000
v -0.377276 -0.641197 0.052075 0.1389 0.0000 0.0000
v -0.377276 -0.642063 0.052245 0.1389 0.0000 0.0000
v -0.377276 -0.638598 0.049424 0.1389 0.0000 0.0000
v -0.377276 -0.638317 0.048425 0.1389 0.0000 0.0000
v -0.377276 -0.639050 0.050328 0.1389 0.0000 0.0000
v -0.377276 -0.639654 0.051093 0.1389 0.0000 0.0000
v -0.377276 -0.640381 0.051685 0.1389 0.0000 0.0000
v -0.377276 -0.638222 0.047377 0.1389 0.0000 0.0000
v -0.371029 -0.551053 0.162497 0.1389 0.0000 0.0000
v -0.371029 -0.550176 0.162554 0.1389 0.0000 0.0000
v -0.371029 -0.549310 0.162383 0.1389 0.0000 0.0000
v -0.371029 -0.548494 0.161993 0.1389 0.0000 0.0000
v -0.371029 -0.547767 0.161402 0.1389 0.0000 0.0000
v -0.371029 -0.547163 0.160636 0.1389 0.0000 0.0000
v -0.371029 -0.546711 0.159733 0.1389 0.0000 0.0000
v -0.371029 -0.546430 0.158734 0.1389 0.0000 0.0000
v -0.371029 -0.547163 0.154736 0.1389 0.0000 0.0000
v -0.371029 -0.547767 0.153971 0.1389 0.0000 0.0000
v -0.371029 -0.551899 0.153157 0.1389 0.0000 0.0000
v -0.371029 -0.552675 0.153651 0.1389 0.0000 0.0000
v -0.371029 -0.553344 0.154334 0.1389 0.0000 0.0000
v -0.371029 -0.553876 0.155173 0.1389 0.0000 0.0000
v -0.371029 -0.554244 0.156130 0.1389 0.0000 0.0000
v -0.371029 -0.554244 0.159243 0.1389 0.0000 0.0000
v -0.371029 -0.553876 0.160199 0.1389 0.0000 0.0000
v -0.371029 -0.553344 0.161039 0.1389 0.0000 0.0000
v -0.371029 -0.552675 0.161721 0.1389 0.0000 0.0000
v -0.371029 -0.546335 0.157686 0.1389 0.0000 0.0000
v -0.371029 -0.546430 0.156638 0.1389 0.0000 0.0000
v -0.371029 -0.546711 0.155639 0.1389 0.0000 0.0000
v -0.371029 -0.548494 0.153379 0.1389 0.0000 0.0000
v -0.371029 -0.549310 0.152989 0.1389 0.0000 0.0000
v -0.371029 -0.550176 0.152818 0.1389 0.0000 0.0000
v -0.371029 -0.551053 0.152875 0.1389 0.0000 0.0000
v -0.371029 -0.551899 0.162215 0.1389 0.0000 0.0000
v -0.371029 -0.554433 0.157159 0.1389 0.0000 0.0000
v -0.371029 -0.554457 0.157686 0.1389 0.0000 0.0000
v -0.371029 -0.554433 0.158213 0.1389 0.0000 0.0000
v -0.127376 -0.596340 0.102532 0.1389 0.0000 0.0000
v -0.356167 -0.594027 0.072532 0.1389 0.0000 0.0000
v -0.356800 -0.592834 0.072532 0.1389 0.0000 0.0000
v -0.357675 -0.591804 0.072532 0.1389 0.0000 0.0000
v -0.358750 -0.590986 0.072532 0.1389 0.0000 0.0000
v -0.359976 -0.590419 0.072532 0.1389 0.0000 0.0000
v -0.361296 -0.590129 0.072532 0.1389 0.0000 0.0000
v -0.361971 -0.590092 0.072532 0.1389 0.0000 0.0000
v -0.367142 -0.592834 0.072532 0.1389 0.0000 0.0000
v -0.366267 -0.591804 0.072532 0.1389 0.0000 0.0000
v -0.365192 -0.590986 0.072532 0.1389 0.0000 0.0000
v -0.363966 -0.590419 0.072532 0.1389 0.0000 0.0000
v -0.362646 -0.590129 0.072532 0.1389 0.0000 0.0000
v -0.355806 -0.595329 0.072532 0.1389 0.0000 0.0000
v -0.355733 -0.596678 0.072532 0.1389 0.0000 0.0000
v -0.355951 -0.598011 0.072532 0.1389 0.0000 0.0000
v -0.356451 -0.599266 0.072532 0.1389 0.0000 0.0000
v -0.357209 -0.600384 0.072532 0.1389 0.0000 0.0000
v -0.358190 -0.601313 0.072532 0.1389 0.0000 0.0000
v -0.359348 -0.602010 0.072532 0.1389 0.0000 0.0000
v -0.360628 -0.602441 0.072532 0.1389 0.0000 0.0000
v -0.361971 -0.602587 0.072532 0.1389 0.0000 0.0000
v -0.363314 -0.602441 0.072532 0.1389 0.0000 0.0000
v -0.364594 -0.602010 0.072532 0.1389 0.0000 0.0000
v -0.365752 -0.601313 0.072532 0.1389 0.0000 0.0000
v -0.366733 -0.600384 0.072532 0.1389 0.0000 0.0000
v -0.367491 -0.599266 0.072532 0.1389 0.0000 0.0000
v -0.367991 -0.598011 0.072532 0.1389 0.0000 0.0000
v -0.368209 -0.596678 0.072532 0.1389 0.0000 0.0000
v -0.368136 -0.595329 0.072532 0.1389 0.0000 0.0000
v -0.367775 -0.594027 0.072532 0.1389 0.0000 0.0000
v -0.371029 -0.646320 0.158213 0.1389 0.0000 0.0000
v -0.371029 -0.646132 0.159243 0.1389 0.0000 0.0000
v -0.371029 -0.652567 0.170032 0.1389 0.0000 0.0000
v -0.371029 -0.645763 0.160199 0.1389 0.0000 0.0000
v -0.371029 -0.645231 0.161039 0.1389 0.0000 0.0000
v -0.371029 -0.641197 0.152989 0.1389 0.0000 0.0000
v -0.371029 -0.642063 0.152818 0.1389 0.0000 0.0000
v -0.371029 -0.642940 0.152875 0.1389 0.0000 0.0000
v -0.371029 -0.652567 0.143032 0.1389 0.0000 0.0000
v -0.371029 -0.643786 0.153157 0.1389 0.0000 0.0000
v -0.371029 -0.644562 0.153651 0.1389 0.0000 0.0000
v -0.371029 -0.645231 0.154334 0.1389 0.0000 0.0000
v -0.371029 -0.645763 0.155173 0.1389 0.0000 0.0000
v -0.371029 -0.644562 0.161721 0.1389 0.0000 0.0000
v -0.371029 -0.643786 0.162215 0.1389 0.0000 0.0000
v -0.371029 -0.642940 0.162497 0.1389 0.0000 0.0000
v -0.371029 -0.638598 0.159733 0.1389 0.0000 0.0000
v -0.371029 -0.639050 0.160636 0.1389 0.0000 0.0000
v -0.371029 -0.639654 0.161402 0.1389 0.0000 0.0000
v -0.371029 -0.646132 0.156130 0.1389 0.0000 0.0000
v -0.371029 -0.646320 0.157159 0.1389 0.0000 0.0000
v -0.371029 -0.646344 0.157686 0.1389 0.0000 0.0000
v -0.371029 -0.642063 0.162554 0.1389 0.0000 0.0000
v -0.371029 -0.641197 0.162383 0.1389 0.0000 0.0000
v -0.371029 -0.640381 0.161993 0.1389 0.0000 0.0000
v -0.371029 -0.638598 0.155639 0.1389 0.0000 0.0000
v -0.371029 -0.638317 0.156638 0.1389 0.0000 0.0000
v -0.371029 -0.638222 0.157686 0.1389 0.0000 0.0000
v -0.371029 -0.638317 0.158734 0.1389 0.0000 0.0000
v -0.371029 -0.639050 0.154736 0.1389 0.0000 0.0000
v -0.371029 -0.639654 0.153971 0.1389 0.0000 0.0000
v -0.371029 -0.640381 0.153379 0.1389 0.0000 0.0000
v -0.371029 -0.546335 0.047377 0.1389 0.0000 0.0000
v -0.371029 -0.546430 0.048425 0.1389 0.0000 0.0000
v -0.371029 -0.546711 0.049424 0.1389 0.0000 0.0000
v -0.371029 -0.547163 0.050328 0.1389 0.0000 0.0000
v -0.371029 -0.547767 0.051093 0.1389 0.0000 0.0000
v -0.371029 -0.548494 0.051685 0.1389 0.0000 0.0000
v -0.371029 -0.549310 0.052075 0.1389 0.0000 0.0000
v -0.371029 -0.550176 0.052245 0.1389 0.0000 0.0000
v -0.371029 -0.551053 0.052188 0.1389 0.0000 0.0000
v -0.371029 -0.551899 0.051906 0.1389 0.0000 0.0000
v -0.371029 -0.552675 0.051412 0.1389 0.0000 0.0000
v -0.371029 -0.553344 0.050730 0.1389 0.0000 0.0000
v -0.371029 -0.553876 0.049891 0.1389 0.0000 0.0000
v -0.371029 -0.554244 0.048934 0.1389 0.0000 0.0000
v -0.371029 -0.554433 0.047905 0.1389 0.0000 0.0000
v -0.371029 -0.554457 0.047377 0.1389 0.0000 0.0000
v -0.371029 -0.554433 0.046850 0.1389 0.0000 0.0000
v -0.371029 -0.554244 0.045821 0.1389 0.0000 0.0000
v -0.371029 -0.553876 0.044864 0.1389 0.0000 0.0000
v -0.371029 -0.553344 0.044025 0.1389 0.0000 0.0000
v -0.371029 -0.552675 0.043342 0.1389 0.0000 0.0000
v -0.371029 -0.551899 0.042849 0.1389 0.0000 0.0000
v -0.371029 -0.551053 0.042567 0.1389 0.0000 0.0000
v -0.371029 -0.550176 0.042510 0.1389 0.0000 0.0000
v -0.371029 -0.549310 0.042680 0.1389 0.0000 0.0000
v -0.371029 -0.548494 0.043070 0.1389 0.0000 0.0000
v -0.371029 -0.547767 0.043662 0.1389 0.0000 0.0000
v -0.371029 -0.547163 0.044427 0.1389 0.0000 0.0000
v -0.371029 -0.546711 0.045331 0.1389 0.0000 0.0000
v -0.371029 -0.546430 0.046329 0.1389 0.0000 0.0000
v -0.361971 -0.596340 0.072532 0.1389 0.0000 0.0000
v -0.294115 -0.499573 0.112532 0.1389 0.0000 0.0000
v -0.291755 -0.499156 0.117532 0.1389 0.0000 0.0000
v -0.294115 -0.499573 0.122532 0.1389 0.0000 0.0000
v -0.298836 -0.500545 0.122532 0.1389 0.0000 0.0000
v -0.301196 -0.500961 0.117532 0.1389 0.0000 0.0000
v -0.298836 -0.500545 0.112532 0.1389 0.0000 0.0000
v -0.299252 -0.498879 0.112532 0.1389 0.0000 0.0000
v -0.301473 -0.499434 0.117532 0.1389 0.0000 0.0000
v -0.299252 -0.498879 0.122532 0.1389 0.0000 0.0000
v -0.294532 -0.498046 0.122532 0.1389 0.0000 0.0000
v -0.292172 -0.497490 0.117532 0.1389 0.0000 0.0000
v -0.294532 -0.498046 0.112532 0.1389 0.0000 0.0000
v -0.406987 0.042710 0.112532 0.1389 0.0000 0.0000
v -0.409347 0.042294 0.117532 0.1389 0.0000 0.0000
v -0.406987 0.042710 0.122532 0.1389 0.0000 0.0000
v -0.402267 0.043682 0.122532 0.1389 0.0000 0.0000
v -0.399906 0.044099 0.117532 0.1389 0.0000 0.0000
v -0.402267 0.043682 0.112532 0.1389 0.0000 0.0000
v -0.401850 0.042016 0.112532 0.1389 0.0000 0.0000
v -0.399490 0.042571 0.117532 0.1389 0.0000 0.0000
v -0.401850 0.042016 0.122532 0.1389 0.0000 0.0000
v -0.406570 0.041183 0.122532 0.1389 0.0000 0.0000
v -0.408930 0.040628 0.117532 0.1389 0.0000 0.0000
v -0.406570 0.041183 0.112532 0.1389 0.0000 0.0000
v -0.294115 -0.499573 0.072532 0.1389 0.0000 0.0000
v -0.291755 -0.499156 0.077532 0.1389 0.0000 0.0000
v -0.294115 -0.499573 0.082532 0.1389 0.0000 0.0000
v -0.298836 -0.500545 0.082532 0.1389 0.0000 0.0000
v -0.301196 -0.500961 0.077532 0.1389 0.0000 0.0000
v -0.298836 -0.500545 0.072532 0.1389 0.0000 0.0000
v -0.299252 -0.498879 0.072532 0.1389 0.0000 0.0000
v -0.301473 -0.499434 0.077532 0.1389 0.0000 0.0000
v -0.299252 -0.498879 0.082532 0.1389 0.0000 0.0000
v -0.294532 -0.498046 0.082532 0.1389 0.0000 0.0000
v -0.292172 -0.497490 0.077532 0.1389 0.0000 0.0000
v -0.294532 -0.498046 0.072532 0.1389 0.0000 0.0000
v -0.406987 0.042710 0.072532 0.1389 0.0000 0.0000
v -0.409347 0.042294 0.077532 0.1389 0.0000 0.0000
v -0.406987 0.042710 0.082532 0.1389 0.0000 0.0000
v -0.402267 0.043682 0.082532 0.1389 0.0000 0.0000
v -0.399906 0.044099 0.077532 0.1389 0.0000 0.0000
v -0.402267 0.043682 0.072532 0.1389 0.0000 0.0000
v -0.401850 0.042016 0.072532 0.1389 0.0000 0.0000
v -0.399490 0.042571 0.077532 0.1389 0.0000 0.0000
v -0.401850 0.042016 0.082532 0.1389 0.0000 0.0000
v -0.406570 0.041183 0.082532 0.1389 0.0000 0.0000
v -0.408930 0.040628 0.077532 0.1389 0.0000 0.0000
v -0.406570 0.041183 0.072532 0.1389 0.0000 0.0000
v 0.104892 -0.333389 0.112532 0.1389 0.0000 0.0000
v 0.106835 -0.332001 0.117532 0.1389 0.0000 0.0000
v 0.104892 -0.333389 0.122532 0.1389 0.0000 0.0000
v 0.100866 -0.336027 0.122532 0.1389 0.0000 0.0000
v 0.098922 -0.337277 0.117532 0.1389 0.0000 0.0000
v 0.100866 -0.336027 0.112532 0.1389 0.0000 0.0000
v 0.099894 -0.334639 0.112532 0.1389 0.0000 0.0000
v 0.097950 -0.335888 0.117532 0.1389 0.0000 0.0000
v 0.099894 -0.334639 0.122532 0.1389 0.0000 0.0000
v 0.103920 -0.332001 0.122532 0.1389 0.0000 0.0000
v 0.106002 -0.330613 0.117532 0.1389 0.0000 0.0000
v 0.103920 -0.332001 0.112532 0.1389 0.0000 0.0000
v -0.206928 0.124622 0.112532 0.1389 0.0000 0.0000
v -0.208872 0.123234 0.117532 0.1389 0.0000 0.0000
v -0.206928 0.124622 0.122532 0.1389 0.0000 0.0000
v -0.202902 0.127260 0.122532 0.1389 0.0000 0.0000
v -0.200819 0.128648 0.117532 0.1389 0.0000 0.0000
v -0.202902 0.127260 0.112532 0.1389 0.0000 0.0000
v -0.201930 0.125871 0.112532 0.1389 0.0000 0.0000
v -0.199986 0.127260 0.117532 0.1389 0.0000 0.0000
v -0.201930 0.125871 0.122532 0.1389 0.0000 0.0000
v -0.205956 0.123234 0.122532 0.1389 0.0000 0.0000
v -0.207900 0.121845 0.117532 0.1389 0.0000 0.0000
v -0.205956 0.123234 0.112532 0.1389 0.0000 0.0000
v 0.104892 -0.333389 0.072532 0.1389 0.0000 0.0000
v 0.106835 -0.332001 0.077532 0.1389 0.0000 0.0000
v 0.104892 -0.333389 0.082532 0.1389 0.0000 0.0000
v 0.100866 -0.336027 0.082532 0.1389 0.0000 0.0000
v 0.098922 -0.337277 0.077532 0.1389 0.0000 0.0000
v 0.100866 -0.336027 0.072532 0.1389 0.0000 0.0000
v 0.099894 -0.334639 0.072532 0.1389 0.0000 0.0000
v 0.097950 -0.335888 0.077532 0.1389 0.0000 0.0000
v 0.099894 -0.334639 0.082532 0.1389 0.0000 0.0000
v 0.103920 -0.332001 0.082532 0.1389 0.0000 0.0000
v 0.106002 -0.330613 0.077532 0.1389 0.0000 0.0000
v 0.103920 -0.332001 0.072532 0.1389 0.0000 0.0000
v -0.206928 0.124622 0.072532 0.1389 0.0000 0.0000
v -0.208872 0.123234 0.077532 0.1389 0.0000 0.0000
v -0.206928 0.124622 0.082532 0.1389 0.0000 0.0000
v -0.202902 0.127260 0.082532 0.1389 0.0000 0.0000
v -0.200819 0.128648 0.077532 0.1389 0.0000 0.0000
v -0.202902 0.127260 0.072532 0.1389 0.0000 0.0000
v -0.201930 0.125871 0.072532 0.1389 0.0000 0.0000
v -0.199986 0.127260 0.077532 0.1389 0.0000 0.0000
v -0.201930 0.125871 0.082532 0.1389 0.0000 0.0000
v -0.205956 0.123234 0.082532 0.1389 0.0000 0.0000
v -0.207900 0.121845 0.077532 0.1389 0.0000 0.0000
v -0.205956 0.123234 0.072532 0.1389 0.0000 0.0000
v 0.409908 -0.026984 0.112532 0.1389 0.0000 0.0000
v 0.411158 -0.025040 0.117532 0.1389 0.0000 0.0000
v 0.409908 -0.026984 0.122532 0.1389 0.0000 0.0000
v 0.407271 -0.031010 0.122532 0.1389 0.0000 0.0000
v 0.405882 -0.032954 0.117532 0.1389 0.0000 0.0000
v 0.407271 -0.031010 0.112532 0.1389 0.0000 0.0000
v 0.405882 -0.030038 0.112532 0.1389 0.0000 0.0000
v 0.404494 -0.032121 0.117532 0.1389 0.0000 0.0000
v 0.405882 -0.030038 0.122532 0.1389 0.0000 0.0000
v 0.408520 -0.026012 0.122532 0.1389 0.0000 0.0000
v 0.409770 -0.024069 0.117532 0.1389 0.0000 0.0000
v 0.408520 -0.026012 0.112532 0.1389 0.0000 0.0000
v -0.053378 0.276783 0.112532 0.1389 0.0000 0.0000
v -0.054767 0.274701 0.117532 0.1389 0.0000 0.0000
v -0.053378 0.276783 0.122532 0.1389 0.0000 0.0000
v -0.050741 0.280809 0.122532 0.1389 0.0000 0.0000
v -0.049352 0.282753 0.117532 0.1389 0.0000 0.0000
v -0.050741 0.280809 0.112532 0.1389 0.0000 0.0000
v -0.049352 0.279837 0.112532 0.1389 0.0000 0.0000
v -0.047964 0.281781 0.117532 0.1389 0.0000 0.0000
v -0.049352 0.279837 0.122532 0.1389 0.0000 0.0000
v -0.051990 0.275811 0.122532 0.1389 0.0000 0.0000
v -0.053378 0.273868 0.117532 0.1389 0.0000 0.0000
v -0.051990 0.275811 0.112532 0.1389 0.0000 0.0000
v 0.409908 -0.026984 0.072532 0.1389 0.0000 0.0000
v 0.411158 -0.025040 0.077532 0.1389 0.0000 0.0000
v 0.409908 -0.026984 0.082532 0.1389 0.0000 0.0000
v 0.407271 -0.031010 0.082532 0.1389 0.0000 0.0000
v 0.405882 -0.032954 0.077532 0.1389 0.0000 0.0000
v 0.407271 -0.031010 0.072532 0.1389 0.0000 0.0000
v 0.405882 -0.030038 0.072532 0.1389 0.0000 0.0000
v 0.404494 -0.032121 0.077532 0.1389 0.0000 0.0000
v 0.405882 -0.030038 0.082532 0.1389 0.0000 0.0000
v 0.408520 -0.026012 0.082532 0.1389 0.0000 0.0000
v 0.409770 -0.024069 0.077532 0.1389 0.0000 0.0000
v 0.408520 -0.026012 0.072532 0.1389 0.0000 0.0000
v -0.053378 0.276783 0.072532 0.1389 0.0000 0.0000
v -0.054767 0.274701 0.077532 0.1389 0.0000 0.0000
v -0.053378 0.276783 0.082532 0.1389 0.0000 0.0000
v -0.050741 0.280809 0.082532 0.1389 0.0000 0.0000
v -0.049352 0.282753 0.077532 0.1389 0.0000 0.0000
v -0.050741 0.280809 0.072532 0.1389 0.0000 0.0000
v -0.049352 0.279837 0.072532 0.1389 0.0000 0.0000
v -0.047964 0.281781 0.077532 0.1389 0.0000 0.0000
v -0.049352 0.279837 0.082532 0.1389 0.0000 0.0000
v -0.051990 0.275811 0.082532 0.1389 0.0000 0.0000
v -0.053378 0.273868 0.077532 0.1389 0.0000 0.0000
v -0.051990 0.275811 0.072532 0.1389 0.0000 0.0000
v 0.574426 0.372717 0.112532 0.1389 0.0000 0.0000
v 0.574843 0.375077 0.117532 0.1389 0.0000 0.0000
v 0.574426 0.372717 0.122532 0.1389 0.0000 0.0000
v 0.573454 0.367997 0.122532 0.1389 0.0000 0.0000
v 0.573038 0.365637 0.117532 0.1389 0.0000 0.0000
v 0.573454 0.367997 0.112532 0.1389 0.0000 0.0000
v 0.571927 0.368413 0.112532 0.1389 0.0000 0.0000
v 0.571372 0.366053 0.117532 0.1389 0.0000 0.0000
v 0.571927 0.368413 0.122532 0.1389 0.0000 0.0000
v 0.572760 0.373133 0.122532 0.1389 0.0000 0.0000
v 0.573315 0.375355 0.117532 0.1389 0.0000 0.0000
v 0.572760 0.373133 0.112532 0.1389 0.0000 0.0000
v 0.030199 0.476148 0.112532 0.1389 0.0000 0.0000
v 0.029783 0.473788 0.117532 0.1389 0.0000 0.0000
v 0.030199 0.476148 0.122532 0.1389 0.0000 0.0000
v 0.031171 0.480868 0.122532 0.1389 0.0000 0.0000
v 0.031588 0.483228 0.117532 0.1389 0.0000 0.0000
v 0.031171 0.480868 0.112532 0.1389 0.0000 0.0000
v 0.032698 0.480452 0.112532 0.1389 0.0000 0.0000
v 0.033254 0.482812 0.117532 0.1389 0.0000 0.0000
v 0.032698 0.480452 0.122532 0.1389 0.0000 0.0000
v 0.031865 0.475731 0.122532 0.1389 0.0000 0.0000
v 0.031310 0.473371 0.117532 0.1389 0.0000 0.0000
v 0.031865 0.475731 0.112532 0.1389 0.0000 0.0000
v 0.574426 0.372717 0.072532 0.1389 0.0000 0.0000
v 0.574843 0.375077 0.077532 0.1389 0.0000 0.0000
v 0.574426 0.372717 0.082532 0.1389 0.0000 0.0000
v 0.573454 0.367997 0.082532 0.1389 0.0000 0.0000
v 0.573038 0.365637 0.077532 0.1389 0.0000 0.0000
v 0.573454 0.367997 0.072532 0.1389 0.0000 0.0000
v 0.571927 0.368413 0.072532 0.1389 0.0000 0.0000
v 0.571372 0.366053 0.077532 0.1389 0.0000 0.0000
v 0.571927 0.368413 0.082532 0.1389 0.0000 0.0000
v 0.572760 0.373133 0.082532 0.1389 0.0000 0.0000
v 0.573315 0.375355 0.077532 0.1389 0.0000 0.0000
v 0.572760 0.373133 0.072532 0.1389 0.0000 0.0000
v 0.030199 0.476148 0.072532 0.1389 0.0000 0.0000
v 0.029783 0.473788 0.077532 0.1389 0.0000 0.0000
v 0.030199 0.476148 0.082532 0.1389 0.0000 0.0000
v 0.031171 0.480868 0.082532 0.1389 0.0000 0.0000
v 0.031588 0.483228 0.077532 0.1389 0.0000 0.0000
v 0.031171 0.480868 0.072532 0.1389 0.0000 0.0000
v 0.032698 0.480452 0.072532 0.1389 0.0000 0.0000
v 0.033254 0.482812 0.077532 0.1389 0.0000 0.0000
v 0.032698 0.480452 0.082532 0.1389 0.0000 0.0000
v 0.031865 0.475731 0.082532 0.1389 0.0000 0.0000
v 0.031310 0.473371 0.077532 0.1389 0.0000 0.0000
v 0.031865 0.475731 0.072532 0.1389 0.0000 0.0000
v -0.426562 -0.498740 -0.052468 0.1389 0.0000 0.0000
v -0.424202 -0.498601 -0.047468 0.1389 0.0000 0.0000
v -0.426562 -0.498740 -0.042468 0.1389 0.0000 0.0000
v -0.431422 -0.499156 -0.042468 0.1389 0.0000 0.0000
v -0.433782 -0.499295 -0.047468 0.1389 0.0000 0.0000
v -0.431422 -0.499156 -0.052468 0.1389 0.0000 0.0000
v -0.431560 -0.497490 -0.052468 0.1389 0.0000 0.0000
v -0.433920 -0.497768 -0.047468 0.1389 0.0000 0.0000
v -0.431560 -0.497490 -0.042468 0.1389 0.0000 0.0000
v -0.426701 -0.497213 -0.042468 0.1389 0.0000 0.0000
v -0.424341 -0.496935 -0.047468 0.1389 0.0000 0.0000
v -0.426701 -0.497213 -0.052468 0.1389 0.0000 0.0000
v -0.470711 0.010779 -0.052468 0.1389 0.0000 0.0000
v -0.473071 0.010640 -0.047468 0.1389 0.0000 0.0000
v -0.470711 0.010779 -0.042468 0.1389 0.0000 0.0000
v -0.465852 0.011195 -0.042468 0.1389 0.0000 0.0000
v -0.463492 0.011334 -0.047468 0.1389 0.0000 0.0000
v -0.465852 0.011195 -0.052468 0.1389 0.0000 0.0000
v -0.465713 0.009529 -0.052468 0.1389 0.0000 0.0000
v -0.463353 0.009668 -0.047468 0.1389 0.0000 0.0000
v -0.465713 0.009529 -0.042468 0.1389 0.0000 0.0000
v -0.470573 0.009113 -0.042468 0.1389 0.0000 0.0000
v -0.472933 0.008974 -0.047468 0.1389 0.0000 0.0000
v -0.470573 0.009113 -0.052468 0.1389 0.0000 0.0000
v -0.426562 -0.498740 -0.077468 0.1389 0.0000 0.0000
v -0.424202 -0.498601 -0.072468 0.1389 0.0000 0.0000
v -0.426562 -0.498740 -0.067468 0.1389 0.0000 0.0000
v -0.431422 -0.499156 -0.067468 0.1389 0.0000 0.0000
v -0.433782 -0.499295 -0.072468 0.1389 0.0000 0.0000
v -0.431422 -0.499156 -0.077468 0.1389 0.0000 0.0000
v -0.431560 -0.497490 -0.077468 0.1389 0.0000 0.0000
v -0.433920 -0.497768 -0.072468 0.1389 0.0000 0.0000
v -0.431560 -0.497490 -0.067468 0.1389 0.0000 0.0000
v -0.426701 -0.497213 -0.067468 0.1389 0.0000 0.0000
v -0.424341 -0.496935 -0.072468 0.1389 0.0000 0.0000
v -0.426701 -0.497213 -0.077468 0.1389 0.0000 0.0000
v -0.470711 0.010779 -0.077468 0.1389 0.0000 0.0000
v -0.473071 0.010640 -0.072468 0.1389 0.0000 0.0000
v -0.470711 0.010779 -0.067468 0.1389 0.0000 0.0000
v -0.465852 0.011195 -0.067468 0.1389 0.0000 0.0000
v -0.463492 0.011334 -0.072468 0.1389 0.0000 0.0000
v -0.465852 0.011195 -0.077468 0.1389 0.0000 0.0000
v -0.465713 0.009529 -0.077468 0.1389 0.0000 0.0000
v -0.463353 0.009668 -0.072468 0.1389 0.0000 0.0000
v -0.465713 0.009529 -0.067468 0.1389 0.0000 0.0000
v -0.470573 0.009113 -0.067468 0.1389 0.0000 0.0000
v -0.472933 0.008974 -0.072468 0.1389 0.0000 0.0000
v -0.470573 0.009113 -0.077468 0.1389 0.0000 0.0000
v 0.258858 -0.181644 -0.052468 0.1389 0.0000 0.0000
v 0.260663 -0.179978 -0.047468 0.1389 0.0000 0.0000
v 0.258858 -0.181644 -0.042468 0.1389 0.0000 0.0000
v 0.255526 -0.184976 -0.042468 0.1389 0.0000 0.0000
v 0.253860 -0.186781 -0.047468 0.1389 0.0000 0.0000
v 0.255526 -0.184976 -0.052468 0.1389 0.0000 0.0000
v 0.254276 -0.183866 -0.052468 0.1389 0.0000 0.0000
v 0.252610 -0.185532 -0.047468 0.1389 0.0000 0.0000
v 0.254276 -0.183866 -0.042468 0.1389 0.0000 0.0000
v 0.257747 -0.180395 -0.042468 0.1389 0.0000 0.0000
v 0.259413 -0.178729 -0.047468 0.1389 0.0000 0.0000
v 0.257747 -0.180395 -0.052468 0.1389 0.0000 0.0000
v -0.106135 0.176684 -0.052468 0.1389 0.0000 0.0000
v -0.107801 0.174880 -0.047468 0.1389 0.0000 0.0000
v -0.106135 0.176684 -0.042468 0.1389 0.0000 0.0000
v -0.102803 0.180016 -0.042468 0.1389 0.0000 0.0000
v -0.100998 0.181682 -0.047468 0.1389 0.0000 0.0000
v -0.102803 0.180016 -0.052468 0.1389 0.0000 0.0000
v -0.101553 0.178906 -0.052468 0.1389 0.0000 0.0000
v -0.099887 0.180572 -0.047468 0.1389 0.0000 0.0000
v -0.101553 0.178906 -0.042468 0.1389 0.0000 0.0000
v -0.105024 0.175435 -0.042468 0.1389 0.0000 0.0000
v -0.106690 0.173769 -0.047468 0.1389 0.0000 0.0000
v -0.105024 0.175435 -0.052468 0.1389 0.0000 0.0000
v 0.258858 -0.181644 -0.077468 0.1389 0.0000 0.0000
v 0.260663 -0.179978 -0.072468 0.1389 0.0000 0.0000
v 0.258858 -0.181644 -0.067468 0.1389 0.0000 0.0000
v 0.255526 -0.184976 -0.067468 0.1389 0.0000 0.0000
v 0.253860 -0.186781 -0.072468 0.1389 0.0000 0.0000
v 0.255526 -0.184976 -0.077468 0.1389 0.0000 0.0000
v 0.254276 -0.183866 -0.077468 0.1389 0.0000 0.0000
v 0.252610 -0.185532 -0.072468 0.1389 0.0000 0.0000
v 0.254276 -0.183866 -0.067468 0.1389 0.0000 0.0000
v 0.257747 -0.180395 -0.067468 0.1389 0.0000 0.0000
v 0.259413 -0.178729 -0.072468 0.1389 0.0000 0.0000
v 0.257747 -0.180395 -0.077468 0.1389 0.0000 0.0000
v -0.106135 0.176684 -0.077468 0.1389 0.0000 0.0000
v -0.107801 0.174880 -0.072468 0.1389 0.0000 0.0000
v -0.106135 0.176684 -0.067468 0.1389 0.0000 0.0000
v -0.102803 0.180016 -0.067468 0.1389 0.0000 0.0000
v -0.100998 0.181682 -0.072468 0.1389 0.0000 0.0000
v -0.102803 0.180016 -0.077468 0.1389 0.0000 0.0000
v -0.101553 0.178906 -0.077468 0.1389 0.0000 0.0000
v -0.099887 0.180572 -0.072468 0.1389 0.0000 0.0000
v -0.101553 0.178906 -0.067468 0.1389 0.0000 0.0000
v -0.105024 0.175435 -0.067468 0.1389 0.0000 0.0000
v -0.106690 0.173769 -0.072468 0.1389 0.0000 0.0000
v -0.105024 0.175435 -0.077468 0.1389 0.0000 0.0000
v 0.573038 0.505303 -0.052468 0.1389 0.0000 0.0000
v 0.573177 0.507663 -0.047468 0.1389 0.0000 0.0000
v 0.573038 0.505303 -0.042468 0.1389 0.0000 0.0000
v 0.572621 0.500444 -0.042468 0.1389 0.0000 0.0000
v 0.572482 0.498084 -0.047468 0.1389 0.0000 0.0000
v 0.572621 0.500444 -0.052468 0.1389 0.0000 0.0000
v 0.571094 0.500583 -0.052468 0.1389 0.0000 0.0000
v 0.570816 0.498222 -0.047468 0.1389 0.0000 0.0000
v 0.571094 0.500583 -0.042468 0.1389 0.0000 0.0000
v 0.571372 0.505442 -0.042468 0.1389 0.0000 0.0000
v 0.571649 0.507802 -0.047468 0.1389 0.0000 0.0000
v 0.571372 0.505442 -0.052468 0.1389 0.0000 0.0000
v 0.062686 0.539734 -0.052468 0.1389 0.0000 0.0000
v 0.062548 0.537373 -0.047468 0.1389 0.0000 0.0000
v 0.062686 0.539734 -0.042468 0.1389 0.0000 0.0000
v 0.063103 0.544593 -0.042468 0.1389 0.0000 0.0000
v 0.063242 0.546953 -0.047468 0.1389 0.0000 0.0000
v 0.063103 0.544593 -0.052468 0.1389 0.0000 0.0000
v 0.064769 0.544454 -0.052468 0.1389 0.0000 0.0000
v 0.064908 0.546814 -0.047468 0.1389 0.0000 0.0000
v 0.064769 0.544454 -0.042468 0.1389 0.0000 0.0000
v 0.064352 0.539595 -0.042468 0.1389 0.0000 0.0000
v 0.064214 0.537235 -0.047468 0.1389 0.0000 0.0000
v 0.064352 0.539595 -0.052468 0.1389 0.0000 0.0000
v 0.573038 0.505303 -0.077468 0.1389 0.0000 0.0000
v 0.573177 0.507663 -0.072468 0.1389 0.0000 0.0000
v 0.573038 0.505303 -0.067468 0.1389 0.0000 0.0000
v 0.572621 0.500444 -0.067468 0.1389 0.0000 0.0000
v 0.572482 0.498084 -0.072468 0.1389 0.0000 0.0000
v 0.572621 0.500444 -0.077468 0.1389 0.0000 0.0000
v 0.571094 0.500583 -0.077468 0.1389 0.0000 0.0000
v 0.570816 0.498222 -0.072468 0.1389 0.0000 0.0000
v 0.571094 0.500583 -0.067468 0.1389 0.0000 0.0000
v 0.571372 0.505442 -0.067468 0.1389 0.0000 0.0000
v 0.571649 0.507802 -0.072468 0.1389 0.0000 0.0000
v 0.571372 0.505442 -0.077468 0.1389 0.0000 0.0000
v 0.062686 0.539734 -0.077468 0.1389 0.0000 0.0000
v 0.062548 0.537373 -0.072468 0.1389 0.0000 0.0000
v 0.062686 0.539734 -0.067468 0.1389 0.0000 0.0000
v 0.063103 0.544593 -0.067468 0.1389 0.0000 0.0000
v 0.063242 0.546953 -0.072468 0.1389 0.0000 0.0000
v 0.063103 0.544593 -0.077468 0.1389 0.0000 0.0000
v 0.064769 0.544454 -0.077468 0.1389 0.0000 0.0000
v 0.064908 0.546814 -0.072468 0.1389 0.0000 0.0000
v 0.064769 0.544454 -0.067468 0.1389 0.0000 0.0000
v 0.064352 0.539595 -0.067468 0.1389 0.0000 0.0000
v 0.064214 0.537235 -0.072468 0.1389 0.0000 0.0000
v 0.064352 0.539595 -0.077468 0.1389 0.0000 0.0000
v -0.308890 -0.681854 0.083160 0.1389 0.0000 0.0000
v -0.316000 -0.681667 0.073539 0.1389 0.0000 0.0000
v -0.308907 -0.681764 0.083175 0.1389 0.0000 0.0000
v -0.309021 -0.681531 0.083285 0.1389 0.0000 0.0000
v -0.315661 -0.658212 0.094864 0.1389 0.0000 0.0000
v -0.315186 -0.658224 0.093295 0.1389 0.0000 0.0000
v -0.317662 -0.658267 0.091889 0.1389 0.0000 0.0000
v -0.337333 -0.658815 0.062563 0.1389 0.0000 0.0000
v -0.315659 -0.658275 0.094857 0.1389 0.0000 0.0000
v -0.309963 -0.681854 0.084258 0.1389 0.0000 0.0000
v -0.329996 -0.681306 0.055172 0.1389 0.0000 0.0000
v -0.314777 -0.663343 0.092157 0.1389 0.0000 0.0000
v -0.310695 -0.679084 0.085101 0.1389 0.0000 0.0000
v -0.336587 -0.663955 0.061811 0.1389 0.0000 0.0000
v -0.314282 -0.667289 0.090956 0.1389 0.0000 0.0000
v -0.335723 -0.668093 0.060940 0.1389 0.0000 0.0000
v -0.314215 -0.667720 0.090806 0.1389 0.0000 0.0000
v -0.334876 -0.671186 0.060087 0.1389 0.0000 0.0000
v -0.313415 -0.671803 0.089173 0.1389 0.0000 0.0000
v -0.334560 -0.672176 0.059769 0.1389 0.0000 0.0000
v -0.312981 -0.673452 0.088394 0.1389 0.0000 0.0000
v -0.333949 -0.673899 0.059154 0.1389 0.0000 0.0000
v -0.311970 -0.676423 0.086792 0.1389 0.0000 0.0000
v -0.332493 -0.677236 0.057688 0.1389 0.0000 0.0000
v -0.311785 -0.676868 0.086527 0.1389 0.0000 0.0000
v -0.332162 -0.677876 0.057355 0.1389 0.0000 0.0000
v -0.330491 -0.680623 0.055671 0.1389 0.0000 0.0000
v -0.311304 -0.679751 0.085869 0.1389 0.0000 0.0000
v -0.311795 -0.678794 0.086541 0.1389 0.0000 0.0000
v -0.312575 -0.676986 0.087718 0.1389 0.0000 0.0000
v -0.313573 -0.673910 0.089474 0.1389 0.0000 0.0000
v -0.315297 -0.663419 0.093632 0.1389 0.0000 0.0000
v -0.314784 -0.667860 0.092174 0.1389 0.0000 0.0000
v -0.314037 -0.672017 0.090418 0.1389 0.0000 0.0000
v -0.314294 -0.670782 0.090983 0.1389 0.0000 0.0000
v -0.316261 -0.681854 0.097593 0.1389 0.0000 0.0000
v -0.326859 -0.681667 0.095710 0.1389 0.0000 0.0000
v -0.316265 -0.681764 0.097618 0.1389 0.0000 0.0000
v -0.316294 -0.681531 0.097790 0.1389 0.0000 0.0000
v -0.315181 -0.658212 0.111785 0.1389 0.0000 0.0000
v -0.315211 -0.658212 0.111693 0.1389 0.0000 0.0000
v -0.318306 -0.658267 0.111049 0.1389 0.0000 0.0000
v -0.315657 -0.658224 0.110216 0.1389 0.0000 0.0000
v -0.349078 -0.658815 0.103763 0.1389 0.0000 0.0000
v -0.315183 -0.658275 0.111777 0.1389 0.0000 0.0000
v -0.316495 -0.681854 0.099262 0.1389 0.0000 0.0000
v -0.347414 -0.681306 0.092439 0.1389 0.0000 0.0000
v -0.315953 -0.663343 0.109028 0.1389 0.0000 0.0000
v -0.348909 -0.663955 0.102611 0.1389 0.0000 0.0000
v -0.316246 -0.667720 0.107560 0.1389 0.0000 0.0000
v -0.348713 -0.668093 0.101278 0.1389 0.0000 0.0000
v -0.316396 -0.669982 0.106594 0.1389 0.0000 0.0000
v -0.348449 -0.672176 0.099483 0.1389 0.0000 0.0000
v -0.316604 -0.679084 0.100473 0.1389 0.0000 0.0000
v -0.316507 -0.671803 0.105691 0.1389 0.0000 0.0000
v -0.316592 -0.673452 0.104760 0.1389 0.0000 0.0000
v -0.348310 -0.673899 0.098540 0.1389 0.0000 0.0000
v -0.316675 -0.676423 0.102752 0.1389 0.0000 0.0000
v -0.347980 -0.677236 0.096294 0.1389 0.0000 0.0000
v -0.316647 -0.678267 0.101232 0.1389 0.0000 0.0000
v -0.347905 -0.677876 0.095784 0.1389 0.0000 0.0000
v -0.347526 -0.680623 0.093204 0.1389 0.0000 0.0000
v -0.316646 -0.680077 0.101209 0.1389 0.0000 0.0000
v -0.316659 -0.679751 0.101531 0.1389 0.0000 0.0000
v -0.316643 -0.676986 0.103929 0.1389 0.0000 0.0000
v -0.316467 -0.673910 0.106043 0.1389 0.0000 0.0000
v -0.316402 -0.673055 0.106550 0.1389 0.0000 0.0000
v -0.316318 -0.672017 0.107125 0.1389 0.0000 0.0000
v -0.315949 -0.667860 0.109046 0.1389 0.0000 0.0000
v -0.315561 -0.663419 0.110559 0.1389 0.0000 0.0000
v -0.315207 -0.658637 0.111707 0.1389 0.0000 0.0000
v -0.314179 -0.681854 0.114338 0.1389 0.0000 0.0000
v -0.323306 -0.681667 0.121073 0.1389 0.0000 0.0000
v -0.314169 -0.681764 0.114359 0.1389 0.0000 0.0000
v -0.314099 -0.681531 0.114514 0.1389 0.0000 0.0000
v -0.306958 -0.658224 0.123541 0.1389 0.0000 0.0000
v -0.336015 -0.658815 0.144387 0.1389 0.0000 0.0000
v -0.306688 -0.658221 0.123739 0.1389 0.0000 0.0000
v -0.308541 -0.658267 0.126223 0.1389 0.0000 0.0000
v -0.305753 -0.658212 0.124375 0.1389 0.0000 0.0000
v -0.305759 -0.658275 0.124371 0.1389 0.0000 0.0000
v -0.313464 -0.681854 0.115797 0.1389 0.0000 0.0000
v -0.340804 -0.681306 0.134429 0.1389 0.0000 0.0000
v -0.340480 -0.680623 0.135101 0.1389 0.0000 0.0000
v -0.307820 -0.663343 0.122860 0.1389 0.0000 0.0000
v -0.336502 -0.663955 0.143375 0.1389 0.0000 0.0000
v -0.308831 -0.667720 0.121961 0.1389 0.0000 0.0000
v -0.337066 -0.668093 0.142202 0.1389 0.0000 0.0000
v -0.310032 -0.671803 0.120730 0.1389 0.0000 0.0000
v -0.337825 -0.672176 0.140623 0.1389 0.0000 0.0000
v -0.310231 -0.672401 0.120507 0.1389 0.0000 0.0000
v -0.310595 -0.673452 0.120083 0.1389 0.0000 0.0000
v -0.338223 -0.673899 0.139794 0.1389 0.0000 0.0000
v -0.311734 -0.676423 0.118609 0.1389 0.0000 0.0000
v -0.313110 -0.679532 0.116445 0.1389 0.0000 0.0000
v -0.312900 -0.679084 0.116809 0.1389 0.0000 0.0000
v -0.339389 -0.677876 0.137369 0.1389 0.0000 0.0000
v -0.339173 -0.677236 0.137818 0.1389 0.0000 0.0000
v -0.313109 -0.681187 0.116446 0.1389 0.0000 0.0000
v -0.312375 -0.679751 0.117661 0.1389 0.0000 0.0000
v -0.311079 -0.676986 0.119485 0.1389 0.0000 0.0000
v -0.310214 -0.674932 0.120527 0.1389 0.0000 0.0000
v -0.306700 -0.663419 0.123730 0.1389 0.0000 0.0000
v -0.307807 -0.667860 0.122870 0.1389 0.0000 0.0000
v -0.309812 -0.673910 0.120970 0.1389 0.0000 0.0000
v -0.309119 -0.672017 0.121683 0.1389 0.0000 0.0000
v -0.303618 -0.681854 0.125558 0.1389 0.0000 0.0000
v -0.307004 -0.681667 0.137760 0.1389 0.0000 0.0000
v -0.303599 -0.681764 0.125567 0.1389 0.0000 0.0000
v -0.303463 -0.681531 0.125631 0.1389 0.0000 0.0000
v -0.291789 -0.658212 0.126745 0.1389 0.0000 0.0000
v -0.293159 -0.658224 0.127036 0.1389 0.0000 0.0000
v -0.292935 -0.658267 0.130312 0.1389 0.0000 0.0000
v -0.304256 -0.658815 0.165427 0.1389 0.0000 0.0000
v -0.291796 -0.658275 0.126747 0.1389 0.0000 0.0000
v -0.282395 -0.681854 0.083998 0.1389 0.0000 0.0000
v -0.275738 -0.681667 0.073922 0.1389 0.0000 0.0000
v -0.282411 -0.681764 0.083982 0.1389 0.0000 0.0000
v -0.282521 -0.681531 0.083866 0.1389 0.0000 0.0000
v -0.293173 -0.658212 0.078025 0.1389 0.0000 0.0000
v -0.291803 -0.658224 0.078315 0.1389 0.0000 0.0000
v -0.291080 -0.658267 0.075144 0.1389 0.0000 0.0000
v -0.270438 -0.658815 0.046795 0.1389 0.0000 0.0000
v -0.293166 -0.658275 0.078027 0.1389 0.0000 0.0000
v -0.283482 -0.681854 0.082920 0.1389 0.0000 0.0000
v -0.263100 -0.681306 0.054187 0.1389 0.0000 0.0000
v -0.263596 -0.680623 0.053688 0.1389 0.0000 0.0000
v -0.291655 -0.659123 0.078353 0.1389 0.0000 0.0000
v -0.290799 -0.663343 0.078601 0.1389 0.0000 0.0000
v -0.269691 -0.663955 0.047547 0.1389 0.0000 0.0000
v -0.289593 -0.667720 0.079031 0.1389 0.0000 0.0000
v -0.268827 -0.668093 0.048417 0.1389 0.0000 0.0000
v -0.288114 -0.671803 0.079694 0.1389 0.0000 0.0000
v -0.267664 -0.672176 0.049589 0.1389 0.0000 0.0000
v -0.287400 -0.673452 0.080071 0.1389 0.0000 0.0000
v -0.267054 -0.673899 0.050205 0.1389 0.0000 0.0000
v -0.285910 -0.676423 0.080988 0.1389 0.0000 0.0000
v -0.283614 -0.680084 0.082800 0.1389 0.0000 0.0000
v -0.284301 -0.679084 0.082201 0.1389 0.0000 0.0000
v -0.265268 -0.677876 0.052005 0.1389 0.0000 0.0000
v -0.265598 -0.677236 0.051672 0.1389 0.0000 0.0000
v -0.283588 -0.681721 0.082823 0.1389 0.0000 0.0000
v -0.285037 -0.679751 0.081615 0.1389 0.0000 0.0000
v -0.286775 -0.676986 0.080433 0.1389 0.0000 0.0000
v -0.287435 -0.675796 0.080051 0.1389 0.0000 0.0000
v -0.288388 -0.673910 0.079559 0.1389 0.0000 0.0000
v -0.289243 -0.672017 0.079174 0.1389 0.0000 0.0000
v -0.290814 -0.667860 0.078596 0.1389 0.0000 0.0000
v -0.291668 -0.665055 0.078350 0.1389 0.0000 0.0000
v -0.292099 -0.663419 0.078243 0.1389 0.0000 0.0000
v -0.295516 -0.681854 0.077790 0.1389 0.0000 0.0000
v -0.295811 -0.681667 0.064934 0.1389 0.0000 0.0000
v -0.295536 -0.681764 0.077790 0.1389 0.0000 0.0000
v -0.295683 -0.681531 0.077786 0.1389 0.0000 0.0000
v -0.306970 -0.658212 0.081532 0.1389 0.0000 0.0000
v -0.305766 -0.658224 0.080697 0.1389 0.0000 0.0000
v -0.306909 -0.658267 0.077709 0.1389 0.0000 0.0000
v -0.306276 -0.658815 0.040064 0.1389 0.0000 0.0000
v -0.306964 -0.658275 0.081528 0.1389 0.0000 0.0000
v -0.296059 -0.684429 0.077782 0.1389 0.0000 0.0000
v -0.291627 -0.684429 0.078360 0.1389 0.0000 0.0000
v -0.296059 -0.684429 0.102532 0.1389 0.0000 0.0000
v -0.300491 -0.684429 0.078360 0.1389 0.0000 0.0000
v -0.311772 -0.684429 0.086509 0.1389 0.0000 0.0000
v -0.308536 -0.684429 0.082829 0.1389 0.0000 0.0000
v -0.304716 -0.684429 0.080069 0.1389 0.0000 0.0000
v -0.316646 -0.684429 0.101192 0.1389 0.0000 0.0000
v -0.315924 -0.684429 0.095910 0.1389 0.0000 0.0000
v -0.314274 -0.684429 0.090939 0.1389 0.0000 0.0000
v -0.313123 -0.684429 0.116421 0.1389 0.0000 0.0000
v -0.315211 -0.684429 0.111693 0.1389 0.0000 0.0000
v -0.316404 -0.684429 0.106536 0.1389 0.0000 0.0000
v -0.302642 -0.684429 0.125986 0.1389 0.0000 0.0000
v -0.306688 -0.684429 0.123739 0.1389 0.0000 0.0000
v -0.310237 -0.684429 0.120500 0.1389 0.0000 0.0000
v -0.289476 -0.684429 0.125986 0.1389 0.0000 0.0000
v -0.293830 -0.684429 0.127137 0.1389 0.0000 0.0000
v -0.298288 -0.684429 0.127137 0.1389 0.0000 0.0000
v -0.278995 -0.684429 0.116421 0.1389 0.0000 0.0000
v -0.281881 -0.684429 0.120500 0.1389 0.0000 0.0000
v -0.285430 -0.684429 0.123739 0.1389 0.0000 0.0000
v -0.275472 -0.684429 0.101192 0.1389 0.0000 0.0000
v -0.275714 -0.684429 0.106536 0.1389 0.0000 0.0000
v -0.276906 -0.684429 0.111693 0.1389 0.0000 0.0000
v -0.280346 -0.684429 0.086509 0.1389 0.0000 0.0000
v -0.277844 -0.684429 0.090939 0.1389 0.0000 0.0000
v -0.276194 -0.684429 0.095910 0.1389 0.0000 0.0000
v -0.287402 -0.684429 0.080069 0.1389 0.0000 0.0000
v -0.283582 -0.684429 0.082829 0.1389 0.0000 0.0000
v -0.305171 -0.663955 0.165027 0.1389 0.0000 0.0000
v -0.312649 -0.680623 0.161759 0.1389 0.0000 0.0000
v -0.313256 -0.681306 0.161494 0.1389 0.0000 0.0000
v -0.302290 -0.681854 0.126125 0.1389 0.0000 0.0000
v -0.310598 -0.677876 0.162654 0.1389 0.0000 0.0000
v -0.300457 -0.679751 0.126712 0.1389 0.0000 0.0000
v -0.310192 -0.677236 0.162832 0.1389 0.0000 0.0000
v -0.298487 -0.676986 0.127110 0.1389 0.0000 0.0000
v -0.308407 -0.673899 0.163613 0.1389 0.0000 0.0000
v -0.298273 -0.676646 0.127139 0.1389 0.0000 0.0000
v -0.307658 -0.672176 0.163940 0.1389 0.0000 0.0000
v -0.296722 -0.673910 0.127269 0.1389 0.0000 0.0000
v -0.295809 -0.672017 0.127280 0.1389 0.0000 0.0000
v -0.306231 -0.668093 0.164564 0.1389 0.0000 0.0000
v -0.294169 -0.667860 0.127178 0.1389 0.0000 0.0000
v -0.293795 -0.666724 0.127132 0.1389 0.0000 0.0000
v -0.292860 -0.663419 0.126982 0.1389 0.0000 0.0000
v -0.305301 -0.663955 0.040064 0.1389 0.0000 0.0000
v -0.297344 -0.680623 0.040065 0.1389 0.0000 0.0000
v -0.296697 -0.681306 0.040065 0.1389 0.0000 0.0000
v -0.296926 -0.681854 0.077804 0.1389 0.0000 0.0000
v -0.299526 -0.677876 0.040066 0.1389 0.0000 0.0000
v -0.298815 -0.679751 0.078004 0.1389 0.0000 0.0000
v -0.299958 -0.677236 0.040065 0.1389 0.0000 0.0000
v -0.300509 -0.677409 0.078365 0.1389 0.0000 0.0000
v -0.301858 -0.673899 0.040065 0.1389 0.0000 0.0000
v -0.300779 -0.676986 0.078439 0.1389 0.0000 0.0000
v -0.302655 -0.672176 0.040064 0.1389 0.0000 0.0000
v -0.302483 -0.673910 0.079014 0.1389 0.0000 0.0000
v -0.303345 -0.672017 0.079379 0.1389 0.0000 0.0000
v -0.304174 -0.668093 0.040064 0.1389 0.0000 0.0000
v -0.304731 -0.668261 0.080078 0.1389 0.0000 0.0000
v -0.304857 -0.667860 0.080149 0.1389 0.0000 0.0000
v -0.306031 -0.663419 0.080869 0.1389 0.0000 0.0000
v -0.308536 -0.656940 0.082829 0.1389 0.0000 0.0000
v -0.304716 -0.656940 0.080069 0.1389 0.0000 0.0000
v -0.300491 -0.656940 0.078360 0.1389 0.0000 0.0000
v -0.301453 -0.673452 0.078644 0.1389 0.0000 0.0000
v -0.302201 -0.671803 0.078906 0.1389 0.0000 0.0000
v -0.303689 -0.667720 0.079539 0.1389 0.0000 0.0000
v -0.304732 -0.663836 0.080078 0.1389 0.0000 0.0000
v -0.304843 -0.663343 0.080141 0.1389 0.0000 0.0000
v -0.296083 -0.681145 0.077782 0.1389 0.0000 0.0000
v -0.297938 -0.679084 0.077885 0.1389 0.0000 0.0000
v -0.296059 -0.656940 0.077782 0.1389 0.0000 0.0000
v -0.299819 -0.676423 0.078197 0.1389 0.0000 0.0000
v -0.300526 -0.675228 0.078370 0.1389 0.0000 0.0000
v -0.296059 -0.681854 0.077782 0.1389 0.0000 0.0000
v -0.287402 -0.656940 0.080069 0.1389 0.0000 0.0000
v -0.291627 -0.656940 0.078360 0.1389 0.0000 0.0000
v -0.283582 -0.656940 0.082829 0.1389 0.0000 0.0000
v -0.280379 -0.661003 0.086462 0.1389 0.0000 0.0000
v -0.280346 -0.656940 0.086509 0.1389 0.0000 0.0000
v -0.280726 -0.658212 0.085986 0.1389 0.0000 0.0000
v -0.280722 -0.658275 0.085992 0.1389 0.0000 0.0000
v -0.278522 -0.667720 0.089519 0.1389 0.0000 0.0000
v -0.279216 -0.663343 0.088259 0.1389 0.0000 0.0000
v -0.277844 -0.656940 0.090939 0.1389 0.0000 0.0000
v -0.279832 -0.658224 0.087265 0.1389 0.0000 0.0000
v -0.280346 -0.658217 0.086509 0.1389 0.0000 0.0000
v -0.276749 -0.676423 0.093860 0.1389 0.0000 0.0000
v -0.277399 -0.673452 0.092007 0.1389 0.0000 0.0000
v -0.276194 -0.656940 0.095910 0.1389 0.0000 0.0000
v -0.277744 -0.671803 0.091168 0.1389 0.0000 0.0000
v -0.277855 -0.671255 0.090914 0.1389 0.0000 0.0000
v -0.275668 -0.681854 0.098878 0.1389 0.0000 0.0000
v -0.275924 -0.681854 0.097213 0.1389 0.0000 0.0000
v -0.276201 -0.680639 0.095879 0.1389 0.0000 0.0000
v -0.275671 -0.681764 0.098853 0.1389 0.0000 0.0000
v -0.275694 -0.681531 0.098679 0.1389 0.0000 0.0000
v -0.275472 -0.656940 0.101192 0.1389 0.0000 0.0000
v -0.276166 -0.679084 0.096031 0.1389 0.0000 0.0000
v -0.276196 -0.678945 0.095901 0.1389 0.0000 0.0000
v -0.276416 -0.679751 0.095014 0.1389 0.0000 0.0000
v -0.277114 -0.676986 0.092768 0.1389 0.0000 0.0000
v -0.280020 -0.663419 0.086981 0.1389 0.0000 0.0000
v -0.279225 -0.667860 0.088244 0.1389 0.0000 0.0000
v -0.278331 -0.672017 0.089898 0.1389 0.0000 0.0000
v -0.277882 -0.673910 0.090853 0.1389 0.0000 0.0000
v -0.277847 -0.674054 0.090932 0.1389 0.0000 0.0000
v -0.275454 -0.658275 0.101696 0.1389 0.0000 0.0000
v -0.275657 -0.667720 0.106096 0.1389 0.0000 0.0000
v -0.275514 -0.663343 0.104595 0.1389 0.0000 0.0000
v -0.275714 -0.656940 0.106536 0.1389 0.0000 0.0000
v -0.275454 -0.658224 0.103358 0.1389 0.0000 0.0000
v -0.275454 -0.658212 0.101688 0.1389 0.0000 0.0000
v -0.275714 -0.672017 0.106534 0.1389 0.0000 0.0000
v -0.275513 -0.667860 0.104576 0.1389 0.0000 0.0000
v -0.275446 -0.663419 0.102996 0.1389 0.0000 0.0000
v -0.276624 -0.676423 0.110790 0.1389 0.0000 0.0000
v -0.276129 -0.673452 0.108868 0.1389 0.0000 0.0000
v -0.276906 -0.656940 0.111693 0.1389 0.0000 0.0000
v -0.275944 -0.671803 0.107959 0.1389 0.0000 0.0000
v -0.275708 -0.668693 0.106495 0.1389 0.0000 0.0000
v -0.276986 -0.679751 0.111930 0.1389 0.0000 0.0000
v -0.277787 -0.681854 0.113995 0.1389 0.0000 0.0000
v -0.278482 -0.681854 0.115467 0.1389 0.0000 0.0000
v -0.278471 -0.681764 0.115446 0.1389 0.0000 0.0000
v -0.278995 -0.656940 0.116421 0.1389 0.0000 0.0000
v -0.278395 -0.681531 0.115296 0.1389 0.0000 0.0000
v -0.277339 -0.679084 0.112902 0.1389 0.0000 0.0000
v -0.276893 -0.677575 0.111652 0.1389 0.0000 0.0000
v -0.275881 -0.673910 0.107611 0.1389 0.0000 0.0000
v -0.276318 -0.676986 0.109671 0.1389 0.0000 0.0000
v -0.276901 -0.679466 0.111676 0.1389 0.0000 0.0000
v -0.279823 -0.658212 0.117785 0.1389 0.0000 0.0000
v -0.280717 -0.658224 0.119065 0.1389 0.0000 0.0000
v -0.281881 -0.656940 0.120500 0.1389 0.0000 0.0000
v -0.279827 -0.658275 0.117792 0.1389 0.0000 0.0000
v -0.285417 -0.676096 0.123730 0.1389 0.0000 0.0000
v -0.284185 -0.673452 0.122765 0.1389 0.0000 0.0000
v -0.285430 -0.656940 0.123739 0.1389 0.0000 0.0000
v -0.283556 -0.671803 0.122211 0.1389 0.0000 0.0000
v -0.282338 -0.667720 0.121005 0.1389 0.0000 0.0000
v -0.281848 -0.665571 0.120463 0.1389 0.0000 0.0000
v -0.281426 -0.663343 0.119966 0.1389 0.0000 0.0000
v -0.289362 -0.681531 0.125940 0.1389 0.0000 0.0000
v -0.287271 -0.679084 0.124921 0.1389 0.0000 0.0000
v -0.285592 -0.676423 0.123855 0.1389 0.0000 0.0000
v -0.289476 -0.681697 0.125986 0.1389 0.0000 0.0000
v -0.289476 -0.656940 0.125986 0.1389 0.0000 0.0000
v -0.289521 -0.681854 0.126004 0.1389 0.0000 0.0000
v -0.280517 -0.663419 0.118793 0.1389 0.0000 0.0000
v -0.281414 -0.667860 0.119953 0.1389 0.0000 0.0000
v -0.281847 -0.669529 0.120462 0.1389 0.0000 0.0000
v -0.282616 -0.672017 0.121297 0.1389 0.0000 0.0000
v -0.285399 -0.678108 0.123717 0.1389 0.0000 0.0000
v -0.284759 -0.676986 0.123233 0.1389 0.0000 0.0000
v -0.283322 -0.673910 0.121993 0.1389 0.0000 0.0000
v -0.297796 -0.673452 0.127194 0.1389 0.0000 0.0000
v -0.297019 -0.671803 0.127255 0.1389 0.0000 0.0000
v -0.298288 -0.656940 0.127137 0.1389 0.0000 0.0000
v -0.295440 -0.667720 0.127271 0.1389 0.0000 0.0000
v -0.294184 -0.663343 0.127179 0.1389 0.0000 0.0000
v -0.293784 -0.661587 0.127131 0.1389 0.0000 0.0000
v -0.293830 -0.656940 0.127137 0.1389 0.0000 0.0000
v -0.302642 -0.656940 0.125986 0.1389 0.0000 0.0000
v -0.299458 -0.676423 0.126943 0.1389 0.0000 0.0000
v -0.298258 -0.674345 0.127141 0.1389 0.0000 0.0000
v -0.302642 -0.681854 0.125986 0.1389 0.0000 0.0000
v -0.302604 -0.680622 0.126001 0.1389 0.0000 0.0000
v -0.301316 -0.679084 0.126464 0.1389 0.0000 0.0000
v -0.286481 -0.679751 0.124449 0.1389 0.0000 0.0000
v -0.288199 -0.681854 0.125413 0.1389 0.0000 0.0000
v -0.310237 -0.656940 0.120500 0.1389 0.0000 0.0000
v -0.306688 -0.656940 0.123739 0.1389 0.0000 0.0000
v -0.313123 -0.656940 0.116421 0.1389 0.0000 0.0000
v -0.315211 -0.656940 0.111693 0.1389 0.0000 0.0000
v -0.316404 -0.656940 0.106536 0.1389 0.0000 0.0000
v -0.316646 -0.656940 0.101192 0.1389 0.0000 0.0000
v -0.315924 -0.656940 0.095910 0.1389 0.0000 0.0000
v -0.314274 -0.656940 0.090939 0.1389 0.0000 0.0000
v -0.311772 -0.656940 0.086509 0.1389 0.0000 0.0000
v -0.296059 -0.656940 0.102532 0.1389 0.0000 0.0000
v -0.244925 -0.681306 0.090930 0.1389 0.0000 0.0000
v -0.245038 -0.680623 0.090166 0.1389 0.0000 0.0000
v -0.245417 -0.677876 0.087586 0.1389 0.0000 0.0000
v -0.245492 -0.677236 0.087076 0.1389 0.0000 0.0000
v -0.245960 -0.672176 0.083886 0.1389 0.0000 0.0000
v -0.245821 -0.673899 0.084829 0.1389 0.0000 0.0000
v -0.246223 -0.668093 0.082091 0.1389 0.0000 0.0000
v -0.246419 -0.663955 0.080758 0.1389 0.0000 0.0000
v -0.246588 -0.658815 0.079606 0.1389 0.0000 0.0000
v -0.277580 -0.658267 0.085394 0.1389 0.0000 0.0000
v -0.265173 -0.681667 0.096296 0.1389 0.0000 0.0000
v -0.250353 -0.680623 0.132429 0.1389 0.0000 0.0000
v -0.250676 -0.681306 0.133102 0.1389 0.0000 0.0000
v -0.249262 -0.677876 0.130160 0.1389 0.0000 0.0000
v -0.249047 -0.677236 0.129712 0.1389 0.0000 0.0000
v -0.248096 -0.673899 0.127737 0.1389 0.0000 0.0000
v -0.247697 -0.672176 0.126908 0.1389 0.0000 0.0000
v -0.272727 -0.658267 0.103663 0.1389 0.0000 0.0000
v -0.246937 -0.668093 0.125330 0.1389 0.0000 0.0000
v -0.246374 -0.663955 0.124157 0.1389 0.0000 0.0000
v -0.245887 -0.658815 0.123144 0.1389 0.0000 0.0000
v -0.269060 -0.681667 0.121588 0.1389 0.0000 0.0000
v -0.274599 -0.677236 0.159630 0.1389 0.0000 0.0000
v -0.275004 -0.677876 0.159807 0.1389 0.0000 0.0000
v -0.277055 -0.680623 0.160704 0.1389 0.0000 0.0000
v -0.277662 -0.681306 0.160970 0.1389 0.0000 0.0000
v -0.272063 -0.672176 0.158524 0.1389 0.0000 0.0000
v -0.272813 -0.673899 0.158851 0.1389 0.0000 0.0000
v -0.273986 -0.676193 0.159363 0.1389 0.0000 0.0000
v -0.278791 -0.658267 0.121402 0.1389 0.0000 0.0000
v -0.270636 -0.668093 0.157901 0.1389 0.0000 0.0000
v -0.269577 -0.663955 0.157438 0.1389 0.0000 0.0000
v -0.268661 -0.658815 0.157037 0.1389 0.0000 0.0000
v -0.285580 -0.681667 0.137964 0.1389 0.0000 0.0000
vn -0.0000 -0.0000 1.0000
vn -0.0000 -0.0000 -1.0000
vn 0.1129 -0.9936 -0.0000
vn 0.3197 -0.9475 -0.0000
vn 0.4927 -0.8702 -0.0000
vn 0.6422 -0.7665 -0.0000
vn 0.7665 -0.6422 -0.0000
vn 0.8702 -0.4927 -0.0000
vn 0.9475 -0.3197 -0.0000
vn 0.9936 -0.1129 -0.0000
vn -0.0000 1.0000 -0.0000
vn -0.1127 0.9936 -0.0000
vn -0.3198 0.9475 -0.0000
vn -0.4933 0.8698 -0.0000
vn -0.6412 0.7673 -0.0000
vn -0.7673 0.6412 -0.0000
vn -0.8698 0.4933 -0.0000
vn -0.9475 0.3198 -0.0000
vn -0.9936 0.1127 -0.0000
vn -1.0000 -0.0000 -0.0000
vn -0.0000 -1.0000 -0.0000
vn -0.0000 -1.0000 -0.0001
vn -0.0000 -1.0000 0.0001
vn 1.0000 -0.0000 -0.0000
vn -0.0000 1.0000 0.0004
vn -0.0000 1.0000 -0.0002
vn -0.0000 1.0000 -0.0001
vn -0.0000 1.0000 0.0001
vn -0.0000 -1.0000 0.0002
vn -0.0000 -1.0000 -0.0002
vn -0.0000 -1.0000 -0.0004
vn -0.0000 -1.0000 0.0003
vn 0.1295 -0.0000 -0.9916
vn 0.3750 -0.0000 -0.9270
vn 0.5856 -0.0000 -0.8106
vn 0.5855 -0.0000 -0.8106
vn 0.7509 -0.0000 -0.6604
vn 0.8707 -0.0000 -0.4918
vn 0.9491 -0.0000 -0.3150
vn 0.9908 -0.0000 -0.1353
vn 0.9990 -0.0000 0.0451
vn 0.9743 -0.0000 0.2253
vn 0.9148 -0.0000 0.4040
vn 0.8163 -0.0000 0.5776
vn 0.6741 -0.0000 0.7387
vn 0.4856 -0.0000 0.8742
vn 0.2554 -0.0000 0.9668
vn 0.2555 -0.0000 0.9668
vn -0.2555 -0.0000 0.9668
vn -0.4856 -0.0000 0.8742
vn -0.6741 -0.0000 0.7387
vn -0.6740 -0.0000 0.7387
vn -0.8163 -0.0000 0.5776
vn -0.8164 -0.0000 0.5776
vn -0.9148 -0.0000 0.4040
vn -0.9743 -0.0000 0.2254
vn -0.9990 -0.0000 0.0451
vn -0.9908 -0.0000 -0.1353
vn -0.9491 -0.0000 -0.3150
vn -0.8707 -0.0000 -0.4917
vn -0.7509 -0.0000 -0.6604
vn -0.5855 -0.0000 -0.8107
vn -0.5856 -0.0000 -0.8106
vn -0.3750 -0.0000 -0.9270
vn -0.1295 -0.0000 -0.9916
vn 0.8660 -0.5000 -0.0000
vn -0.0000 -1.0000 -0.0003
vn -0.0001 -0.0000 -1.0000
vn -0.8660 0.5000 -0.0000
vn -0.0000 -0.9956 -0.0933
vn -0.0000 -0.9653 -0.2610
vn -0.0000 -0.9653 -0.2611
vn -0.0000 -0.9042 -0.4271
vn -0.0000 -0.8087 -0.5882
vn -0.0000 -0.6750 -0.7379
vn -0.0000 -0.5009 -0.8655
vn -0.0000 -0.2901 -0.9570
vn -0.0000 -0.0544 -0.9985
vn -0.0000 0.1861 -0.9825
vn -0.0000 0.4102 -0.9120
vn -0.0000 0.6017 -0.7988
vn -0.2150 -0.9766 -0.0000
vn -0.0541 -0.9985 -0.0000
vn -0.0000 -1.0000 0.0018
vn 0.0541 -0.9985 -0.0000
vn 0.2150 -0.9766 -0.0000
vn 0.4199 -0.9076 -0.0000
vn 0.6052 -0.7961 -0.0000
vn 0.7621 -0.6474 -0.0000
vn 0.7622 -0.6473 -0.0000
vn 0.8835 -0.4685 -0.0000
vn 0.8835 -0.4684 -0.0000
vn 0.9636 -0.2674 -0.0000
vn 0.9635 -0.2675 -0.0000
vn 0.9985 -0.0542 -0.0000
vn 0.9868 0.1619 -0.0000
vn 0.9868 0.1618 -0.0000
vn 0.9290 0.3701 -0.0000
vn 0.8276 0.5613 -0.0000
vn 0.8277 0.5612 -0.0000
vn 0.6877 0.7260 -0.0000
vn 0.5156 0.8569 -0.0000
vn 0.5156 0.8568 -0.0000
vn 0.3192 0.9477 -0.0000
vn 0.3193 0.9477 -0.0000
vn 0.1082 0.9941 -0.0000
vn -0.1082 0.9941 -0.0000
vn -0.3193 0.9477 -0.0000
vn -0.5156 0.8569 -0.0000
vn -0.6876 0.7260 -0.0000
vn -0.6877 0.7260 -0.0000
vn -0.8277 0.5612 -0.0000
vn -0.8276 0.5613 -0.0000
vn -0.9290 0.3701 -0.0000
vn -0.9868 0.1618 -0.0000
vn -0.9868 0.1617 -0.0000
vn -0.9985 -0.0541 -0.0000
vn -0.9985 -0.0540 -0.0000
vn -0.9635 -0.2676 -0.0000
vn -0.9635 -0.2675 -0.0000
vn -0.8835 -0.4684 -0.0000
vn -0.7621 -0.6474 -0.0000
vn -0.6052 -0.7961 -0.0000
vn -0.4199 -0.9076 -0.0000
vn 0.1294 -0.0000 -0.9916
vn 0.7510 -0.0000 -0.6604
vn -0.8707 -0.0000 -0.4918
vn -0.5855 -0.0000 -0.8106
vn -0.0000 -0.3886 0.9214
vn -0.0000 -0.1861 0.9825
vn -0.0000 -0.1860 0.9825
vn -0.0000 0.0300 0.9995
vn -0.0000 0.2438 0.9698
vn -0.0000 0.4404 0.8978
vn -0.0000 0.6093 0.7930
vn -0.0000 0.7460 0.6660
vn -0.0000 0.8505 0.5259
vn -0.0000 0.9253 0.3791
vn -0.0000 0.9733 0.2294
vn 0.8660 0.5000 -0.0000
vn -0.8660 -0.5000 -0.0000
vn 0.1081 0.9941 -0.0000
vn 0.3193 0.9476 -0.0000
vn 0.5155 0.8569 -0.0000
vn 0.6878 0.7259 -0.0000
vn 0.9985 -0.0541 -0.0000
vn 0.9635 -0.2676 -0.0000
vn 0.9636 -0.2675 -0.0000
vn 0.7622 -0.6474 -0.0000
vn -0.7622 -0.6474 -0.0000
vn -0.9636 -0.2675 -0.0000
vn -0.9985 -0.0542 -0.0000
vn -0.5155 0.8569 -0.0000
vn -0.3193 0.9476 -0.0000
vn -0.1081 0.9941 -0.0000
vn 0.6741 -0.0000 0.7386
vn 0.4855 -0.0000 0.8742
vn -0.4855 -0.0000 0.8742
vn -0.6741 -0.0000 0.7386
vn -0.0000 0.5772 0.8166
vn -0.0000 0.3834 0.9236
vn -0.0000 0.1594 0.9872
vn -0.0000 -0.0785 0.9969
vn -0.0000 -0.3094 0.9509
vn -0.0000 -0.5149 0.8573
vn -0.0000 -0.6840 0.7295
vn -0.0000 -0.8139 0.5810
vn -0.0000 -0.9067 0.4218
vn -0.0000 -0.9662 0.2579
vn -0.0000 -0.9957 0.0924
vn 0.0001 -0.0000 1.0000
vn -0.0000 0.9711 -0.2385
vn -0.0000 0.9165 -0.4001
vn -0.0000 0.8301 -0.5577
vn -0.0000 0.7082 -0.7060
vn -0.0000 0.5485 -0.8361
vn -0.0000 0.3526 -0.9358
vn -0.0000 0.1292 -0.9916
vn -0.0000 -0.1051 -0.9945
vn -0.0000 -0.3305 -0.9438
vn -0.5156 0.8568 -0.0000
vn -0.6878 0.7259 -0.0000
vn -0.9868 0.1619 -0.0000
vn -0.8835 -0.4685 -0.0000
vn -0.0000 1.0000 0.0002
vn 0.8164 -0.0000 0.5775
vn -0.7510 -0.0000 -0.6603
vn -0.1294 -0.0000 -0.9916
vn -0.0000 -0.3305 0.9438
vn -0.0000 -0.1051 0.9945
vn -0.0000 0.1292 0.9916
vn -0.0000 0.3526 0.9358
vn -0.0000 0.5485 0.8361
vn -0.0000 0.7082 0.7060
vn -0.0000 0.8301 0.5577
vn -0.0000 0.9165 0.4001
vn -0.0000 0.9711 0.2385
vn -0.7622 -0.6473 -0.0000
vn -0.7621 -0.6475 -0.0000
vn -0.3192 0.9477 -0.0000
vn 0.0001 -0.0000 -1.0000
vn -0.0000 -0.9957 -0.0924
vn -0.0000 -0.9662 -0.2579
vn -0.0000 -0.9067 -0.4218
vn -0.0000 -0.8139 -0.5810
vn -0.0000 -0.6840 -0.7295
vn -0.0000 -0.5149 -0.8573
vn -0.0000 -0.3094 -0.9509
vn -0.0000 -0.0785 -0.9969
vn -0.0000 0.1594 -0.9872
vn -0.0000 0.3834 -0.9236
vn -0.0000 0.5772 -0.8166
vn 0.8164 -0.0000 0.5776
vn -0.2554 -0.0000 0.9668
vn -0.7510 -0.0000 -0.6604
vn -0.0000 0.9733 -0.2294
vn -0.0000 0.9253 -0.3791
vn -0.0000 0.8505 -0.5259
vn -0.0000 0.7460 -0.6660
vn -0.0000 0.6093 -0.7930
vn -0.0000 0.4404 -0.8978
vn -0.0000 0.2438 -0.9698
vn -0.0000 0.0300 -0.9995
vn -0.0000 -0.1860 -0.9825
vn -0.0000 -0.1861 -0.9825
vn -0.0000 -0.3886 -0.9214
vn -0.4198 -0.9076 -0.0000
vn -0.0000 0.6017 0.7988
vn -0.0000 0.4102 0.9120
vn -0.0000 0.1861 0.9825
vn -0.0000 -0.0544 0.9985
vn -0.0000 -0.2901 0.9570
vn -0.0000 -0.5009 0.8655
vn -0.0000 -0.6750 0.7379
vn -0.0000 -0.8087 0.5882
vn -0.0000 -0.9042 0.4271
vn -0.0000 -0.9653 0.2611
vn -0.0000 -0.9653 0.2610
vn -0.0000 -0.9956 0.0933
vn 0.9868 0.1617 -0.0000
vn -0.0000 -1.0000 0.0004
vn 0.8255 -0.0000 0.5643
vn 0.9135 -0.0000 0.4068
vn 0.9695 -0.0000 0.2450
vn 0.9967 -0.0000 0.0817
vn 0.9967 -0.0000 -0.0817
vn 0.9695 -0.0000 -0.2450
vn 0.9135 -0.0000 -0.4068
vn 0.8255 -0.0000 -0.5643
vn 0.8255 -0.0000 -0.5644
vn 0.7683 -0.0000 -0.6400
vn -0.7683 -0.0000 0.6400
vn -0.7684 -0.0000 0.6400
vn -0.7018 -0.0000 0.7123
vn -0.7018 -0.0000 0.7124
vn -0.5401 -0.0000 0.8416
vn -0.5400 -0.0000 0.8416
vn -0.3422 -0.0000 0.9396
vn -0.1174 -0.0000 0.9931
vn 0.1174 -0.0000 0.9931
vn 0.3422 -0.0000 0.9396
vn 0.5400 -0.0000 0.8416
vn 0.5401 -0.0000 0.8416
vn 0.7018 -0.0000 0.7123
vn 0.7683 -0.0000 0.6400
vn -0.7683 -0.0000 -0.6400
vn -0.7684 -0.0000 -0.6400
vn -0.8255 -0.0000 -0.5644
vn -0.9135 -0.0000 -0.4068
vn -0.9695 -0.0000 -0.2450
vn -0.9967 -0.0000 -0.0818
vn -0.9967 -0.0000 0.0818
vn -0.9695 -0.0000 0.2450
vn -0.9135 -0.0000 0.4067
vn -0.8255 -0.0000 0.5644
vn 0.7683 -0.0000 -0.6401
vn 0.7684 -0.0000 -0.6400
vn 0.7018 -0.0000 -0.7123
vn 0.7018 -0.0000 -0.7124
vn 0.5401 -0.0000 -0.8416
vn 0.5400 -0.0000 -0.8416
vn 0.3422 -0.0000 -0.9396
vn 0.1174 -0.0000 -0.9931
vn -0.1174 -0.0000 -0.9931
vn -0.3422 -0.0000 -0.9396
vn -0.5401 -0.0000 -0.8416
vn -0.7018 -0.0000 -0.7124
vn 0.1294 -0.0000 0.9916
vn 0.1295 -0.0000 0.9916
vn 0.3750 -0.0000 0.9270
vn 0.5856 -0.0000 0.8106
vn 0.5855 -0.0000 0.8106
vn 0.7509 -0.0000 0.6604
vn 0.8707 -0.0000 0.4918
vn 0.9491 -0.0000 0.3150
vn 0.9908 -0.0000 0.1353
vn 0.9990 -0.0000 -0.0451
vn 0.9743 -0.0000 -0.2253
vn 0.9148 -0.0000 -0.4040
vn 0.8163 -0.0000 -0.5776
vn 0.6741 -0.0000 -0.7387
vn 0.4855 -0.0000 -0.8742
vn 0.4856 -0.0000 -0.8742
vn 0.2555 -0.0000 -0.9668
vn 0.0649 -0.0000 -0.9979
vn -0.0649 -0.0000 -0.9979
vn -0.2555 -0.0000 -0.9668
vn -0.4856 -0.0000 -0.8742
vn -0.6741 -0.0000 -0.7387
vn -0.8163 -0.0000 -0.5776
vn -0.9148 -0.0000 -0.4040
vn -0.9743 -0.0000 -0.2254
vn -0.9990 -0.0000 -0.0451
vn -0.9908 -0.0000 0.1353
vn -0.9491 -0.0000 0.3150
vn -0.8707 -0.0000 0.4917
vn -0.7509 -0.0000 0.6604
vn -0.5855 -0.0000 0.8107
vn -0.3750 -0.0000 0.9270
vn -0.1295 -0.0000 0.9916
vn -0.1294 -0.0000 0.9916
vn 0.7510 -0.0000 0.6604
vn 0.6741 -0.0000 -0.7386
vn 0.0651 -0.0000 -0.9979
vn -0.0651 -0.0000 -0.9979
vn -0.4855 -0.0000 -0.8742
vn -0.6741 -0.0000 -0.7386
vn -0.9743 -0.0000 -0.2253
vn -0.8707 -0.0000 0.4918
vn -0.0000 1.0000 0.0007
vn -0.0000 1.0000 -0.0004
vn -0.0000 1.0000 -0.0012
vn -0.0000 1.0000 0.0009
vn -0.0000 1.0000 -0.0005
vn -0.0000 1.0000 -0.0009
vn -0.0000 1.0000 0.0003
vn -0.0000 1.0000 0.0012
vn -0.0000 1.0000 -0.0003
vn -0.0000 1.0000 0.0005
vn 0.5855 -0.0000 0.8107
vn 0.9908 -0.0000 0.1352
vn 0.9743 -0.0000 -0.2254
vn -0.8164 -0.0000 -0.5775
vn -0.5855 -0.0000 0.8106
vn 0.4855 -0.0000 -0.8743
vn -0.4855 -0.0000 -0.8743
vn 0.6052 -0.0000 0.7961
vn 0.8734 -0.0000 -0.4870
vn -0.6469 -0.0000 -0.7626
vn -0.8950 -0.0000 0.4461
vn -0.9257 0.0073 0.3782
vn -0.4579 0.0116 -0.8889
vn -0.5053 -0.0000 -0.8629
vn -0.6412 -0.0000 -0.7674
vn 0.9555 0.0081 -0.2948
vn 0.9346 -0.0000 -0.3557
vn 0.8875 -0.0000 -0.4608
vn 0.5545 -0.0000 0.8322
vn 0.4558 -0.0000 0.8901
vn 0.3525 0.0010 0.9358
vn 0.3501 -0.0000 0.9367
vn 0.5141 0.0198 0.8575
vn 0.7177 -0.0000 0.6964
vn 0.8404 -0.0000 0.5419
vn 0.9257 -0.0000 0.3782
vn 0.9775 -0.0000 0.2108
vn 0.9980 -0.0000 0.0634
vn 0.9991 -0.0067 0.0422
vn 0.9623 -0.0000 -0.2720
vn 0.9920 -0.0000 -0.1266
vn 0.9998 -0.0000 -0.0210
vn 0.9140 0.0282 -0.4047
vn 0.7840 -0.0000 -0.6208
vn 0.6412 -0.0000 -0.7674
vn 0.4580 -0.0000 -0.8890
vn 0.2395 -0.0000 -0.9709
vn 0.0608 -0.0000 -0.9982
vn -0.0000 -0.0106 -0.9999
vn -0.4040 -0.0000 -0.9148
vn -0.2395 -0.0000 -0.9709
vn -0.0608 -0.0000 -0.9982
vn -0.5604 0.0425 -0.8272
vn -0.7840 -0.0000 -0.6208
vn -0.8875 -0.0000 -0.4608
vn -0.9556 -0.0000 -0.2948
vn -0.9920 -0.0000 -0.1266
vn -0.9998 -0.0000 -0.0210
vn -0.9991 -0.0067 0.0422
vn -0.9494 -0.0000 0.3139
vn -0.9775 -0.0000 0.2108
vn -0.9980 -0.0000 0.0634
vn -0.9240 0.0057 0.3823
vn -0.8950 -0.0000 0.4460
vn -0.8404 -0.0000 0.5419
vn -0.7177 -0.0000 0.6964
vn -0.5545 -0.0000 0.8322
vn -0.3525 -0.0000 0.9358
vn -0.1212 -0.0000 0.9926
vn 0.1212 -0.0000 0.9926
vn -0.9147 -0.0000 -0.4040
vn -0.2554 -0.0000 -0.9668
vn -0.6740 -0.0000 -0.7387
vn -0.4801 -0.0000 0.8772
vn -0.6400 -0.0000 0.7684
vn -0.8658 -0.0000 0.5004
vn -0.9349 -0.0000 0.3550
vn -0.9349 -0.0000 -0.3550
vn -0.8658 -0.0000 -0.5004
vn -0.6400 -0.0000 -0.7684
vn -0.4801 -0.0000 -0.8772
vn 0.7684 -0.0000 0.6400
vn 0.4801 -0.0000 -0.8772
vn 0.6400 -0.0000 -0.7684
vn 0.8658 -0.0000 -0.5004
vn 0.9349 -0.0000 -0.3550
vn 0.9349 -0.0000 0.3550
vn 0.8658 -0.0000 0.5004
vn 0.6400 -0.0000 0.7684
vn 0.4801 -0.0000 0.8772
vn 0.9135 -0.0000 0.4067
vn 0.9967 -0.0000 0.0818
vn 0.9135 -0.0000 -0.4067
vn 0.9967 -0.0000 -0.0818
vn -0.8256 -0.0000 -0.5643
vn -0.9967 -0.0000 -0.0817
vn -0.8255 -0.0000 -0.5643
vn -0.9135 -0.0000 -0.4067
vn -0.8256 -0.0000 0.5643
vn -0.8255 -0.0000 0.5643
vn -0.9135 -0.0000 0.4068
vn -0.9967 -0.0000 0.0817
vn -1.0000 -0.0001 -0.0000
vn -1.0000 0.0001 -0.0000
vn -0.0000 -0.7139 0.7002
vn -0.0000 -0.8163 0.5776
vn -0.0000 -0.1295 -0.9916
vn -0.0000 -0.3750 -0.9270
vn -0.0000 -0.5855 -0.8107
vn -0.0000 -0.7510 -0.6603
vn -0.0000 -0.7509 -0.6604
vn -0.0000 -0.8707 -0.4918
vn -0.0000 -0.8708 -0.4917
vn -0.0000 -0.9491 -0.3150
vn -0.0000 -0.9908 -0.1353
vn -0.0000 -0.9908 -0.1354
vn -0.0000 -0.9990 0.0451
vn -0.0000 -0.9743 0.2253
vn -0.0000 -0.9147 0.4041
vn -0.0000 -0.9148 0.4040
vn -0.0000 -0.8164 0.5775
vn -0.0000 -0.8163 0.5777
vn -0.0000 -0.6741 0.7387
vn -0.0000 -0.6741 0.7386
vn -0.0000 -0.4855 0.8742
vn -0.0000 -0.2555 0.9668
vn -0.0000 0.2555 0.9668
vn -0.0000 0.4855 0.8742
vn -0.0000 0.6740 0.7387
vn -0.0000 0.6741 0.7387
vn -0.0000 0.8164 0.5775
vn -0.0000 0.8163 0.5777
vn -0.0000 0.9148 0.4040
vn -0.0000 0.9148 0.4039
vn -0.0000 0.9743 0.2254
vn -0.0000 0.9743 0.2252
vn -0.0000 0.9990 0.0452
vn -0.0000 0.9990 0.0451
vn -0.0000 0.9908 -0.1354
vn -0.0000 0.9908 -0.1352
vn -0.0000 0.9491 -0.3150
vn -0.0000 0.8707 -0.4918
vn -0.0000 0.8708 -0.4917
vn -0.0000 0.7510 -0.6604
vn -0.0000 0.7509 -0.6604
vn -0.0000 0.5856 -0.8106
vn -0.0000 0.5855 -0.8107
vn -0.0000 0.3749 -0.9271
vn -0.0000 0.3750 -0.9270
vn -0.0000 0.1295 -0.9916
vn -0.0000 0.8163 0.5776
vn -0.0000 0.7139 0.7002
vn -0.0000 -0.1294 -0.9916
vn -0.0000 -0.7511 -0.6602
vn -0.0000 -0.9743 0.2252
vn -0.0000 -0.6740 0.7387
vn -0.0000 0.6741 0.7386
vn -0.0000 0.9147 0.4041
vn -0.0000 0.9743 0.2253
vn -0.0000 0.9491 -0.3151
vn -0.0000 0.7510 -0.6603
vn -0.0000 -0.8163 -0.5776
vn -0.0000 -0.7139 -0.7002
vn -0.0000 -0.1295 0.9916
vn -0.0000 -0.3750 0.9270
vn -0.0000 -0.5856 0.8106
vn -0.0000 -0.5855 0.8107
vn -0.0000 -0.7510 0.6604
vn -0.0000 -0.7509 0.6604
vn -0.0000 -0.8707 0.4917
vn -0.0000 -0.9491 0.3150
vn -0.0000 -0.9908 0.1353
vn -0.0000 -0.9990 -0.0451
vn -0.0000 -0.9743 -0.2253
vn -0.0000 -0.9148 -0.4040
vn -0.0000 -0.6741 -0.7387
vn -0.0000 -0.4855 -0.8742
vn -0.0000 -0.4856 -0.8742
vn -0.0000 -0.2555 -0.9668
vn -0.0000 0.2555 -0.9668
vn -0.0000 0.4856 -0.8742
vn -0.0000 0.4855 -0.8742
vn -0.0000 0.6741 -0.7387
vn -0.0000 0.8163 -0.5776
vn -0.0000 0.9148 -0.4040
vn -0.0000 0.9743 -0.2253
vn -0.0000 0.9990 -0.0451
vn -0.0000 0.9908 0.1353
vn -0.0000 0.9491 0.3150
vn -0.0000 0.8707 0.4918
vn -0.0000 0.8707 0.4917
vn -0.0000 0.7509 0.6604
vn -0.0000 0.7510 0.6603
vn -0.0000 0.5855 0.8107
vn -0.0000 0.3750 0.9270
vn -0.0000 0.1295 0.9916
vn 1.0000 -0.0002 -0.0000
vn 1.0000 -0.0001 -0.0000
vn 1.0000 0.0001 -0.0000
vn -0.0000 0.7139 -0.7002
vn -0.1129 0.9936 -0.0000
vn -0.3197 0.9475 -0.0000
vn -0.4927 0.8702 -0.0000
vn -0.6422 0.7665 -0.0000
vn -0.7665 0.6422 -0.0000
vn -0.8702 0.4927 -0.0000
vn -0.9475 0.3197 -0.0000
vn -0.9936 0.1129 -0.0000
vn 0.1132 -0.9936 -0.0000
vn 0.3195 -0.9476 -0.0000
vn 0.4933 -0.8698 -0.0000
vn 0.6411 -0.7675 -0.0000
vn 0.7675 -0.6411 -0.0000
vn 0.8698 -0.4933 -0.0000
vn 0.9476 -0.3195 -0.0000
vn 0.9936 -0.1132 -0.0000
vn 0.0871 -0.7645 0.6388
vn 0.0872 -0.7654 0.6376
vn 0.2462 -0.7308 0.6367
vn 0.2457 -0.7288 0.6391
vn 0.3807 -0.6713 0.6360
vn 0.3806 -0.6711 0.6362
vn 0.4925 -0.5891 0.6407
vn 0.4952 -0.5928 0.6352
vn 0.5926 -0.4954 0.6351
vn 0.5893 -0.4922 0.6407
vn 0.6711 -0.3806 0.6362
vn 0.6713 -0.3807 0.6360
vn 0.7289 -0.2456 0.6391
vn 0.7307 -0.2464 0.6367
vn 0.7654 -0.0872 0.6376
vn 0.7645 -0.0871 0.6388
vn 0.1127 -0.9936 -0.0000
vn 0.3198 -0.9475 -0.0000
vn 0.6412 -0.7673 -0.0000
vn 0.7673 -0.6412 -0.0000
vn 0.9475 -0.3198 -0.0000
vn 0.9936 -0.1127 -0.0000
vn -0.0870 0.7637 0.6397
vn -0.0874 0.7654 0.6376
vn -0.2465 0.7307 0.6367
vn -0.2445 0.7268 0.6418
vn -0.3790 0.6683 0.6401
vn -0.3810 0.6709 0.6362
vn -0.4992 0.5963 0.6287
vn -0.4918 0.5897 0.6406
vn -0.5888 0.4930 0.6405
vn -0.5973 0.4981 0.6286
vn -0.6712 0.3806 0.6362
vn -0.6681 0.3794 0.6401
vn -0.7267 0.2451 0.6418
vn -0.7309 0.2459 0.6367
vn -0.7654 0.0872 0.6376
vn -0.7636 0.0872 0.6397
vn -0.1135 0.9935 -0.0000
vn -0.3189 0.9478 -0.0000
vn -0.4938 0.8696 -0.0000
vn -0.6405 0.7680 -0.0000
vn -0.7680 0.6405 -0.0000
vn -0.8696 0.4938 -0.0000
vn -0.9478 0.3189 -0.0000
vn -0.9935 0.1135 -0.0000
vn 0.0767 -0.9971 -0.0000
vn 0.9971 0.0767 -0.0000
vn -0.0767 0.9971 -0.0000
vn -0.9971 -0.0767 -0.0000
vn 0.0002 -0.0000 -1.0000
vn 0.0008 -0.0000 -1.0000
vn -0.0003 -0.0000 -1.0000
vn -0.0010 -0.0000 -1.0000
vn 0.0004 -0.0000 -1.0000
vn 0.0003 -0.0000 -1.0000
vn -0.0003 -0.0000 1.0000
vn 0.0002 -0.0000 1.0000
vn -0.0002 -0.0000 1.0000
vn -0.0001 -0.0000 1.0000
vn -0.1789 0.9839 -0.0000
vn -0.4061 0.9138 -0.0000
vn -0.4062 0.9138 -0.0000
vn -0.5812 0.8138 -0.0000
vn -0.5813 0.8137 -0.0000
vn -0.7071 0.7071 -0.0000
vn -0.8137 0.5813 -0.0000
vn -0.8138 0.5812 -0.0000
vn -0.8944 0.4472 -0.0000
vn -0.9762 0.2169 -0.0000
vn -0.9959 0.0906 -0.0000
vn -0.9959 0.0905 -0.0000
vn -0.9648 -0.2631 -0.0000
vn -0.9363 -0.3511 -0.0000
vn -0.9364 -0.3511 -0.0000
vn -0.8480 -0.5300 -0.0000
vn -0.7071 -0.7071 -0.0000
vn -0.5813 -0.8137 -0.0000
vn -0.5812 -0.8137 -0.0000
vn -0.3511 -0.9363 -0.0000
vn -0.3162 -0.9487 -0.0000
vn 0.1789 -0.9839 -0.0000
vn 0.4472 -0.8944 -0.0000
vn 0.5300 -0.8480 -0.0000
vn 0.7071 -0.7071 -0.0000
vn 0.7682 -0.6402 -0.0000
vn 0.9363 -0.3511 -0.0000
vn 0.9363 -0.3512 -0.0000
vn 0.9578 -0.2873 -0.0000
vn 0.9578 -0.2874 -0.0000
vn 0.9839 0.1789 -0.0000
vn 0.9138 0.4062 -0.0000
vn 0.9138 0.4061 -0.0000
vn 0.8682 0.4961 -0.0000
vn 0.7071 0.7071 -0.0000
vn 0.5812 0.8137 -0.0000
vn 0.5813 0.8137 -0.0000
vn 0.4472 0.8944 -0.0000
vn 0.1961 0.9806 -0.0000
vn 0.0995 0.9950 -0.0000
vn 0.9971 0.0763 -0.0000
vn -0.9971 -0.0763 -0.0000
vn -0.0830 0.9965 -0.0000
vn -0.9971 -0.0755 -0.0000
vn -0.0794 0.9968 -0.0000
vn 0.9972 0.0751 -0.0000
vn 0.0020 -0.0000 -1.0000
vn 0.0005 -0.0000 -1.0000
vn -0.0004 -0.0000 -1.0000
vn 0.0006 -0.0000 1.0000
vn 0.1961 -0.9806 -0.0000
vn 0.4061 -0.9138 -0.0000
vn 0.5813 -0.8137 -0.0000
vn 0.5812 -0.8138 -0.0000
vn 0.6402 -0.7682 -0.0000
vn 0.8138 -0.5812 -0.0000
vn 0.8137 -0.5812 -0.0000
vn 0.8944 -0.4472 -0.0000
vn 0.8944 -0.4473 -0.0000
vn 0.9806 -0.1961 -0.0000
vn 0.9950 -0.0995 -0.0000
vn 0.8137 0.5812 -0.0000
vn 0.2169 0.9762 -0.0000
vn 0.0905 0.9959 -0.0000
vn -0.4472 0.8944 -0.0000
vn -0.5300 0.8480 -0.0000
vn -0.8137 0.5812 -0.0000
vn -0.9363 0.3511 -0.0000
vn -0.9363 0.3512 -0.0000
vn -0.9487 0.3162 -0.0000
vn -0.9487 0.3163 -0.0000
vn -0.9839 -0.1789 -0.0000
vn -0.8944 -0.4472 -0.0000
vn -0.3939 -0.9191 -0.0000
vn -0.3939 -0.9192 -0.0000
vn -0.2873 -0.9578 -0.0000
vn 0.0416 -0.9991 -0.0000
vn 0.0755 -0.9971 -0.0000
vn -0.9967 -0.0808 -0.0000
vn 0.0866 -0.9962 -0.0000
vn -0.9965 -0.0830 -0.0000
vn -0.9965 -0.0831 -0.0000
vn -0.9971 -0.0752 0.0066
vn -0.9971 -0.0764 -0.0055
vn 0.7474 0.6644 -0.0000
vn 0.7381 0.6746 -0.0116
vn 0.7396 0.6730 0.0097
vn 0.1191 -0.9929 -0.0000
vn 0.2022 -0.9794 -0.0000
vn 0.2821 -0.9594 -0.0000
vn 0.3586 -0.9335 -0.0000
vn 0.4327 -0.9015 -0.0000
vn 0.5051 -0.8631 -0.0000
vn 0.5749 -0.8182 -0.0000
vn 0.6409 -0.7676 -0.0000
vn -0.1195 0.9928 -0.0000
vn -0.2007 0.9797 -0.0000
vn -0.2837 0.9589 -0.0000
vn -0.3575 0.9339 -0.0000
vn -0.4343 0.9008 -0.0000
vn -0.5054 0.8629 -0.0000
vn -0.5732 0.8194 -0.0000
vn -0.6417 0.7670 -0.0000
vn 0.1186 -0.9929 -0.0000
vn 0.2012 -0.9795 -0.0000
vn 0.2816 -0.9595 -0.0000
vn 0.3580 -0.9337 -0.0000
vn 0.4338 -0.9010 -0.0000
vn 0.5062 -0.8624 -0.0000
vn 0.5730 -0.8195 -0.0000
vn 0.6420 -0.7667 -0.0000
vn -0.1191 0.9929 -0.0000
vn -0.2001 0.9798 -0.0000
vn -0.2822 0.9594 -0.0000
vn -0.3583 0.9336 -0.0000
vn -0.4337 0.9011 -0.0000
vn -0.5056 0.8628 -0.0000
vn -0.5750 0.8182 -0.0000
vn -0.6406 0.7679 -0.0000
vn -0.0866 0.9962 -0.0000
vn -0.0416 0.9991 -0.0000
vn -0.0791 0.9968 0.0060
vn -0.0767 0.9966 0.0293
vn 0.0830 -0.9965 -0.0000
vn 0.0755 -0.9971 0.0063
vn 0.0767 -0.9970 -0.0053
vn 0.9970 0.0770 -0.0000
vn 0.9970 0.0771 -0.0000
vn -0.9970 -0.0770 -0.0000
vn -0.9970 -0.0772 -0.0000
vn -0.9948 -0.0995 0.0199
vn -0.9970 -0.0779 -0.0000
vn -0.0789 0.9969 -0.0000
vn -0.0765 0.7651 -0.6394
vn -0.0511 0.7664 -0.6403
vn -0.0995 0.9950 -0.0000
vn -0.0800 0.9968 -0.0000
vn -0.0751 0.9970 0.0205
vn -0.0982 0.9821 -0.1608
vn 0.9971 0.0755 -0.0000
vn -0.0511 0.7665 -0.6403
vn -0.0765 0.7651 -0.6393
vn 0.9978 0.0665 -0.0000
vn 0.9970 0.0777 -0.0000
vn 0.9970 0.0770 0.0005
vn 0.9948 0.0995 0.0201
vn 0.0751 -0.9972 -0.0000
vn 0.0511 -0.7665 -0.6403
vn 0.0665 -0.9978 -0.0000
vn 0.0792 -0.9968 -0.0107
vn 0.0663 -0.9942 0.0847
vn -0.9971 -0.0757 -0.0000
vn 0.0765 -0.7651 -0.6393
vn 0.0511 -0.7664 -0.6403
vn -0.9950 -0.0995 -0.0000
vn -0.9970 -0.0770 -0.0012
vn -0.0803 0.9968 -0.0000
vn -0.0778 0.9970 -0.0000
vn -0.0766 0.9971 -0.0015
vn -0.0776 0.9970 0.0006
vn 0.0803 -0.9968 -0.0000
vn 0.0767 -0.9971 0.0015
vn 0.0764 -0.9971 0.0008
vn -0.9976 -0.0688 -0.0000
vn -0.9206 -0.0635 -0.3854
vn -0.9190 -0.0919 -0.3833
vn 0.9216 0.0614 -0.3833
vn -0.0736 0.9973 -0.0000
vn -0.0770 0.9970 -0.0007
vn -0.9191 -0.0919 -0.3831
vn -0.9207 -0.0614 -0.3854
vn -0.9978 -0.0665 -0.0000
vn -0.0002 -0.0000 -1.0000
vn -0.0006 -0.0000 1.0000
vn -0.7893 0.6140 -0.0000
vn -0.9762 0.2170 -0.0000
vn -0.9923 0.1240 -0.0000
vn -0.9939 -0.1104 -0.0000
vn -0.9701 -0.2426 -0.0000
vn -0.9138 -0.4061 -0.0000
vn -0.7526 -0.6585 -0.0000
vn -0.6139 -0.7894 -0.0000
vn -0.6139 -0.7893 -0.0000
vn -0.4472 -0.8944 -0.0000
vn -0.2169 -0.9762 -0.0000
vn -0.1241 -0.9923 -0.0000
vn -0.1240 -0.9923 -0.0000
vn 0.1104 -0.9939 -0.0000
vn 0.2425 -0.9701 -0.0000
vn 0.6585 -0.7526 -0.0000
vn 0.7526 -0.6585 -0.0000
vn 0.9138 -0.4061 -0.0000
vn 0.9701 -0.2425 -0.0000
vn 0.9702 -0.2425 -0.0000
vn 0.9939 -0.1105 -0.0000
vn 0.9939 -0.1104 -0.0000
vn 0.9923 0.1240 -0.0000
vn 0.9923 0.1241 -0.0000
vn 0.9762 0.2169 -0.0000
vn 0.8944 0.4472 -0.0000
vn 0.7893 0.6139 -0.0000
vn 0.7894 0.6139 -0.0000
vn 0.6585 0.7526 -0.0000
vn 0.4061 0.9138 -0.0000
vn 0.2425 0.9701 -0.0000
vn 0.2426 0.9701 -0.0000
vn 0.1104 0.9939 -0.0000
vn -0.1240 0.9923 -0.0000
vn -0.2169 0.9762 -0.0000
vn -0.6139 0.7893 -0.0000
vn -0.6139 0.7894 -0.0000
vn -0.7044 -0.7098 -0.0000
vn 0.7098 0.7044 -0.0000
vn 0.9138 -0.4062 -0.0000
vn -0.2170 0.9762 -0.0000
vn -0.7894 0.6139 -0.0000
vn -0.9923 0.1241 -0.0000
vn -0.9701 -0.2425 -0.0000
vn -0.9138 -0.4062 -0.0000
vn -0.7282 -0.6854 -0.0000
vn -0.7049 -0.7088 -0.0268
vn 0.1240 0.9923 -0.0000
vn 0.1231 0.9924 -0.0008
vn 0.1232 0.9924 0.0007
vn 0.7372 -0.6757 -0.0000
vn 0.7907 -0.6122 -0.0000
vn 0.8381 -0.5455 -0.0000
vn 0.8791 -0.4766 -0.0000
vn 0.9157 -0.4019 -0.0000
vn 0.9452 -0.3264 -0.0000
vn 0.9690 -0.2471 -0.0000
vn 0.9859 -0.1672 -0.0000
vn -0.7364 0.6766 -0.0000
vn -0.7902 0.6128 -0.0000
vn -0.8384 0.5450 -0.0000
vn -0.8803 0.4743 -0.0000
vn -0.9147 0.4041 -0.0000
vn -0.9456 0.3252 -0.0000
vn -0.9687 0.2481 -0.0000
vn -0.9861 0.1660 -0.0000
vn 0.7366 -0.6764 -0.0000
vn 0.7900 -0.6131 -0.0000
vn 0.8384 -0.5451 -0.0000
vn 0.8797 -0.4755 -0.0000
vn 0.9152 -0.4030 -0.0000
vn 0.9451 -0.3268 -0.0000
vn 0.9692 -0.2464 -0.0000
vn 0.9860 -0.1670 -0.0000
vn -0.7367 0.6762 -0.0000
vn -0.8391 0.5440 -0.0000
vn -0.8797 0.4756 -0.0000
vn -0.9148 0.4038 -0.0000
vn -0.9453 0.3262 -0.0000
vn -0.9689 0.2474 -0.0000
vn -0.9862 0.1657 -0.0000
vn -0.7061 -0.7081 -0.0000
vn -0.7071 -0.7071 -0.0013
vn -0.7060 -0.7082 -0.0000
vn 0.2747 -0.0000 0.9615
vn -0.5431 0.5431 -0.6404
vn 0.7082 0.7060 -0.0000
vn 0.7081 0.7061 -0.0001
vn 0.6903 0.7232 0.0207
vn 0.5431 -0.5431 -0.6404
vn -0.7233 -0.6905 -0.0000
vn -0.7071 -0.7071 0.0012
vn 0.7104 -0.7038 -0.0000
vn 0.7071 -0.7071 0.0020
vn 0.7068 -0.7074 0.0011
vn -0.6524 -0.6524 -0.3858
vn -0.6375 -0.6678 -0.3842
vn 0.6674 0.6371 -0.3857
vn 0.6528 0.6528 -0.3843
vn -0.7038 0.7104 -0.0000
vn -0.7071 0.7071 -0.0020
vn -0.7074 0.7068 -0.0011
vn 0.7234 0.6905 -0.0000
vn -0.6905 -0.7234 -0.0000
vn 0.9971 -0.0767 -0.0000
vn 0.0767 0.9971 -0.0000
vn -0.9971 0.0767 -0.0000
vn -0.0767 -0.9971 -0.0000
vn -0.0020 -0.0000 -1.0000
vn -0.0005 -0.0000 -1.0000
vn -0.9806 -0.1961 -0.0000
vn -0.8945 -0.4472 -0.0000
vn -0.8944 -0.4473 -0.0000
vn -0.8137 -0.5813 -0.0000
vn -0.7072 -0.7070 -0.0000
vn -0.4961 -0.8683 -0.0000
vn -0.4062 -0.9138 -0.0000
vn -0.1789 -0.9839 -0.0000
vn 0.2873 -0.9578 -0.0000
vn 0.3512 -0.9363 -0.0000
vn 0.6401 -0.7683 -0.0000
vn 0.7072 -0.7070 -0.0000
vn 0.8480 -0.5300 -0.0000
vn 0.8480 -0.5301 -0.0000
vn 0.9839 -0.1789 -0.0000
vn 0.9487 0.3162 -0.0000
vn 0.9487 0.3163 -0.0000
vn 0.9363 0.3511 -0.0000
vn 0.9363 0.3512 -0.0000
vn 0.8137 0.5813 -0.0000
vn 0.7072 0.7070 -0.0000
vn 0.5299 0.8480 -0.0000
vn 0.5300 0.8480 -0.0000
vn 0.3511 0.9363 -0.0000
vn 0.2632 0.9648 -0.0000
vn 0.2631 0.9648 -0.0000
vn -0.0906 0.9959 -0.0000
vn -0.7072 0.7070 -0.0000
vn -0.9138 0.4062 -0.0000
vn -0.9839 0.1789 -0.0000
vn 0.0763 0.9971 -0.0000
vn -0.0763 -0.9971 -0.0000
vn -0.9965 0.0830 -0.0000
vn -0.0751 -0.9972 -0.0000
vn -0.9968 0.0794 -0.0000
vn 0.0755 0.9971 -0.0000
vn 0.0010 -0.0000 -1.0000
vn 0.0003 -0.0000 1.0000
vn -0.0005 -0.0000 1.0000
vn 0.9578 0.2874 -0.0000
vn 0.9192 0.3939 -0.0000
vn 0.4473 0.8944 -0.0000
vn 0.1789 0.9839 -0.0000
vn -0.3163 0.9487 -0.0000
vn -0.3162 0.9487 -0.0000
vn -0.3512 0.9363 -0.0000
vn -0.8480 0.5300 -0.0000
vn -0.9959 -0.0905 -0.0000
vn -0.9762 -0.2170 -0.0000
vn -0.8137 -0.5812 -0.0000
vn -0.4061 -0.9138 -0.0000
vn 0.0995 -0.9950 -0.0000
vn 0.1962 -0.9806 -0.0000
vn 0.4472 -0.8945 -0.0000
vn 0.9962 -0.0866 -0.0000
vn 0.0808 0.9967 -0.0000
vn 0.9971 -0.0755 -0.0000
vn 0.9991 -0.0416 -0.0000
vn -0.9991 0.0416 -0.0000
vn -0.9962 0.0866 -0.0000
vn -0.9964 0.0791 0.0313
vn -0.9970 0.0767 0.0080
vn 0.9965 -0.0831 -0.0000
vn 0.9965 -0.0830 -0.0000
vn 0.9971 -0.0755 -0.0063
vn 0.9970 -0.0767 0.0053
vn 0.0770 0.9970 -0.0000
vn -0.0771 -0.9970 -0.0000
vn -0.0770 -0.9970 -0.0000
vn -0.0665 -0.9977 0.0094
vn -0.0755 -0.9971 -0.0000
vn -0.9969 0.0789 -0.0000
vn -0.7644 0.0764 -0.6402
vn -0.7672 0.0511 -0.6394
vn -0.9950 0.0995 -0.0000
vn -0.9968 0.0800 -0.0000
vn -0.9970 0.0751 -0.0205
vn -0.9821 0.0982 0.1610
vn 0.0779 0.9970 -0.0000
vn -0.7671 0.0511 -0.6395
vn -0.7643 0.0764 -0.6403
vn 0.0757 0.9971 -0.0000
vn 0.0772 0.9970 0.0012
vn 0.0995 0.9948 -0.0201
vn 0.9972 -0.0751 -0.0000
vn 0.7672 -0.0511 -0.6394
vn 0.7644 -0.0764 -0.6402
vn 0.9978 -0.0665 -0.0000
vn 0.9968 -0.0792 0.0107
vn 0.9942 -0.0663 -0.0847
vn 0.7665 -0.0511 -0.6403
vn -0.0995 -0.9950 -0.0000
vn -0.0770 -0.9970 0.0012
vn -0.9968 0.0803 -0.0000
vn -0.9970 0.0778 -0.0000
vn -0.9971 0.0766 0.0015
vn -0.9970 0.0776 -0.0006
vn 0.9973 -0.0731 -0.0000
vn 0.9971 -0.0767 0.0015
vn 0.9970 -0.0770 0.0008
vn -0.0665 -0.9978 -0.0000
vn -0.0615 -0.9216 -0.3833
vn 0.0918 0.9182 -0.3853
vn 0.0635 0.9214 -0.3833
vn 0.0688 0.9976 -0.0000
vn -0.9971 0.0766 -0.0012
vn -0.9971 0.0764 -0.0008
vn 0.0665 0.9978 -0.0000
vn 0.0614 0.9216 -0.3832
vn -0.0614 -0.9216 -0.3833
vn -0.0074 -0.0608 -0.9981
vn -0.0000 0.0304 -0.9995
vn -0.0000 0.1809 -0.9835
vn -0.0000 0.4063 -0.9138
vn -0.0000 0.5991 -0.8007
vn -0.0000 0.7521 -0.6591
vn -0.0000 0.8651 -0.5016
vn -0.0000 0.9416 -0.3366
vn -0.0000 0.9857 -0.1687
vn -0.0000 0.9857 0.1687
vn -0.0000 0.9416 0.3366
vn -0.0000 0.8651 0.5016
vn -0.0000 0.7521 0.6591
vn -0.0000 0.5991 0.8007
vn -0.0000 0.4063 0.9138
vn -0.0000 0.1809 0.9835
vn -0.0000 0.0304 0.9995
vn -0.0000 -0.0910 0.9958
vn -0.0000 -0.0910 -0.9958
vn -0.0000 -0.2968 -0.9549
vn -0.0000 -0.5074 -0.8617
vn -0.0000 -0.6807 -0.7326
vn -0.0000 -0.6807 -0.7325
vn -0.0000 -0.8134 -0.5817
vn -0.0000 -0.9077 -0.4197
vn -0.0000 -0.9675 -0.2529
vn -0.0000 -0.9964 -0.0844
vn -0.0000 -0.9964 0.0844
vn -0.0000 -0.9675 0.2529
vn -0.0000 -0.9077 0.4197
vn -0.0000 -0.8134 0.5817
vn -0.0000 -0.6807 0.7325
vn -0.0000 -0.6807 0.7326
vn -0.0000 -0.5074 0.8617
vn -0.0000 -0.2968 0.9549
vn -0.0000 -0.2472 0.9690
vn -0.0000 -0.4714 0.8819
vn -0.0000 -0.6573 0.7536
vn -0.0000 -0.8000 0.6000
vn -0.0000 -0.9012 0.4334
vn -0.0000 -0.9653 0.2613
vn -0.0000 -0.9653 0.2612
vn -0.0000 -0.9962 0.0872
vn -0.0000 -0.9962 -0.0872
vn -0.0000 -0.9653 -0.2612
vn -0.0000 -0.9653 -0.2613
vn -0.0000 -0.9012 -0.4334
vn -0.0000 -0.8000 -0.6000
vn -0.0000 -0.6573 -0.7536
vn -0.0000 -0.4714 -0.8819
vn -0.0000 -0.2472 -0.9690
vn -0.2628 -0.0606 0.9630
vn -0.0000 -0.2473 0.9690
vn -0.0000 0.0628 0.9980
vn -0.0000 0.2472 0.9690
vn -0.0000 0.2473 0.9690
vn -0.0000 0.4714 0.8819
vn -0.0000 0.6573 0.7536
vn -0.0000 0.8000 0.6000
vn -0.0000 0.9012 0.4334
vn -0.0000 0.9653 0.2613
vn -0.0000 0.9962 0.0872
vn -0.0000 0.9962 -0.0872
vn -0.0000 0.9653 -0.2613
vn -0.0000 0.9012 -0.4334
vn -0.0000 0.8000 -0.6000
vn -0.0000 0.6573 -0.7536
vn -0.0000 0.4714 -0.8819
vn -0.0000 0.2472 -0.9690
vn -0.0000 0.0628 -0.9980
vn -0.1352 -0.0000 -0.9908
vn -0.0000 -0.0628 -0.9980
vn -0.0000 -0.8336 -0.5524
vn -0.0000 -0.8336 0.5524
vn 0.0234 -0.8845 -0.4659
vn -0.0000 -0.8449 -0.5350
vn -0.0000 -0.9331 -0.3597
vn -0.0000 -0.9331 -0.3596
vn -0.0000 -0.9836 -0.1804
vn -0.0000 -0.9836 -0.1803
vn -0.0070 -1.0000 -0.0000
vn -0.0000 -0.9331 0.3596
vn -0.0000 -0.9836 0.1804
vn -0.0000 -0.9836 0.1803
vn -0.0000 -0.8336 -0.5523
vn -0.0000 -0.7140 -0.7002
vn -0.0000 -0.5369 -0.8436
vn -0.0000 -0.3162 -0.9487
vn -0.0000 -0.0649 -0.9979
vn -0.0000 0.1931 -0.9812
vn -0.0000 0.4315 -0.9021
vn -0.0000 0.6313 -0.7755
vn -0.0000 0.6313 -0.7756
vn -0.0000 0.7850 -0.6195
vn -0.0000 0.8940 -0.4481
vn -0.0000 0.9628 -0.2702
vn -0.0000 0.9959 -0.0903
vn -0.0000 0.9959 -0.0902
vn -0.0000 0.9959 0.0902
vn -0.0000 0.9959 0.0903
vn -0.0000 0.9628 0.2702
vn -0.0000 0.8940 0.4481
vn -0.0000 0.8940 0.4480
vn -0.0000 0.7850 0.6195
vn -0.0000 0.6313 0.7756
vn -0.0000 0.4315 0.9021
vn -0.0000 0.1931 0.9812
vn -0.0000 -0.0650 0.9979
vn -0.0000 -0.3162 0.9487
vn -0.0000 -0.5369 0.8436
vn -0.0000 -0.7140 0.7002
vn -0.0000 -0.8336 0.5523
vn 0.0048 -0.8448 0.5350
vn -0.0000 -0.8850 0.4657
vn -0.0000 -0.9331 0.3597
vn -0.0031 0.0363 -0.9993
vn -0.0097 -0.1294 -0.9915
vn -0.0069 0.0304 -0.9995
vn -0.0189 -0.1159 -0.9931
vn 0.0013 0.0071 -1.0000
vn -0.0022 -0.0218 -0.9998
vn -0.0403 -0.0910 -0.9950
vn -0.0711 -0.0772 -0.9945
vn -0.0367 -0.0990 -0.9944
vn -0.0050 -0.1399 -0.9902
vn -0.0020 -0.1493 -0.9888
vn 0.0050 -0.1765 -0.9843
vn 0.0004 0.0072 -1.0000
vn 0.0004 -0.1266 -0.9920
vn 0.0016 -0.0608 -0.9982
vn 0.0047 -0.1211 -0.9926
vn 0.0037 -0.1000 -0.9950
vn 0.0027 -0.0762 -0.9971
vn 0.0017 -0.0498 -0.9988
vn 0.0010 -0.0216 -0.9998
vn 0.0265 0.2468 -0.9687
vn 0.0043 0.1292 -0.9916
vn 0.0052 0.1121 -0.9937
vn 0.0001 0.0355 -0.9994
vn -0.0000 0.0553 -0.9985
vn 0.0077 0.0725 -0.9973
vn 0.0064 0.0912 -0.9958
vn -0.0000 0.2158 -0.9764
vn -0.0158 0.1996 -0.9797
vn -0.0314 0.1867 -0.9819
vn -0.0523 0.1730 -0.9835
vn -0.0849 0.1569 -0.9840
vn -0.0193 0.1808 -0.9833
vn -0.0000 0.0680 -0.9977
vn -0.0000 0.0552 -0.9985
vn -0.0000 -0.8034 0.5954
vn 0.0093 -0.8567 -0.5157
vn -0.0000 -0.1555 -0.9878
vn -0.0000 -0.8034 -0.5954
vn -0.0000 0.2128 -0.9771
vn -0.0000 0.9991 -0.0422
vn 0.0016 1.0000 -0.0000
vn -0.0000 0.9991 0.0422
vn 0.0016 -0.8134 0.5817
vn -0.0000 -0.8567 0.5157
vn 0.7682 0.0195 -0.6399
vn 0.7670 -0.0584 -0.6389
vn 0.7624 -0.1921 -0.6180
vn 0.7536 -0.3336 -0.5665
vn 0.7419 -0.4565 -0.4912
vn 0.7419 -0.4564 -0.4912
vn 0.7295 -0.5564 -0.3979
vn 0.7184 -0.6314 -0.2919
vn 0.7102 -0.6811 -0.1780
vn 0.7058 -0.7058 -0.0598
vn 0.7058 -0.7058 0.0598
vn 0.7102 -0.6811 0.1780
vn 0.7184 -0.6314 0.2919
vn 0.7295 -0.5564 0.3979
vn 0.7419 -0.4565 0.4912
vn 0.7419 -0.4564 0.4912
vn 0.7536 -0.3336 0.5665
vn 0.7624 -0.1921 0.6180
vn 0.7670 -0.0584 0.6389
vn 0.7682 0.0195 0.6399
vn 0.7651 0.1165 0.6333
vn 0.7651 0.1165 0.6332
vn 0.7585 0.2648 0.5955
vn 0.7479 0.3977 0.5315
vn 0.7356 0.5094 0.4464
vn 0.7237 0.5970 0.3462
vn 0.7139 0.6594 0.2357
vn 0.7075 0.6966 0.1192
vn 0.7053 0.7089 -0.0000
vn 0.7075 0.6966 -0.1192
vn 0.7139 0.6594 -0.2357
vn 0.7237 0.5970 -0.3461
vn 0.7237 0.5970 -0.3462
vn 0.7356 0.5094 -0.4464
vn 0.7479 0.3977 -0.5315
vn 0.7584 0.2648 -0.5955
vn 0.7585 0.2648 -0.5955
vn 0.7651 0.1165 -0.6333
vn 0.7651 0.1165 -0.6332
vn -0.0000 0.5855 -0.8106
vn -0.0000 0.9908 -0.1353
vn -0.0000 -0.5855 -0.8106
vn -1.0000 -0.0003 -0.0000
vn -1.0000 0.0002 -0.0000
vn -1.0000 -0.0002 -0.0000
vn 1.0000 -0.0005 -0.0000
vn -0.8835 -0.4684 -0.0010
vn -0.8597 -0.5108 -0.0000
vn -0.2149 -0.9766 -0.0000
vn -0.0542 -0.9985 -0.0000
vn -0.0000 -1.0000 0.0010
vn 0.0542 -0.9985 -0.0000
vn -0.9099 -0.4149 -0.0000
vn 0.8277 0.5611 -0.0000
vn 0.9290 0.3702 -0.0000
vn 0.9099 -0.4148 -0.0000
vn 0.8835 -0.4684 -0.0010
vn 0.8597 -0.5108 -0.0000
vn -0.0000 -0.9959 -0.0901
vn -0.0000 -0.9959 -0.0902
vn -0.0000 -0.9628 -0.2702
vn -0.0000 -0.9628 -0.2704
vn -0.0000 -0.8941 -0.4479
vn -0.0000 -0.8940 -0.4481
vn -0.0000 -0.7850 -0.6194
vn -0.0000 -0.6313 -0.7755
vn -0.0000 -0.6312 -0.7756
vn -0.0000 -0.4315 -0.9021
vn -0.0000 -0.1931 -0.9812
vn -0.0000 0.0649 -0.9979
vn -0.0000 0.3163 -0.9487
vn -0.0000 0.3162 -0.9487
vn -0.0000 0.5369 -0.8437
vn -0.0000 0.5369 -0.8436
vn -0.0000 0.7140 -0.7001
vn -0.0000 0.7139 -0.7003
vn -0.0000 0.8449 -0.5349
vn -0.0000 0.8448 -0.5350
vn -0.0000 0.9331 -0.3595
vn -0.0000 0.9331 -0.3597
vn -0.0000 0.9836 -0.1803
vn -0.0000 0.9990 -0.0449
vn -0.0000 0.9990 -0.0452
vn -0.0000 0.9990 0.0449
vn -0.0000 0.9836 0.1803
vn -0.0000 0.9331 0.3597
vn -0.0000 0.9331 0.3596
vn -0.0000 0.8449 0.5350
vn -0.0000 0.8449 0.5349
vn -0.0000 0.7139 0.7003
vn -0.0000 0.7140 0.7001
vn -0.0000 0.5369 0.8436
vn -0.0000 0.5369 0.8437
vn -0.0000 0.3162 0.9487
vn -0.0000 0.0650 0.9979
vn -0.0000 -0.1931 0.9812
vn -0.0000 -0.4316 0.9021
vn -0.0000 -0.6312 0.7756
vn -0.0000 -0.6313 0.7755
vn -0.0000 -0.7850 0.6194
vn -0.0000 -0.8940 0.4481
vn -0.0000 -0.8940 0.4480
vn -0.0000 -0.9628 0.2704
vn -0.0000 -0.9628 0.2702
vn -0.0000 -0.9959 0.0902
vn -0.0000 -0.9959 0.0901
vn -0.0000 -0.9959 -0.0903
vn -0.0000 -0.7851 -0.6194
vn -0.0000 -0.6313 -0.7756
vn -0.0000 0.5368 -0.8437
vn -0.0000 0.7140 -0.7002
vn -0.0000 0.8449 -0.5350
vn -0.0000 0.9331 -0.3596
vn -0.0000 0.9836 -0.1804
vn -0.0000 0.9836 0.1804
vn -0.0000 0.9331 0.3595
vn -0.0000 0.7140 0.7002
vn -0.0000 0.5370 0.8436
vn -0.0000 -0.4315 0.9021
vn -0.0000 -0.6313 0.7756
vn -0.0000 -0.7851 0.6194
vn -0.0000 -0.8940 0.4482
vn -0.0000 -0.9959 0.0903
vn -0.0000 0.9332 -0.3595
vn -0.0000 0.5368 0.8437
vn -0.0000 -0.8940 -0.4480
vn -0.0000 0.7138 0.7003
vn 0.1738 -0.9848 -0.0000
vn 0.2016 -0.9794 -0.0136
vn 0.2016 -0.9794 0.0136
vn 0.1924 -0.9813 -0.0000
vn -0.2425 0.9701 -0.0000
vn -0.1737 0.9844 0.0273
vn -0.1737 0.9844 -0.0273
vn -0.1924 0.9813 -0.0000
vn -0.8949 -0.1627 0.4156
vn -0.8752 -0.2188 0.4314
vn -0.8821 -0.2205 -0.4163
vn -0.8872 -0.1613 -0.4323
vn 0.8729 0.2182 -0.4363
vn 0.8707 0.2374 -0.4308
vn 0.8682 0.2367 0.4361
vn 0.8752 0.2188 0.4314
vn -0.1738 0.9848 -0.0000
vn -0.2016 0.9794 -0.0136
vn -0.2016 0.9794 0.0136
vn 0.2290 -0.9734 -0.0000
vn 0.1737 -0.9844 0.0273
vn 0.1737 -0.9844 -0.0273
vn 0.8682 0.2368 0.4361
vn 0.8729 0.2183 -0.4363
vn -0.8729 -0.2182 -0.4363
vn -0.8707 -0.2375 -0.4308
vn -0.8682 -0.2368 0.4361
vn -0.8753 -0.2188 0.4314
vn 0.5812 -0.8137 -0.0000
vn 0.5480 -0.8365 -0.0040
vn 0.5480 -0.8365 0.0040
vn 0.5457 -0.8380 -0.0000
vn -0.5408 0.8412 -0.0000
vn -0.5480 0.8365 0.0040
vn -0.5480 0.8365 -0.0040
vn -0.5503 0.8350 -0.0000
vn -0.7438 -0.5206 0.4192
vn -0.7438 -0.5206 -0.4192
vn 0.7670 0.4602 -0.4472
vn 0.7392 0.5175 -0.4310
vn 0.7326 0.5128 0.4475
vn 0.7742 0.4645 0.4299
vn -0.5812 0.8137 -0.0000
vn 0.5479 -0.8363 0.0192
vn 0.5479 -0.8363 -0.0192
vn 0.5591 -0.8291 -0.0000
vn -0.7392 -0.5175 -0.4310
vn -0.7392 -0.5174 -0.4310
vn -0.7392 -0.5175 0.4310
vn -0.7437 -0.5206 0.4192
vn -0.7437 -0.5206 -0.4192
vn -0.7392 -0.5174 0.4310
vn 0.8412 -0.5408 -0.0000
vn 0.8363 -0.5479 -0.0192
vn 0.8363 -0.5479 0.0192
vn 0.8291 -0.5591 -0.0000
vn -0.8321 0.5547 -0.0000
vn -0.8365 0.5480 0.0040
vn -0.8365 0.5480 -0.0040
vn -0.8380 0.5457 -0.0000
vn -0.4602 -0.7670 0.4472
vn -0.5175 -0.7392 0.4310
vn -0.5128 -0.7326 -0.4475
vn -0.4645 -0.7742 -0.4299
vn 0.5206 0.7438 -0.4192
vn 0.5206 0.7438 0.4192
vn -0.8363 0.5479 -0.0192
vn -0.8363 0.5479 0.0192
vn -0.8291 0.5591 -0.0000
vn 0.5175 0.7392 0.4310
vn 0.5175 0.7392 -0.4310
vn -0.4645 -0.7742 -0.4300
vn 0.9848 -0.1738 -0.0000
vn 0.9794 -0.2016 0.0136
vn 0.9794 -0.2016 -0.0136
vn 0.9813 -0.1924 -0.0000
vn -0.9734 0.2291 -0.0000
vn -0.9843 0.1737 -0.0322
vn -0.9843 0.1737 0.0322
vn -0.9806 0.1961 -0.0000
vn -0.2182 -0.8729 0.4363
vn -0.2375 -0.8707 0.4308
vn -0.2368 -0.8682 -0.4361
vn -0.2188 -0.8752 -0.4314
vn 0.1627 0.8949 -0.4156
vn 0.2188 0.8752 -0.4314
vn 0.2205 0.8820 0.4164
vn 0.1613 0.8872 0.4322
vn -0.9848 0.1738 -0.0000
vn -0.9794 0.2016 0.0136
vn -0.9794 0.2016 -0.0136
vn -0.9813 0.1924 -0.0000
vn 0.9734 -0.2290 -0.0000
vn 0.9844 -0.1737 -0.0273
vn 0.9844 -0.1737 0.0273
vn 0.2182 0.8729 0.4363
vn 0.2375 0.8707 0.4307
vn 0.2368 0.8682 -0.4361
vn -0.2374 -0.8707 0.4308
vn 0.0587 -0.9983 -0.0000
vn 0.0854 -0.9963 -0.0127
vn 0.0854 -0.9963 0.0127
vn -0.1169 0.9931 -0.0000
vn -0.0570 0.9980 0.0285
vn -0.0570 0.9980 -0.0285
vn -0.8995 -0.0817 0.4291
vn -0.9010 -0.0751 0.4274
vn -0.9002 -0.0750 -0.4291
vn -0.9004 -0.0819 -0.4273
vn 0.9001 0.0750 -0.4291
vn 0.9004 0.0818 -0.4273
vn 0.8995 0.0818 0.4291
vn 0.9010 0.0750 0.4274
vn -0.0587 0.9983 -0.0000
vn -0.0854 0.9963 -0.0126
vn -0.0854 0.9963 0.0126
vn 0.0854 -0.9963 -0.0126
vn 0.0854 -0.9963 0.0126
vn 0.9009 0.0751 0.4274
vn 0.9010 0.0750 -0.4274
vn 0.9009 0.0751 -0.4274
vn -0.9010 -0.0750 -0.4274
vn -0.9010 -0.0751 -0.4274
vn -0.9010 -0.0750 0.4274
vn 0.6783 -0.7348 -0.0000
vn 0.7070 -0.7070 0.0196
vn 0.7070 -0.7070 -0.0196
vn 0.7167 -0.6974 -0.0000
vn -0.6397 -0.6396 0.4263
vn -0.5963 -0.6709 0.4408
vn -0.6012 -0.6763 -0.4257
vn -0.6348 -0.6348 -0.4406
vn 0.6397 0.6396 -0.4263
vn 0.6709 0.5963 -0.4408
vn 0.6763 0.6011 0.4257
vn 0.6348 0.6348 0.4406
vn -0.7348 0.6783 -0.0000
vn -0.7070 0.7070 -0.0196
vn -0.7070 0.7070 0.0196
vn -0.6974 0.7167 -0.0000
vn 0.6397 0.6396 0.4263
vn 0.5969 0.6715 0.4392
vn 0.6012 0.6763 -0.4257
vn 0.6348 0.6348 -0.4406
vn -0.6397 -0.6396 -0.4263
vn -0.6715 -0.5969 -0.4392
vn -0.6763 -0.6012 0.4257
vn -0.6348 -0.6348 0.4406
vn 0.9983 -0.0588 -0.0000
vn 0.9963 -0.0854 0.0126
vn 0.9963 -0.0854 -0.0126
vn -0.9931 0.1169 -0.0000
vn -0.9980 0.0570 -0.0285
vn -0.9980 0.0570 0.0285
vn -0.0750 -0.9002 0.4291
vn -0.0819 -0.9004 0.4273
vn -0.0818 -0.8995 -0.4291
vn -0.0751 -0.9009 -0.4274
vn 0.0818 0.8995 -0.4292
vn 0.0751 0.9010 -0.4273
vn 0.0751 0.9002 0.4291
vn 0.0818 0.9004 0.4273
vn -0.9983 0.0587 -0.0000
vn -0.9963 0.0854 0.0126
vn -0.9963 0.0854 -0.0126
vn 0.9983 -0.0587 -0.0000
vn 0.0751 0.9010 0.4274
vn 0.0751 0.9010 -0.4274
vn -0.0751 -0.9010 -0.4274
vn -0.0751 -0.9010 0.4274
vn -0.0751 -0.9009 0.4274
vn 0.7835 0.2373 -0.5743
vn 0.6699 0.5597 -0.4877
vn -0.0112 0.9999 -0.0111
vn -0.0112 0.9999 -0.0112
vn -0.8256 -0.0950 0.5562
vn -0.0112 -0.9999 -0.0111
vn -0.0112 -0.9999 -0.0112
vn 0.7945 0.1916 -0.5762
vn 0.5729 0.7038 -0.4201
vn 0.7938 0.1993 -0.5745
vn 0.7793 0.2699 -0.5655
vn 0.7774 0.2807 -0.5628
vn 0.7687 0.3134 -0.5576
vn 0.7555 0.3582 -0.5485
vn 0.7524 0.3665 -0.5474
vn 0.7387 0.4080 -0.5365
vn 0.7264 0.4400 -0.5279
vn 0.7246 0.4449 -0.5264
vn 0.6953 0.5099 -0.5064
vn 0.6903 0.5216 -0.5014
vn 0.6668 0.5650 -0.4860
vn 0.6547 0.5860 -0.4775
vn 0.6373 0.6135 -0.4663
vn 0.6152 0.6489 -0.4477
vn 0.5674 0.7090 -0.4187
vn 0.5642 0.7133 -0.4158
vn -0.5859 -0.7102 0.3902
vn -0.6327 -0.6465 0.4264
vn -0.6051 -0.6899 0.3973
vn -0.6733 -0.5835 0.4542
vn -0.6452 -0.6324 0.4287
vn -0.7074 -0.5194 0.4794
vn -0.6795 -0.5831 0.4454
vn -0.7401 -0.4431 0.5059
vn -0.7182 -0.5057 0.4779
vn -0.7574 -0.4060 0.5115
vn -0.8144 -0.1881 0.5490
vn -0.8617 -0.2453 0.4441
vn -0.7481 -0.4340 0.5021
vn -0.7628 -0.3932 0.5133
vn -0.7755 -0.3562 0.5213
vn -0.7786 -0.3445 0.5245
vn -0.7966 -0.2791 0.5361
vn -0.8049 -0.2252 0.5490
vn -0.8123 -0.1981 0.5486
vn 0.1732 0.2618 -0.9495
vn 0.1470 0.6006 -0.7859
vn -0.0170 0.9999 -0.0018
vn -0.0172 0.9998 -0.0026
vn -0.0172 0.9998 -0.0025
vn -0.2261 -0.1055 0.9684
vn -0.0172 -0.9998 -0.0025
vn -0.0172 -0.9998 -0.0026
vn 0.1816 0.2122 -0.9602
vn 0.1825 0.2207 -0.9581
vn 0.1768 0.3024 -0.9366
vn 0.1772 0.3095 -0.9343
vn 0.1718 0.3773 -0.9100
vn 0.1714 0.4057 -0.8978
vn 0.1207 0.7404 -0.6612
vn 0.1674 0.4298 -0.8873
vn 0.1621 0.4786 -0.8629
vn 0.1619 0.4837 -0.8601
vn 0.1532 0.5505 -0.8207
vn 0.1530 0.5624 -0.8126
vn 0.1410 0.6309 -0.7629
vn 0.1414 0.6267 -0.7663
vn 0.1344 0.6779 -0.7227
vn 0.1334 0.6882 -0.7132
vn 0.1173 0.7452 -0.6565
vn 0.1169 0.7492 -0.6519
vn -0.1556 -0.7480 0.6452
vn -0.1654 -0.6872 0.7074
vn -0.1659 -0.7345 0.6580
vn -0.1701 -0.6964 0.6972
vn -0.1773 -0.6257 0.7597
vn -0.1762 -0.6443 0.7442
vn -0.1965 -0.5478 0.8132
vn -0.1924 -0.4829 0.8543
vn -0.1917 -0.5612 0.8052
vn -0.2007 -0.4882 0.8493
vn -0.2031 -0.4616 0.8635
vn -0.2097 -0.4047 0.8901
vn -0.2093 -0.3950 0.8945
vn -0.2174 -0.3087 0.9260
vn -0.2120 -0.2203 0.9521
vn -0.2287 -0.2959 0.9274
vn -0.2218 -0.2088 0.9525
vn -0.2271 -0.2114 0.9506
vn -0.2242 -0.1705 0.9595
vn -0.5715 0.2502 -0.7815
vn -0.4777 0.5812 -0.6588
vn -0.0152 0.9999 0.0072
vn -0.0151 0.9999 0.0073
vn -0.0151 0.9999 0.0072
vn 0.5515 -0.1005 0.8281
vn -0.0151 -0.9999 0.0073
vn -0.0151 -0.9999 0.0072
vn -0.4039 0.7318 -0.5490
vn -0.5736 0.2023 -0.7938
vn -0.5717 0.2104 -0.7930
vn -0.5610 0.2889 -0.7758
vn -0.5592 0.2957 -0.7745
vn -0.5412 0.3845 -0.7479
vn -0.5397 0.3889 -0.7467
vn -0.5252 0.4451 -0.7253
vn -0.5179 0.4685 -0.7157
vn -0.5191 0.4652 -0.7171
vn -0.4978 0.5311 -0.6857
vn -0.4031 0.7310 -0.5506
vn -0.4021 0.7344 -0.5469
vn -0.4299 0.6827 -0.5908
vn -0.4361 0.6697 -0.6011
vn -0.4597 0.6269 -0.6290
vn -0.4676 0.6072 -0.6424
vn -0.4923 0.5430 -0.6803
vn 0.3719 -0.7347 0.5674
vn 0.3674 -0.7415 0.5615
vn 0.4074 -0.6723 0.6181
vn 0.3867 -0.7030 0.5969
vn 0.4390 -0.6099 0.6598
vn 0.4288 -0.6289 0.6486
vn 0.4614 -0.5457 0.6996
vn 0.4602 -0.5480 0.6985
vn 0.4892 -0.4675 0.7363
vn 0.5424 -0.2010 0.8157
vn 0.4156 -0.2716 0.8680
vn 0.4763 -0.5003 0.7230
vn 0.4911 -0.4589 0.7404
vn 0.5084 -0.3911 0.7672
vn 0.5117 -0.3814 0.7699
vn 0.5280 -0.2974 0.7955
vn 0.5426 -0.2399 0.8050
vn 0.5419 -0.2116 0.8133
vn -0.9379 0.2251 -0.2640
vn -0.8103 0.5388 -0.2305
vn -0.0060 0.9999 0.0137
vn 0.9486 -0.0909 0.3032
vn 0.8086 0.2359 0.5390
vn 0.6895 0.5571 0.4629
vn 0.0113 0.9999 -0.0111
vn 0.0112 0.9999 -0.0111
vn -0.8063 -0.0965 -0.5836
vn 0.0112 -0.9999 -0.0111
vn 0.5869 0.7101 0.3889
vn 0.8187 0.1585 0.5520
vn 0.8127 0.1971 0.5483
vn 0.8125 0.1981 0.5483
vn 0.7982 0.2726 0.5372
vn 0.7963 0.2792 0.5367
vn 0.7728 0.3643 0.5197
vn 0.7711 0.3686 0.5192
vn 0.7463 0.4377 0.5015
vn 0.7442 0.4426 0.5003
vn 0.7157 0.5073 0.4800
vn 0.5780 0.7198 0.3844
vn 0.5773 0.7208 0.3836
vn 0.6170 0.6706 0.4119
vn 0.6336 0.6463 0.4252
vn 0.6639 0.6029 0.4425
vn 0.6752 0.5832 0.4517
vn 0.7092 0.5191 0.4770
vn -0.5653 -0.7131 -0.4146
vn -0.5499 -0.7306 -0.4048
vn -0.6158 -0.6488 -0.4470
vn -0.5802 -0.6910 -0.4311
vn -0.6564 -0.5858 -0.4754
vn -0.6438 -0.6049 -0.4687
vn -0.6892 -0.5217 -0.5029
vn -0.6802 -0.5373 -0.4986
vn -0.7263 -0.4447 -0.5242
vn -0.7035 -0.4900 -0.5148
vn -0.7280 -0.4364 -0.5287
vn -0.7513 -0.3706 -0.5460
vn -0.7550 -0.3613 -0.5472
vn -0.7768 -0.2808 -0.5637
vn -0.7753 -0.2856 -0.5633
vn -0.7944 -0.1992 -0.5739
vn -0.7817 -0.2434 -0.5741
vn -0.7956 -0.1889 -0.5756
vn -0.7952 -0.1892 -0.5761
vn 0.9747 0.2229 -0.0192
vn 0.8464 0.5324 -0.0141
vn 0.0001 0.9999 -0.0145
vn -0.0000 0.9999 -0.0145
vn -0.9959 -0.0889 -0.0145
vn 0.9353 -0.1898 0.2986
vn 0.6836 -0.6950 0.2227
vn 0.7399 -0.6296 0.2368
vn 0.7001 -0.6750 0.2327
vn 0.7849 -0.5664 0.2511
vn 0.7717 -0.5854 0.2487
vn 0.8226 -0.5025 0.2660
vn 0.8052 -0.5311 0.2638
vn 0.8625 -0.4268 0.2718
vn 0.8319 -0.4843 0.2710
vn 0.8646 -0.4187 0.2776
vn 0.8901 -0.3547 0.2862
vn 0.8937 -0.3456 0.2862
vn 0.9174 -0.2679 0.2943
vn 0.9111 -0.2882 0.2946
vn 0.9330 -0.2058 0.2951
vn 0.8930 -0.2351 0.3837
vn 0.9368 -0.1802 0.2998
vn -0.9824 -0.1862 -0.0138
vn -0.7260 -0.6876 -0.0144
vn -0.7829 -0.6220 -0.0116
vn -0.7447 -0.6671 -0.0190
vn -0.8293 -0.5587 -0.0121
vn -0.8112 -0.5845 -0.0143
vn -0.8688 -0.4949 -0.0148
vn -0.8443 -0.5356 -0.0193
vn -0.9075 -0.4200 -0.0083
vn -0.8760 -0.4820 -0.0176
vn -0.9112 -0.4118 -0.0143
vn -0.9372 -0.3484 -0.0150
vn -0.9389 -0.3438 -0.0145
vn -0.9647 -0.2630 -0.0145
vn -0.9545 -0.2976 -0.0184
vn -0.9773 -0.2116 -0.0098
vn -0.9647 -0.2360 -0.1166
vn -0.9842 -0.1767 -0.0145
vn -0.5835 0.0825 -0.8079
vn -0.5637 0.1366 -0.8146
vn -0.6393 -0.0068 -0.7689
vn -0.6377 -0.0000 -0.7703
vn -0.3250 0.0027 -0.9457
vn -0.3715 0.0087 -0.9284
vn -0.4019 0.0191 -0.9155
vn -0.3750 -0.0003 -0.9270
vn -0.4893 -0.0000 -0.8721
vn -0.5134 0.0006 -0.8581
vn -0.0554 0.0001 -0.9985
vn -0.1522 0.0083 -0.9883
vn -0.1295 0.0039 -0.9916
vn -0.2376 -0.0000 -0.9714
vn -0.2835 0.0001 -0.9590
vn 0.0843 -0.0001 -0.9964
vn 0.1554 -0.0092 -0.9878
vn 0.0291 0.0195 -0.9994
vn 0.1928 -0.0134 -0.9812
vn 0.0582 0.0200 -0.9981
vn 0.0154 -0.1939 -0.9809
vn -0.0252 -0.0000 -0.9997
vn -0.1294 -0.0351 -0.9910
vn -0.1351 -0.0271 -0.9905
vn -0.5926 -0.0045 -0.8055
vn -0.5545 -0.0115 -0.8321
vn -0.5855 -0.0011 -0.8106
vn -0.4894 -0.0000 -0.8721
vn -0.4501 -0.0000 -0.8930
vn -0.4020 -0.0065 -0.9156
vn -0.3509 -0.0194 -0.9362
vn -0.3750 -0.0047 -0.9270
vn -0.2642 -0.0000 -0.9645
vn -0.2084 0.0001 -0.9780
vn 0.4161 0.0031 -0.9093
vn 0.3764 0.0128 -0.9264
vn 0.3655 0.0195 -0.9306
vn 0.3750 -0.0017 -0.9270
vn 0.2502 0.0001 -0.9682
vn 0.1294 0.0175 -0.9914
vn 0.2010 0.2762 -0.9398
vn 0.0796 -0.0104 -0.9968
vn 0.5855 0.0066 -0.8106
vn 0.5245 -0.0000 -0.8514
vn 0.4671 -0.0000 -0.8842
vn 0.6980 -0.1310 -0.7040
vn 0.7509 -0.0056 -0.6604
vn 0.6763 -0.0000 -0.7366
vn 0.7451 0.0066 -0.6669
vn 0.7501 0.0467 -0.6597
vn 0.7393 -0.0107 -0.6733
vn 0.7365 -0.0239 -0.6760
vn 0.7344 0.0092 -0.6787
vn 0.7084 0.0153 -0.7056
vn 0.7500 -0.0002 -0.6614
vn 0.6567 -0.0000 -0.7542
vn 0.6051 0.0029 -0.7962
vn 0.6401 -0.0001 -0.7683
vn 0.5853 -0.0281 -0.8103
vn 0.5557 -0.0062 -0.8313
vn 0.2774 0.0001 -0.9608
vn 0.1449 -0.0002 -0.9894
vn 0.0870 0.0132 -0.9961
vn 0.3376 -0.0032 -0.9413
vn 0.3856 -0.0136 -0.9226
vn 0.3750 -0.0099 -0.9270
vn 0.4588 -0.0001 -0.8885
vn 0.5012 0.0001 -0.8654
vn 0.8844 0.0058 -0.4667
vn 0.8776 0.0126 -0.4793
vn 0.8692 0.0588 -0.4909
vn 0.8270 -0.0000 -0.5622
vn 0.8085 -0.0000 -0.5885
vn 0.9470 0.0068 -0.3213
vn 0.9352 0.0154 -0.3539
vn 0.9491 0.0015 -0.3150
vn 0.9164 -0.0000 -0.4002
vn 0.9022 0.0001 -0.4313
vn 0.9866 -0.0612 -0.1516
vn 0.9902 -0.0354 -0.1352
vn 0.9791 0.0002 -0.2032
vn 0.9925 0.0036 -0.1225
vn 0.9857 0.0083 -0.1682
vn 0.9908 0.0005 -0.1353
vn 0.9747 -0.0000 -0.2236
vn 0.9652 -0.0000 -0.2616
vn 0.9704 -0.0001 -0.2417
vn 0.9490 -0.0152 -0.3150
vn 0.9492 -0.0158 -0.3144
vn 0.7746 -0.0002 -0.6324
vn 0.8225 -0.0000 -0.5688
vn 0.8445 -0.0011 -0.5356
vn 0.8715 -0.0076 -0.4903
vn 0.8893 -0.0197 -0.4568
vn 0.8707 -0.0009 -0.4918
vn 0.9141 -0.0000 -0.4055
vn 0.9288 -0.0000 -0.3705
vn 0.9976 0.0151 -0.0672
vn 0.9964 -0.0000 -0.0847
vn 0.9993 -0.0000 -0.0367
vn 0.9951 0.0012 0.0984
vn 0.9969 0.0073 0.0787
vn 0.9949 0.0904 0.0449
vn 0.9999 0.0143 -0.0002
vn 0.9992 -0.0009 -0.0404
vn 0.9948 -0.0000 0.1021
vn 0.9990 -0.0068 0.0451
vn 0.9995 -0.0039 0.0312
vn 1.0000 -0.0005 -0.0084
vn 0.9676 0.0023 0.2525
vn 0.9765 0.0091 0.2155
vn 0.9743 0.0065 0.2253
vn 0.9873 -0.0001 0.1588
vn 0.9919 -0.0000 0.1272
vn 0.9332 -0.0023 0.3594
vn 0.9137 -0.0484 0.4035
vn 0.8894 0.0008 0.4572
vn 0.8917 0.0010 0.4526
vn 0.9135 0.0037 0.4068
vn 0.9148 0.0042 0.4040
vn 0.9418 -0.0001 0.3361
vn 0.9545 -0.0000 0.2982
vn 0.9881 -0.0000 0.1537
vn 0.9796 -0.0049 0.2007
vn 0.9742 -0.0157 0.2253
vn 0.9603 -0.0001 0.2788
vn 0.9478 -0.0000 0.3189
vn 0.8168 0.0807 0.5712
vn 0.8127 0.0940 0.5751
vn 0.8561 -0.0044 0.5168
vn 0.8547 -0.0000 0.5192
vn 0.8809 -0.0000 0.4733
vn 0.9040 -0.0218 0.4269
vn 0.6165 -0.0000 0.7873
vn 0.6538 0.0047 0.7566
vn 0.6843 0.0113 0.7291
vn 0.7007 0.0201 0.7132
vn 0.6741 -0.0006 0.7387
vn 0.7615 0.0001 0.6482
vn 0.7780 0.0029 0.6283
vn 0.4258 0.0129 0.9047
vn 0.5353 0.0006 0.8447
vn 0.5819 -0.0000 0.8133
vn 0.3408 0.0296 0.9397
vn 0.3116 -0.0000 0.9502
vn 0.2476 -0.0069 0.9688
vn 0.2087 -0.0146 0.9779
vn 0.3163 0.0187 0.9485
vn 0.8303 -0.0028 0.5573
vn 0.8060 -0.0084 0.5918
vn 0.8163 -0.0039 0.5776
vn 0.7620 -0.0001 0.6476
vn 0.7355 0.0001 0.6775
vn 0.6030 -0.0001 0.7977
vn 0.6740 -0.0105 0.7386
vn 0.6697 -0.0137 0.7425
vn 0.7072 -0.0035 0.7070
vn -0.0807 0.0010 0.9967
vn -0.0250 0.0058 0.9997
vn 0.0153 0.0165 0.9997
vn 0.0242 0.0221 0.9995
vn -0.0000 -0.0013 1.0000
vn 0.1492 0.0002 0.9888
vn 0.2550 0.0574 0.9652
vn 0.2013 0.2055 0.9577
vn 0.3154 -0.0080 0.9489
vn -0.2555 0.0057 0.9668
vn -0.1623 -0.0001 0.9867
vn -0.1144 -0.0000 0.9934
vn -0.3960 -0.1660 0.9031
vn -0.3654 -0.0000 0.9308
vn -0.4500 -0.0289 0.8925
vn -0.4435 0.0147 0.8961
vn -0.4151 0.0212 0.9095
vn -0.4856 -0.0002 0.8742
vn -0.3378 0.0001 0.9412
vn -0.2572 0.0054 0.9664
vn -0.2937 -0.0112 0.9558
vn -0.2554 -0.0307 0.9664
vn -0.1955 -0.0017 0.9807
vn 0.5602 0.0002 0.8283
vn 0.5053 -0.0174 0.8628
vn 0.4850 -0.0460 0.8733
vn 0.4086 0.0007 0.9127
vn 0.2555 -0.0023 0.9668
vn 0.2543 -0.0003 0.9671
vn 0.1207 -0.0000 0.9927
vn 0.0652 -0.0011 0.9979
vn 0.0089 -0.0101 0.9999
vn -0.0000 -0.0126 0.9999
vn -0.0836 -0.0001 0.9965
vn -0.1347 -0.0000 0.9909
vn -0.7463 -0.0000 0.6656
vn -0.7170 0.0009 0.6970
vn -0.6861 0.0090 0.7274
vn -0.6765 0.0160 0.7363
vn -0.6738 0.0276 0.7384
vn -0.5921 -0.0000 0.8059
vn -0.5354 0.3190 0.7821
vn -0.4565 -0.0098 0.8897
vn -0.7586 -0.0000 0.6515
vn -0.8163 0.0031 0.5776
vn -0.8011 0.0101 0.5985
vn -0.8944 -0.0913 0.4380
vn -0.9145 -0.0233 0.4039
vn -0.8772 0.0001 0.4801
vn -0.9147 0.0071 0.4040
vn -0.9125 -0.0112 0.4088
vn -0.9118 -0.0204 0.4102
vn -0.9129 0.0059 0.4082
vn -0.8948 0.0114 0.4464
vn -0.9146 -0.0001 0.4043
vn -0.8661 -0.0000 0.4999
vn -0.8400 0.0010 0.5426
vn -0.8559 -0.0003 0.5172
vn -0.8161 -0.0226 0.5774
vn -0.8073 -0.0109 0.5901
vn -0.6134 -0.0000 0.7898
vn -0.5098 0.0001 0.8603
vn -0.4659 0.0101 0.8848
vn -0.6617 -0.0054 0.7497
vn -0.6942 -0.0167 0.7196
vn -0.6741 -0.0058 0.7386
vn -0.7411 -0.0001 0.6714
vn -0.7691 0.0001 0.6391
vn -0.9825 0.0033 0.1863
vn -0.9793 0.0097 0.2022
vn -0.9713 0.0786 0.2247
vn -0.9574 -0.0000 0.2887
vn -0.9485 -0.0000 0.3167
vn -0.9994 0.0043 0.0349
vn -0.9975 0.0119 0.0699
vn -0.9990 0.0044 0.0451
vn -0.9925 -0.0001 0.1220
vn -0.9881 0.0001 0.1536
vn -0.9899 -0.0434 -0.1352
vn -0.9896 -0.0388 -0.1387
vn -0.9758 0.0152 -0.2181
vn -0.9806 -0.0000 -0.1959
vn -0.9861 0.0021 -0.1664
vn -0.9927 0.0057 -0.1201
vn -0.9908 0.0025 -0.1353
vn -0.9984 -0.0000 -0.0565
vn -0.9998 -0.0000 -0.0182
vn -0.9963 -0.0020 0.0856
vn -0.9993 -0.0212 0.0311
vn -0.9990 -0.0061 0.0451
vn -0.9992 -0.0000 -0.0391
vn -0.9970 0.0001 -0.0776
vn -0.9555 -0.0000 0.2950
vn -0.9315 -0.0000 0.3636
vn -0.9176 0.0043 0.3974
vn -0.9670 -0.0024 0.2546
vn -0.9778 -0.0101 0.2095
vn -0.9743 -0.0039 0.2253
vn -0.9893 -0.0000 0.1456
vn -0.9919 -0.0000 0.1271
vn -0.9562 0.0409 -0.2899
vn -0.9447 0.0957 -0.3136
vn -0.9335 0.0051 -0.3585
vn -0.8449 0.0008 -0.5349
vn -0.8676 0.0067 -0.4972
vn -0.8838 0.0138 -0.4677
vn -0.8707 0.0013 -0.4918
vn -0.9139 -0.0000 -0.4059
vn -0.9245 -0.0000 -0.3813
vn -0.6902 0.0002 -0.7236
vn -0.6823 -0.0000 -0.7310
vn -0.7152 -0.0087 -0.6988
vn -0.7500 -0.0498 -0.6595
vn -0.7745 -0.0089 -0.6325
vn -0.6934 0.0003 -0.7205
vn -0.7339 0.0019 -0.6793
vn -0.7509 0.0055 -0.6604
vn -0.7946 -0.0000 -0.6071
vn -0.8207 -0.0000 -0.5714
vn -0.9705 -0.0010 -0.2412
vn -0.9740 -0.0149 -0.2259
vn -0.9641 -0.0000 -0.2655
vn -0.9488 -0.0059 -0.3159
vn -0.9491 -0.0057 -0.3150
vn -0.9249 -0.0001 -0.3802
vn -0.9107 -0.0000 -0.4130
vn -0.8983 -0.0013 -0.4395
vn -0.8759 -0.0088 -0.4824
vn -0.8706 -0.0140 -0.4917
vn -0.8337 -0.0002 -0.5522
vn -0.8071 0.0001 -0.5905
vn -0.6943 0.6932 -0.1935
vn -0.9476 0.1686 -0.2713
vn -0.9399 0.2066 -0.2720
vn -0.9438 0.1891 -0.2709
vn -0.9283 0.2607 -0.2652
vn -0.9264 0.2670 -0.2654
vn -0.9010 0.3494 -0.2572
vn -0.8994 0.3535 -0.2572
vn -0.8724 0.4208 -0.2487
vn -0.8552 0.4565 -0.2453
vn -0.8704 0.4256 -0.2474
vn -0.8312 0.5027 -0.2375
vn -0.6743 0.7139 -0.1888
vn -0.6772 0.7108 -0.1902
vn -0.7199 0.6640 -0.2022
vn -0.7484 0.6281 -0.2129
vn -0.7810 0.5845 -0.2198
vn -0.7940 0.5648 -0.2248
vn -0.8322 0.5010 -0.2376
vn 0.9837 0.1790 -0.0149
vn 0.9752 0.2212 -0.0099
vn 0.9824 0.1862 -0.0145
vn 0.9652 0.2611 -0.0145
vn 0.9647 0.2630 -0.0143
vn 0.9387 0.3444 -0.0148
vn 0.9372 0.3484 -0.0143
vn 0.9096 0.4152 -0.0146
vn 0.8858 0.4640 -0.0123
vn 0.9074 0.4200 -0.0170
vn 0.8599 0.5103 -0.0122
vn 0.8156 0.5784 -0.0158
vn 0.8293 0.5586 -0.0149
vn 0.8689 0.4949 -0.0137
vn 0.6945 0.7193 -0.0145
vn 0.6967 0.7172 -0.0144
vn 0.7428 0.6694 -0.0150
vn 0.7259 0.6876 -0.0166
vn 0.7829 0.6220 -0.0130
vn -0.1188 -0.7492 -0.6516
vn -0.1197 -0.7460 -0.6550
vn -0.1305 -0.6883 -0.7136
vn -0.1238 -0.7079 -0.6954
vn -0.1455 -0.6266 -0.7656
vn -0.1403 -0.6454 -0.7509
vn -0.1489 -0.5513 -0.8209
vn -0.1701 -0.4835 -0.8586
vn -0.1508 -0.5624 -0.8130
vn -0.1580 -0.5035 -0.8494
vn -0.1630 -0.4749 -0.8648
vn -0.1688 -0.4057 -0.8983
vn -0.1710 -0.3958 -0.9023
vn -0.1764 -0.3095 -0.9344
vn -0.1784 -0.2985 -0.9376
vn -0.1810 -0.2207 -0.9584
vn -0.1790 -0.2320 -0.9561
vn -0.1835 -0.1890 -0.9647
vn -0.1832 -0.1893 -0.9647
vn 0.0001 -0.9999 -0.0145
vn -0.0001 -0.9999 -0.0145
vn -0.0002 -0.9999 -0.0145
vn 0.2230 0.2117 0.9516
vn 0.2214 0.2201 0.9500
vn 0.2179 0.3017 0.9282
vn 0.2165 0.3087 0.9262
vn 0.2104 0.3929 0.8952
vn 0.2079 0.4048 0.8905
vn 0.1579 0.7392 0.6547
vn 0.2048 0.4458 0.8714
vn 0.2015 0.4776 0.8552
vn 0.2006 0.4826 0.8525
vn 0.1926 0.5493 0.8131
vn 0.1895 0.5613 0.8057
vn 0.1785 0.6423 0.7454
vn 0.1832 0.6255 0.7584
vn 0.1666 0.6891 0.7053
vn 0.1672 0.6871 0.7070
vn 0.1591 0.7438 0.6492
vn 0.1575 0.7479 0.6448
vn 0.0172 -0.9998 -0.0026
vn 0.0172 -0.9998 -0.0025
vn -0.1856 -0.1056 -0.9769
vn 0.0172 0.9998 -0.0024
vn 0.0172 0.9998 -0.0025
vn 0.2260 0.2614 0.9384
vn 0.1842 0.5995 0.7789
vn 0.4023 -0.7319 -0.5500
vn 0.4346 -0.6699 -0.6020
vn 0.4186 -0.7123 -0.5634
vn 0.4399 -0.6681 -0.6001
vn 0.4653 -0.6074 -0.6438
vn 0.4605 -0.6210 -0.6343
vn 0.4941 -0.5428 -0.6791
vn 0.5127 -0.4657 -0.7213
vn 0.5734 -0.1998 -0.7945
vn 0.6639 -0.2596 -0.7014
vn 0.5012 -0.5295 -0.6845
vn 0.5215 -0.4566 -0.7208
vn 0.5404 -0.3889 -0.7462
vn 0.5417 -0.3794 -0.7501
vn 0.5598 -0.2957 -0.7741
vn 0.5634 -0.2390 -0.7908
vn 0.5714 -0.2104 -0.7932
vn -0.5417 0.2035 0.8156
vn -0.5417 0.2116 0.8135
vn -0.5291 0.2906 0.7973
vn -0.5286 0.2974 0.7951
vn -0.5186 0.3477 0.7811
vn -0.5098 0.3910 0.7663
vn -0.3773 0.7257 0.5753
vn -0.5073 0.3983 0.7642
vn -0.4897 0.4625 0.7391
vn -0.4884 0.4676 0.7368
vn -0.4663 0.5338 0.7054
vn -0.4632 0.5455 0.6985
vn -0.4398 0.6017 0.6668
vn -0.4363 0.6102 0.6613
vn -0.4182 0.6496 0.6349
vn -0.4085 0.6722 0.6175
vn -0.3724 0.7307 0.5722
vn -0.3703 0.7348 0.5682
vn 0.0151 -0.9999 0.0072
vn 0.0151 -0.9999 0.0073
vn 0.5823 -0.1009 -0.8067
vn 0.0151 0.9999 0.0073
vn -0.5309 0.2516 0.8092
vn -0.4478 0.5837 0.6774
vn 0.7683 -0.6024 -0.2164
vn 0.7931 -0.5650 -0.2275
vn 0.7135 -0.6727 -0.1959
vn 0.7479 -0.6282 -0.2143
vn 0.6938 -0.6933 -0.1949
vn 0.8405 -0.4879 -0.2359
vn 0.8683 -0.4260 -0.2543
vn 0.8032 -0.5531 -0.2215
vn 0.8406 -0.4841 -0.2431
vn 0.8117 -0.5364 -0.2311
vn 0.9457 -0.1796 -0.2710
vn 0.9573 -0.2368 -0.1658
vn 0.8738 -0.4174 -0.2495
vn 0.8961 -0.3628 -0.2556
vn 0.8998 -0.3534 -0.2559
vn 0.9121 -0.3162 -0.2610
vn 0.9266 -0.2670 -0.2648
vn 0.9375 -0.2150 -0.2737
vn 0.9438 -0.1892 -0.2712
vn -0.9363 0.1825 0.3001
vn -0.9352 0.1898 0.2988
vn -0.9242 0.2413 0.2962
vn -0.9178 0.2679 0.2929
vn -0.9136 0.2823 0.2926
vn -0.8902 0.3546 0.2859
vn -0.8919 0.3505 0.2859
vn -0.8630 0.4222 0.2775
vn -0.8609 0.4270 0.2766
vn -0.8320 0.4855 0.2682
vn -0.8321 0.4854 0.2683
vn -0.8057 0.5324 0.2598
vn -0.8023 0.5380 0.2588
vn -0.6923 0.6855 0.2255
vn -0.7839 0.5666 0.2538
vn -0.7703 0.5864 0.2506
vn -0.7394 0.6297 0.2382
vn -0.6870 0.6907 0.2258
vn -0.6830 0.6951 0.2242
vn 0.0060 -0.9999 0.0137
vn 0.0059 -0.9999 0.0137
vn 0.9574 -0.0904 -0.2743
vn 0.0059 0.9999 0.0137
vn -0.9099 0.2912 0.2954
vn -0.7647 0.5950 0.2474
vn -0.0062 -0.9999 0.0137
vn -0.0059 -0.9999 0.0136
vn -0.0059 -0.9999 0.0137
s 0
usemtl Black
f 1//1 2//1 3//1
f 3//1 4//1 5//1
f 5//1 6//1 7//1
f 7//1 8//1 9//1
f 11//1 12//1 13//1
f 14//1 1//1 3//1
f 3//1 5//1 7//1
f 7//1 9//1 11//1
f 11//1 13//1 15//1
f 16//1 14//1 3//1
f 3//1 7//1 11//1
f 11//1 15//1 17//1
f 18//1 16//1 3//1
f 3//1 11//1 17//1
f 17//1 18//1 3//1
f 19//2 20//2 21//2
f 21//2 22//2 23//2
f 24//2 25//2 26//2
f 28//2 29//2 30//2
f 30//2 19//2 21//2
f 21//2 23//2 31//2
f 32//2 24//2 26//2
f 26//2 28//2 30//2
f 30//2 21//2 31//2
f 33//2 32//2 26//2
f 30//2 31//2 34//2
f 35//2 33//2 26//2
f 30//2 34//2 36//2
f 36//2 35//2 26//2
f 26//2 30//2 36//2
f 22//3 21//3 4//3
f 21//4 20//4 5//4
f 5//4 4//4 21//4
f 19//6 30//6 7//6
f 7//6 6//6 19//6
f 30//7 29//7 8//7
f 8//7 7//7 30//7
f 2//12 1//12 31//12
f 34//13 31//13 1//13
f 1//13 14//13 34//13
f 36//14 34//14 14//14
f 14//14 16//14 36//14
f 35//15 36//15 16//15
f 16//15 18//15 35//15
f 33//16 35//16 18//16
f 18//16 17//16 33//16
f 32//17 33//17 17//17
f 17//17 15//17 32//17
f 24//18 32//18 15//18
f 15//18 13//18 24//18
f 24//19 13//19 12//19
f 12//19 25//19 24//19
f 23//20 22//20 3//20
f 3//20 2//20 23//20
f 2545//606 2544//606 2513//606
f 2513//606 2512//606 2545//606
f 2546//607 2545//607 2512//607
f 2512//608 2511//608 2546//608
f 2547//609 2546//609 2511//609
f 2511//610 2510//610 2547//610
f 2549//612 2548//612 2541//612
f 2541//613 2540//613 2549//613
f 2550//614 2549//614 2540//614
f 2540//614 2539//614 2550//614
f 2551//615 2550//615 2539//615
f 2539//615 2538//615 2551//615
f 2551//616 2538//616 2537//616
f 2537//617 2552//617 2551//617
f 2553//618 2552//618 2537//618
f 2537//618 2536//618 2553//618
f 2555//621 2554//621 2535//621
f 2535//621 2534//621 2555//621
f 2557//623 2556//623 2533//623
f 2533//624 2532//624 2557//624
f 2532//625 2531//625 2558//625
f 2559//21 2530//21 2529//21
f 2529//21 2560//21 2559//21
f 2561//627 2560//627 2529//627
f 2529//627 2528//627 2561//627
f 2562//628 2561//628 2528//628
f 2528//628 2527//628 2562//628
f 2563//629 2562//629 2527//629
f 2527//629 2526//629 2563//629
f 2564//630 2563//630 2526//630
f 2526//630 2525//630 2564//630
f 2525//631 2524//631 2565//631
f 2567//634 2566//634 2523//634
f 2523//635 2522//635 2567//635
f 2567//24 2522//24 2521//24
f 2521//24 2568//24 2567//24
f 2569//636 2568//636 2521//636
f 2521//636 2520//636 2569//636
f 2571//639 2570//639 2519//639
f 2519//639 2518//639 2571//639
f 2572//640 2571//640 2518//640
f 2518//640 2517//640 2572//640
f 2573//641 2572//641 2517//641
f 2517//642 2516//642 2573//642
f 2542//643 2573//643 2516//643
f 2516//643 2515//643 2542//643
f 2543//644 2542//644 2515//644
f 2515//644 2514//644 2543//644
f 2637//656 2636//656 2605//656
f 2638//657 2637//657 2604//657
f 2604//657 2603//657 2638//657
f 2639//658 2638//658 2603//658
f 2603//659 2602//659 2639//659
f 2641//661 2640//661 2633//661
f 2633//662 2632//662 2641//662
f 2642//663 2641//663 2632//663
f 2632//664 2631//664 2642//664
f 2643//665 2642//665 2631//665
f 2643//666 2630//666 2629//666
f 2629//666 2644//666 2643//666
f 2645//636 2644//636 2629//636
f 2629//636 2628//636 2645//636
f 2646//638 2645//638 2628//638
f 2628//638 2627//638 2646//638
f 2647//667 2646//667 2627//667
f 2626//640 2625//640 2648//640
f 2649//641 2648//641 2625//641
f 2625//642 2624//642 2649//642
f 2650//643 2649//643 2624//643
f 2624//643 2623//643 2650//643
f 2651//669 2622//669 2621//669
f 2621//669 2652//669 2651//669
f 2653//606 2652//606 2621//606
f 2621//606 2620//606 2653//606
f 2654//670 2653//670 2620//670
f 2620//670 2619//670 2654//670
f 2656//611 2655//611 2618//611
f 2618//611 2617//611 2656//611
f 2658//673 2657//673 2616//673
f 2659//675 2658//675 2615//675
f 2615//676 2614//676 2659//676
f 2659//20 2614//20 2613//20
f 2613//20 2660//20 2659//20
f 2661//677 2660//677 2613//677
f 2613//677 2612//677 2661//677
f 2663//621 2662//621 2611//621
f 2611//621 2610//621 2663//621
f 2664//622 2663//622 2610//622
f 2610//622 2609//622 2664//622
f 2665//623 2664//623 2609//623
f 2609//624 2608//624 2665//624
f 2634//679 2665//679 2608//679
f 2608//680 2607//680 2634//680
f 2635//681 2634//681 2607//681
f 2607//681 2606//681 2635//681
f 2871//780 2870//780 2839//780
f 2839//780 2838//780 2871//780
f 2873//781 2872//781 2837//781
f 2837//781 2836//781 2873//781
f 2875//783 2874//783 2867//783
f 2876//784 2875//784 2866//784
f 2866//784 2865//784 2876//784
f 2877//785 2876//785 2865//785
f 2865//785 2864//785 2877//785
f 2877//786 2864//786 2863//786
f 2863//786 2878//786 2877//786
f 2879//787 2878//787 2863//787
f 2863//788 2862//788 2879//788
f 2881//790 2880//790 2861//790
f 2861//790 2860//790 2881//790
f 2882//791 2881//791 2860//791
f 2860//792 2859//792 2882//792
f 2884//794 2883//794 2858//794
f 2858//794 2857//794 2884//794
f 2885//657 2884//657 2857//657
f 2857//657 2856//657 2885//657
f 2885//795 2856//795 2855//795
f 2855//795 2886//795 2885//795
f 2887//796 2886//796 2855//796
f 2855//796 2854//796 2887//796
f 2888//797 2887//797 2854//797
f 2889//798 2888//798 2853//798
f 2853//799 2852//799 2889//799
f 2891//802 2890//802 2851//802
f 2892//804 2891//804 2850//804
f 2850//804 2849//804 2892//804
f 2893//806 2848//806 2847//806
f 2847//807 2894//807 2893//807
f 2895//808 2894//808 2847//808
f 2847//808 2846//808 2895//808
f 2896//809 2895//809 2846//809
f 2846//809 2845//809 2896//809
f 2897//810 2896//810 2845//810
f 2845//811 2844//811 2897//811
f 2899//813 2898//813 2843//813
f 2843//813 2842//813 2899//813
f 2868//814 2899//814 2842//814
f 2842//814 2841//814 2868//814
f 2869//815 2840//815 2839//815
f 2839//816 2870//816 2869//816
f 2963//796 2962//796 2931//796
f 2931//796 2930//796 2963//796
f 2965//799 2964//799 2929//799
f 2929//798 2928//798 2965//798
f 2966//800 2965//800 2928//800
f 2928//800 2959//800 2966//800
f 2968//804 2967//804 2958//804
f 2958//804 2957//804 2968//804
f 2969//805 2968//805 2957//805
f 2957//805 2956//805 2969//805
f 2969//807 2956//807 2955//807
f 2955//807 2970//807 2969//807
f 2971//808 2970//808 2955//808
f 2955//808 2954//808 2971//808
f 2973//811 2972//811 2953//811
f 2953//811 2952//811 2973//811
f 2974//812 2973//812 2952//812
f 2952//812 2951//812 2974//812
f 2976//820 2975//820 2950//820
f 2950//820 2949//820 2976//820
f 2977//670 2976//670 2949//670
f 2949//670 2948//670 2977//670
f 2977//816 2948//816 2947//816
f 2947//816 2978//816 2977//816
f 2979//821 2978//821 2947//821
f 2947//821 2946//821 2979//821
f 2980//614 2979//614 2946//614
f 2946//614 2945//614 2980//614
f 2981//615 2980//615 2945//615
f 2945//615 2944//615 2981//615
f 2983//783 2982//783 2943//783
f 2943//783 2942//783 2983//783
f 2984//823 2983//823 2942//823
f 2942//823 2941//823 2984//823
f 2985//786 2940//786 2939//786
f 2939//786 2986//786 2985//786
f 2987//787 2986//787 2939//787
f 2939//787 2938//787 2987//787
f 2988//789 2987//789 2938//789
f 2989//790 2988//790 2937//790
f 2937//790 2936//790 2989//790
f 2991//793 2990//793 2935//793
f 2960//794 2991//794 2934//794
f 2934//794 2933//794 2960//794
f 2961//795 2932//795 2931//795
f 2931//795 2962//795 2961//795
f 3196//760 3195//760 3164//760
f 3197//890 3196//890 3163//890
f 3163//890 3162//890 3197//890
f 3198//891 3197//891 3162//891
f 3162//892 3161//892 3198//892
f 3199//893 3198//893 3161//893
f 3161//893 3192//893 3199//893
f 3200//894 3199//894 3192//894
f 3192//622 3191//622 3200//622
f 3201//895 3200//895 3191//895
f 3191//895 3190//895 3201//895
f 3202//897 3189//897 3188//897
f 3188//897 3203//897 3202//897
f 3204//21 3203//21 3188//21
f 3188//21 3187//21 3204//21
f 3205//898 3204//898 3187//898
f 3187//898 3186//898 3205//898
f 3206//899 3205//899 3186//899
f 3186//899 3185//899 3206//899
f 3208//901 3207//901 3184//901
f 3184//630 3183//630 3208//630
f 3209//902 3208//902 3183//902
f 3210//663 3209//663 3182//663
f 3210//904 3181//904 3180//904
f 3180//904 3211//904 3210//904
f 3212//24 3211//24 3180//24
f 3180//24 3179//24 3212//24
f 3179//906 3178//906 3213//906
f 3215//909 3214//909 3177//909
f 3177//667 3176//667 3215//667
f 3216//640 3215//640 3176//640
f 3217//911 3216//911 3175//911
f 3175//912 3174//912 3217//912
f 3218//914 3173//914 3172//914
f 3172//915 3219//915 3218//915
f 3220//916 3219//916 3172//916
f 3172//916 3171//916 3220//916
f 3221//820 3220//820 3171//820
f 3171//820 3170//820 3221//820
f 3223//609 3222//609 3169//609
f 3169//609 3168//609 3223//609
f 3193//672 3224//672 3167//672
f 3167//672 3166//672 3193//672
f 3194//918 3193//918 3166//918
f 3166//918 3165//918 3194//918
f 3289//929 3288//929 3255//929
f 3290//930 3289//930 3254//930
f 3254//930 3253//930 3290//930
f 3291//909 3290//909 3253//909
f 3253//909 3284//909 3291//909
f 3292//640 3291//640 3284//640
f 3284//640 3283//640 3292//640
f 3293//912 3292//912 3283//912
f 3283//912 3282//912 3293//912
f 3294//931 3293//931 3282//931
f 3282//643 3281//643 3294//643
f 3294//932 3281//932 3280//932
f 3280//932 3295//932 3294//932
f 3296//11 3295//11 3280//11
f 3280//11 3279//11 3296//11
f 3297//933 3296//933 3279//933
f 3279//934 3278//934 3297//934
f 3299//609 3298//609 3277//609
f 3300//611 3299//611 3276//611
f 3276//611 3275//611 3300//611
f 3302//614 3301//614 3274//614
f 3274//614 3273//614 3302//614
f 3302//919 3273//919 3272//919
f 3272//919 3303//919 3302//919
f 3304//937 3303//937 3272//937
f 3272//937 3271//937 3304//937
f 3306//678 3305//678 3270//678
f 3270//678 3269//678 3306//678
f 3307//939 3306//939 3269//939
f 3269//939 3268//939 3307//939
f 3309//624 3308//624 3267//624
f 3267//624 3266//624 3309//624
f 3310//940 3309//940 3266//940
f 3266//940 3265//940 3310//940
f 3310//897 3265//897 3264//897
f 3264//897 3311//897 3310//897
f 3312//941 3311//941 3264//941
f 3264//941 3263//941 3312//941
f 3313//942 3312//942 3263//942
f 3263//942 3262//942 3313//942
f 3314//628 3313//628 3262//628
f 3262//943 3261//943 3314//943
f 3315//658 3314//658 3261//658
f 3260//631 3259//631 3316//631
f 3285//662 3316//662 3259//662
f 3259//662 3258//662 3285//662
f 3286//797 3285//797 3258//797
f 3258//797 3257//797 3286//797
f 3256//665 3287//665 3286//665
usemtl Aluminum
f 9//1 10//1 11//1
f 26//2 27//2 28//2
f 4//3 3//3 22//3
f 20//5 19//5 6//5
f 6//5 5//5 20//5
f 29//8 28//8 9//8
f 9//8 8//8 29//8
f 28//9 27//9 10//9
f 10//9 9//9 28//9
f 10//10 27//10 26//10
f 26//10 11//10 10//10
f 26//11 25//11 12//11
f 12//11 11//11 26//11
f 31//12 23//12 2//12
f 37//21 38//21 39//21
f 37//21 39//21 40//21
f 41//21 42//21 39//21
f 42//21 43//21 39//21
f 39//21 43//21 40//21
f 44//21 45//21 39//21
f 45//21 46//21 39//21
f 39//21 46//21 41//21
f 47//21 48//21 39//21
f 48//21 49//21 39//21
f 39//21 49//21 44//21
f 50//22 51//22 39//22
f 51//21 52//21 39//21
f 39//21 52//21 47//21
f 53//21 54//21 39//21
f 54//21 55//21 39//21
f 39//21 55//21 50//21
f 56//21 57//21 39//21
f 57//21 58//21 39//21
f 39//21 58//21 53//21
f 59//23 60//23 39//23
f 60//21 61//21 39//21
f 39//21 61//21 56//21
f 62//23 63//23 39//23
f 63//22 64//22 39//22
f 39//21 64//21 59//21
f 38//23 65//23 39//23
f 65//21 66//21 39//21
f 39//22 66//22 62//22
f 67//24 68//24 69//24
f 68//24 70//24 69//24
f 67//2 69//2 71//2
f 69//2 72//2 71//2
f 73//25 74//25 75//25
f 74//11 68//11 75//11
f 75//11 68//11 76//11
f 68//11 77//11 76//11
f 73//26 78//26 74//26
f 78//11 79//11 74//11
f 74//27 79//27 80//27
f 71//11 74//11 81//11
f 81//11 82//11 71//11
f 82//11 83//11 71//11
f 71//27 83//27 84//27
f 84//11 85//11 71//11
f 85//11 86//11 71//11
f 71//11 86//11 87//11
f 87//11 88//11 71//11
f 88//11 89//11 71//11
f 71//11 89//11 67//11
f 89//11 90//11 67//11
f 67//27 90//27 91//27
f 80//11 92//11 74//11
f 92//11 93//11 74//11
f 74//11 93//11 81//11
f 91//11 94//11 67//11
f 94//11 95//11 67//11
f 67//28 95//28 96//28
f 96//11 97//11 67//11
f 97//28 98//28 67//28
f 67//11 98//11 68//11
f 98//11 99//11 68//11
f 68//11 99//11 100//11
f 100//11 101//11 68//11
f 101//11 102//11 68//11
f 68//11 102//11 77//11
f 103//22 104//22 105//22
f 106//21 107//21 69//21
f 108//21 109//21 70//21
f 109//21 110//21 70//21
f 110//29 111//29 70//29
f 111//22 112//22 70//22
f 70//21 112//21 69//21
f 112//23 113//23 69//23
f 69//21 113//21 106//21
f 107//21 114//21 69//21
f 114//30 115//30 69//30
f 69//23 115//23 116//23
f 117//21 118//21 72//21
f 118//29 119//29 72//29
f 72//22 119//22 120//22
f 105//21 121//21 103//21
f 121//31 122//31 103//31
f 103//21 122//21 70//21
f 122//21 123//21 70//21
f 70//22 123//22 108//22
f 116//30 124//30 69//30
f 124//32 125//32 69//32
f 69//21 125//21 72//21
f 125//21 126//21 72//21
f 72//30 126//30 117//30
f 120//21 127//21 72//21
f 127//21 128//21 72//21
f 72//21 128//21 103//21
f 128//21 129//21 103//21
f 103//21 129//21 130//21
f 130//29 131//29 103//29
f 131//30 132//30 103//30
f 103//23 132//23 104//23
f 89//33 133//33 90//33
f 133//33 134//33 90//33
f 90//34 134//34 91//34
f 134//34 135//34 91//34
f 91//35 135//35 94//35
f 135//36 136//36 94//36
f 94//37 136//37 95//37
f 136//37 137//37 95//37
f 95//38 137//38 96//38
f 137//38 138//38 96//38
f 96//39 138//39 97//39
f 138//39 139//39 97//39
f 97//40 139//40 98//40
f 139//40 140//40 98//40
f 98//41 140//41 99//41
f 140//41 141//41 99//41
f 99//42 141//42 100//42
f 141//42 142//42 100//42
f 100//43 142//43 101//43
f 142//43 143//43 101//43
f 101//44 143//44 102//44
f 143//44 144//44 102//44
f 102//45 144//45 77//45
f 144//45 145//45 77//45
f 77//46 145//46 76//46
f 145//46 146//46 76//46
f 76//47 146//47 75//47
f 146//48 147//48 75//48
f 75//1 147//1 73//1
f 147//1 148//1 73//1
f 73//49 148//49 78//49
f 148//49 149//49 78//49
f 78//50 149//50 79//50
f 149//50 150//50 79//50
f 79//51 150//51 80//51
f 150//52 151//52 80//52
f 80//53 151//53 92//53
f 151//54 152//54 92//54
f 92//55 152//55 93//55
f 152//55 153//55 93//55
f 93//56 153//56 81//56
f 153//56 154//56 81//56
f 81//57 154//57 82//57
f 154//57 155//57 82//57
f 82//58 155//58 83//58
f 155//58 156//58 83//58
f 83//59 156//59 84//59
f 156//59 157//59 84//59
f 84//60 157//60 85//60
f 157//60 158//60 85//60
f 85//61 158//61 86//61
f 158//61 159//61 86//61
f 86//62 159//62 87//62
f 159//63 160//63 87//63
f 87//64 160//64 88//64
f 160//64 161//64 88//64
f 88//65 161//65 89//65
f 161//65 133//65 89//65
f 162//66 163//66 164//66
f 163//66 165//66 164//66
f 163//21 166//21 165//21
f 166//21 167//21 165//21
f 168//2 169//2 170//2
f 169//2 171//2 170//2
f 172//21 134//21 173//21
f 134//67 133//67 173//67
f 173//23 133//23 161//23
f 138//22 137//22 172//22
f 138//21 172//21 139//21
f 146//22 145//22 168//22
f 145//21 144//21 168//21
f 168//21 144//21 143//21
f 143//23 142//23 168//23
f 142//21 141//21 168//21
f 168//21 141//21 172//21
f 141//21 140//21 172//21
f 172//21 140//21 139//21
f 137//21 136//21 172//21
f 136//21 135//21 172//21
f 172//22 135//22 134//22
f 173//21 158//21 157//21
f 150//21 149//21 170//21
f 149//23 148//23 170//23
f 170//21 148//21 168//21
f 148//21 147//21 168//21
f 168//21 147//21 146//21
f 161//22 160//22 173//22
f 160//23 159//23 173//23
f 173//21 159//21 158//21
f 157//21 156//21 173//21
f 156//22 155//22 173//22
f 173//21 155//21 170//21
f 155//21 154//21 170//21
f 170//23 154//23 153//23
f 153//21 152//21 170//21
f 152//21 151//21 170//21
f 170//21 151//21 150//21
f 174//2 175//2 176//2
f 175//2 177//2 176//2
f 176//2 177//2 178//2
f 174//2 179//2 175//2
f 179//2 180//2 175//2
f 175//2 180//2 181//2
f 182//2 183//2 177//2
f 184//2 185//2 186//2
f 183//2 187//2 177//2
f 187//2 188//2 177//2
f 177//2 188//2 178//2
f 181//2 189//2 175//2
f 189//2 190//2 175//2
f 175//2 190//2 184//2
f 190//2 191//2 184//2
f 184//2 191//2 185//2
f 186//2 192//2 184//2
f 192//2 193//2 184//2
f 184//2 193//2 194//2
f 195//2 196//2 197//2
f 198//2 199//2 197//2
f 199//2 200//2 197//2
f 197//2 200//2 177//2
f 200//68 201//68 177//68
f 177//2 201//2 182//2
f 194//2 202//2 184//2
f 202//2 203//2 184//2
f 184//2 203//2 197//2
f 203//2 204//2 197//2
f 197//2 204//2 195//2
f 196//2 205//2 197//2
f 205//2 206//2 197//2
f 197//2 206//2 198//2
f 70//1 68//1 103//1
f 68//1 74//1 103//1
f 207//1 172//1 208//1
f 172//1 173//1 208//1
f 209//69 210//69 211//69
f 210//69 212//69 211//69
f 213//1 164//1 214//1
f 164//1 165//1 214//1
f 214//1 165//1 215//1
f 165//1 167//1 215//1
f 167//1 211//1 215//1
f 215//1 211//1 216//1
f 211//1 212//1 216//1
f 216//1 212//1 213//1
f 212//1 217//1 213//1
f 213//1 217//1 164//1
f 72//24 208//24 173//24
f 184//24 215//24 175//24
f 215//24 216//24 175//24
f 175//24 216//24 218//24
f 171//24 103//24 170//24
f 103//24 74//24 170//24
f 170//24 74//24 173//24
f 74//24 71//24 173//24
f 173//24 71//24 72//24
f 219//24 220//24 221//24
f 220//24 222//24 221//24
f 221//24 222//24 223//24
f 222//24 224//24 223//24
f 223//24 224//24 225//24
f 224//24 226//24 225//24
f 225//24 226//24 227//24
f 226//24 228//24 227//24
f 227//24 228//24 229//24
f 228//24 230//24 229//24
f 229//24 230//24 231//24
f 230//24 208//24 231//24
f 231//24 208//24 171//24
f 208//24 72//24 171//24
f 171//24 72//24 103//24
f 218//24 216//24 232//24
f 216//24 233//24 232//24
f 232//24 233//24 234//24
f 233//24 235//24 234//24
f 234//24 235//24 219//24
f 235//24 236//24 219//24
f 219//24 236//24 220//24
f 177//70 175//70 237//70
f 175//70 218//70 237//70
f 237//71 218//71 238//71
f 218//72 232//72 238//72
f 238//73 232//73 239//73
f 232//73 234//73 239//73
f 239//74 234//74 240//74
f 234//74 219//74 240//74
f 240//75 219//75 241//75
f 219//75 221//75 241//75
f 241//76 221//76 242//76
f 221//76 223//76 242//76
f 242//77 223//77 243//77
f 223//77 225//77 243//77
f 243//78 225//78 244//78
f 225//78 227//78 244//78
f 244//79 227//79 245//79
f 227//79 229//79 245//79
f 245//80 229//80 246//80
f 229//80 231//80 246//80
f 246//81 231//81 169//81
f 231//81 171//81 169//81
f 247//82 248//82 203//82
f 248//83 249//83 203//83
f 203//84 249//84 204//84
f 249//85 250//85 204//85
f 204//86 250//86 195//86
f 250//86 251//86 195//86
f 195//87 251//87 196//87
f 251//87 252//87 196//87
f 196//88 252//88 205//88
f 252//88 253//88 205//88
f 205//89 253//89 206//89
f 253//90 254//90 206//90
f 206//91 254//91 198//91
f 254//92 255//92 198//92
f 198//93 255//93 199//93
f 255//94 256//94 199//94
f 199//95 256//95 200//95
f 256//95 257//95 200//95
f 200//96 257//96 201//96
f 257//97 258//97 201//97
f 201//98 258//98 182//98
f 258//98 259//98 182//98
f 182//99 259//99 183//99
f 259//100 260//100 183//100
f 183//101 260//101 187//101
f 260//101 261//101 187//101
f 187//102 261//102 188//102
f 261//103 262//103 188//103
f 188//104 262//104 178//104
f 262//105 263//105 178//105
f 178//106 263//106 176//106
f 263//106 264//106 176//106
f 176//107 264//107 174//107
f 264//107 265//107 174//107
f 174//108 265//108 179//108
f 265//108 266//108 179//108
f 179//109 266//109 180//109
f 266//109 267//109 180//109
f 180//110 267//110 181//110
f 267//111 268//111 181//111
f 181//112 268//112 189//112
f 268//113 269//113 189//113
f 189//114 269//114 190//114
f 269//114 270//114 190//114
f 190//115 270//115 191//115
f 270//116 271//116 191//116
f 191//117 271//117 185//117
f 271//118 272//118 185//118
f 185//119 272//119 186//119
f 272//120 273//120 186//120
f 186//121 273//121 192//121
f 273//121 274//121 192//121
f 192//122 274//122 193//122
f 274//122 275//122 193//122
f 193//123 275//123 194//123
f 275//123 276//123 194//123
f 194//124 276//124 202//124
f 276//124 247//124 202//124
f 202//82 247//82 203//82
f 197//11 214//11 184//11
f 214//11 215//11 184//11
f 37//125 125//125 38//125
f 125//33 124//33 38//33
f 38//34 124//34 65//34
f 124//34 116//34 65//34
f 65//35 116//35 66//35
f 116//35 115//35 66//35
f 66//37 115//37 62//37
f 115//126 114//126 62//126
f 62//38 114//38 63//38
f 114//38 107//38 63//38
f 63//39 107//39 64//39
f 107//39 106//39 64//39
f 64//40 106//40 59//40
f 106//40 113//40 59//40
f 59//41 113//41 60//41
f 113//41 112//41 60//41
f 60//42 112//42 61//42
f 112//42 111//42 61//42
f 61//43 111//43 56//43
f 111//43 110//43 56//43
f 56//44 110//44 57//44
f 110//44 109//44 57//44
f 57//45 109//45 58//45
f 109//45 108//45 58//45
f 58//46 108//46 53//46
f 108//46 123//46 53//46
f 53//48 123//48 54//48
f 123//47 122//47 54//47
f 54//1 122//1 55//1
f 122//1 121//1 55//1
f 55//49 121//49 50//49
f 121//49 105//49 50//49
f 50//50 105//50 51//50
f 105//50 104//50 51//50
f 51//52 104//52 52//52
f 104//51 132//51 52//51
f 52//53 132//53 47//53
f 132//54 131//54 47//54
f 47//55 131//55 48//55
f 131//55 130//55 48//55
f 48//56 130//56 49//56
f 130//56 129//56 49//56
f 49//57 129//57 44//57
f 129//57 128//57 44//57
f 44//58 128//58 45//58
f 128//58 127//58 45//58
f 45//59 127//59 46//59
f 127//59 120//59 46//59
f 46//60 120//60 41//60
f 120//127 119//127 41//127
f 41//61 119//61 42//61
f 119//61 118//61 42//61
f 42//128 118//128 43//128
f 118//128 117//128 43//128
f 43//64 117//64 40//64
f 117//64 126//64 40//64
f 40//65 126//65 37//65
f 126//65 125//65 37//65
f 207//129 208//129 230//129
f 207//129 230//129 277//129
f 230//130 228//130 277//130
f 277//131 228//131 278//131
f 228//132 226//132 278//132
f 278//132 226//132 279//132
f 226//133 224//133 279//133
f 279//133 224//133 280//133
f 224//134 222//134 280//134
f 280//134 222//134 281//134
f 222//135 220//135 281//135
f 281//135 220//135 282//135
f 220//136 236//136 282//136
f 282//136 236//136 283//136
f 236//137 235//137 283//137
f 283//137 235//137 284//137
f 235//138 233//138 284//138
f 284//138 233//138 285//138
f 233//139 216//139 285//139
f 285//139 216//139 213//139
f 286//140 162//140 217//140
f 162//140 164//140 217//140
f 213//20 214//20 197//20
f 168//20 172//20 169//20
f 172//20 207//20 169//20
f 169//20 207//20 246//20
f 197//20 177//20 213//20
f 177//20 237//20 213//20
f 213//20 237//20 285//20
f 237//20 238//20 285//20
f 285//20 238//20 284//20
f 238//20 239//20 284//20
f 284//20 239//20 283//20
f 239//20 240//20 283//20
f 246//20 207//20 245//20
f 207//20 277//20 245//20
f 245//20 277//20 244//20
f 277//20 278//20 244//20
f 244//20 278//20 243//20
f 278//20 279//20 243//20
f 243//20 279//20 242//20
f 279//20 280//20 242//20
f 242//20 280//20 241//20
f 280//20 281//20 241//20
f 241//20 281//20 240//20
f 281//20 282//20 240//20
f 240//20 282//20 283//20
f 166//141 209//141 167//141
f 209//141 211//141 167//141
f 267//1 266//1 210//1
f 209//1 272//1 271//1
f 266//1 265//1 210//1
f 265//1 264//1 210//1
f 210//1 264//1 286//1
f 264//1 263//1 286//1
f 286//1 263//1 262//1
f 247//1 276//1 166//1
f 271//1 270//1 209//1
f 270//1 269//1 209//1
f 209//1 269//1 210//1
f 269//1 268//1 210//1
f 210//1 268//1 267//1
f 162//1 258//1 257//1
f 276//1 275//1 166//1
f 275//1 274//1 166//1
f 166//1 274//1 209//1
f 274//1 273//1 209//1
f 209//1 273//1 272//1
f 262//1 261//1 286//1
f 261//1 260//1 286//1
f 286//1 260//1 162//1
f 260//1 259//1 162//1
f 162//1 259//1 258//1
f 257//1 256//1 162//1
f 256//1 255//1 162//1
f 162//1 255//1 163//1
f 255//1 254//1 163//1
f 254//1 253//1 163//1
f 253//1 252//1 163//1
f 163//1 252//1 251//1
f 251//1 250//1 163//1
f 250//1 249//1 163//1
f 163//1 249//1 166//1
f 249//1 248//1 166//1
f 166//1 248//1 247//1
f 210//11 286//11 212//11
f 286//11 217//11 212//11
f 287//2 288//2 289//2
f 288//2 290//2 289//2
f 289//2 290//2 291//2
f 290//2 292//2 291//2
f 291//2 292//2 293//2
f 292//2 294//2 293//2
f 293//2 294//2 295//2
f 294//2 296//2 295//2
f 295//2 296//2 297//2
f 296//2 298//2 297//2
f 297//2 298//2 299//2
f 298//2 300//2 299//2
f 299//2 300//2 301//2
f 300//2 302//2 301//2
f 301//2 302//2 303//2
f 302//2 304//2 303//2
f 303//2 304//2 305//2
f 304//2 306//2 305//2
f 305//2 306//2 307//2
f 306//2 308//2 307//2
f 307//2 308//2 309//2
f 308//2 310//2 309//2
f 309//2 310//2 311//2
f 310//2 312//2 311//2
f 311//2 312//2 313//2
f 312//2 314//2 313//2
f 313//2 314//2 315//2
f 314//2 316//2 315//2
f 315//2 316//2 317//2
f 316//2 318//2 317//2
f 317//2 318//2 319//2
f 318//2 320//2 319//2
f 319//2 320//2 321//2
f 320//2 322//2 321//2
f 321//2 322//2 323//2
f 322//2 324//2 323//2
f 323//2 324//2 325//2
f 324//2 326//2 325//2
f 325//2 326//2 327//2
f 326//2 328//2 327//2
f 327//2 328//2 329//2
f 328//2 330//2 329//2
f 329//2 330//2 331//2
f 330//2 332//2 331//2
f 331//2 332//2 333//2
f 332//2 334//2 333//2
f 333//2 334//2 335//2
f 334//2 336//2 335//2
f 335//2 336//2 337//2
f 336//2 338//2 337//2
f 337//2 338//2 339//2
f 338//2 340//2 339//2
f 339//2 340//2 341//2
f 340//2 342//2 341//2
f 341//2 342//2 343//2
f 342//2 344//2 343//2
f 343//2 344//2 287//2
f 344//2 288//2 287//2
f 328//142 345//142 330//142
f 345//142 346//142 330//142
f 330//143 346//143 332//143
f 346//143 347//143 332//143
f 332//144 347//144 334//144
f 347//144 348//144 334//144
f 334//145 348//145 336//145
f 348//101 349//101 336//101
f 336//100 349//100 338//100
f 349//100 350//100 338//100
f 338//98 350//98 340//98
f 350//98 351//98 340//98
f 340//97 351//97 342//97
f 351//97 352//97 342//97
f 342//146 352//146 344//146
f 352//95 353//95 344//95
f 344//147 353//147 288//147
f 353//148 354//148 288//148
f 288//92 354//92 290//92
f 354//92 355//92 290//92
f 290//149 355//149 292//149
f 355//149 356//149 292//149
f 292//88 356//88 294//88
f 356//88 357//88 294//88
f 294//87 357//87 296//87
f 357//87 358//87 296//87
f 296//86 358//86 298//86
f 358//86 359//86 298//86
f 298//21 359//21 300//21
f 359//21 360//21 300//21
f 300//82 360//82 302//82
f 360//82 361//82 302//82
f 302//124 361//124 304//124
f 361//124 362//124 304//124
f 304//123 362//123 306//123
f 362//123 363//123 306//123
f 306//150 363//150 308//150
f 363//150 364//150 308//150
f 308//121 364//121 310//121
f 364//121 365//121 310//121
f 310//151 365//151 312//151
f 365//119 366//119 312//119
f 312//152 366//152 314//152
f 366//152 367//152 314//152
f 314//115 367//115 316//115
f 367//115 368//115 316//115
f 316//114 368//114 318//114
f 368//114 369//114 318//114
f 318//112 369//112 320//112
f 369//112 370//112 320//112
f 320//111 370//111 322//111
f 370//111 371//111 322//111
f 322//153 371//153 324//153
f 371//109 372//109 324//109
f 324//154 372//154 326//154
f 372//154 373//154 326//154
f 326//155 373//155 328//155
f 373//155 345//155 328//155
f 374//33 375//33 376//33
f 375//33 377//33 376//33
f 376//34 377//34 378//34
f 377//34 379//34 378//34
f 378//36 379//36 380//36
f 379//35 381//35 380//35
f 380//37 381//37 382//37
f 381//37 383//37 382//37
f 382//38 383//38 384//38
f 383//38 385//38 384//38
f 384//39 385//39 386//39
f 385//39 387//39 386//39
f 386//40 387//40 388//40
f 387//40 389//40 388//40
f 388//41 389//41 390//41
f 389//41 391//41 390//41
f 390//42 391//42 392//42
f 391//42 393//42 392//42
f 392//43 393//43 394//43
f 393//43 395//43 394//43
f 394//44 395//44 396//44
f 395//44 397//44 396//44
f 396//156 397//156 398//156
f 397//156 399//156 398//156
f 398//157 399//157 400//157
f 399//157 401//157 400//157
f 400//48 401//48 402//48
f 401//48 403//48 402//48
f 402//1 403//1 404//1
f 403//1 405//1 404//1
f 404//49 405//49 406//49
f 405//49 407//49 406//49
f 406//158 407//158 408//158
f 407//158 409//158 408//158
f 408//159 409//159 410//159
f 409//159 411//159 410//159
f 410//53 411//53 412//53
f 411//53 413//53 412//53
f 412//55 413//55 414//55
f 413//55 415//55 414//55
f 414//56 415//56 416//56
f 415//56 417//56 416//56
f 416//57 417//57 418//57
f 417//57 419//57 418//57
f 418//58 419//58 420//58
f 419//58 421//58 420//58
f 420//59 421//59 422//59
f 421//59 423//59 422//59
f 422//60 423//60 424//60
f 423//60 425//60 424//60
f 424//61 425//61 426//61
f 425//61 427//61 426//61
f 426//128 427//128 428//128
f 427//62 429//62 428//62
f 428//64 429//64 430//64
f 429//64 431//64 430//64
f 430//65 431//65 374//65
f 431//65 375//65 374//65
f 374//21 376//21 432//21
f 374//21 432//21 430//21
f 424//22 426//22 432//22
f 426//21 428//21 432//21
f 432//21 428//21 430//21
f 418//21 420//21 432//21
f 420//22 422//22 432//22
f 432//23 422//23 424//23
f 412//21 414//21 432//21
f 414//21 416//21 432//21
f 432//21 416//21 418//21
f 406//21 408//21 432//21
f 408//21 410//21 432//21
f 432//21 410//21 412//21
f 400//21 402//21 432//21
f 402//21 404//21 432//21
f 432//21 404//21 406//21
f 394//21 396//21 432//21
f 396//21 398//21 432//21
f 432//21 398//21 400//21
f 388//21 390//21 432//21
f 390//21 392//21 432//21
f 432//21 392//21 394//21
f 382//23 384//23 432//23
f 384//21 386//21 432//21
f 432//21 386//21 388//21
f 376//21 378//21 432//21
f 378//21 380//21 432//21
f 432//22 380//22 382//22
f 433//20 434//20 435//20
f 434//20 436//20 435//20
f 437//160 438//160 439//160
f 438//160 440//160 439//160
f 439//161 440//161 441//161
f 440//161 442//161 441//161
f 441//162 442//162 443//162
f 442//162 444//162 443//162
f 443//163 444//163 445//163
f 444//163 446//163 445//163
f 445//164 446//164 447//164
f 446//164 448//164 447//164
f 447//165 448//165 449//165
f 448//165 450//165 449//165
f 449//166 450//166 451//166
f 450//166 452//166 451//166
f 451//167 452//167 453//167
f 452//167 454//167 453//167
f 453//168 454//168 455//168
f 454//168 456//168 455//168
f 455//169 456//169 457//169
f 456//169 458//169 457//169
f 457//170 458//170 459//170
f 458//170 460//170 459//170
f 461//33 462//33 463//33
f 462//33 464//33 463//33
f 463//34 464//34 465//34
f 464//34 466//34 465//34
f 465//36 466//36 467//36
f 466//36 468//36 467//36
f 467//37 468//37 469//37
f 468//126 470//126 469//126
f 469//38 470//38 471//38
f 470//38 472//38 471//38
f 471//39 472//39 473//39
f 472//39 474//39 473//39
f 473//40 474//40 475//40
f 474//40 476//40 475//40
f 475//41 476//41 477//41
f 476//41 478//41 477//41
f 477//42 478//42 479//42
f 478//42 480//42 479//42
f 479//43 480//43 481//43
f 480//43 482//43 481//43
f 481//44 482//44 483//44
f 482//44 484//44 483//44
f 483//156 484//156 485//156
f 484//156 486//156 485//156
f 485//157 486//157 487//157
f 486//157 488//157 487//157
f 487//48 488//48 489//48
f 488//48 490//48 489//48
f 489//1 490//1 491//1
f 490//1 492//1 491//1
f 491//49 492//49 493//49
f 492//49 494//49 493//49
f 493//158 494//158 495//158
f 494//158 496//158 495//158
f 495//159 496//159 497//159
f 496//159 498//159 497//159
f 497//53 498//53 499//53
f 498//53 500//53 499//53
f 499//55 500//55 501//55
f 500//55 502//55 501//55
f 501//56 502//56 503//56
f 502//56 504//56 503//56
f 503//57 504//57 505//57
f 504//57 506//57 505//57
f 505//58 506//58 507//58
f 506//58 508//58 507//58
f 507//59 508//59 509//59
f 508//59 510//59 509//59
f 509//60 510//60 511//60
f 510//127 512//127 511//127
f 511//61 512//61 513//61
f 512//61 514//61 513//61
f 513//62 514//62 515//62
f 514//62 516//62 515//62
f 515//64 516//64 517//64
f 516//64 518//64 517//64
f 517//65 518//65 461//65
f 518//65 462//65 461//65
f 519//1 520//1 521//1
f 522//1 523//1 524//1
f 523//1 525//1 524//1
f 520//1 526//1 521//1
f 526//1 527//1 521//1
f 521//1 527//1 528//1
f 528//1 529//1 521//1
f 529//1 530//1 521//1
f 521//1 530//1 460//1
f 530//171 531//171 460//171
f 525//1 532//1 524//1
f 532//1 533//1 524//1
f 524//1 533//1 521//1
f 533//1 534//1 521//1
f 521//1 534//1 519//1
f 531//1 535//1 460//1
f 535//1 536//1 460//1
f 460//1 536//1 537//1
f 538//1 539//1 459//1
f 459//1 540//1 524//1
f 540//171 541//171 524//171
f 524//1 541//1 542//1
f 542//1 543//1 524//1
f 543//1 544//1 524//1
f 524//1 544//1 522//1
f 538//1 459//1 545//1
f 539//1 546//1 459//1
f 546//1 547//1 459//1
f 459//1 547//1 540//1
f 537//1 548//1 460//1
f 548//1 549//1 460//1
f 460//1 549//1 459//1
f 549//1 550//1 459//1
f 459//1 550//1 545//1
f 551//11 524//11 552//11
f 524//11 521//11 552//11
f 437//1 553//1 438//1
f 553//1 554//1 438//1
f 555//20 556//20 557//20
f 437//20 558//20 553//20
f 558//20 559//20 553//20
f 553//20 559//20 557//20
f 559//20 560//20 557//20
f 557//20 560//20 555//20
f 524//20 551//20 459//20
f 551//20 561//20 459//20
f 459//20 561//20 457//20
f 457//20 561//20 455//20
f 561//20 562//20 455//20
f 455//20 562//20 453//20
f 562//20 563//20 453//20
f 453//20 563//20 451//20
f 563//20 564//20 451//20
f 451//20 564//20 449//20
f 564//20 565//20 449//20
f 449//20 565//20 447//20
f 565//20 566//20 447//20
f 447//20 566//20 445//20
f 566//20 567//20 445//20
f 445//20 567//20 443//20
f 567//20 568//20 443//20
f 443//20 568//20 441//20
f 568//20 569//20 441//20
f 441//20 569//20 439//20
f 569//20 556//20 439//20
f 439//20 556//20 437//20
f 556//20 555//20 437//20
f 437//20 555//20 558//20
f 350//2 349//2 561//2
f 349//2 348//2 561//2
f 561//2 345//2 570//2
f 345//2 373//2 570//2
f 570//2 373//2 372//2
f 348//2 347//2 561//2
f 347//2 346//2 561//2
f 561//2 346//2 345//2
f 372//2 371//2 570//2
f 371//2 370//2 570//2
f 570//2 370//2 369//2
f 369//2 368//2 570//2
f 368//2 367//2 570//2
f 570//2 367//2 552//2
f 367//2 366//2 552//2
f 552//2 366//2 365//2
f 365//2 364//2 552//2
f 364//2 363//2 552//2
f 552//2 363//2 362//2
f 358//2 357//2 551//2
f 362//2 361//2 552//2
f 361//2 360//2 552//2
f 552//2 360//2 551//2
f 360//2 359//2 551//2
f 551//2 359//2 358//2
f 357//2 356//2 551//2
f 356//2 355//2 551//2
f 551//2 355//2 354//2
f 354//2 353//2 551//2
f 353//2 352//2 551//2
f 551//2 352//2 561//2
f 352//2 351//2 561//2
f 561//2 351//2 350//2
f 518//23 516//23 554//23
f 516//21 514//21 554//21
f 514//21 512//21 554//21
f 554//21 512//21 510//21
f 474//21 472//21 553//21
f 472//22 470//22 553//22
f 553//21 470//21 468//21
f 502//21 500//21 571//21
f 500//23 498//23 571//23
f 571//22 498//22 496//22
f 482//21 480//21 557//21
f 480//21 478//21 557//21
f 557//21 478//21 553//21
f 478//21 476//21 553//21
f 553//23 476//23 474//23
f 468//21 466//21 553//21
f 466//21 464//21 553//21
f 553//21 464//21 554//21
f 464//21 462//21 554//21
f 554//22 462//22 518//22
f 510//21 508//21 554//21
f 508//21 506//21 554//21
f 554//21 506//21 571//21
f 506//23 504//23 571//23
f 571//21 504//21 502//21
f 496//23 494//23 571//23
f 494//21 492//21 571//21
f 571//21 492//21 557//21
f 492//21 490//21 557//21
f 557//21 490//21 488//21
f 488//22 486//22 557//22
f 486//21 484//21 557//21
f 557//23 484//23 482//23
f 557//2 556//2 571//2
f 556//2 572//2 571//2
f 561//172 570//172 573//172
f 561//172 573//172 562//172
f 573//173 574//173 562//173
f 562//173 574//173 563//173
f 574//174 575//174 563//174
f 563//174 575//174 564//174
f 575//175 576//175 564//175
f 564//175 576//175 565//175
f 576//176 577//176 565//176
f 565//176 577//176 566//176
f 577//177 578//177 566//177
f 566//177 578//177 567//177
f 578//178 579//178 567//178
f 567//178 579//178 568//178
f 579//179 580//179 568//179
f 568//179 580//179 569//179
f 580//180 572//180 569//180
f 569//180 572//180 556//180
f 434//2 433//2 558//2
f 433//2 559//2 558//2
f 519//82 534//82 299//82
f 534//83 533//83 299//83
f 299//84 533//84 297//84
f 533//85 532//85 297//85
f 297//86 532//86 295//86
f 532//86 525//86 295//86
f 295//87 525//87 293//87
f 525//87 523//87 293//87
f 293//88 523//88 291//88
f 523//88 522//88 291//88
f 291//149 522//149 289//149
f 522//89 544//89 289//89
f 289//91 544//91 287//91
f 544//91 543//91 287//91
f 287//148 543//148 343//148
f 543//148 542//148 343//148
f 343//95 542//95 341//95
f 542//146 541//146 341//146
f 341//96 541//96 339//96
f 541//97 540//97 339//97
f 339//98 540//98 337//98
f 540//98 547//98 337//98
f 337//100 547//100 335//100
f 547//99 546//99 335//99
f 335//101 546//101 333//101
f 546//145 539//145 333//145
f 333//144 539//144 331//144
f 539//103 538//103 331//103
f 331//104 538//104 329//104
f 538//105 545//105 329//105
f 329//106 545//106 327//106
f 545//106 550//106 327//106
f 327//107 550//107 325//107
f 550//107 549//107 325//107
f 325//108 549//108 323//108
f 549//108 548//108 323//108
f 323//181 548//181 321//181
f 548//181 537//181 321//181
f 321//111 537//111 319//111
f 537//182 536//182 319//182
f 319//113 536//113 317//113
f 536//112 535//112 317//112
f 317//114 535//114 315//114
f 535//114 531//114 315//114
f 315//115 531//115 313//115
f 531//183 530//183 313//183
f 313//117 530//117 311//117
f 530//152 529//152 311//152
f 311//119 529//119 309//119
f 529//151 528//151 309//151
f 309//121 528//121 307//121
f 528//184 527//184 307//184
f 307//122 527//122 305//122
f 527//150 526//150 305//150
f 305//123 526//123 303//123
f 526//123 520//123 303//123
f 303//124 520//124 301//124
f 520//124 519//124 301//124
f 301//82 519//82 299//82
f 570//24 552//24 521//24
f 521//24 460//24 570//24
f 460//24 458//24 570//24
f 570//24 458//24 573//24
f 458//24 456//24 573//24
f 573//24 456//24 574//24
f 456//24 454//24 574//24
f 574//24 454//24 575//24
f 454//24 452//24 575//24
f 575//24 452//24 576//24
f 452//24 450//24 576//24
f 576//24 450//24 577//24
f 450//24 448//24 577//24
f 577//24 448//24 578//24
f 448//24 446//24 578//24
f 578//24 446//24 579//24
f 446//24 444//24 579//24
f 579//24 444//24 580//24
f 444//24 442//24 580//24
f 580//24 442//24 572//24
f 442//24 440//24 572//24
f 572//24 440//24 571//24
f 440//24 438//24 571//24
f 571//24 438//24 554//24
f 479//28 481//28 560//28
f 481//11 483//11 560//11
f 560//11 483//11 485//11
f 485//11 487//11 560//11
f 487//11 489//11 560//11
f 560//11 489//11 435//11
f 489//11 491//11 435//11
f 435//11 491//11 493//11
f 433//11 507//11 509//11
f 509//11 511//11 433//11
f 511//11 513//11 433//11
f 433//11 513//11 515//11
f 559//11 475//11 560//11
f 475//185 477//185 560//185
f 560//27 477//27 479//27
f 493//11 495//11 435//11
f 495//11 497//11 435//11
f 435//27 497//27 499//27
f 499//11 501//11 435//11
f 501//28 503//28 435//28
f 435//11 503//11 433//11
f 503//11 505//11 433//11
f 433//11 505//11 507//11
f 469//11 559//11 467//11
f 559//11 465//11 467//11
f 469//28 471//28 559//28
f 471//27 473//27 559//27
f 559//11 473//11 475//11
f 515//11 517//11 433//11
f 517//11 461//11 433//11
f 433//11 461//11 559//11
f 461//11 463//11 559//11
f 559//26 463//26 465//26
f 429//21 427//21 434//21
f 427//21 425//21 434//21
f 434//21 425//21 423//21
f 415//21 413//21 436//21
f 399//21 397//21 555//21
f 397//21 395//21 555//21
f 558//21 387//21 385//21
f 385//21 383//21 558//21
f 383//22 381//22 558//22
f 558//23 381//23 379//23
f 413//21 411//21 436//21
f 411//21 409//21 436//21
f 436//23 409//23 407//23
f 395//21 393//21 555//21
f 393//22 391//22 555//22
f 555//21 391//21 558//21
f 391//29 389//29 558//29
f 558//21 389//21 387//21
f 379//21 377//21 558//21
f 377//21 375//21 558//21
f 558//21 375//21 434//21
f 375//21 431//21 434//21
f 434//21 431//21 429//21
f 423//21 421//21 434//21
f 421//21 419//21 434//21
f 434//21 419//21 436//21
f 419//21 417//21 436//21
f 436//22 417//22 415//22
f 407//21 405//21 436//21
f 405//31 403//31 436//31
f 436//21 403//21 555//21
f 403//29 401//29 555//29
f 555//22 401//22 399//22
f 435//1 436//1 560//1
f 436//1 555//1 560//1
f 581//11 582//11 583//11
f 582//11 584//11 583//11
f 585//125 586//125 587//125
f 586//33 588//33 587//33
f 587//34 588//34 589//34
f 588//34 590//34 589//34
f 589//36 590//36 591//36
f 590//36 592//36 591//36
f 591//37 592//37 593//37
f 592//126 594//126 593//126
f 593//38 594//38 595//38
f 594//38 596//38 595//38
f 595//39 596//39 597//39
f 596//39 598//39 597//39
f 597//40 598//40 599//40
f 598//40 600//40 599//40
f 599//41 600//41 601//41
f 600//41 602//41 601//41
f 601//42 602//42 603//42
f 602//42 604//42 603//42
f 603//43 604//43 605//43
f 604//43 606//43 605//43
f 605//186 606//186 607//186
f 606//44 608//44 607//44
f 607//45 608//45 609//45
f 608//45 610//45 609//45
f 609//46 610//46 611//46
f 610//46 612//46 611//46
f 611//48 612//48 613//48
f 612//48 614//48 613//48
f 613//1 614//1 615//1
f 614//1 616//1 615//1
f 615//49 616//49 617//49
f 616//49 618//49 617//49
f 617//50 618//50 619//50
f 618//50 620//50 619//50
f 619//52 620//52 621//52
f 620//51 622//51 621//51
f 621//53 622//53 623//53
f 622//54 624//54 623//54
f 623//55 624//55 625//55
f 624//55 626//55 625//55
f 625//56 626//56 627//56
f 626//56 628//56 627//56
f 627//57 628//57 629//57
f 628//57 630//57 629//57
f 629//58 630//58 631//58
f 630//58 632//58 631//58
f 631//59 632//59 633//59
f 632//59 634//59 633//59
f 633//60 634//60 635//60
f 634//127 636//127 635//127
f 635//187 636//187 637//187
f 636//61 638//61 637//61
f 637//62 638//62 639//62
f 638//62 640//62 639//62
f 639//64 640//64 641//64
f 640//64 642//64 641//64
f 641//65 642//65 585//65
f 642//188 586//188 585//188
f 585//21 587//21 643//21
f 585//21 643//21 641//21
f 635//22 637//22 643//22
f 637//21 639//21 643//21
f 643//21 639//21 641//21
f 629//21 631//21 643//21
f 631//22 633//22 643//22
f 643//23 633//23 635//23
f 623//21 625//21 643//21
f 625//21 627//21 643//21
f 643//21 627//21 629//21
f 617//21 619//21 643//21
f 619//21 621//21 643//21
f 643//21 621//21 623//21
f 611//21 613//21 643//21
f 613//21 615//21 643//21
f 643//21 615//21 617//21
f 605//21 607//21 643//21
f 607//21 609//21 643//21
f 643//21 609//21 611//21
f 599//21 601//21 643//21
f 601//21 603//21 643//21
f 643//21 603//21 605//21
f 593//23 595//23 643//23
f 595//21 597//21 643//21
f 643//21 597//21 599//21
f 587//21 589//21 643//21
f 589//21 591//21 643//21
f 643//22 591//22 593//22
f 644//20 645//20 646//20
f 645//20 647//20 646//20
f 648//141 649//141 650//141
f 649//141 651//141 650//141
f 652//189 653//189 654//189
f 652//189 654//189 655//189
f 654//190 656//190 655//190
f 655//190 656//190 657//190
f 656//191 658//191 657//191
f 657//191 658//191 659//191
f 658//192 660//192 659//192
f 659//192 660//192 661//192
f 660//193 662//193 661//193
f 661//193 662//193 663//193
f 662//194 664//194 663//194
f 663//194 664//194 665//194
f 664//195 666//195 665//195
f 665//195 666//195 667//195
f 666//196 668//196 667//196
f 667//196 668//196 669//196
f 668//197 670//197 669//197
f 669//197 670//197 671//197
f 671//1 672//1 673//1
f 672//1 674//1 673//1
f 673//1 674//1 675//1
f 674//1 650//1 675//1
f 650//1 651//1 675//1
f 675//1 651//1 670//1
f 651//1 583//1 670//1
f 670//1 583//1 671//1
f 583//1 584//1 671//1
f 671//1 584//1 672//1
f 582//140 676//140 584//140
f 676//140 672//140 584//140
f 677//11 673//11 678//11
f 673//11 675//11 678//11
f 644//1 646//1 679//1
f 646//1 680//1 679//1
f 681//106 682//106 683//106
f 682//106 684//106 683//106
f 683//104 684//104 685//104
f 684//105 686//105 685//105
f 685//102 686//102 687//102
f 686//102 688//102 687//102
f 687//101 688//101 689//101
f 688//101 690//101 689//101
f 689//100 690//100 691//100
f 690//99 692//99 691//99
f 691//98 692//98 693//98
f 692//98 694//98 693//98
f 693//97 694//97 695//97
f 694//97 696//97 695//97
f 695//146 696//146 697//146
f 696//95 698//95 697//95
f 697//93 698//93 699//93
f 698//93 700//93 699//93
f 699//91 700//91 701//91
f 700//91 702//91 701//91
f 701//89 702//89 703//89
f 702//89 704//89 703//89
f 703//88 704//88 705//88
f 704//88 706//88 705//88
f 705//87 706//87 707//87
f 706//87 708//87 707//87
f 707//86 708//86 709//86
f 708//86 710//86 709//86
f 709//85 710//85 711//85
f 710//85 712//85 711//85
f 711//83 712//83 713//83
f 712//83 714//83 713//83
f 713//82 714//82 715//82
f 714//82 716//82 715//82
f 715//124 716//124 717//124
f 716//124 718//124 717//124
f 717//123 718//123 719//123
f 718//123 720//123 719//123
f 719//198 720//198 721//198
f 720//199 722//199 721//199
f 721//121 722//121 723//121
f 722//121 724//121 723//121
f 723//120 724//120 725//120
f 724//120 726//120 725//120
f 725//117 726//117 727//117
f 726//152 728//152 727//152
f 727//183 728//183 729//183
f 728//115 730//115 729//115
f 729//114 730//114 731//114
f 730//114 732//114 731//114
f 731//112 732//112 733//112
f 732//113 734//113 733//113
f 733//111 734//111 735//111
f 734//111 736//111 735//111
f 735//109 736//109 737//109
f 736//181 738//181 737//181
f 737//200 738//200 739//200
f 738//200 740//200 739//200
f 739//107 740//107 681//107
f 740//107 682//107 681//107
f 741//21 648//21 674//21
f 648//21 650//21 674//21
f 652//1 742//1 653//1
f 742//1 743//1 653//1
f 671//20 673//20 677//20
f 744//20 680//20 745//20
f 680//20 746//20 745//20
f 744//20 747//20 680//20
f 747//20 748//20 680//20
f 680//20 748//20 679//20
f 679//20 748//20 749//20
f 748//20 742//20 749//20
f 749//20 742//20 746//20
f 742//20 652//20 746//20
f 746//20 652//20 745//20
f 655//20 750//20 652//20
f 750//20 751//20 652//20
f 652//20 751//20 745//20
f 677//20 752//20 671//20
f 752//20 753//20 671//20
f 671//20 753//20 669//20
f 753//20 754//20 669//20
f 669//20 754//20 667//20
f 754//20 755//20 667//20
f 667//20 755//20 665//20
f 755//20 756//20 665//20
f 665//20 756//20 663//20
f 756//20 757//20 663//20
f 663//20 757//20 661//20
f 757//20 758//20 661//20
f 661//20 758//20 659//20
f 758//20 750//20 659//20
f 659//20 750//20 657//20
f 750//20 655//20 657//20
f 759//23 760//23 743//23
f 760//21 761//21 743//21
f 761//21 762//21 743//21
f 743//21 762//21 763//21
f 764//21 765//21 742//21
f 765//22 766//22 742//22
f 742//21 766//21 767//21
f 768//21 769//21 770//21
f 769//23 771//23 770//23
f 770//22 771//22 772//22
f 773//21 774//21 748//21
f 774//21 775//21 748//21
f 748//21 775//21 742//21
f 775//21 776//21 742//21
f 742//23 776//23 764//23
f 767//21 777//21 742//21
f 777//21 778//21 742//21
f 742//21 778//21 743//21
f 778//21 779//21 743//21
f 743//22 779//22 759//22
f 763//21 780//21 743//21
f 780//21 781//21 743//21
f 743//21 781//21 770//21
f 781//23 782//23 770//23
f 770//21 782//21 768//21
f 772//23 783//23 770//23
f 783//21 784//21 770//21
f 770//21 784//21 748//21
f 784//21 785//21 748//21
f 748//21 785//21 786//21
f 786//22 787//22 748//22
f 787//21 788//21 748//21
f 748//23 788//23 773//23
f 720//2 718//2 678//2
f 738//2 736//2 789//2
f 736//2 734//2 789//2
f 734//2 732//2 789//2
f 732//2 730//2 789//2
f 789//2 730//2 678//2
f 730//2 728//2 678//2
f 678//2 728//2 726//2
f 710//2 708//2 677//2
f 677//2 696//2 752//2
f 696//68 694//68 752//68
f 752//2 694//2 692//2
f 692//2 690//2 752//2
f 690//2 688//2 752//2
f 752//2 688//2 686//2
f 686//2 684//2 752//2
f 684//2 682//2 752//2
f 752//2 682//2 789//2
f 682//2 740//2 789//2
f 789//2 740//2 738//2
f 726//2 724//2 678//2
f 724//2 722//2 678//2
f 678//2 722//2 720//2
f 708//2 706//2 677//2
f 706//2 704//2 677//2
f 677//2 704//2 702//2
f 702//2 700//2 677//2
f 700//2 698//2 677//2
f 677//2 698//2 696//2
f 718//2 716//2 678//2
f 716//2 714//2 678//2
f 678//2 714//2 677//2
f 714//201 712//201 677//201
f 677//2 712//2 710//2
f 676//66 741//66 672//66
f 741//66 674//66 672//66
f 748//2 747//2 770//2
f 747//2 790//2 770//2
f 649//69 581//69 651//69
f 581//69 583//69 651//69
f 752//202 789//202 753//202
f 789//202 791//202 753//202
f 753//203 791//203 754//203
f 791//203 792//203 754//203
f 754//204 792//204 755//204
f 792//204 793//204 755//204
f 755//205 793//205 756//205
f 793//205 794//205 756//205
f 756//206 794//206 757//206
f 794//206 795//206 757//206
f 757//207 795//207 758//207
f 795//207 796//207 758//207
f 758//208 796//208 750//208
f 796//208 797//208 750//208
f 750//209 797//209 751//209
f 797//209 798//209 751//209
f 751//210 798//210 745//210
f 798//210 799//210 745//210
f 745//211 799//211 744//211
f 799//211 800//211 744//211
f 744//212 800//212 747//212
f 800//212 790//212 747//212
f 725//1 727//1 649//1
f 715//1 717//1 648//1
f 693//1 695//1 676//1
f 703//1 705//1 741//1
f 705//1 707//1 741//1
f 707//1 709//1 741//1
f 709//1 711//1 741//1
f 741//1 711//1 648//1
f 711//1 713//1 648//1
f 648//1 713//1 715//1
f 717//1 719//1 648//1
f 719//1 721//1 648//1
f 648//1 721//1 649//1
f 721//1 723//1 649//1
f 649//1 723//1 725//1
f 581//1 681//1 582//1
f 681//1 683//1 582//1
f 582//1 683//1 685//1
f 685//1 687//1 582//1
f 687//1 689//1 582//1
f 582//1 689//1 676//1
f 689//1 691//1 676//1
f 676//1 691//1 693//1
f 695//1 697//1 676//1
f 697//1 699//1 676//1
f 676//1 699//1 741//1
f 699//1 701//1 741//1
f 741//1 701//1 703//1
f 727//1 729//1 649//1
f 729//1 731//1 649//1
f 649//1 731//1 581//1
f 731//1 733//1 581//1
f 581//1 733//1 735//1
f 735//1 737//1 581//1
f 737//1 739//1 581//1
f 581//1 739//1 681//1
f 678//24 675//24 789//24
f 675//24 670//24 789//24
f 789//24 670//24 791//24
f 791//24 670//24 792//24
f 670//24 668//24 792//24
f 792//24 668//24 793//24
f 668//24 666//24 793//24
f 793//24 666//24 794//24
f 666//24 664//24 794//24
f 794//24 664//24 795//24
f 664//24 662//24 795//24
f 795//24 662//24 796//24
f 662//24 660//24 796//24
f 796//24 660//24 797//24
f 660//24 658//24 797//24
f 797//24 658//24 798//24
f 658//24 656//24 798//24
f 798//24 656//24 799//24
f 656//24 654//24 799//24
f 799//24 654//24 800//24
f 654//24 653//24 800//24
f 800//24 653//24 790//24
f 653//24 743//24 790//24
f 790//24 743//24 770//24
f 801//28 802//28 679//28
f 802//11 803//11 679//11
f 679//11 803//11 804//11
f 804//11 805//11 679//11
f 805//11 806//11 679//11
f 679//11 806//11 644//11
f 806//11 807//11 644//11
f 644//11 807//11 808//11
f 645//11 809//11 810//11
f 810//11 811//11 645//11
f 811//11 812//11 645//11
f 645//11 812//11 813//11
f 749//11 814//11 679//11
f 814//185 815//185 679//185
f 679//27 815//27 801//27
f 808//11 816//11 644//11
f 816//11 817//11 644//11
f 644//27 817//27 818//27
f 818//11 819//11 644//11
f 819//28 820//28 644//28
f 644//11 820//11 645//11
f 820//11 821//11 645//11
f 645//11 821//11 809//11
f 822//11 749//11 823//11
f 749//11 824//11 823//11
f 822//28 825//28 749//28
f 825//27 826//27 749//27
f 749//11 826//11 814//11
f 813//11 827//11 645//11
f 827//11 828//11 645//11
f 645//11 828//11 749//11
f 828//11 829//11 749//11
f 749//26 829//26 824//26
f 828//33 779//33 829//33
f 779//33 778//33 829//33
f 829//34 778//34 824//34
f 778//34 777//34 824//34
f 824//35 777//35 823//35
f 777//36 767//36 823//36
f 823//37 767//37 822//37
f 767//37 766//37 822//37
f 822//38 766//38 825//38
f 766//38 765//38 825//38
f 825//39 765//39 826//39
f 765//39 764//39 826//39
f 826//40 764//40 814//40
f 764//40 776//40 814//40
f 814//41 776//41 815//41
f 776//41 775//41 815//41
f 815//42 775//42 801//42
f 775//42 774//42 801//42
f 801//43 774//43 802//43
f 774//43 773//43 802//43
f 802//44 773//44 803//44
f 773//213 788//213 803//213
f 803//45 788//45 804//45
f 788//45 787//45 804//45
f 804//46 787//46 805//46
f 787//46 786//46 805//46
f 805//47 786//47 806//47
f 786//48 785//48 806//48
f 806//1 785//1 807//1
f 785//1 784//1 807//1
f 807//49 784//49 808//49
f 784//214 783//214 808//214
f 808//50 783//50 816//50
f 783//50 772//50 816//50
f 816//51 772//51 817//51
f 772//52 771//52 817//52
f 817//53 771//53 818//53
f 771//54 769//54 818//54
f 818//55 769//55 819//55
f 769//55 768//55 819//55
f 819//56 768//56 820//56
f 768//56 782//56 820//56
f 820//57 782//57 821//57
f 782//57 781//57 821//57
f 821//58 781//58 809//58
f 781//58 780//58 809//58
f 809//59 780//59 810//59
f 780//59 763//59 810//59
f 810//60 763//60 811//60
f 763//60 762//60 811//60
f 811//61 762//61 812//61
f 762//215 761//215 812//215
f 812//62 761//62 813//62
f 761//128 760//128 813//128
f 813//64 760//64 827//64
f 760//64 759//64 827//64
f 827//65 759//65 828//65
f 759//65 779//65 828//65
f 640//21 638//21 647//21
f 638//21 636//21 647//21
f 647//21 636//21 634//21
f 626//21 624//21 646//21
f 610//21 608//21 680//21
f 608//21 606//21 680//21
f 746//21 598//21 596//21
f 596//21 594//21 746//21
f 594//22 592//22 746//22
f 746//23 592//23 590//23
f 624//21 622//21 646//21
f 622//21 620//21 646//21
f 646//23 620//23 618//23
f 606//21 604//21 680//21
f 604//22 602//22 680//22
f 680//21 602//21 746//21
f 602//29 600//29 746//29
f 746//21 600//21 598//21
f 590//21 588//21 746//21
f 588//21 586//21 746//21
f 746//21 586//21 647//21
f 586//21 642//21 647//21
f 647//21 642//21 640//21
f 634//21 632//21 647//21
f 632//21 630//21 647//21
f 647//21 630//21 646//21
f 630//21 628//21 646//21
f 646//22 628//22 626//22
f 618//21 616//21 646//21
f 616//31 614//31 646//31
f 646//21 614//21 680//21
f 614//29 612//29 680//29
f 680//22 612//22 610//22
f 647//2 645//2 746//2
f 645//2 749//2 746//2
f 830//33 831//33 832//33
f 831//33 833//33 832//33
f 832//34 833//34 834//34
f 833//34 835//34 834//34
f 834//35 835//35 836//35
f 835//35 837//35 836//35
f 836//37 837//37 838//37
f 837//37 839//37 838//37
f 838//38 839//38 840//38
f 839//38 841//38 840//38
f 840//39 841//39 842//39
f 841//39 843//39 842//39
f 842//40 843//40 844//40
f 843//40 845//40 844//40
f 844//41 845//41 846//41
f 845//41 847//41 846//41
f 846//42 847//42 848//42
f 847//42 849//42 848//42
f 848//43 849//43 850//43
f 849//43 851//43 850//43
f 850//44 851//44 852//44
f 851//44 853//44 852//44
f 852//156 853//156 854//156
f 853//156 855//156 854//156
f 854//157 855//157 856//157
f 855//157 857//157 856//157
f 856//48 857//48 858//48
f 857//47 859//47 858//47
f 858//1 859//1 860//1
f 859//1 861//1 860//1
f 860//49 861//49 862//49
f 861//49 863//49 862//49
f 862//158 863//158 864//158
f 863//158 865//158 864//158
f 864//159 865//159 866//159
f 865//159 867//159 866//159
f 866//53 867//53 868//53
f 867//53 869//53 868//53
f 868//55 869//55 870//55
f 869//55 871//55 870//55
f 870//56 871//56 872//56
f 871//56 873//56 872//56
f 872//57 873//57 874//57
f 873//57 875//57 874//57
f 874//58 875//58 876//58
f 875//58 877//58 876//58
f 876//59 877//59 878//59
f 877//59 879//59 878//59
f 878//60 879//60 880//60
f 879//60 881//60 880//60
f 880//61 881//61 882//61
f 881//61 883//61 882//61
f 882//128 883//128 884//128
f 883//128 885//128 884//128
f 884//64 885//64 886//64
f 885//64 887//64 886//64
f 886//65 887//65 830//65
f 887//65 831//65 830//65
f 830//21 832//21 888//21
f 830//21 888//21 886//21
f 880//21 882//21 888//21
f 882//21 884//21 888//21
f 888//21 884//21 886//21
f 874//21 876//21 888//21
f 876//21 878//21 888//21
f 888//21 878//21 880//21
f 868//21 870//21 888//21
f 870//21 872//21 888//21
f 888//21 872//21 874//21
f 862//22 864//22 888//22
f 864//21 866//21 888//21
f 888//21 866//21 868//21
f 856//21 858//21 888//21
f 858//21 860//21 888//21
f 888//21 860//21 862//21
f 850//21 852//21 888//21
f 852//21 854//21 888//21
f 888//21 854//21 856//21
f 844//23 846//23 888//23
f 846//21 848//21 888//21
f 888//21 848//21 850//21
f 838//23 840//23 888//23
f 840//22 842//22 888//22
f 888//21 842//21 844//21
f 832//23 834//23 888//23
f 834//21 836//21 888//21
f 888//22 836//22 838//22
f 889//24 890//24 891//24
f 890//24 892//24 891//24
f 892//1 890//1 893//1
f 890//1 894//1 893//1
f 889//2 891//2 895//2
f 891//2 896//2 895//2
f 897//2 898//2 899//2
f 898//2 900//2 899//2
f 899//2 900//2 901//2
f 901//2 902//2 899//2
f 902//2 903//2 899//2
f 899//2 903//2 904//2
f 905//2 906//2 907//2
f 904//2 908//2 899//2
f 908//2 909//2 899//2
f 899//2 909//2 910//2
f 909//2 911//2 910//2
f 910//2 911//2 912//2
f 912//2 913//2 910//2
f 913//2 914//2 910//2
f 910//2 914//2 915//2
f 915//2 916//2 910//2
f 916//2 917//2 910//2
f 910//2 917//2 907//2
f 917//2 918//2 907//2
f 907//2 918//2 905//2
f 906//2 919//2 907//2
f 919//2 920//2 907//2
f 907//2 920//2 921//2
f 921//2 922//2 907//2
f 922//2 923//2 907//2
f 907//2 923//2 897//2
f 923//2 924//2 897//2
f 924//2 925//2 897//2
f 925//2 926//2 897//2
f 897//2 926//2 927//2
f 927//2 928//2 897//2
f 928//2 929//2 897//2
f 897//2 929//2 898//2
f 930//25 894//25 931//25
f 894//11 890//11 931//11
f 931//11 890//11 932//11
f 890//11 933//11 932//11
f 930//26 934//26 894//26
f 934//11 935//11 894//11
f 894//27 935//27 936//27
f 895//11 894//11 937//11
f 937//11 938//11 895//11
f 938//11 939//11 895//11
f 895//27 939//27 940//27
f 940//11 941//11 895//11
f 941//11 942//11 895//11
f 895//11 942//11 943//11
f 943//11 944//11 895//11
f 944//11 945//11 895//11
f 895//11 945//11 889//11
f 945//11 946//11 889//11
f 889//27 946//27 947//27
f 936//11 948//11 894//11
f 948//11 949//11 894//11
f 894//11 949//11 937//11
f 947//11 950//11 889//11
f 950//11 951//11 889//11
f 889//28 951//28 952//28
f 952//11 953//11 889//11
f 953//28 954//28 889//28
f 889//11 954//11 890//11
f 954//11 955//11 890//11
f 890//11 955//11 956//11
f 956//11 957//11 890//11
f 957//11 958//11 890//11
f 890//11 958//11 933//11
f 959//2 960//2 961//2
f 960//2 962//2 961//2
f 963//21 964//21 965//21
f 964//30 966//30 965//30
f 965//23 966//23 967//23
f 968//22 969//22 963//22
f 968//21 963//21 970//21
f 971//22 972//22 959//22
f 972//21 973//21 959//21
f 959//21 973//21 974//21
f 974//23 975//23 959//23
f 975//21 976//21 959//21
f 959//21 976//21 963//21
f 976//21 977//21 963//21
f 963//21 977//21 970//21
f 969//21 978//21 963//21
f 978//21 979//21 963//21
f 963//22 979//22 964//22
f 965//21 980//21 981//21
f 982//21 983//21 961//21
f 983//29 984//29 961//29
f 961//21 984//21 959//21
f 984//21 985//21 959//21
f 959//21 985//21 971//21
f 967//22 986//22 965//22
f 986//23 987//23 965//23
f 965//21 987//21 980//21
f 981//21 988//21 965//21
f 988//22 989//22 965//22
f 965//21 989//21 961//21
f 989//21 990//21 961//21
f 961//23 990//23 991//23
f 991//21 992//21 961//21
f 992//21 993//21 961//21
f 961//21 993//21 982//21
f 994//1 995//1 996//1
f 995//1 997//1 996//1
f 996//1 997//1 998//1
f 999//1 1000//1 1001//1
f 1002//1 1003//1 1004//1
f 1003//1 1005//1 1004//1
f 998//1 1006//1 996//1
f 1006//1 1007//1 996//1
f 996//1 1007//1 999//1
f 1007//171 1008//171 999//171
f 999//1 1008//1 1000//1
f 1005//1 1009//1 1004//1
f 1009//1 1010//1 1004//1
f 1004//1 1010//1 996//1
f 1010//1 1011//1 996//1
f 996//1 1011//1 994//1
f 1001//1 1012//1 999//1
f 1012//1 1013//1 999//1
f 999//1 1013//1 1014//1
f 1015//1 1016//1 1017//1
f 1018//1 1019//1 1017//1
f 1019//1 1020//1 1017//1
f 1017//1 1020//1 1004//1
f 1020//1 1021//1 1004//1
f 1004//1 1021//1 1002//1
f 1014//1 1022//1 999//1
f 1022//1 1023//1 999//1
f 999//1 1023//1 1017//1
f 1023//1 1024//1 1017//1
f 1017//1 1024//1 1015//1
f 1016//1 1025//1 1017//1
f 1025//1 1026//1 1017//1
f 1017//1 1026//1 1018//1
f 897//216 899//216 1027//216
f 897//216 1027//216 1028//216
f 1027//217 1029//217 1028//217
f 1028//217 1029//217 1030//217
f 1029//218 1031//218 1030//218
f 1030//218 1031//218 1032//218
f 1031//219 1033//219 1032//219
f 1032//219 1033//219 1034//219
f 1033//220 1035//220 1034//220
f 1034//220 1035//220 1036//220
f 1035//221 1037//221 1036//221
f 1036//221 1037//221 1038//221
f 1037//222 1039//222 1038//222
f 1038//222 1039//222 1040//222
f 1039//223 1041//223 1040//223
f 1040//223 1041//223 1042//223
f 1041//224 1043//224 1042//224
f 1042//225 1043//225 1044//225
f 1043//226 962//226 1044//226
f 1044//226 962//226 960//226
f 899//24 910//24 1017//24
f 1045//24 1046//24 896//24
f 1046//24 1047//24 896//24
f 896//24 1047//24 965//24
f 962//24 1048//24 1045//24
f 1045//24 896//24 962//24
f 896//24 893//24 962//24
f 962//24 893//24 961//24
f 893//24 894//24 961//24
f 961//24 894//24 965//24
f 894//24 895//24 965//24
f 965//24 895//24 896//24
f 1017//24 1004//24 899//24
f 1004//24 1049//24 899//24
f 899//24 1049//24 1027//24
f 1049//24 1050//24 1027//24
f 1027//24 1050//24 1029//24
f 1050//24 1051//24 1029//24
f 1029//24 1051//24 1031//24
f 1051//24 1052//24 1031//24
f 962//24 1043//24 1048//24
f 1043//24 1041//24 1048//24
f 1048//24 1041//24 1053//24
f 1041//24 1039//24 1053//24
f 1053//24 1039//24 1054//24
f 1039//24 1037//24 1054//24
f 1054//24 1037//24 1055//24
f 1037//24 1035//24 1055//24
f 1055//24 1035//24 1052//24
f 1035//24 1033//24 1052//24
f 1052//24 1033//24 1031//24
f 1011//106 1056//106 994//106
f 1056//106 1057//106 994//106
f 994//105 1057//105 995//105
f 1057//105 1058//105 995//105
f 995//103 1058//103 997//103
f 1058//103 1059//103 997//103
f 997//101 1059//101 998//101
f 1059//145 1060//145 998//145
f 998//99 1060//99 1006//99
f 1060//100 1061//100 1006//100
f 1006//98 1061//98 1007//98
f 1061//98 1062//98 1007//98
f 1007//97 1062//97 1008//97
f 1062//96 1063//96 1008//96
f 1008//95 1063//95 1000//95
f 1063//95 1064//95 1000//95
f 1000//147 1064//147 1001//147
f 1064//93 1065//93 1001//93
f 1001//91 1065//91 1012//91
f 1065//91 1066//91 1012//91
f 1012//149 1066//149 1013//149
f 1066//89 1067//89 1013//89
f 1013//88 1067//88 1014//88
f 1067//88 1068//88 1014//88
f 1014//87 1068//87 1022//87
f 1068//87 1069//87 1022//87
f 1022//86 1069//86 1023//86
f 1069//86 1070//86 1023//86
f 1023//21 1070//21 1024//21
f 1070//21 1071//21 1024//21
f 1024//82 1071//82 1015//82
f 1071//82 1072//82 1015//82
f 1015//124 1072//124 1016//124
f 1072//227 1073//227 1016//227
f 1016//123 1073//123 1025//123
f 1073//123 1074//123 1025//123
f 1025//122 1074//122 1026//122
f 1074//122 1075//122 1026//122
f 1026//121 1075//121 1018//121
f 1075//121 1076//121 1018//121
f 1018//119 1076//119 1019//119
f 1076//119 1077//119 1019//119
f 1019//117 1077//117 1020//117
f 1077//118 1078//118 1020//118
f 1020//116 1078//116 1021//116
f 1078//115 1079//115 1021//115
f 1021//114 1079//114 1002//114
f 1079//114 1080//114 1002//114
f 1002//112 1080//112 1003//112
f 1080//113 1081//113 1003//113
f 1003//111 1081//111 1005//111
f 1081//111 1082//111 1005//111
f 1005//153 1082//153 1009//153
f 1082//181 1083//181 1009//181
f 1009//108 1083//108 1010//108
f 1083//108 1084//108 1010//108
f 1010//107 1084//107 1011//107
f 1084//107 1056//107 1011//107
f 1085//228 1047//228 1086//228
f 1047//228 1046//228 1086//228
f 1086//229 1046//229 1087//229
f 1046//229 1045//229 1087//229
f 1087//230 1045//230 1088//230
f 1045//230 1048//230 1088//230
f 1088//231 1048//231 1089//231
f 1048//231 1053//231 1089//231
f 1089//232 1053//232 1090//232
f 1053//232 1054//232 1090//232
f 1090//233 1054//233 1091//233
f 1054//233 1055//233 1091//233
f 1091//234 1055//234 1092//234
f 1055//234 1052//234 1092//234
f 1092//235 1052//235 1093//235
f 1052//235 1051//235 1093//235
f 1093//236 1051//236 1094//236
f 1051//236 1050//236 1094//236
f 1094//237 1050//237 1095//237
f 1050//238 1049//238 1095//238
f 1095//239 1049//239 996//239
f 1049//239 1004//239 996//239
f 1085//1 963//1 1047//1
f 963//1 965//1 1047//1
f 999//20 907//20 996//20
f 907//20 897//20 996//20
f 996//20 897//20 1095//20
f 1095//20 897//20 1094//20
f 897//20 1028//20 1094//20
f 1094//20 1028//20 1093//20
f 1028//20 1030//20 1093//20
f 1093//20 1030//20 1092//20
f 1030//20 1032//20 1092//20
f 1032//20 1034//20 1092//20
f 1092//20 1034//20 1091//20
f 1034//20 1036//20 1091//20
f 1091//20 1036//20 1090//20
f 1036//20 1038//20 1090//20
f 1090//20 1038//20 1089//20
f 1038//20 1040//20 1089//20
f 1089//20 1040//20 1088//20
f 1040//20 1042//20 1088//20
f 1088//20 1042//20 1087//20
f 1042//20 1044//20 1087//20
f 1087//20 1044//20 1086//20
f 1044//20 960//20 1086//20
f 1086//20 960//20 1085//20
f 960//20 959//20 1085//20
f 1085//20 959//20 963//20
f 1096//142 898//142 1097//142
f 898//142 929//142 1097//142
f 1097//143 929//143 1098//143
f 929//143 928//143 1098//143
f 1098//102 928//102 1099//102
f 928//144 927//144 1099//144
f 1099//101 927//101 1100//101
f 927//145 926//145 1100//145
f 1100//99 926//99 1101//99
f 926//100 925//100 1101//100
f 1101//98 925//98 1102//98
f 925//98 924//98 1102//98
f 1102//97 924//97 1103//97
f 924//240 923//240 1103//240
f 1103//146 923//146 1104//146
f 923//146 922//146 1104//146
f 1104//148 922//148 1105//148
f 922//147 921//147 1105//147
f 1105//92 921//92 1106//92
f 921//91 920//91 1106//91
f 1106//149 920//149 1107//149
f 920//149 919//149 1107//149
f 1107//88 919//88 1108//88
f 919//88 906//88 1108//88
f 1108//87 906//87 1109//87
f 906//87 905//87 1109//87
f 1109//86 905//86 1110//86
f 905//86 918//86 1110//86
f 1110//21 918//21 1111//21
f 918//21 917//21 1111//21
f 1111//82 917//82 1112//82
f 917//82 916//82 1112//82
f 1112//124 916//124 1113//124
f 916//124 915//124 1113//124
f 1113//123 915//123 1114//123
f 915//123 914//123 1114//123
f 1114//150 914//150 1115//150
f 914//150 913//150 1115//150
f 1115//121 913//121 1116//121
f 913//121 912//121 1116//121
f 1116//151 912//151 1117//151
f 912//151 911//151 1117//151
f 1117//152 911//152 1118//152
f 911//152 909//152 1118//152
f 1118//183 909//183 1119//183
f 909//115 908//115 1119//115
f 1119//114 908//114 1120//114
f 908//114 904//114 1120//114
f 1120//112 904//112 1121//112
f 904//112 903//112 1121//112
f 1121//111 903//111 1122//111
f 903//111 902//111 1122//111
f 1122//153 902//153 1123//153
f 902//109 901//109 1123//109
f 1123//154 901//154 1124//154
f 901//154 900//154 1124//154
f 1124//155 900//155 1096//155
f 900//155 898//155 1096//155
f 843//21 841//21 891//21
f 857//21 855//21 892//21
f 855//21 853//21 892//21
f 892//21 853//21 851//21
f 851//29 849//29 892//29
f 849//22 847//22 892//22
f 892//21 847//21 891//21
f 847//23 845//23 891//23
f 891//21 845//21 843//21
f 841//21 839//21 891//21
f 839//30 837//30 891//30
f 891//23 837//23 835//23
f 885//21 883//21 896//21
f 883//29 881//29 896//29
f 896//22 881//22 879//22
f 865//21 863//21 893//21
f 863//21 861//21 893//21
f 893//21 861//21 892//21
f 861//241 859//241 892//241
f 892//21 859//21 857//21
f 835//30 833//30 891//30
f 833//32 831//32 891//32
f 891//21 831//21 896//21
f 831//21 887//21 896//21
f 896//30 887//30 885//30
f 879//21 877//21 896//21
f 877//21 875//21 896//21
f 896//21 875//21 893//21
f 875//21 873//21 893//21
f 893//21 873//21 871//21
f 871//29 869//29 893//29
f 869//30 867//30 893//30
f 893//23 867//23 865//23
f 1067//2 1107//2 1068//2
f 1107//2 1108//2 1068//2
f 1068//2 1108//2 1069//2
f 1108//2 1109//2 1069//2
f 1069//2 1109//2 1070//2
f 1109//2 1110//2 1070//2
f 1070//2 1110//2 1071//2
f 1110//2 1111//2 1071//2
f 1071//2 1111//2 1072//2
f 1111//2 1112//2 1072//2
f 1072//2 1112//2 1073//2
f 1112//2 1113//2 1073//2
f 1073//2 1113//2 1074//2
f 1113//2 1114//2 1074//2
f 1074//2 1114//2 1075//2
f 1114//2 1115//2 1075//2
f 1075//2 1115//2 1076//2
f 1115//2 1116//2 1076//2
f 1076//2 1116//2 1077//2
f 1116//2 1117//2 1077//2
f 1077//2 1117//2 1078//2
f 1117//2 1118//2 1078//2
f 1078//2 1118//2 1079//2
f 1118//2 1119//2 1079//2
f 1079//2 1119//2 1080//2
f 1119//2 1120//2 1080//2
f 1080//2 1120//2 1081//2
f 1120//2 1121//2 1081//2
f 1081//2 1121//2 1082//2
f 1121//2 1122//2 1082//2
f 1082//2 1122//2 1083//2
f 1122//2 1123//2 1083//2
f 1083//2 1123//2 1084//2
f 1123//2 1124//2 1084//2
f 1084//2 1124//2 1056//2
f 1124//2 1096//2 1056//2
f 1056//2 1096//2 1057//2
f 1096//2 1097//2 1057//2
f 1057//2 1097//2 1058//2
f 1097//2 1098//2 1058//2
f 1058//2 1098//2 1059//2
f 1098//2 1099//2 1059//2
f 1059//2 1099//2 1060//2
f 1099//2 1100//2 1060//2
f 1060//2 1100//2 1061//2
f 1100//2 1101//2 1061//2
f 1061//2 1101//2 1062//2
f 1101//2 1102//2 1062//2
f 1062//2 1102//2 1063//2
f 1102//2 1103//2 1063//2
f 1063//2 1103//2 1064//2
f 1103//2 1104//2 1064//2
f 1064//2 1104//2 1065//2
f 1104//2 1105//2 1065//2
f 1065//2 1105//2 1066//2
f 1105//2 1106//2 1066//2
f 1066//2 1106//2 1067//2
f 1106//2 1107//2 1067//2
f 907//11 999//11 910//11
f 999//11 1017//11 910//11
f 945//33 966//33 946//33
f 966//33 964//33 946//33
f 946//34 964//34 947//34
f 964//34 979//34 947//34
f 947//35 979//35 950//35
f 979//35 978//35 950//35
f 950//37 978//37 951//37
f 978//126 969//126 951//126
f 951//38 969//38 952//38
f 969//38 968//38 952//38
f 952//39 968//39 953//39
f 968//39 970//39 953//39
f 953//40 970//40 954//40
f 970//40 977//40 954//40
f 954//41 977//41 955//41
f 977//41 976//41 955//41
f 955//42 976//42 956//42
f 976//42 975//42 956//42
f 956//43 975//43 957//43
f 975//43 974//43 957//43
f 957//44 974//44 958//44
f 974//44 973//44 958//44
f 958//156 973//156 933//156
f 973//156 972//156 933//156
f 933//157 972//157 932//157
f 972//157 971//157 932//157
f 932//48 971//48 931//48
f 971//47 985//47 931//47
f 931//1 985//1 930//1
f 985//1 984//1 930//1
f 930//49 984//49 934//49
f 984//49 983//49 934//49
f 934//158 983//158 935//158
f 983//158 982//158 935//158
f 935//159 982//159 936//159
f 982//159 993//159 936//159
f 936//53 993//53 948//53
f 993//53 992//53 948//53
f 948//55 992//55 949//55
f 992//55 991//55 949//55
f 949//56 991//56 937//56
f 991//56 990//56 937//56
f 937//57 990//57 938//57
f 990//57 989//57 938//57
f 938//58 989//58 939//58
f 989//58 988//58 939//58
f 939//59 988//59 940//59
f 988//59 981//59 940//59
f 940//60 981//60 941//60
f 981//127 980//127 941//127
f 941//61 980//61 942//61
f 980//61 987//61 942//61
f 942//128 987//128 943//128
f 987//128 986//128 943//128
f 943//64 986//64 944//64
f 986//64 967//64 944//64
f 944//65 967//65 945//65
f 967//65 966//65 945//65
f 1125//21 1126//21 1127//21
f 1126//21 1128//21 1127//21
f 1129//21 1130//21 1128//21
f 1130//22 1131//22 1128//22
f 1132//21 1133//21 1134//21
f 1133//23 1135//23 1134//23
f 1136//21 1137//21 1138//21
f 1139//22 1140//22 1141//22
f 1140//23 1142//23 1141//23
f 1141//22 1142//22 1143//22
f 1144//21 1128//21 1145//21
f 1128//21 1146//21 1145//21
f 1144//23 1147//23 1128//23
f 1147//21 1148//21 1128//21
f 1128//21 1148//21 1127//21
f 1137//21 1149//21 1138//21
f 1149//21 1150//21 1138//21
f 1138//21 1150//21 1151//21
f 1152//21 1153//21 1141//21
f 1153//21 1154//21 1141//21
f 1141//21 1154//21 1139//21
f 1155//21 1156//21 1157//21
f 1158//21 1159//21 1128//21
f 1159//21 1160//21 1128//21
f 1128//21 1160//21 1146//21
f 1152//21 1136//21 1153//21
f 1136//21 1138//21 1153//21
f 1153//21 1138//21 1128//21
f 1138//21 1161//21 1128//21
f 1128//21 1161//21 1129//21
f 1157//21 1162//21 1155//21
f 1162//21 1141//21 1155//21
f 1155//67 1141//67 1163//67
f 1141//23 1143//23 1163//23
f 1133//21 1164//21 1135//21
f 1164//21 1158//21 1135//21
f 1135//21 1158//21 1165//21
f 1158//21 1128//21 1165//21
f 1165//21 1128//21 1166//21
f 1128//23 1131//23 1166//23
f 1167//21 1168//21 1169//21
f 1169//21 1170//21 1167//21
f 1170//21 1138//21 1167//21
f 1167//21 1138//21 1171//21
f 1138//21 1151//21 1171//21
f 1128//242 1172//242 1153//242
f 1172//242 1173//242 1153//242
f 1153//243 1173//243 1154//243
f 1173//243 1174//243 1154//243
f 1154//244 1174//244 1139//244
f 1174//244 1175//244 1139//244
f 1139//245 1175//245 1140//245
f 1175//245 1176//245 1140//245
f 1140//246 1176//246 1142//246
f 1176//246 1177//246 1142//246
f 1142//247 1177//247 1143//247
f 1177//247 1178//247 1143//247
f 1143//248 1178//248 1163//248
f 1178//248 1179//248 1163//248
f 1163//249 1179//249 1155//249
f 1179//250 1180//250 1155//250
f 1155//251 1180//251 1156//251
f 1180//251 1181//251 1156//251
f 1182//252 1183//252 1162//252
f 1183//253 1141//253 1162//253
f 1141//254 1183//254 1152//254
f 1183//255 1184//255 1152//255
f 1152//256 1184//256 1136//256
f 1184//257 1185//257 1136//257
f 1136//258 1185//258 1137//258
f 1185//258 1186//258 1137//258
f 1137//259 1186//259 1149//259
f 1186//259 1187//259 1149//259
f 1149//260 1187//260 1150//260
f 1187//260 1188//260 1150//260
f 1150//261 1188//261 1151//261
f 1188//261 1189//261 1151//261
f 1151//262 1189//262 1171//262
f 1189//263 1190//263 1171//263
f 1171//264 1190//264 1167//264
f 1190//264 1191//264 1167//264
f 1167//265 1191//265 1168//265
f 1191//265 1192//265 1168//265
f 1193//266 1138//266 1194//266
f 1138//267 1170//267 1194//267
f 1138//268 1193//268 1161//268
f 1193//268 1195//268 1161//268
f 1161//269 1195//269 1129//269
f 1195//269 1196//269 1129//269
f 1129//270 1196//270 1130//270
f 1196//270 1197//270 1130//270
f 1130//271 1197//271 1131//271
f 1197//271 1198//271 1131//271
f 1131//272 1198//272 1166//272
f 1198//272 1199//272 1166//272
f 1166//273 1199//273 1165//273
f 1199//273 1200//273 1165//273
f 1165//274 1200//274 1135//274
f 1200//274 1201//274 1135//274
f 1135//275 1201//275 1134//275
f 1201//275 1202//275 1134//275
f 1134//252 1202//252 1132//252
f 1202//252 1203//252 1132//252
f 1164//251 1204//251 1205//251
f 1205//251 1206//251 1164//251
f 1206//276 1207//276 1164//276
f 1164//277 1207//277 1158//277
f 1207//251 1208//251 1158//251
f 1158//278 1208//278 1159//278
f 1208//279 1209//279 1159//279
f 1159//280 1209//280 1160//280
f 1209//281 1210//281 1160//281
f 1160//282 1210//282 1146//282
f 1210//282 1211//282 1146//282
f 1146//283 1211//283 1145//283
f 1211//283 1212//283 1145//283
f 1145//284 1212//284 1144//284
f 1212//284 1213//284 1144//284
f 1144//285 1213//285 1147//285
f 1213//285 1214//285 1147//285
f 1147//286 1214//286 1148//286
f 1214//286 1215//286 1148//286
f 1148//287 1215//287 1127//287
f 1215//287 1216//287 1127//287
f 1127//266 1216//266 1125//266
f 1216//266 1217//266 1125//266
f 1218//11 1219//11 1220//11
f 1219//11 1221//11 1220//11
f 1220//11 1221//11 1222//11
f 1218//28 1223//28 1219//28
f 1223//11 1224//11 1219//11
f 1219//11 1224//11 1225//11
f 1224//11 1226//11 1225//11
f 1225//11 1226//11 1227//11
f 1226//11 1228//11 1227//11
f 1227//11 1228//11 1229//11
f 1229//11 1230//11 1227//11
f 1230//11 1231//11 1227//11
f 1227//11 1231//11 1232//11
f 1231//11 1233//11 1232//11
f 1234//11 1235//11 1236//11
f 1236//11 1237//11 1234//11
f 1237//185 1238//185 1234//185
f 1234//11 1238//11 1239//11
f 1238//27 1240//27 1239//27
f 1239//11 1240//11 1221//11
f 1240//11 1241//11 1221//11
f 1221//28 1241//28 1222//28
f 1235//11 1234//11 1242//11
f 1234//11 1243//11 1242//11
f 1242//11 1243//11 1244//11
f 1233//11 1245//11 1232//11
f 1245//11 1246//11 1232//11
f 1232//11 1246//11 1247//11
f 1246//27 1248//27 1247//27
f 1247//28 1248//28 1249//28
f 1248//11 1250//11 1249//11
f 1249//27 1250//27 1251//27
f 1250//11 1252//11 1251//11
f 1251//11 1252//11 1253//11
f 1252//11 1254//11 1253//11
f 1253//11 1254//11 1255//11
f 1254//11 1256//11 1255//11
f 1255//11 1256//11 1257//11
f 1256//28 1258//28 1257//28
f 1257//11 1258//11 1259//11
f 1258//11 1260//11 1259//11
f 1260//11 1261//11 1259//11
f 1259//11 1261//11 1243//11
f 1261//11 1262//11 1243//11
f 1243//11 1262//11 1244//11
f 1263//2 1264//2 1265//2
f 1264//2 1266//2 1265//2
f 1265//2 1266//2 1267//2
f 1268//2 1269//2 1270//2
f 1269//2 1271//2 1270//2
f 1270//2 1271//2 1272//2
f 1271//2 1273//2 1272//2
f 1272//2 1273//2 1274//2
f 1275//2 1276//2 1268//2
f 1276//2 1264//2 1268//2
f 1268//2 1264//2 1269//2
f 1264//2 1263//2 1269//2
f 1269//2 1263//2 1277//2
f 1263//2 1278//2 1277//2
f 1277//2 1278//2 1279//2
f 1280//288 1281//288 1282//288
f 1281//289 1283//289 1282//289
f 1282//290 1283//290 1284//290
f 1283//290 1285//290 1284//290
f 1284//291 1285//291 1286//291
f 1285//292 1287//292 1286//292
f 1286//293 1287//293 1288//293
f 1287//293 1289//293 1288//293
f 1288//294 1289//294 1290//294
f 1289//294 1291//294 1290//294
f 1290//295 1291//295 1292//295
f 1291//295 1293//295 1292//295
f 1292//296 1293//296 1294//296
f 1293//296 1295//296 1294//296
f 1294//297 1295//297 1296//297
f 1295//297 1297//297 1296//297
f 1296//298 1297//298 1298//298
f 1297//298 1299//298 1298//298
f 1298//299 1299//299 1300//299
f 1299//299 1301//299 1300//299
f 1300//300 1301//300 1302//300
f 1301//300 1303//300 1302//300
f 1302//301 1303//301 1304//301
f 1303//301 1305//301 1304//301
f 1304//302 1305//302 1306//302
f 1305//303 1307//303 1306//303
f 1306//304 1307//304 1308//304
f 1307//304 1309//304 1308//304
f 1308//305 1309//305 1310//305
f 1309//305 779//305 1310//305
f 1310//306 779//306 1311//306
f 779//306 1312//306 1311//306
f 1311//307 1312//307 1313//307
f 1312//307 1314//307 1313//307
f 1313//308 1314//308 1315//308
f 1314//308 1316//308 1315//308
f 1315//309 1316//309 1317//309
f 1316//309 1318//309 1317//309
f 1317//310 1318//310 1319//310
f 1318//310 1320//310 1319//310
f 1319//311 1320//311 1321//311
f 1320//311 1322//311 1321//311
f 1321//312 1322//312 1323//312
f 1322//312 1324//312 1323//312
f 1323//313 1324//313 1325//313
f 1324//313 1326//313 1325//313
f 1325//314 1326//314 1327//314
f 1326//314 1328//314 1327//314
f 1327//315 1328//315 1329//315
f 1328//315 1330//315 1329//315
f 1329//316 1330//316 1331//316
f 1330//316 1332//316 1331//316
f 1331//317 1332//317 1333//317
f 1332//317 1334//317 1333//317
f 1333//318 1334//318 1335//318
f 1334//318 1336//318 1335//318
f 1335//319 1336//319 1337//319
f 1336//319 1338//319 1337//319
f 1337//320 1338//320 1280//320
f 1338//321 1281//321 1280//321
f 1339//26 1340//26 1341//26
f 1341//11 1340//11 1342//11
f 1340//11 1343//11 1342//11
f 1342//11 1343//11 1344//11
f 1345//11 1346//11 1347//11
f 1346//11 1348//11 1347//11
f 1347//11 1348//11 1349//11
f 1348//11 1342//11 1349//11
f 1349//11 1342//11 1350//11
f 1342//11 1344//11 1350//11
f 1351//27 1352//27 1353//27
f 1352//11 1346//11 1353//11
f 1353//11 1346//11 1354//11
f 1346//11 1345//11 1354//11
f 1351//28 1355//28 1352//28
f 1355//11 1356//11 1352//11
f 1352//11 1356//11 1357//11
f 1356//28 1358//28 1357//28
f 1357//11 1358//11 1359//11
f 1358//11 1360//11 1359//11
f 1359//11 1360//11 1361//11
f 1362//11 1363//11 1364//11
f 1363//11 1359//11 1364//11
f 1364//185 1359//185 1365//185
f 1359//27 1361//27 1365//27
f 1362//11 1366//11 1363//11
f 1366//11 1367//11 1363//11
f 1363//11 1367//11 1368//11
f 1367//11 1369//11 1368//11
f 1369//11 1370//11 1368//11
f 1368//11 1370//11 1371//11
f 1370//11 1372//11 1371//11
f 1371//11 1372//11 1373//11
f 1372//11 1374//11 1373//11
f 1373//11 1374//11 1375//11
f 1374//27 1376//27 1375//27
f 1375//28 1376//28 1377//28
f 1376//11 1378//11 1377//11
f 1377//11 1378//11 1379//11
f 1378//27 1380//27 1379//27
f 1379//11 1380//11 1381//11
f 1380//11 1382//11 1381//11
f 1381//11 1382//11 1341//11
f 1382//26 1383//26 1341//26
f 1341//185 1383//185 1339//185
f 1384//1 1385//1 1386//1
f 1385//1 1387//1 1386//1
f 1386//1 1387//1 1388//1
f 1387//1 1359//1 1388//1
f 1389//1 1390//1 1234//1
f 1390//1 1391//1 1234//1
f 1234//1 1391//1 1243//1
f 1392//1 1393//1 1394//1
f 1393//1 1395//1 1394//1
f 1394//1 1395//1 1389//1
f 1395//1 1388//1 1389//1
f 1389//1 1388//1 1390//1
f 1388//1 1359//1 1390//1
f 1390//1 1359//1 1396//1
f 1359//1 1363//1 1396//1
f 1397//288 1398//288 1399//288
f 1398//289 1400//289 1399//289
f 1399//290 1400//290 1401//290
f 1400//290 1402//290 1401//290
f 1401//292 1402//292 1403//292
f 1402//291 1404//291 1403//291
f 1403//293 1404//293 1405//293
f 1404//322 1406//322 1405//322
f 1405//294 1406//294 1407//294
f 1406//294 1408//294 1407//294
f 1407//295 1408//295 1409//295
f 1408//295 1410//295 1409//295
f 1409//296 1410//296 1411//296
f 1410//296 1412//296 1411//296
f 1411//297 1412//297 1413//297
f 1412//297 1414//297 1413//297
f 1413//298 1414//298 1415//298
f 1414//298 1416//298 1415//298
f 1415//299 1416//299 1417//299
f 1416//299 1418//299 1417//299
f 1417//300 1418//300 1419//300
f 1418//300 1420//300 1419//300
f 1419//323 1420//323 1421//323
f 1420//323 1422//323 1421//323
f 1421//302 1422//302 1423//302
f 1422//302 1424//302 1423//302
f 1423//304 1424//304 1425//304
f 1424//304 1426//304 1425//304
f 1425//324 1426//324 1427//324
f 1426//324 1428//324 1427//324
f 1427//325 1428//325 1429//325
f 1428//325 1430//325 1429//325
f 1429//307 1430//307 1431//307
f 1430//307 1432//307 1431//307
f 1431//326 1432//326 1433//326
f 1432//326 1434//326 1433//326
f 1433//327 1434//327 1435//327
f 1434//327 1436//327 1435//327
f 1435//310 1436//310 1437//310
f 1436//310 1438//310 1437//310
f 1437//311 1438//311 1439//311
f 1438//311 1440//311 1439//311
f 1439//328 1440//328 1441//328
f 1440//328 1442//328 1441//328
f 1441//313 1442//313 1443//313
f 1442//313 1444//313 1443//313
f 1443//314 1444//314 1445//314
f 1444//314 1446//314 1445//314
f 1445//315 1446//315 1447//315
f 1446//315 1448//315 1447//315
f 1447//329 1448//329 1449//329
f 1448//316 1450//316 1449//316
f 1449//317 1450//317 1451//317
f 1450//317 1452//317 1451//317
f 1451//318 1452//318 1453//318
f 1452//318 1454//318 1453//318
f 1453//319 1454//319 1455//319
f 1454//319 1456//319 1455//319
f 1455//320 1456//320 1397//320
f 1456//320 1398//320 1397//320
f 1457//67 1458//67 1459//67
f 1458//21 1460//21 1459//21
f 1459//21 1460//21 1461//21
f 1460//21 1462//21 1461//21
f 1457//21 1463//21 1458//21
f 1463//21 1464//21 1458//21
f 1458//22 1464//22 1465//22
f 1464//21 1466//21 1465//21
f 1465//23 1466//23 1467//23
f 1466//21 1468//21 1467//21
f 1467//21 1468//21 1469//21
f 1468//21 1470//21 1469//21
f 1469//23 1470//23 1471//23
f 1470//22 1472//22 1471//22
f 1471//21 1472//21 1473//21
f 1472//21 1474//21 1473//21
f 1473//21 1474//21 1475//21
f 1474//21 1476//21 1475//21
f 1475//21 1476//21 1477//21
f 1478//22 1479//22 1480//22
f 1479//21 1481//21 1480//21
f 1480//23 1481//23 1482//23
f 1478//21 1483//21 1479//21
f 1483//23 1484//23 1479//23
f 1479//21 1484//21 1485//21
f 1484//21 1486//21 1485//21
f 1485//21 1486//21 1460//21
f 1486//21 1487//21 1460//21
f 1460//21 1487//21 1462//21
f 1488//21 1489//21 1387//21
f 1489//21 1490//21 1387//21
f 1387//21 1490//21 1491//21
f 1490//22 1492//22 1491//22
f 1491//21 1492//21 1481//21
f 1492//23 1493//23 1481//23
f 1481//22 1493//22 1482//22
f 1476//21 1494//21 1477//21
f 1494//21 1495//21 1477//21
f 1477//21 1495//21 1385//21
f 1495//21 1496//21 1385//21
f 1496//21 1497//21 1385//21
f 1497//23 1498//23 1385//23
f 1385//21 1498//21 1387//21
f 1498//21 1499//21 1387//21
f 1387//23 1499//23 1488//23
f 1195//11 1193//11 1500//11
f 1501//11 1502//11 1503//11
f 1504//11 1505//11 1506//11
f 1507//11 1508//11 1509//11
f 1172//11 1510//11 1500//11
f 1511//11 1182//11 1512//11
f 1182//11 1513//11 1512//11
f 1512//11 1513//11 1514//11
f 1515//11 1516//11 1511//11
f 1516//11 1181//11 1511//11
f 1511//11 1181//11 1182//11
f 1181//11 1180//11 1182//11
f 1182//11 1180//11 1183//11
f 1180//11 1179//11 1183//11
f 1179//11 1178//11 1183//11
f 1178//11 1177//11 1183//11
f 1183//11 1177//11 1176//11
f 1176//11 1175//11 1183//11
f 1175//11 1174//11 1183//11
f 1183//11 1174//11 1173//11
f 1517//11 1518//11 1519//11
f 1518//11 1520//11 1519//11
f 1190//27 1193//27 1191//27
f 1193//11 1194//11 1191//11
f 1191//11 1194//11 1192//11
f 1190//11 1189//11 1193//11
f 1189//28 1188//28 1193//28
f 1193//11 1188//11 1187//11
f 1173//11 1172//11 1183//11
f 1172//11 1500//11 1183//11
f 1183//11 1500//11 1184//11
f 1500//11 1193//11 1184//11
f 1187//11 1186//11 1193//11
f 1186//11 1185//11 1193//11
f 1193//11 1185//11 1184//11
f 1517//11 1519//11 1521//11
f 1519//11 1522//11 1521//11
f 1521//11 1522//11 1523//11
f 1509//11 1508//11 1524//11
f 1508//11 1525//11 1524//11
f 1524//11 1525//11 1526//11
f 1527//11 1393//11 1392//11
f 1392//11 1528//11 1527//11
f 1528//11 1529//11 1527//11
f 1527//11 1529//11 1509//11
f 1529//11 1530//11 1509//11
f 1509//11 1530//11 1507//11
f 1531//11 1384//11 1522//11
f 1384//11 1386//11 1522//11
f 1522//11 1386//11 1523//11
f 1386//11 1388//11 1523//11
f 1523//11 1388//11 1514//11
f 1388//11 1395//11 1514//11
f 1514//11 1395//11 1512//11
f 1532//11 1533//11 1534//11
f 1533//11 1535//11 1534//11
f 1534//11 1535//11 1522//11
f 1535//28 1536//28 1522//28
f 1522//11 1536//11 1531//11
f 1532//11 1534//11 1537//11
f 1534//11 1538//11 1537//11
f 1537//11 1538//11 1539//11
f 1540//11 1541//11 1542//11
f 1541//11 1543//11 1542//11
f 1544//11 1277//11 1279//11
f 1279//11 1545//11 1544//11
f 1545//11 1546//11 1544//11
f 1544//11 1546//11 1547//11
f 1546//11 1548//11 1547//11
f 1547//11 1548//11 1549//11
f 1550//28 1274//28 1551//28
f 1274//11 1273//11 1551//11
f 1551//11 1273//11 1271//11
f 1506//11 1505//11 1551//11
f 1505//27 1552//27 1551//27
f 1551//11 1552//11 1550//11
f 1553//11 1554//11 1555//11
f 1555//11 1556//11 1553//11
f 1556//11 1557//11 1553//11
f 1553//11 1557//11 1506//11
f 1557//11 1558//11 1506//11
f 1506//11 1558//11 1504//11
f 1559//11 1560//11 1524//11
f 1560//11 1561//11 1524//11
f 1524//11 1561//11 1562//11
f 1526//11 1563//11 1524//11
f 1563//11 1564//11 1524//11
f 1524//11 1564//11 1559//11
f 1564//11 1565//11 1559//11
f 1566//11 1567//11 1568//11
f 1567//11 1569//11 1568//11
f 1568//11 1569//11 1570//11
f 1571//11 1572//11 1573//11
f 1572//11 1574//11 1573//11
f 1573//11 1574//11 1217//11
f 1214//11 1213//11 1510//11
f 1213//11 1212//11 1510//11
f 1212//11 1211//11 1510//11
f 1510//11 1211//11 1500//11
f 1211//27 1210//27 1500//27
f 1210//11 1209//11 1500//11
f 1209//11 1208//11 1500//11
f 1500//11 1208//11 1207//11
f 1575//11 1576//11 1577//11
f 1205//11 1204//11 1544//11
f 1204//11 1578//11 1544//11
f 1578//11 1576//11 1544//11
f 1544//11 1576//11 1277//11
f 1579//11 1580//11 1581//11
f 1580//11 1582//11 1581//11
f 1581//11 1582//11 1583//11
f 1582//11 1584//11 1583//11
f 1583//11 1584//11 1203//11
f 1207//27 1200//27 1199//27
f 1199//28 1198//28 1207//28
f 1198//27 1197//27 1207//27
f 1207//11 1197//11 1500//11
f 1197//11 1196//11 1500//11
f 1500//11 1196//11 1195//11
f 1520//11 1192//11 1519//11
f 1192//11 1194//11 1519//11
f 1519//11 1194//11 1538//11
f 1194//11 1585//11 1538//11
f 1538//11 1585//11 1586//11
f 1554//11 1553//11 1587//11
f 1553//11 1568//11 1587//11
f 1587//11 1568//11 1565//11
f 1568//11 1570//11 1565//11
f 1565//11 1570//11 1559//11
f 1301//28 1299//28 1527//28
f 1291//11 1289//11 1562//11
f 1289//11 1287//11 1562//11
f 1562//11 1287//11 1285//11
f 1285//11 1283//11 1562//11
f 1283//330 1281//330 1562//330
f 1562//11 1281//11 1524//11
f 1281//331 1338//331 1524//331
f 1524//27 1338//27 1336//27
f 1336//28 1334//28 1524//28
f 1334//11 1332//11 1524//11
f 1524//11 1332//11 1330//11
f 1509//11 1322//11 1320//11
f 1320//28 1318//28 1509//28
f 1318//11 1316//11 1509//11
f 1509//28 1316//28 1314//28
f 1299//11 1297//11 1527//11
f 1297//28 1295//28 1527//28
f 1527//11 1295//11 1562//11
f 1295//27 1293//27 1562//27
f 1562//11 1293//11 1291//11
f 1330//11 1328//11 1524//11
f 1328//11 1326//11 1524//11
f 1524//11 1326//11 1509//11
f 1326//185 1324//185 1509//185
f 1509//11 1324//11 1322//11
f 1307//11 1305//11 1527//11
f 1305//11 1303//11 1527//11
f 1527//11 1303//11 1301//11
f 1314//11 1312//11 1509//11
f 1312//11 779//11 1509//11
f 1509//11 779//11 1527//11
f 779//332 1309//332 1527//332
f 1527//185 1309//185 1307//185
f 1588//11 1589//11 1571//11
f 1590//27 1591//27 1551//27
f 1591//11 1592//11 1551//11
f 1592//11 1593//11 1551//11
f 1593//11 1594//11 1551//11
f 1551//11 1594//11 1595//11
f 1589//27 1596//27 1571//27
f 1596//28 1597//28 1571//28
f 1571//11 1597//11 1598//11
f 1595//11 1599//11 1551//11
f 1599//333 1600//333 1551//333
f 1551//11 1600//11 1506//11
f 1600//334 1601//334 1506//334
f 1506//27 1601//27 1602//27
f 1602//28 1603//28 1506//28
f 1603//11 1604//11 1506//11
f 1506//11 1604//11 1605//11
f 1606//28 1553//28 1607//28
f 1553//11 1608//11 1607//11
f 1605//11 1609//11 1506//11
f 1609//11 1610//11 1506//11
f 1506//11 1610//11 1553//11
f 1610//28 1611//28 1553//28
f 1553//11 1611//11 1608//11
f 1606//11 1612//11 1553//11
f 1612//11 1613//11 1553//11
f 1553//27 1613//27 1614//27
f 462//335 1615//335 1571//335
f 1615//336 1616//336 1571//336
f 1571//27 1616//27 1588//27
f 1614//11 462//11 1553//11
f 462//11 1571//11 1553//11
f 1553//11 1571//11 1568//11
f 1571//11 1573//11 1568//11
f 1568//11 1573//11 1566//11
f 1573//11 1217//11 1566//11
f 1566//11 1217//11 1617//11
f 1217//11 1216//11 1617//11
f 1617//11 1216//11 1510//11
f 1216//11 1215//11 1510//11
f 1510//11 1215//11 1214//11
f 1561//11 1515//11 1562//11
f 1515//11 1511//11 1562//11
f 1562//11 1511//11 1527//11
f 1511//11 1512//11 1527//11
f 1527//11 1512//11 1393//11
f 1512//11 1395//11 1393//11
f 1577//11 1503//11 1575//11
f 1503//11 1502//11 1575//11
f 1575//11 1502//11 1571//11
f 1502//11 1501//11 1571//11
f 1571//11 1501//11 1572//11
f 1598//28 1590//28 1571//28
f 1590//11 1551//11 1571//11
f 1571//11 1551//11 1575//11
f 1551//11 1271//11 1575//11
f 1575//11 1271//11 1576//11
f 1271//11 1269//11 1576//11
f 1576//11 1269//11 1277//11
f 1538//28 1618//28 1519//28
f 1618//25 1619//25 1519//25
f 1519//27 1619//27 1620//27
f 1620//185 1621//185 1519//185
f 1621//27 1622//27 1519//27
f 1519//11 1622//11 1623//11
f 1522//11 1624//11 1625//11
f 1626//11 1627//11 1534//11
f 1628//11 1538//11 1629//11
f 1538//11 1630//11 1629//11
f 1628//11 1631//11 1538//11
f 1631//185 1632//185 1538//185
f 1538//334 1632//334 1618//334
f 1623//27 1633//27 1519//27
f 1633//11 1634//11 1519//11
f 1519//11 1634//11 1522//11
f 1634//11 1635//11 1522//11
f 1522//11 1635//11 1624//11
f 1625//11 1636//11 1522//11
f 1636//11 1637//11 1522//11
f 1522//11 1637//11 1638//11
f 1627//11 1639//11 1534//11
f 1639//11 1640//11 1534//11
f 1534//11 1640//11 1641//11
f 1641//28 1642//28 1534//28
f 1642//11 1643//11 1534//11
f 1534//11 1643//11 1538//11
f 1643//27 1644//27 1538//27
f 1538//28 1644//28 1630//28
f 1638//11 1645//11 1522//11
f 1645//11 1646//11 1522//11
f 1522//26 1646//26 1534//26
f 1646//337 1647//337 1534//337
f 1534//338 1647//338 1626//338
f 1648//11 1649//11 1542//11
f 1650//27 1651//27 1547//27
f 1651//28 1652//28 1547//28
f 1652//11 1653//11 1547//11
f 1653//11 1654//11 1547//11
f 1547//11 1654//11 1655//11
f 1656//185 1657//185 1544//185
f 1657//27 1658//27 1544//27
f 1658//28 1659//28 1544//28
f 1544//11 1659//11 1660//11
f 1661//11 1662//11 1583//11
f 1662//11 1663//11 1583//11
f 1663//11 1664//11 1583//11
f 1583//11 1664//11 1665//11
f 1655//336 1666//336 1547//336
f 1666//335 1667//335 1547//335
f 1547//185 1667//185 1544//185
f 1667//339 1668//339 1544//339
f 1544//27 1668//27 1656//27
f 1660//11 1661//11 1544//11
f 1661//11 1583//11 1544//11
f 1544//11 1583//11 1205//11
f 1583//28 1203//28 1205//28
f 1205//11 1203//11 1206//11
f 1203//11 1202//11 1206//11
f 1206//11 1202//11 1207//11
f 1202//11 1201//11 1207//11
f 1207//11 1201//11 1200//11
f 1549//11 1540//11 1547//11
f 1540//11 1542//11 1547//11
f 1547//11 1542//11 1650//11
f 1542//11 1669//11 1650//11
f 1649//11 1670//11 1542//11
f 1670//11 1671//11 1542//11
f 1542//28 1671//28 1669//28
f 1665//11 1672//11 1583//11
f 1672//11 1673//11 1583//11
f 1583//11 1673//11 1674//11
f 1675//333 1676//333 1542//333
f 1676//338 1677//338 1542//338
f 1542//11 1677//11 1648//11
f 1678//11 1579//11 1679//11
f 1579//11 1581//11 1679//11
f 1679//11 1581//11 1542//11
f 1581//11 1583//11 1542//11
f 1542//27 1583//27 1675//27
f 1583//331 1674//331 1675//331
f 1543//28 1680//28 1542//28
f 1680//11 1681//11 1542//11
f 1542//11 1681//11 1679//11
f 1681//11 1682//11 1679//11
f 1679//11 1682//11 1678//11
f 1682//11 1683//11 1678//11
f 1678//11 1683//11 1586//11
f 1683//11 1684//11 1586//11
f 1586//11 1684//11 1538//11
f 1684//11 1685//11 1538//11
f 1538//11 1685//11 1539//11
f 1686//289 1347//289 1687//289
f 1347//288 1349//288 1687//288
f 1687//290 1349//290 1688//290
f 1349//290 1350//290 1688//290
f 1688//340 1350//340 1689//340
f 1350//292 1344//292 1689//292
f 1689//293 1344//293 1690//293
f 1344//293 1343//293 1690//293
f 1690//294 1343//294 1691//294
f 1343//294 1340//294 1691//294
f 1691//295 1340//295 1692//295
f 1340//295 1339//295 1692//295
f 1692//341 1339//341 1693//341
f 1339//341 1383//341 1693//341
f 1693//297 1383//297 1694//297
f 1383//297 1382//297 1694//297
f 1694//342 1382//342 1695//342
f 1382//342 1380//342 1695//342
f 1695//299 1380//299 1696//299
f 1380//299 1378//299 1696//299
f 1696//300 1378//300 1697//300
f 1378//300 1376//300 1697//300
f 1697//301 1376//301 1698//301
f 1376//301 1374//301 1698//301
f 1698//302 1374//302 1699//302
f 1374//302 1372//302 1699//302
f 1699//304 1372//304 1700//304
f 1372//304 1370//304 1700//304
f 1700//305 1370//305 1701//305
f 1370//305 1369//305 1701//305
f 1701//306 1369//306 1702//306
f 1369//306 1367//306 1702//306
f 1702//307 1367//307 1703//307
f 1367//307 1366//307 1703//307
f 1703//326 1366//326 1704//326
f 1366//308 1362//308 1704//308
f 1704//309 1362//309 1705//309
f 1362//309 1364//309 1705//309
f 1705//343 1364//343 1706//343
f 1364//343 1365//343 1706//343
f 1706//311 1365//311 1707//311
f 1365//311 1361//311 1707//311
f 1707//312 1361//312 1708//312
f 1361//328 1360//328 1708//328
f 1708//313 1360//313 1709//313
f 1360//313 1358//313 1709//313
f 1709//314 1358//314 1710//314
f 1358//314 1356//314 1710//314
f 1710//315 1356//315 1711//315
f 1356//315 1355//315 1711//315
f 1711//329 1355//329 1712//329
f 1355//329 1351//329 1712//329
f 1712//317 1351//317 1713//317
f 1351//317 1353//317 1713//317
f 1713//318 1353//318 1714//318
f 1353//344 1354//344 1714//344
f 1714//319 1354//319 1715//319
f 1354//319 1345//319 1715//319
f 1715//321 1345//321 1686//321
f 1345//320 1347//320 1686//320
f 1716//289 1600//289 1717//289
f 1600//289 1599//289 1717//289
f 1717//290 1599//290 1718//290
f 1599//290 1595//290 1718//290
f 1718//291 1595//291 1719//291
f 1595//292 1594//292 1719//292
f 1719//293 1594//293 1720//293
f 1594//293 1593//293 1720//293
f 1720//294 1593//294 1721//294
f 1593//294 1592//294 1721//294
f 1721//295 1592//295 1722//295
f 1592//295 1591//295 1722//295
f 1722//296 1591//296 1723//296
f 1591//296 1590//296 1723//296
f 1723//297 1590//297 1724//297
f 1590//297 1598//297 1724//297
f 1724//298 1598//298 1725//298
f 1598//298 1597//298 1725//298
f 1725//299 1597//299 1726//299
f 1597//299 1596//299 1726//299
f 1726//300 1596//300 1727//300
f 1596//300 1589//300 1727//300
f 1727//323 1589//323 1728//323
f 1589//323 1588//323 1728//323
f 1728//302 1588//302 1729//302
f 1588//302 1616//302 1729//302
f 1729//304 1616//304 1730//304
f 1616//304 1615//304 1730//304
f 1730//324 1615//324 1731//324
f 1615//324 462//324 1731//324
f 1731//325 462//325 1732//325
f 462//325 1614//325 1732//325
f 1732//307 1614//307 1733//307
f 1614//307 1613//307 1733//307
f 1733//326 1613//326 1734//326
f 1613//326 1612//326 1734//326
f 1734//327 1612//327 1735//327
f 1612//327 1606//327 1735//327
f 1735//310 1606//310 1736//310
f 1606//310 1607//310 1736//310
f 1736//311 1607//311 1737//311
f 1607//311 1608//311 1737//311
f 1737//328 1608//328 1738//328
f 1608//328 1611//328 1738//328
f 1738//313 1611//313 1739//313
f 1611//313 1610//313 1739//313
f 1739//314 1610//314 1740//314
f 1610//314 1609//314 1740//314
f 1740//315 1609//315 1741//315
f 1609//315 1605//315 1741//315
f 1741//316 1605//316 1742//316
f 1605//316 1604//316 1742//316
f 1742//317 1604//317 1743//317
f 1604//317 1603//317 1743//317
f 1743//318 1603//318 1744//318
f 1603//318 1602//318 1744//318
f 1744//319 1602//319 1745//319
f 1602//319 1601//319 1745//319
f 1745//320 1601//320 1716//320
f 1601//320 1600//320 1716//320
f 1746//20 1747//20 1748//20
f 1460//20 1458//20 1684//20
f 1458//20 1685//20 1684//20
f 1684//20 1683//20 1460//20
f 1683//20 1749//20 1460//20
f 1460//20 1749//20 1342//20
f 1749//20 1750//20 1342//20
f 1342//20 1750//20 1341//20
f 1748//20 1749//20 1746//20
f 1749//20 1683//20 1746//20
f 1746//20 1683//20 1751//20
f 1683//20 1682//20 1751//20
f 1751//20 1682//20 1752//20
f 1682//20 1681//20 1752//20
f 1752//20 1681//20 1680//20
f 1753//289 1667//289 1754//289
f 1667//289 1666//289 1754//289
f 1754//290 1666//290 1755//290
f 1666//290 1655//290 1755//290
f 1755//292 1655//292 1756//292
f 1655//292 1654//292 1756//292
f 1756//293 1654//293 1757//293
f 1654//293 1653//293 1757//293
f 1757//294 1653//294 1758//294
f 1653//294 1652//294 1758//294
f 1758//295 1652//295 1759//295
f 1652//295 1651//295 1759//295
f 1759//341 1651//341 1760//341
f 1651//341 1650//341 1760//341
f 1760//297 1650//297 1761//297
f 1650//297 1669//297 1761//297
f 1761//298 1669//298 1762//298
f 1669//298 1671//298 1762//298
f 1762//299 1671//299 1763//299
f 1671//299 1670//299 1763//299
f 1763//300 1670//300 1764//300
f 1670//300 1649//300 1764//300
f 1764//323 1649//323 1765//323
f 1649//323 1648//323 1765//323
f 1765//345 1648//345 1766//345
f 1648//345 1677//345 1766//345
f 1766//304 1677//304 1767//304
f 1677//304 1676//304 1767//304
f 1767//324 1676//324 1768//324
f 1676//324 1675//324 1768//324
f 1768//325 1675//325 1769//325
f 1675//325 1674//325 1769//325
f 1769//307 1674//307 1770//307
f 1674//307 1673//307 1770//307
f 1770//346 1673//346 1771//346
f 1673//346 1672//346 1771//346
f 1771//327 1672//327 1772//327
f 1672//327 1665//327 1772//327
f 1772//310 1665//310 1773//310
f 1665//310 1664//310 1773//310
f 1773//311 1664//311 1774//311
f 1664//311 1663//311 1774//311
f 1774//328 1663//328 1775//328
f 1663//328 1662//328 1775//328
f 1775//313 1662//313 1776//313
f 1662//313 1661//313 1776//313
f 1776//314 1661//314 1777//314
f 1661//314 1660//314 1777//314
f 1777//315 1660//315 1778//315
f 1660//315 1659//315 1778//315
f 1778//329 1659//329 1779//329
f 1659//329 1658//329 1779//329
f 1779//317 1658//317 1780//317
f 1658//317 1657//317 1780//317
f 1780//344 1657//344 1781//344
f 1657//344 1656//344 1781//344
f 1781//319 1656//319 1782//319
f 1656//319 1668//319 1782//319
f 1782//320 1668//320 1753//320
f 1668//320 1667//320 1753//320
f 1132//347 1203//347 1584//347
f 1168//348 1192//348 1520//348
f 1156//349 1181//349 1516//349
f 1125//350 1217//350 1574//350
f 1783//351 1784//351 1126//351
f 1785//352 1162//352 1786//352
f 1162//353 1157//353 1786//353
f 1786//354 1157//354 1787//354
f 1788//355 1170//355 1789//355
f 1170//356 1169//356 1789//356
f 1789//357 1169//357 1790//357
f 1791//358 1792//358 1133//358
f 1133//359 1792//359 1164//359
f 1792//360 1793//360 1164//360
f 1164//361 1793//361 1204//361
f 1133//362 1132//362 1791//362
f 1132//347 1584//347 1791//347
f 1791//363 1584//363 1794//363
f 1584//363 1582//363 1794//363
f 1794//364 1582//364 1795//364
f 1582//364 1580//364 1795//364
f 1795//365 1580//365 1796//365
f 1580//365 1579//365 1796//365
f 1796//366 1579//366 1797//366
f 1579//366 1678//366 1797//366
f 1797//367 1678//367 1798//367
f 1678//368 1586//368 1798//368
f 1194//369 1170//369 1585//369
f 1170//369 1788//369 1585//369
f 1585//370 1788//370 1586//370
f 1788//370 1799//370 1586//370
f 1586//371 1799//371 1798//371
f 1169//372 1168//372 1790//372
f 1168//348 1520//348 1790//348
f 1790//373 1520//373 1800//373
f 1520//373 1518//373 1800//373
f 1800//374 1518//374 1801//374
f 1518//374 1517//374 1801//374
f 1801//375 1517//375 1802//375
f 1517//375 1521//375 1802//375
f 1802//376 1521//376 1803//376
f 1521//376 1523//376 1803//376
f 1803//377 1523//377 1804//377
f 1523//378 1514//378 1804//378
f 1182//379 1162//379 1513//379
f 1162//379 1785//379 1513//379
f 1513//380 1785//380 1514//380
f 1785//380 1805//380 1514//380
f 1514//381 1805//381 1804//381
f 1157//382 1156//382 1787//382
f 1156//349 1516//349 1787//349
f 1787//383 1516//383 1806//383
f 1516//383 1515//383 1806//383
f 1806//384 1515//384 1807//384
f 1515//384 1561//384 1807//384
f 1807//385 1561//385 1808//385
f 1561//385 1560//385 1808//385
f 1808//386 1560//386 1809//386
f 1560//386 1559//386 1809//386
f 1809//387 1559//387 1810//387
f 1559//388 1570//388 1810//388
f 1567//389 1126//389 1569//389
f 1126//389 1784//389 1569//389
f 1569//390 1784//390 1570//390
f 1784//390 1811//390 1570//390
f 1570//391 1811//391 1810//391
f 1126//392 1125//392 1783//392
f 1125//393 1574//393 1783//393
f 1783//394 1574//394 1812//394
f 1574//394 1572//394 1812//394
f 1812//395 1572//395 1813//395
f 1572//395 1501//395 1813//395
f 1813//396 1501//396 1814//396
f 1501//396 1503//396 1814//396
f 1814//397 1503//397 1815//397
f 1503//397 1577//397 1815//397
f 1815//398 1577//398 1816//398
f 1577//398 1576//398 1816//398
f 1816//399 1576//399 1793//399
f 1576//399 1578//399 1793//399
f 1793//361 1578//361 1204//361
f 1486//288 1618//288 1487//288
f 1618//289 1632//289 1487//289
f 1487//290 1632//290 1462//290
f 1632//290 1631//290 1462//290
f 1462//292 1631//292 1461//292
f 1631//292 1628//292 1461//292
f 1461//293 1628//293 1459//293
f 1628//293 1629//293 1459//293
f 1459//294 1629//294 1457//294
f 1629//294 1630//294 1457//294
f 1457//295 1630//295 1463//295
f 1630//295 1644//295 1463//295
f 1463//341 1644//341 1464//341
f 1644//341 1643//341 1464//341
f 1464//297 1643//297 1466//297
f 1643//297 1642//297 1466//297
f 1466//342 1642//342 1468//342
f 1642//342 1641//342 1468//342
f 1468//299 1641//299 1470//299
f 1641//299 1640//299 1470//299
f 1470//300 1640//300 1472//300
f 1640//300 1639//300 1472//300
f 1472//301 1639//301 1474//301
f 1639//301 1627//301 1474//301
f 1474//302 1627//302 1476//302
f 1627//302 1626//302 1476//302
f 1476//304 1626//304 1494//304
f 1626//304 1647//304 1494//304
f 1494//305 1647//305 1495//305
f 1647//305 1646//305 1495//305
f 1495//306 1646//306 1496//306
f 1646//306 1645//306 1496//306
f 1496//307 1645//307 1497//307
f 1645//307 1638//307 1497//307
f 1497//326 1638//326 1498//326
f 1638//326 1637//326 1498//326
f 1498//309 1637//309 1499//309
f 1637//309 1636//309 1499//309
f 1499//343 1636//343 1488//343
f 1636//343 1625//343 1488//343
f 1488//311 1625//311 1489//311
f 1625//311 1624//311 1489//311
f 1489//312 1624//312 1490//312
f 1624//312 1635//312 1490//312
f 1490//313 1635//313 1492//313
f 1635//313 1634//313 1492//313
f 1492//314 1634//314 1493//314
f 1634//314 1633//314 1493//314
f 1493//315 1633//315 1482//315
f 1633//315 1623//315 1482//315
f 1482//329 1623//329 1480//329
f 1623//329 1622//329 1480//329
f 1480//317 1622//317 1478//317
f 1622//317 1621//317 1478//317
f 1478//344 1621//344 1483//344
f 1621//344 1620//344 1483//344
f 1483//319 1620//319 1484//319
f 1620//319 1619//319 1484//319
f 1484//320 1619//320 1486//320
f 1619//320 1618//320 1486//320
f 1771//21 1772//21 1817//21
f 1818//21 1819//21 1774//21
f 1751//21 1764//21 1765//21
f 1817//21 1772//21 1819//21
f 1772//23 1773//23 1819//23
f 1819//22 1773//22 1774//22
f 1774//21 1775//21 1818//21
f 1775//22 1776//22 1818//22
f 1818//21 1776//21 1263//21
f 1776//21 1777//21 1263//21
f 1263//23 1777//23 1778//23
f 1778//21 1779//21 1263//21
f 1779//21 1780//21 1263//21
f 1263//21 1780//21 1278//21
f 1764//21 1751//21 1763//21
f 1751//21 1752//21 1763//21
f 1763//32 1752//32 1762//32
f 1820//21 1769//21 1817//21
f 1769//21 1770//21 1817//21
f 1817//21 1770//21 1771//21
f 1780//21 1781//21 1278//21
f 1781//21 1782//21 1278//21
f 1278//21 1782//21 1821//21
f 1765//21 1766//21 1751//21
f 1766//21 1767//21 1751//21
f 1751//21 1767//21 1820//21
f 1767//21 1768//21 1820//21
f 1820//21 1768//21 1769//21
f 1782//21 1753//21 1821//21
f 1753//21 1754//21 1821//21
f 1821//21 1754//21 1822//21
f 1754//21 1755//21 1822//21
f 1822//21 1755//21 1823//21
f 1755//23 1756//23 1823//23
f 1823//21 1756//21 1824//21
f 1756//21 1757//21 1824//21
f 1824//22 1757//22 1825//22
f 1757//23 1758//23 1825//23
f 1825//21 1758//21 1826//21
f 1758//21 1759//21 1826//21
f 1826//22 1759//22 1827//22
f 1759//21 1760//21 1827//21
f 1827//23 1760//23 1752//23
f 1760//22 1761//22 1752//22
f 1752//21 1761//21 1762//21
f 1736//67 1828//67 1735//67
f 1828//21 1829//21 1735//21
f 1735//21 1829//21 1734//21
f 1829//21 1733//21 1734//21
f 1727//21 1830//21 1726//21
f 1830//21 1831//21 1726//21
f 1832//21 1731//21 1829//21
f 1731//21 1732//21 1829//21
f 1829//21 1732//21 1733//21
f 1720//21 1721//21 1270//21
f 1721//21 1722//21 1270//21
f 1270//21 1722//21 1833//21
f 1727//21 1728//21 1830//21
f 1728//22 1729//22 1830//22
f 1830//21 1729//21 1832//21
f 1729//21 1730//21 1832//21
f 1832//21 1730//21 1731//21
f 1722//21 1723//21 1833//21
f 1723//21 1724//21 1833//21
f 1833//21 1724//21 1831//21
f 1724//21 1725//21 1831//21
f 1831//22 1725//22 1726//22
f 1736//32 1737//32 1828//32
f 1737//21 1738//21 1828//21
f 1828//21 1738//21 1834//21
f 1738//22 1739//22 1834//22
f 1834//21 1739//21 1835//21
f 1739//21 1740//21 1835//21
f 1835//21 1740//21 1836//21
f 1740//23 1741//23 1836//23
f 1836//21 1741//21 1837//21
f 1741//21 1742//21 1837//21
f 1837//21 1742//21 1838//21
f 1742//21 1743//21 1838//21
f 1838//21 1743//21 1839//21
f 1743//21 1744//21 1839//21
f 1839//21 1744//21 1840//21
f 1272//21 1718//21 1270//21
f 1718//21 1719//21 1270//21
f 1270//21 1719//21 1720//21
f 1744//21 1745//21 1840//21
f 1745//21 1716//21 1840//21
f 1840//21 1716//21 1272//21
f 1716//21 1717//21 1272//21
f 1272//21 1717//21 1718//21
f 1563//24 1841//24 1564//24
f 1841//24 1842//24 1564//24
f 1564//24 1842//24 1565//24
f 1842//24 1227//24 1565//24
f 1829//24 1843//24 1844//24
f 1843//24 1845//24 1844//24
f 1844//24 1845//24 1846//24
f 1555//24 1554//24 1828//24
f 1554//24 1587//24 1828//24
f 1828//24 1587//24 1829//24
f 1587//24 1565//24 1829//24
f 1829//24 1565//24 1843//24
f 1565//24 1227//24 1843//24
f 1843//24 1227//24 1847//24
f 1227//24 1232//24 1847//24
f 1848//288 1849//288 1850//288
f 1849//289 1851//289 1850//289
f 1850//290 1851//290 1852//290
f 1851//290 1853//290 1852//290
f 1852//340 1853//340 1854//340
f 1853//292 1855//292 1854//292
f 1854//293 1855//293 1856//293
f 1855//322 1857//322 1856//322
f 1856//294 1857//294 1858//294
f 1857//294 1859//294 1858//294
f 1858//295 1859//295 1860//295
f 1859//295 1861//295 1860//295
f 1860//341 1861//341 1862//341
f 1861//341 1863//341 1862//341
f 1862//297 1863//297 1864//297
f 1863//297 1865//297 1864//297
f 1864//298 1865//298 1866//298
f 1865//298 1867//298 1866//298
f 1866//299 1867//299 1868//299
f 1867//299 1869//299 1868//299
f 1868//300 1869//300 1870//300
f 1869//300 1871//300 1870//300
f 1870//323 1871//323 1872//323
f 1871//323 1873//323 1872//323
f 1872//345 1873//345 1874//345
f 1873//345 1875//345 1874//345
f 1874//304 1875//304 1876//304
f 1875//304 1877//304 1876//304
f 1876//324 1877//324 1878//324
f 1877//324 1879//324 1878//324
f 1878//325 1879//325 1880//325
f 1879//325 1881//325 1880//325
f 1880//307 1881//307 1882//307
f 1881//307 1883//307 1882//307
f 1882//346 1883//346 1884//346
f 1883//346 1885//346 1884//346
f 1884//327 1885//327 1886//327
f 1885//327 1887//327 1886//327
f 1886//310 1887//310 1888//310
f 1887//310 1889//310 1888//310
f 1888//400 1889//400 1890//400
f 1889//311 1891//311 1890//311
f 1890//328 1891//328 1892//328
f 1891//328 1893//328 1892//328
f 1892//313 1893//313 1894//313
f 1893//313 1895//313 1894//313
f 1894//314 1895//314 1896//314
f 1895//314 1897//314 1896//314
f 1896//315 1897//315 1898//315
f 1897//315 1899//315 1898//315
f 1898//329 1899//329 1900//329
f 1899//329 1901//329 1900//329
f 1900//317 1901//317 1902//317
f 1901//317 1903//317 1902//317
f 1902//318 1903//318 1904//318
f 1903//344 1905//344 1904//344
f 1904//319 1905//319 1906//319
f 1905//319 1907//319 1906//319
f 1906//320 1907//320 1848//320
f 1907//320 1849//320 1848//320
f 1331//21 1333//21 1842//21
f 1331//21 1842//21 1329//21
f 1842//21 1841//21 1329//21
f 1329//21 1841//21 1327//21
f 1288//21 1908//21 1286//21
f 1908//21 1909//21 1286//21
f 1286//21 1909//21 1284//21
f 1288//23 1290//23 1908//23
f 1290//22 1292//22 1908//22
f 1908//21 1292//21 1910//21
f 1292//21 1294//21 1910//21
f 1910//21 1294//21 1389//21
f 1294//30 1296//30 1389//30
f 1389//29 1296//29 1298//29
f 1298//21 1300//21 1389//21
f 1300//21 1302//21 1389//21
f 1389//21 1302//21 1394//21
f 1302//21 1304//21 1394//21
f 1911//21 1311//21 1912//21
f 1311//21 1313//21 1912//21
f 1912//21 1313//21 1913//21
f 1313//21 1315//21 1913//21
f 1913//21 1315//21 1914//21
f 1315//21 1317//21 1914//21
f 1914//21 1317//21 1915//21
f 1317//21 1319//21 1915//21
f 1915//21 1319//21 1916//21
f 1319//21 1321//21 1916//21
f 1916//21 1321//21 1917//21
f 1321//21 1323//21 1917//21
f 1917//21 1323//21 1841//21
f 1323//22 1325//22 1841//22
f 1841//21 1325//21 1327//21
f 1333//21 1335//21 1842//21
f 1335//21 1337//21 1842//21
f 1842//21 1337//21 1918//21
f 1337//21 1280//21 1918//21
f 1918//21 1280//21 1909//21
f 1280//21 1282//21 1909//21
f 1909//21 1282//21 1284//21
f 1304//21 1306//21 1394//21
f 1306//21 1308//21 1394//21
f 1394//21 1308//21 1911//21
f 1308//21 1310//21 1911//21
f 1911//21 1310//21 1311//21
f 1267//11 1919//11 1849//11
f 1849//11 1907//11 1267//11
f 1907//11 1905//11 1267//11
f 1267//11 1905//11 1265//11
f 1905//336 1903//336 1265//336
f 1265//27 1903//27 1901//27
f 1901//11 1899//11 1265//11
f 1899//11 1897//11 1265//11
f 1265//11 1897//11 1920//11
f 1746//11 1871//11 1747//11
f 1871//11 1869//11 1747//11
f 1869//11 1867//11 1747//11
f 1867//11 1865//11 1747//11
f 1747//11 1865//11 1921//11
f 1865//11 1863//11 1921//11
f 1921//11 1863//11 1922//11
f 1863//27 1861//27 1922//27
f 1922//28 1861//28 1923//28
f 1861//11 1859//11 1923//11
f 1923//11 1859//11 1924//11
f 1859//11 1857//11 1924//11
f 1924//11 1857//11 1925//11
f 1857//11 1855//11 1925//11
f 1925//11 1855//11 1926//11
f 1855//11 1853//11 1926//11
f 1926//11 1853//11 1919//11
f 1853//11 1851//11 1919//11
f 1919//11 1851//11 1849//11
f 1897//28 1895//28 1920//28
f 1895//27 1893//27 1920//27
f 1920//11 1893//11 1927//11
f 1887//11 1928//11 1889//11
f 1928//11 1927//11 1889//11
f 1889//11 1927//11 1891//11
f 1927//28 1893//28 1891//28
f 1879//11 1877//11 1929//11
f 1877//11 1875//11 1929//11
f 1929//11 1875//11 1746//11
f 1875//11 1873//11 1746//11
f 1746//11 1873//11 1871//11
f 1887//11 1885//11 1928//11
f 1885//11 1883//11 1928//11
f 1928//11 1883//11 1929//11
f 1883//11 1881//11 1929//11
f 1929//11 1881//11 1879//11
f 1429//21 1431//21 1843//21
f 1431//21 1433//21 1843//21
f 1433//21 1435//21 1843//21
f 1843//21 1435//21 1845//21
f 1435//21 1437//21 1845//21
f 1812//21 1419//21 1421//21
f 1437//21 1439//21 1845//21
f 1439//21 1441//21 1845//21
f 1845//21 1441//21 1930//21
f 1441//21 1443//21 1930//21
f 1930//21 1443//21 1931//21
f 1443//21 1445//21 1931//21
f 1931//21 1445//21 1932//21
f 1445//21 1447//21 1932//21
f 1932//21 1447//21 1933//21
f 1447//22 1449//22 1933//22
f 1933//21 1449//21 1934//21
f 1449//23 1451//23 1934//23
f 1934//21 1451//21 1935//21
f 1451//21 1453//21 1935//21
f 1935//21 1453//21 1936//21
f 1812//21 1421//21 1783//21
f 1421//21 1423//21 1783//21
f 1423//21 1425//21 1783//21
f 1783//21 1425//21 1784//21
f 1843//21 1811//21 1429//21
f 1811//21 1784//21 1429//21
f 1429//21 1784//21 1427//21
f 1784//21 1425//21 1427//21
f 1276//21 1401//21 1264//21
f 1401//21 1403//21 1264//21
f 1264//21 1403//21 1405//21
f 1453//21 1455//21 1936//21
f 1455//21 1397//21 1936//21
f 1936//21 1397//21 1276//21
f 1397//21 1399//21 1276//21
f 1276//21 1399//21 1401//21
f 1405//21 1407//21 1264//21
f 1407//21 1409//21 1264//21
f 1264//21 1409//21 1815//21
f 1409//21 1411//21 1815//21
f 1815//21 1411//21 1814//21
f 1411//21 1413//21 1814//21
f 1814//21 1413//21 1813//21
f 1413//21 1415//21 1813//21
f 1813//21 1415//21 1812//21
f 1415//21 1417//21 1812//21
f 1812//21 1417//21 1419//21
f 1749//21 1870//21 1872//21
f 1872//21 1874//21 1749//21
f 1874//21 1876//21 1749//21
f 1749//21 1876//21 1797//21
f 1884//21 1794//21 1882//21
f 1794//21 1795//21 1882//21
f 1264//21 1896//21 1898//21
f 1797//21 1876//21 1796//21
f 1876//21 1878//21 1796//21
f 1796//21 1878//21 1795//21
f 1878//21 1880//21 1795//21
f 1795//21 1880//21 1882//21
f 1894//21 1793//21 1892//21
f 1793//21 1792//21 1892//21
f 1892//21 1792//21 1890//21
f 1792//21 1791//21 1890//21
f 1890//23 1791//23 1888//23
f 1791//21 1794//21 1888//21
f 1888//21 1794//21 1886//21
f 1794//21 1884//21 1886//21
f 1894//21 1896//21 1793//21
f 1896//21 1264//21 1793//21
f 1793//21 1264//21 1816//21
f 1264//21 1815//21 1816//21
f 1870//21 1749//21 1868//21
f 1749//21 1748//21 1868//21
f 1868//32 1748//32 1866//32
f 1937//21 1266//21 1906//21
f 1898//21 1900//21 1264//21
f 1900//21 1902//21 1264//21
f 1264//21 1902//21 1266//21
f 1902//21 1904//21 1266//21
f 1266//21 1904//21 1906//21
f 1906//21 1848//21 1937//21
f 1848//21 1850//21 1937//21
f 1937//21 1850//21 1938//21
f 1850//21 1852//21 1938//21
f 1938//21 1852//21 1939//21
f 1852//22 1854//22 1939//22
f 1939//21 1854//21 1940//21
f 1854//21 1856//21 1940//21
f 1940//21 1856//21 1941//21
f 1856//21 1858//21 1941//21
f 1941//21 1858//21 1942//21
f 1858//22 1860//22 1942//22
f 1942//23 1860//23 1943//23
f 1860//21 1862//21 1943//21
f 1943//21 1862//21 1748//21
f 1862//21 1864//21 1748//21
f 1748//30 1864//30 1866//30
f 1703//22 1704//22 1396//22
f 1396//21 1704//21 1390//21
f 1704//21 1705//21 1390//21
f 1390//21 1705//21 1706//21
f 1944//21 1701//21 1396//21
f 1701//21 1702//21 1396//21
f 1396//21 1702//21 1703//21
f 1803//21 1804//21 1390//21
f 1790//21 1800//21 1712//21
f 1712//21 1713//21 1790//21
f 1713//22 1714//22 1790//22
f 1790//21 1714//21 1789//21
f 1714//21 1715//21 1789//21
f 1789//21 1715//21 1788//21
f 1803//21 1390//21 1802//21
f 1797//21 1798//21 1749//21
f 1798//21 1799//21 1749//21
f 1749//21 1799//21 1788//21
f 1691//67 1750//67 1690//67
f 1750//21 1749//21 1690//21
f 1690//21 1749//21 1689//21
f 1715//21 1686//21 1788//21
f 1686//21 1687//21 1788//21
f 1788//21 1687//21 1749//21
f 1687//21 1688//21 1749//21
f 1749//21 1688//21 1689//21
f 1706//21 1707//21 1390//21
f 1707//30 1708//30 1390//30
f 1390//21 1708//21 1802//21
f 1708//21 1709//21 1802//21
f 1802//21 1709//21 1801//21
f 1709//21 1710//21 1801//21
f 1801//21 1710//21 1800//21
f 1710//21 1711//21 1800//21
f 1800//21 1711//21 1712//21
f 1691//21 1692//21 1750//21
f 1692//29 1693//29 1750//29
f 1750//21 1693//21 1945//21
f 1693//22 1694//22 1945//22
f 1945//21 1694//21 1946//21
f 1694//23 1695//23 1946//23
f 1946//21 1695//21 1947//21
f 1695//21 1696//21 1947//21
f 1947//21 1696//21 1948//21
f 1696//21 1697//21 1948//21
f 1948//21 1697//21 1949//21
f 1697//21 1698//21 1949//21
f 1949//21 1698//21 1950//21
f 1698//21 1699//21 1950//21
f 1950//21 1699//21 1944//21
f 1699//21 1700//21 1944//21
f 1944//21 1700//21 1701//21
f 1951//21 1952//21 1390//21
f 1953//21 1847//21 1954//21
f 1847//21 1955//21 1954//21
f 1954//21 1955//21 1956//21
f 1955//23 1957//23 1956//23
f 1956//21 1957//21 1958//21
f 1957//23 1959//23 1958//23
f 1958//21 1959//21 1960//21
f 1959//23 1961//23 1960//23
f 1960//21 1961//21 1962//21
f 1961//23 1963//23 1962//23
f 1962//21 1963//21 1964//21
f 1963//21 1965//21 1964//21
f 1964//21 1965//21 1966//21
f 1965//21 1967//21 1966//21
f 1953//30 1968//30 1847//30
f 1968//21 1969//21 1847//21
f 1847//21 1969//21 1843//21
f 1969//21 1970//21 1843//21
f 1843//21 1970//21 1971//21
f 1952//30 1972//30 1390//30
f 1972//32 1973//32 1390//32
f 1390//21 1973//21 1391//21
f 1973//21 1974//21 1391//21
f 1974//21 1975//21 1391//21
f 1975//21 1976//21 1391//21
f 1391//21 1976//21 1967//21
f 1976//22 1977//22 1967//22
f 1967//21 1977//21 1966//21
f 1787//21 1806//21 1978//21
f 1804//21 1805//21 1390//21
f 1805//21 1785//21 1390//21
f 1390//21 1785//21 1951//21
f 1808//21 1809//21 1843//21
f 1809//21 1810//21 1843//21
f 1843//21 1810//21 1811//21
f 1978//21 1979//21 1787//21
f 1979//21 1980//21 1787//21
f 1787//21 1980//21 1786//21
f 1980//21 1981//21 1786//21
f 1786//21 1981//21 1785//21
f 1981//21 1982//21 1785//21
f 1785//22 1982//22 1951//22
f 1971//21 1983//21 1843//21
f 1983//21 1984//21 1843//21
f 1843//21 1984//21 1808//21
f 1984//21 1985//21 1808//21
f 1808//21 1985//21 1807//21
f 1985//21 1986//21 1807//21
f 1807//21 1986//21 1806//21
f 1986//21 1987//21 1806//21
f 1806//22 1987//22 1978//22
f 1985//289 1226//289 1986//289
f 1226//288 1224//288 1986//288
f 1986//290 1224//290 1987//290
f 1224//290 1223//290 1987//290
f 1987//292 1223//292 1978//292
f 1223//292 1218//292 1978//292
f 1978//293 1218//293 1979//293
f 1218//293 1220//293 1979//293
f 1979//294 1220//294 1980//294
f 1220//294 1222//294 1980//294
f 1980//295 1222//295 1981//295
f 1222//295 1241//295 1981//295
f 1981//296 1241//296 1982//296
f 1241//296 1240//296 1982//296
f 1982//297 1240//297 1951//297
f 1240//297 1238//297 1951//297
f 1951//298 1238//298 1952//298
f 1238//298 1237//298 1952//298
f 1952//299 1237//299 1972//299
f 1237//299 1236//299 1972//299
f 1972//300 1236//300 1973//300
f 1236//300 1235//300 1973//300
f 1973//301 1235//301 1974//301
f 1235//301 1242//301 1974//301
f 1974//303 1242//303 1975//303
f 1242//302 1244//302 1975//302
f 1975//304 1244//304 1976//304
f 1244//304 1262//304 1976//304
f 1976//305 1262//305 1977//305
f 1262//305 1261//305 1977//305
f 1977//306 1261//306 1966//306
f 1261//306 1260//306 1966//306
f 1966//401 1260//401 1964//401
f 1260//307 1258//307 1964//307
f 1964//308 1258//308 1962//308
f 1258//308 1256//308 1962//308
f 1962//402 1256//402 1960//402
f 1256//309 1254//309 1960//309
f 1960//310 1254//310 1958//310
f 1254//310 1252//310 1958//310
f 1958//311 1252//311 1956//311
f 1252//311 1250//311 1956//311
f 1956//312 1250//312 1954//312
f 1250//328 1248//328 1954//328
f 1954//313 1248//313 1953//313
f 1248//313 1246//313 1953//313
f 1953//314 1246//314 1968//314
f 1246//314 1245//314 1968//314
f 1968//315 1245//315 1969//315
f 1245//315 1233//315 1969//315
f 1969//329 1233//329 1970//329
f 1233//316 1231//316 1970//316
f 1970//317 1231//317 1971//317
f 1231//317 1230//317 1971//317
f 1971//318 1230//318 1983//318
f 1230//318 1229//318 1983//318
f 1983//319 1229//319 1984//319
f 1229//319 1228//319 1984//319
f 1984//321 1228//321 1985//321
f 1228//320 1226//320 1985//320
f 1422//11 1420//11 1988//11
f 1989//11 1412//11 1268//11
f 1412//11 1410//11 1268//11
f 1268//27 1410//27 1408//27
f 1988//11 1420//11 1990//11
f 1436//11 1844//11 1438//11
f 1844//11 1846//11 1438//11
f 1438//11 1846//11 1440//11
f 1408//11 1406//11 1268//11
f 1406//11 1404//11 1268//11
f 1268//11 1404//11 1275//11
f 1404//11 1402//11 1275//11
f 1402//11 1400//11 1275//11
f 1275//11 1400//11 1991//11
f 1400//11 1398//11 1991//11
f 1398//11 1456//11 1991//11
f 1991//11 1456//11 1992//11
f 1456//11 1454//11 1992//11
f 1992//11 1454//11 1993//11
f 1454//27 1452//27 1993//27
f 1993//11 1452//11 1994//11
f 1452//11 1450//11 1994//11
f 1994//11 1450//11 1995//11
f 1450//27 1448//27 1995//27
f 1995//28 1448//28 1996//28
f 1448//11 1446//11 1996//11
f 1996//11 1446//11 1997//11
f 1446//28 1444//28 1997//28
f 1997//11 1444//11 1846//11
f 1444//11 1442//11 1846//11
f 1846//11 1442//11 1440//11
f 1420//11 1418//11 1990//11
f 1418//11 1416//11 1990//11
f 1990//11 1416//11 1989//11
f 1416//11 1414//11 1989//11
f 1989//27 1414//27 1412//27
f 1436//11 1434//11 1844//11
f 1434//11 1432//11 1844//11
f 1844//11 1432//11 1998//11
f 1432//11 1430//11 1998//11
f 1430//11 1428//11 1998//11
f 1428//11 1426//11 1998//11
f 1998//11 1426//11 1988//11
f 1426//11 1424//11 1988//11
f 1988//11 1424//11 1422//11
f 1359//403 1387//403 1491//403
f 1359//403 1491//403 1357//403
f 1491//404 1481//404 1357//404
f 1357//404 1481//404 1352//404
f 1481//252 1479//252 1352//252
f 1352//252 1479//252 1346//252
f 1479//405 1485//405 1346//405
f 1346//405 1485//405 1348//405
f 1485//406 1460//406 1348//406
f 1348//406 1460//406 1342//406
f 1746//407 1751//407 1820//407
f 1746//407 1820//407 1929//407
f 1820//408 1817//408 1929//408
f 1929//408 1817//408 1928//408
f 1817//266 1819//266 1928//266
f 1928//266 1819//266 1927//266
f 1819//409 1818//409 1927//409
f 1927//409 1818//409 1920//409
f 1818//410 1263//410 1920//410
f 1920//410 1263//410 1265//410
f 1126//265 1567//265 1566//265
f 1566//265 1617//265 1126//265
f 1617//411 1510//411 1126//411
f 1126//265 1510//265 1128//265
f 1510//265 1172//265 1128//265
f 1268//412 1270//412 1833//412
f 1268//412 1833//412 1989//412
f 1833//413 1831//413 1989//413
f 1989//413 1831//413 1990//413
f 1831//251 1830//251 1990//251
f 1990//251 1830//251 1988//251
f 1830//414 1832//414 1988//414
f 1988//414 1832//414 1998//414
f 1832//415 1829//415 1998//415
f 1998//415 1829//415 1844//415
f 1227//416 1842//416 1918//416
f 1227//416 1918//416 1225//416
f 1918//417 1909//417 1225//417
f 1225//417 1909//417 1219//417
f 1909//265 1908//265 1219//265
f 1219//265 1908//265 1221//265
f 1908//418 1910//418 1221//418
f 1221//418 1910//418 1239//418
f 1910//419 1389//419 1239//419
f 1239//419 1389//419 1234//419
f 1243//260 1391//260 1967//260
f 1243//260 1967//260 1259//260
f 1967//261 1965//261 1259//261
f 1259//261 1965//261 1257//261
f 1965//262 1963//262 1257//262
f 1257//262 1963//262 1255//262
f 1963//264 1961//264 1255//264
f 1255//264 1961//264 1253//264
f 1961//242 1959//242 1253//242
f 1253//242 1959//242 1251//242
f 1959//243 1957//243 1251//243
f 1251//420 1957//420 1249//420
f 1957//244 1955//244 1249//244
f 1249//244 1955//244 1247//244
f 1955//421 1847//421 1247//421
f 1247//421 1847//421 1232//421
f 1392//260 1394//260 1911//260
f 1392//260 1911//260 1528//260
f 1911//261 1912//261 1528//261
f 1528//261 1912//261 1529//261
f 1912//262 1913//262 1529//262
f 1529//262 1913//262 1530//262
f 1913//264 1914//264 1530//264
f 1530//264 1914//264 1507//264
f 1914//242 1915//242 1507//242
f 1507//242 1915//242 1508//242
f 1915//243 1916//243 1508//243
f 1508//243 1916//243 1525//243
f 1916//244 1917//244 1525//244
f 1525//244 1917//244 1526//244
f 1917//421 1841//421 1526//421
f 1526//421 1841//421 1563//421
f 1276//283 1275//283 1991//283
f 1276//283 1991//283 1936//283
f 1991//282 1992//282 1936//282
f 1936//282 1992//282 1935//282
f 1992//280 1993//280 1935//280
f 1935//280 1993//280 1934//280
f 1993//279 1994//279 1934//279
f 1934//279 1994//279 1933//279
f 1994//249 1995//249 1933//249
f 1933//249 1995//249 1932//249
f 1995//422 1996//422 1932//422
f 1932//248 1996//248 1931//248
f 1996//247 1997//247 1931//247
f 1931//247 1997//247 1930//247
f 1997//423 1846//423 1930//423
f 1930//423 1846//423 1845//423
f 1272//283 1274//283 1550//283
f 1272//283 1550//283 1840//283
f 1550//282 1552//282 1840//282
f 1840//282 1552//282 1839//282
f 1552//280 1505//280 1839//280
f 1839//280 1505//280 1838//280
f 1505//279 1504//279 1838//279
f 1838//279 1504//279 1837//279
f 1504//250 1558//250 1837//250
f 1837//250 1558//250 1836//250
f 1558//248 1557//248 1836//248
f 1836//248 1557//248 1835//248
f 1557//247 1556//247 1835//247
f 1835//247 1556//247 1834//247
f 1556//423 1555//423 1834//423
f 1834//423 1555//423 1828//423
f 1279//284 1278//284 1821//284
f 1279//284 1821//284 1545//284
f 1821//285 1822//285 1545//285
f 1545//285 1822//285 1546//285
f 1822//286 1823//286 1546//286
f 1546//286 1823//286 1548//286
f 1823//287 1824//287 1548//287
f 1548//287 1824//287 1549//287
f 1824//424 1825//424 1549//424
f 1549//424 1825//424 1540//424
f 1825//269 1826//269 1540//269
f 1540//269 1826//269 1541//269
f 1826//270 1827//270 1541//270
f 1541//270 1827//270 1543//270
f 1827//425 1752//425 1543//425
f 1543//425 1752//425 1680//425
f 1267//284 1266//284 1937//284
f 1267//284 1937//284 1919//284
f 1937//285 1938//285 1919//285
f 1919//285 1938//285 1926//285
f 1938//286 1939//286 1926//286
f 1926//286 1939//286 1925//286
f 1939//287 1940//287 1925//287
f 1925//287 1940//287 1924//287
f 1940//426 1941//426 1924//426
f 1924//424 1941//424 1923//424
f 1941//269 1942//269 1923//269
f 1923//427 1942//427 1922//427
f 1942//270 1943//270 1922//270
f 1922//270 1943//270 1921//270
f 1943//425 1748//425 1921//425
f 1921//425 1748//425 1747//425
f 1396//259 1363//259 1368//259
f 1396//259 1368//259 1944//259
f 1368//258 1371//258 1944//258
f 1944//258 1371//258 1950//258
f 1371//257 1373//257 1950//257
f 1950//257 1373//257 1949//257
f 1373//255 1375//255 1949//255
f 1949//255 1375//255 1948//255
f 1375//428 1377//428 1948//428
f 1948//429 1377//429 1947//429
f 1377//430 1379//430 1947//430
f 1947//430 1379//430 1946//430
f 1379//273 1381//273 1946//273
f 1946//273 1381//273 1945//273
f 1381//431 1341//431 1945//431
f 1945//431 1341//431 1750//431
f 1385//259 1384//259 1531//259
f 1385//259 1531//259 1477//259
f 1531//258 1536//258 1477//258
f 1477//258 1536//258 1475//258
f 1536//257 1535//257 1475//257
f 1475//257 1535//257 1473//257
f 1535//255 1533//255 1473//255
f 1473//255 1533//255 1471//255
f 1533//428 1532//428 1471//428
f 1471//428 1532//428 1469//428
f 1532//430 1537//430 1469//430
f 1469//430 1537//430 1467//430
f 1537//273 1539//273 1467//273
f 1467//273 1539//273 1465//273
f 1539//431 1685//431 1465//431
f 1465//431 1685//431 1458//431
f 1999//20 2000//20 2001//20
f 2000//20 2002//20 2001//20
f 2001//20 2002//20 2003//20
f 1999//20 2004//20 2000//20
f 2004//20 2005//20 2000//20
f 2000//20 2005//20 2006//20
f 2006//20 2007//20 2000//20
f 2007//20 2008//20 2000//20
f 2000//20 2008//20 2009//20
f 2008//20 2010//20 2009//20
f 2010//20 2011//20 2009//20
f 2009//20 2011//20 2012//20
f 2012//20 2013//20 2009//20
f 2013//20 2014//20 2009//20
f 2009//20 2014//20 2015//20
f 2016//20 2017//20 2018//20
f 2017//20 2019//20 2018//20
f 2015//20 2020//20 2009//20
f 2020//20 2021//20 2009//20
f 2009//20 2021//20 2018//20
f 2021//20 2022//20 2018//20
f 2018//20 2022//20 2016//20
f 2019//20 2023//20 2018//20
f 2023//432 2024//432 2018//432
f 2018//20 2024//20 2025//20
f 2024//20 2026//20 2025//20
f 2025//20 2026//20 2027//20
f 2027//20 2028//20 2025//20
f 2028//20 2029//20 2025//20
f 2025//20 2029//20 2030//20
f 2029//433 2031//433 2030//433
f 2031//20 2032//20 2030//20
f 2030//20 2032//20 2002//20
f 2032//20 2033//20 2002//20
f 2002//20 2033//20 2003//20
f 2034//24 2035//24 2036//24
f 2035//24 2037//24 2036//24
f 2036//24 2037//24 2038//24
f 2037//24 2039//24 2038//24
f 2002//2 2000//2 2034//2
f 2000//2 2035//2 2034//2
f 2018//21 2025//21 2039//21
f 2025//21 2038//21 2039//21
f 2040//20 2041//20 2042//20
f 2043//20 2044//20 2045//20
f 2044//432 2046//432 2045//432
f 2047//20 2048//20 2049//20
f 2050//20 2051//20 2052//20
f 2052//20 2053//20 2042//20
f 2053//20 2054//20 2042//20
f 2042//20 2054//20 2040//20
f 2041//20 2055//20 2042//20
f 2055//20 2056//20 2042//20
f 2042//20 2056//20 2057//20
f 2057//20 2058//20 2042//20
f 2058//20 2059//20 2042//20
f 2042//20 2059//20 2045//20
f 2059//432 2060//432 2045//432
f 2045//433 2060//433 2043//433
f 2046//20 2061//20 2045//20
f 2061//20 2062//20 2045//20
f 2045//20 2062//20 2063//20
f 2062//432 2064//432 2063//432
f 2065//20 2066//20 2067//20
f 2066//20 2063//20 2067//20
f 2067//433 2063//433 2068//433
f 2063//20 2064//20 2068//20
f 2047//20 2049//20 2052//20
f 2049//20 2069//20 2052//20
f 2052//20 2069//20 2050//20
f 2051//20 2070//20 2052//20
f 2070//20 2071//20 2052//20
f 2052//20 2071//20 2053//20
f 2065//433 2072//433 2066//433
f 2072//20 2073//20 2066//20
f 2066//20 2073//20 2047//20
f 2073//20 2074//20 2047//20
f 2047//20 2074//20 2048//20
f 2047//21 2052//21 2075//21
f 2052//21 2076//21 2075//21
f 2075//24 2076//24 2077//24
f 2076//24 2078//24 2077//24
f 2077//24 2078//24 2079//24
f 2078//24 2080//24 2079//24
f 2045//1 2063//1 2080//1
f 2063//1 2079//1 2080//1
f 2047//434 2075//434 2077//434
f 2047//434 2077//434 2066//434
f 2077//435 2079//435 2066//435
f 2066//435 2079//435 2063//435
f 2081//24 2082//24 2083//24
f 2082//24 2084//24 2083//24
f 2083//24 2084//24 2085//24
f 2084//24 2086//24 2085//24
f 2087//20 2088//20 2089//20
f 2088//20 2090//20 2089//20
f 2089//20 2090//20 2091//20
f 2092//20 2093//20 2094//20
f 2093//20 2095//20 2094//20
f 2094//20 2095//20 2096//20
f 2092//20 2097//20 2093//20
f 2097//20 2098//20 2093//20
f 2093//20 2098//20 2099//20
f 2099//20 2100//20 2093//20
f 2100//20 2101//20 2093//20
f 2093//20 2101//20 2090//20
f 2101//20 2102//20 2090//20
f 2090//20 2102//20 2091//20
f 2103//20 2104//20 2105//20
f 2104//20 2088//20 2105//20
f 2105//432 2088//432 2106//432
f 2088//20 2087//20 2106//20
f 2103//432 2107//432 2104//432
f 2107//20 2108//20 2104//20
f 2104//20 2108//20 2109//20
f 2108//433 2110//433 2109//433
f 2110//20 2111//20 2109//20
f 2111//20 2112//20 2109//20
f 2109//20 2112//20 2113//20
f 2113//20 2114//20 2109//20
f 2114//432 2115//432 2109//432
f 2109//20 2115//20 2095//20
f 2115//20 2116//20 2095//20
f 2116//20 2117//20 2095//20
f 2117//20 2118//20 2095//20
f 2095//20 2118//20 2119//20
f 2119//20 2120//20 2095//20
f 2120//20 2121//20 2095//20
f 2095//20 2121//20 2096//20
f 2104//1 2109//1 2081//1
f 2109//1 2082//1 2081//1
f 2122//436 2094//436 2123//436
f 2094//436 2096//436 2123//436
f 2123//437 2096//437 2124//437
f 2096//437 2121//437 2124//437
f 2124//438 2121//438 2125//438
f 2121//438 2120//438 2125//438
f 2125//439 2120//439 2126//439
f 2120//440 2119//440 2126//440
f 2126//441 2119//441 2127//441
f 2119//442 2118//442 2127//442
f 2127//443 2118//443 2128//443
f 2118//443 2117//443 2128//443
f 2128//444 2117//444 2129//444
f 2117//445 2116//445 2129//445
f 2129//446 2116//446 2130//446
f 2116//446 2115//446 2130//446
f 2130//447 2115//447 2131//447
f 2115//447 2114//447 2131//447
f 2131//448 2114//448 2132//448
f 2114//449 2113//449 2132//449
f 2132//450 2113//450 2133//450
f 2113//451 2112//451 2133//451
f 2133//452 2112//452 2134//452
f 2112//453 2111//453 2134//453
f 2134//454 2111//454 2135//454
f 2111//454 2110//454 2135//454
f 2135//455 2110//455 2136//455
f 2110//455 2108//455 2136//455
f 2136//1 2108//1 2137//1
f 2108//1 2107//1 2137//1
f 2137//456 2107//456 2138//456
f 2107//456 2103//456 2138//456
f 2138//457 2103//457 2139//457
f 2103//457 2105//457 2139//457
f 2139//458 2105//458 2140//458
f 2105//459 2106//459 2140//459
f 2140//460 2106//460 2141//460
f 2106//461 2087//461 2141//461
f 2141//462 2087//462 2142//462
f 2087//463 2089//463 2142//463
f 2142//464 2089//464 2143//464
f 2089//465 2091//465 2143//465
f 2143//466 2091//466 2144//466
f 2091//467 2102//467 2144//467
f 2144//468 2102//468 2145//468
f 2102//469 2101//469 2145//469
f 2145//470 2101//470 2146//470
f 2101//470 2100//470 2146//470
f 2146//471 2100//471 2147//471
f 2100//472 2099//472 2147//472
f 2147//473 2099//473 2148//473
f 2099//474 2098//474 2148//474
f 2148//475 2098//475 2149//475
f 2098//476 2097//476 2149//476
f 2149//477 2097//477 2150//477
f 2097//478 2092//478 2150//478
f 2150//479 2092//479 2122//479
f 2092//479 2094//479 2122//479
f 2104//480 2081//480 2083//480
f 2104//480 2083//480 2088//480
f 2083//481 2085//481 2088//481
f 2088//481 2085//481 2090//481
f 2151//20 2152//20 2153//20
f 2152//20 2154//20 2153//20
f 2155//436 2054//436 2156//436
f 2054//482 2053//482 2156//482
f 2156//437 2053//437 2157//437
f 2053//437 2071//437 2157//437
f 2157//438 2071//438 2158//438
f 2071//438 2070//438 2158//438
f 2158//483 2070//483 2159//483
f 2070//440 2051//440 2159//440
f 2159//441 2051//441 2160//441
f 2051//441 2050//441 2160//441
f 2160//443 2050//443 2161//443
f 2050//443 2069//443 2161//443
f 2161//444 2069//444 2162//444
f 2069//444 2049//444 2162//444
f 2162//446 2049//446 2163//446
f 2049//446 2048//446 2163//446
f 2163//484 2048//484 2164//484
f 2048//447 2074//447 2164//447
f 2164//448 2074//448 2165//448
f 2074//449 2073//449 2165//449
f 2165//435 2073//435 2166//435
f 2073//451 2072//451 2166//451
f 2166//485 2072//485 2167//485
f 2072//453 2065//453 2167//453
f 2167//454 2065//454 2168//454
f 2065//454 2067//454 2168//454
f 2168//455 2067//455 2169//455
f 2067//455 2068//455 2169//455
f 2169//1 2068//1 2170//1
f 2068//1 2064//1 2170//1
f 2170//456 2064//456 2171//456
f 2064//456 2062//456 2171//456
f 2171//457 2062//457 2172//457
f 2062//457 2061//457 2172//457
f 2172//458 2061//458 2173//458
f 2061//486 2046//486 2173//486
f 2173//480 2046//480 2174//480
f 2046//461 2044//461 2174//461
f 2174//487 2044//487 2175//487
f 2044//462 2043//462 2175//462
f 2175//465 2043//465 2176//465
f 2043//488 2060//488 2176//488
f 2176//467 2060//467 2177//467
f 2060//467 2059//467 2177//467
f 2177//468 2059//468 2178//468
f 2059//469 2058//469 2178//469
f 2178//489 2058//489 2179//489
f 2058//470 2057//470 2179//470
f 2179//471 2057//471 2180//471
f 2057//472 2056//472 2180//472
f 2180//490 2056//490 2181//490
f 2056//474 2055//474 2181//474
f 2181//475 2055//475 2182//475
f 2055//476 2041//476 2182//476
f 2182//478 2041//478 2183//478
f 2041//477 2040//477 2183//477
f 2183//479 2040//479 2155//479
f 2040//479 2054//479 2155//479
f 2002//491 2034//491 2036//491
f 2002//491 2036//491 2030//491
f 2036//492 2038//492 2030//492
f 2030//492 2038//492 2025//492
f 2078//21 2153//21 2080//21
f 2153//21 2154//21 2080//21
f 2009//21 2184//21 2000//21
f 2184//21 2185//21 2000//21
f 2185//21 2186//21 2045//21
f 2186//21 2042//21 2045//21
f 2185//21 2045//21 2000//21
f 2045//21 2080//21 2000//21
f 2000//21 2080//21 2035//21
f 2080//21 2154//21 2035//21
f 2035//21 2154//21 2037//21
f 2187//306 2188//306 2189//306
f 2189//305 2188//305 2190//305
f 2188//305 2191//305 2190//305
f 2191//304 2192//304 2190//304
f 2190//304 2192//304 2193//304
f 2192//302 2194//302 2193//302
f 2193//302 2194//302 2195//302
f 2194//301 2196//301 2195//301
f 2195//301 2196//301 2197//301
f 2196//300 2198//300 2197//300
f 2197//300 2198//300 2199//300
f 2198//299 2200//299 2199//299
f 2199//299 2200//299 2201//299
f 2200//298 2202//298 2201//298
f 2201//298 2202//298 2203//298
f 2202//297 2204//297 2203//297
f 2203//297 2204//297 2205//297
f 2204//296 2206//296 2205//296
f 2205//296 2206//296 2207//296
f 2206//295 2208//295 2207//295
f 2207//295 2208//295 2209//295
f 2208//294 2210//294 2209//294
f 2209//294 2210//294 2211//294
f 2210//293 2212//293 2211//293
f 2211//293 2212//293 2213//293
f 2212//292 2214//292 2213//292
f 2213//292 2214//292 2215//292
f 2214//290 2216//290 2215//290
f 2215//290 2216//290 2217//290
f 2216//289 2218//289 2217//289
f 2217//289 2218//289 2219//289
f 2218//320 2220//320 2219//320
f 2219//320 2220//320 2221//320
f 2220//319 2222//319 2221//319
f 2221//319 2222//319 2223//319
f 2222//344 2224//344 2223//344
f 2223//344 2224//344 2225//344
f 2224//317 2226//317 2225//317
f 2225//317 2226//317 2227//317
f 2226//329 2228//329 2227//329
f 2227//329 2228//329 2229//329
f 2228//315 2230//315 2229//315
f 2229//315 2230//315 2231//315
f 2230//314 2232//314 2231//314
f 2231//314 2232//314 2233//314
f 2232//313 2234//313 2233//313
f 2233//313 2234//313 2235//313
f 2234//328 2236//328 2235//328
f 2235//328 2236//328 2237//328
f 2236//311 2238//311 2237//311
f 2237//311 2238//311 2239//311
f 2238//310 2240//310 2239//310
f 2239//310 2240//310 2241//310
f 2240//309 2242//309 2241//309
f 2241//309 2242//309 2243//309
f 2242//326 2244//326 2243//326
f 2243//326 2244//326 2245//326
f 2244//307 2187//307 2245//307
f 2245//307 2187//307 2246//307
f 2187//306 2189//306 2246//306
f 2247//493 2248//493 2249//493
f 2248//493 2250//493 2249//493
f 2249//494 2250//494 2251//494
f 2250//494 2252//494 2251//494
f 2251//495 2252//495 2253//495
f 2252//496 2254//496 2253//496
f 2253//497 2254//497 2255//497
f 2254//498 2256//498 2255//498
f 2255//499 2256//499 2257//499
f 2256//499 2258//499 2257//499
f 2257//500 2258//500 2259//500
f 2258//500 2260//500 2259//500
f 2259//501 2260//501 2261//501
f 2260//501 2262//501 2261//501
f 2261//502 2262//502 2263//502
f 2262//502 2264//502 2263//502
f 2263//503 2264//503 2265//503
f 2264//503 2266//503 2265//503
f 2265//504 2266//504 2267//504
f 2266//504 2268//504 2267//504
f 2267//491 2268//491 2269//491
f 2268//491 2270//491 2269//491
f 2269//505 2270//505 2271//505
f 2270//505 2272//505 2271//505
f 2271//506 2272//506 2273//506
f 2272//507 2274//507 2273//507
f 2273//508 2274//508 2275//508
f 2274//508 2276//508 2275//508
f 2275//2 2276//2 2277//2
f 2276//2 2278//2 2277//2
f 2277//509 2278//509 2279//509
f 2278//509 2280//509 2279//509
f 2279//510 2280//510 2281//510
f 2280//511 2282//511 2281//511
f 2281//512 2282//512 2283//512
f 2282//512 2284//512 2283//512
f 2283//513 2284//513 2285//513
f 2284//513 2286//513 2285//513
f 2285//514 2286//514 2287//514
f 2286//514 2288//514 2287//514
f 2287//515 2288//515 2289//515
f 2288//515 2290//515 2289//515
f 2289//516 2290//516 2291//516
f 2290//516 2292//516 2291//516
f 2291//517 2292//517 2293//517
f 2292//517 2294//517 2293//517
f 2293//518 2294//518 2295//518
f 2294//518 2296//518 2295//518
f 2295//519 2296//519 2297//519
f 2296//520 2298//520 2297//520
f 2297//521 2298//521 2299//521
f 2298//522 2300//522 2299//522
f 2299//523 2300//523 2301//523
f 2300//523 2302//523 2301//523
f 2301//524 2302//524 2303//524
f 2302//524 2304//524 2303//524
f 2303//525 2304//525 2247//525
f 2304//525 2248//525 2247//525
f 2305//436 2001//436 2306//436
f 2001//482 2003//482 2306//482
f 2306//437 2003//437 2307//437
f 2003//437 2033//437 2307//437
f 2307//438 2033//438 2308//438
f 2033//438 2032//438 2308//438
f 2308//483 2032//483 2309//483
f 2032//440 2031//440 2309//440
f 2309//441 2031//441 2310//441
f 2031//441 2029//441 2310//441
f 2310//443 2029//443 2311//443
f 2029//443 2028//443 2311//443
f 2311//444 2028//444 2312//444
f 2028//444 2027//444 2312//444
f 2312//446 2027//446 2313//446
f 2027//446 2026//446 2313//446
f 2313//484 2026//484 2314//484
f 2026//447 2024//447 2314//447
f 2314//448 2024//448 2315//448
f 2024//449 2023//449 2315//449
f 2315//435 2023//435 2316//435
f 2023//451 2019//451 2316//451
f 2316//485 2019//485 2317//485
f 2019//453 2017//453 2317//453
f 2317//454 2017//454 2318//454
f 2017//454 2016//454 2318//454
f 2318//455 2016//455 2319//455
f 2016//455 2022//455 2319//455
f 2319//1 2022//1 2320//1
f 2022//1 2021//1 2320//1
f 2320//456 2021//456 2321//456
f 2021//456 2020//456 2321//456
f 2321//457 2020//457 2322//457
f 2020//457 2015//457 2322//457
f 2322//458 2015//458 2323//458
f 2015//486 2014//486 2323//486
f 2323//480 2014//480 2324//480
f 2014//461 2013//461 2324//461
f 2324//487 2013//487 2325//487
f 2013//462 2012//462 2325//462
f 2325//465 2012//465 2326//465
f 2012//488 2011//488 2326//488
f 2326//467 2011//467 2327//467
f 2011//467 2010//467 2327//467
f 2327//468 2010//468 2328//468
f 2010//469 2008//469 2328//469
f 2328//489 2008//489 2329//489
f 2008//470 2007//470 2329//470
f 2329//471 2007//471 2330//471
f 2007//472 2006//472 2330//472
f 2330//490 2006//490 2331//490
f 2006//474 2005//474 2331//474
f 2331//475 2005//475 2332//475
f 2005//476 2004//476 2332//476
f 2332//478 2004//478 2333//478
f 2004//477 1999//477 2333//477
f 2333//479 1999//479 2305//479
f 1999//479 2001//479 2305//479
f 2152//11 2151//11 2082//11
f 2151//11 2084//11 2082//11
f 2334//11 2335//11 2152//11
f 2095//11 2336//11 2109//11
f 2336//11 2337//11 2109//11
f 2338//11 2339//11 2337//11
f 2339//11 2340//11 2337//11
f 2246//11 2189//11 2334//11
f 2231//11 2233//11 2082//11
f 2334//11 2189//11 2340//11
f 2189//11 2190//11 2340//11
f 2190//11 2193//11 2340//11
f 2340//11 2193//11 2195//11
f 2152//11 2082//11 2334//11
f 2082//11 2233//11 2334//11
f 2334//11 2233//11 2235//11
f 2235//11 2237//11 2334//11
f 2237//11 2239//11 2334//11
f 2334//11 2239//11 2241//11
f 2241//11 2243//11 2334//11
f 2243//11 2245//11 2334//11
f 2334//11 2245//11 2246//11
f 2223//11 2225//11 2082//11
f 2195//11 2197//11 2340//11
f 2197//11 2199//11 2340//11
f 2340//11 2199//11 2337//11
f 2199//11 2201//11 2337//11
f 2225//11 2227//11 2082//11
f 2227//11 2229//11 2082//11
f 2082//11 2229//11 2231//11
f 2201//11 2203//11 2337//11
f 2203//11 2205//11 2337//11
f 2337//11 2205//11 2109//11
f 2205//11 2207//11 2109//11
f 2109//11 2207//11 2209//11
f 2209//11 2211//11 2109//11
f 2211//11 2213//11 2109//11
f 2109//11 2213//11 2215//11
f 2215//11 2217//11 2109//11
f 2217//11 2219//11 2109//11
f 2109//11 2219//11 2082//11
f 2219//27 2221//27 2082//27
f 2082//11 2221//11 2223//11
f 2192//11 2191//11 2341//11
f 2191//11 2188//11 2341//11
f 2341//11 2188//11 2187//11
f 2198//11 2196//11 2341//11
f 2196//11 2194//11 2341//11
f 2341//11 2194//11 2192//11
f 2204//11 2202//11 2341//11
f 2202//11 2200//11 2341//11
f 2341//11 2200//11 2198//11
f 2210//11 2208//11 2341//11
f 2208//11 2206//11 2341//11
f 2341//11 2206//11 2204//11
f 2216//11 2214//11 2341//11
f 2214//11 2212//11 2341//11
f 2341//11 2212//11 2210//11
f 2222//11 2220//11 2341//11
f 2220//11 2218//11 2341//11
f 2341//11 2218//11 2216//11
f 2228//11 2226//11 2341//11
f 2226//11 2224//11 2341//11
f 2341//11 2224//11 2222//11
f 2234//11 2232//11 2341//11
f 2232//11 2230//11 2341//11
f 2341//11 2230//11 2228//11
f 2240//11 2238//11 2341//11
f 2238//11 2236//11 2341//11
f 2341//11 2236//11 2234//11
f 2187//11 2244//11 2341//11
f 2244//11 2242//11 2341//11
f 2341//11 2242//11 2240//11
f 2342//24 2313//24 2314//24
f 2319//24 2184//24 2318//24
f 2184//24 2342//24 2318//24
f 2318//24 2342//24 2317//24
f 2319//24 2320//24 2184//24
f 2320//24 2321//24 2184//24
f 2184//24 2321//24 2322//24
f 2322//24 2323//24 2184//24
f 2323//24 2324//24 2184//24
f 2184//24 2324//24 2325//24
f 2314//24 2315//24 2342//24
f 2315//24 2316//24 2342//24
f 2342//24 2316//24 2317//24
f 2325//24 2326//24 2184//24
f 2326//24 2327//24 2184//24
f 2184//24 2327//24 2185//24
f 2327//24 2328//24 2185//24
f 2185//24 2328//24 2329//24
f 2329//24 2330//24 2185//24
f 2330//24 2331//24 2185//24
f 2185//24 2331//24 2332//24
f 2332//24 2333//24 2185//24
f 2333//24 2305//24 2185//24
f 2185//24 2305//24 2306//24
f 2306//24 2307//24 2343//24
f 2307//24 2308//24 2343//24
f 2343//24 2308//24 2309//24
f 2309//24 2310//24 2343//24
f 2310//24 2311//24 2343//24
f 2343//24 2311//24 2342//24
f 2311//24 2312//24 2342//24
f 2342//24 2312//24 2313//24
f 2338//24 2344//24 2345//24
f 2338//24 2346//24 2347//24
f 2348//24 2349//24 2342//24
f 2349//24 2350//24 2342//24
f 2342//24 2350//24 2351//24
f 2347//24 2352//24 2338//24
f 2352//24 2353//24 2338//24
f 2338//24 2353//24 2344//24
f 2345//24 2354//24 2338//24
f 2354//24 2355//24 2338//24
f 2338//24 2355//24 2342//24
f 2355//24 2356//24 2342//24
f 2342//24 2356//24 2348//24
f 2357//24 2343//24 2358//24
f 2343//24 2342//24 2358//24
f 2358//24 2342//24 2359//24
f 2342//24 2351//24 2359//24
f 2357//24 2360//24 2343//24
f 2360//24 2361//24 2343//24
f 2343//24 2361//24 2362//24
f 2362//24 2363//24 2343//24
f 2363//24 2364//24 2343//24
f 2343//24 2364//24 2337//24
f 2364//24 2365//24 2337//24
f 2337//24 2365//24 2366//24
f 2366//24 2367//24 2337//24
f 2367//24 2368//24 2337//24
f 2337//24 2368//24 2369//24
f 2369//24 2370//24 2337//24
f 2370//24 2371//24 2337//24
f 2337//24 2371//24 2338//24
f 2371//526 2372//526 2338//526
f 2338//24 2372//24 2346//24
f 2171//24 2172//24 2185//24
f 2172//24 2173//24 2185//24
f 2185//24 2173//24 2174//24
f 2174//24 2175//24 2185//24
f 2175//24 2176//24 2185//24
f 2185//24 2176//24 2186//24
f 2176//24 2177//24 2186//24
f 2306//24 2343//24 2185//24
f 2343//24 2248//24 2185//24
f 2185//24 2248//24 2304//24
f 2177//24 2178//24 2186//24
f 2178//24 2179//24 2186//24
f 2186//24 2179//24 2180//24
f 2167//527 2298//527 2296//527
f 2292//24 2290//24 2166//24
f 2180//24 2181//24 2186//24
f 2181//24 2182//24 2186//24
f 2186//24 2182//24 2183//24
f 2260//24 2258//24 2343//24
f 2258//24 2256//24 2343//24
f 2343//24 2256//24 2254//24
f 2304//24 2302//24 2185//24
f 2302//24 2300//24 2185//24
f 2185//24 2300//24 2298//24
f 2183//24 2155//24 2186//24
f 2155//24 2156//24 2186//24
f 2186//24 2156//24 2373//24
f 2156//24 2157//24 2373//24
f 2373//24 2157//24 2158//24
f 2158//24 2159//24 2373//24
f 2159//24 2160//24 2373//24
f 2373//24 2160//24 2161//24
f 2167//24 2296//24 2166//24
f 2296//24 2294//24 2166//24
f 2166//24 2294//24 2292//24
f 2167//24 2168//24 2298//24
f 2168//24 2169//24 2298//24
f 2298//24 2169//24 2185//24
f 2169//24 2170//24 2185//24
f 2185//24 2170//24 2171//24
f 2290//24 2288//24 2166//24
f 2288//24 2286//24 2166//24
f 2166//24 2286//24 2165//24
f 2286//24 2284//24 2165//24
f 2165//24 2284//24 2164//24
f 2161//24 2162//24 2373//24
f 2162//24 2163//24 2373//24
f 2373//24 2163//24 2280//24
f 2254//24 2252//24 2343//24
f 2252//24 2250//24 2343//24
f 2343//24 2250//24 2248//24
f 2164//528 2284//528 2163//528
f 2284//24 2282//24 2163//24
f 2163//24 2282//24 2280//24
f 2280//24 2278//24 2373//24
f 2278//24 2276//24 2373//24
f 2373//24 2276//24 2274//24
f 2274//24 2272//24 2373//24
f 2272//24 2270//24 2373//24
f 2373//24 2270//24 2268//24
f 2268//24 2266//24 2373//24
f 2266//527 2264//527 2373//527
f 2373//24 2264//24 2343//24
f 2264//24 2262//24 2343//24
f 2343//24 2262//24 2260//24
f 2129//24 2130//24 2336//24
f 2133//24 2134//24 2337//24
f 2140//24 2343//24 2139//24
f 2343//24 2138//24 2139//24
f 2144//24 2145//24 2373//24
f 2133//24 2337//24 2132//24
f 2134//24 2135//24 2337//24
f 2135//24 2136//24 2337//24
f 2337//24 2136//24 2343//24
f 2136//24 2137//24 2343//24
f 2343//24 2137//24 2138//24
f 2140//24 2141//24 2343//24
f 2141//24 2142//24 2343//24
f 2343//24 2142//24 2373//24
f 2142//24 2143//24 2373//24
f 2373//24 2143//24 2144//24
f 2145//24 2146//24 2373//24
f 2146//24 2147//24 2373//24
f 2373//24 2147//24 2148//24
f 2336//24 2130//24 2337//24
f 2130//24 2131//24 2337//24
f 2337//24 2131//24 2132//24
f 2148//24 2149//24 2373//24
f 2149//24 2150//24 2373//24
f 2373//24 2150//24 2336//24
f 2150//24 2122//24 2336//24
f 2336//24 2122//24 2123//24
f 2123//24 2124//24 2336//24
f 2124//24 2125//24 2336//24
f 2336//24 2125//24 2126//24
f 2126//24 2127//24 2336//24
f 2127//24 2128//24 2336//24
f 2336//24 2128//24 2129//24
f 2374//529 2375//529 2376//529
f 2374//529 2376//529 2377//529
f 2376//513 2378//513 2377//513
f 2377//513 2378//513 2379//513
f 2037//2 2154//2 2039//2
f 2154//2 2152//2 2039//2
f 2339//2 2338//2 2380//2
f 2338//2 2342//2 2380//2
f 2342//2 2184//2 2018//2
f 2184//2 2009//2 2018//2
f 2342//2 2018//2 2380//2
f 2018//2 2039//2 2380//2
f 2380//2 2039//2 2381//2
f 2039//2 2152//2 2381//2
f 2381//2 2152//2 2335//2
f 2375//24 2381//24 2376//24
f 2381//24 2335//24 2376//24
f 2376//24 2335//24 2378//24
f 2335//24 2334//24 2378//24
f 2374//11 2380//11 2375//11
f 2380//11 2381//11 2375//11
f 2093//11 2090//11 2086//11
f 2090//11 2085//11 2086//11
f 2086//1 2084//1 2151//1
f 2052//1 2042//1 2186//1
f 2153//1 2078//1 2076//1
f 2336//1 2095//1 2373//1
f 2095//1 2093//1 2373//1
f 2151//1 2153//1 2086//1
f 2153//1 2076//1 2086//1
f 2086//1 2076//1 2093//1
f 2076//1 2052//1 2093//1
f 2093//1 2052//1 2373//1
f 2052//1 2186//1 2373//1
f 2365//436 2382//436 2366//436
f 2382//436 2383//436 2366//436
f 2366//437 2383//437 2367//437
f 2383//437 2384//437 2367//437
f 2367//438 2384//438 2368//438
f 2384//438 2385//438 2368//438
f 2368//439 2385//439 2369//439
f 2385//440 2386//440 2369//440
f 2369//441 2386//441 2370//441
f 2386//442 2387//442 2370//442
f 2370//443 2387//443 2371//443
f 2387//443 2388//443 2371//443
f 2371//444 2388//444 2372//444
f 2388//445 2389//445 2372//445
f 2372//446 2389//446 2346//446
f 2389//446 2390//446 2346//446
f 2346//447 2390//447 2347//447
f 2390//447 2391//447 2347//447
f 2347//448 2391//448 2352//448
f 2391//449 2392//449 2352//449
f 2352//450 2392//450 2353//450
f 2392//451 2393//451 2353//451
f 2353//452 2393//452 2344//452
f 2393//453 2394//453 2344//453
f 2344//454 2394//454 2345//454
f 2394//454 2395//454 2345//454
f 2345//455 2395//455 2354//455
f 2395//455 2396//455 2354//455
f 2354//1 2396//1 2355//1
f 2396//1 2397//1 2355//1
f 2355//456 2397//456 2356//456
f 2397//456 2398//456 2356//456
f 2356//457 2398//457 2348//457
f 2398//457 2399//457 2348//457
f 2348//458 2399//458 2349//458
f 2399//459 2400//459 2349//459
f 2349//460 2400//460 2350//460
f 2400//461 2401//461 2350//461
f 2350//462 2401//462 2351//462
f 2401//463 2402//463 2351//463
f 2351//464 2402//464 2359//464
f 2402//465 2403//465 2359//465
f 2359//466 2403//466 2358//466
f 2403//467 2404//467 2358//467
f 2358//468 2404//468 2357//468
f 2404//469 2405//469 2357//469
f 2357//470 2405//470 2360//470
f 2405//470 2406//470 2360//470
f 2360//471 2406//471 2361//471
f 2406//472 2407//472 2361//472
f 2361//473 2407//473 2362//473
f 2407//474 2408//474 2362//474
f 2362//475 2408//475 2363//475
f 2408//476 2409//476 2363//476
f 2363//477 2409//477 2364//477
f 2409//478 2410//478 2364//478
f 2364//479 2410//479 2365//479
f 2410//479 2382//479 2365//479
f 2247//24 2249//24 2411//24
f 2247//24 2411//24 2303//24
f 2297//24 2299//24 2411//24
f 2299//24 2301//24 2411//24
f 2411//24 2301//24 2303//24
f 2291//24 2293//24 2411//24
f 2293//24 2295//24 2411//24
f 2411//24 2295//24 2297//24
f 2285//24 2287//24 2411//24
f 2287//24 2289//24 2411//24
f 2411//24 2289//24 2291//24
f 2279//24 2281//24 2411//24
f 2281//24 2283//24 2411//24
f 2411//24 2283//24 2285//24
f 2273//24 2275//24 2411//24
f 2275//24 2277//24 2411//24
f 2411//24 2277//24 2279//24
f 2267//24 2269//24 2411//24
f 2269//24 2271//24 2411//24
f 2411//24 2271//24 2273//24
f 2261//24 2263//24 2411//24
f 2263//24 2265//24 2411//24
f 2411//24 2265//24 2267//24
f 2255//24 2257//24 2411//24
f 2257//24 2259//24 2411//24
f 2411//24 2259//24 2261//24
f 2249//24 2251//24 2411//24
f 2251//24 2253//24 2411//24
f 2411//24 2253//24 2255//24
f 2340//2 2379//2 2334//2
f 2379//2 2378//2 2334//2
f 2410//20 2409//20 2379//20
f 2379//20 2409//20 2377//20
f 2399//20 2380//20 2400//20
f 2380//20 2401//20 2400//20
f 2395//20 2394//20 2339//20
f 2394//20 2393//20 2339//20
f 2339//20 2390//20 2389//20
f 2387//20 2386//20 2340//20
f 2340//20 2383//20 2379//20
f 2383//20 2382//20 2379//20
f 2379//20 2382//20 2410//20
f 2409//20 2408//20 2377//20
f 2408//433 2407//433 2377//433
f 2377//20 2407//20 2374//20
f 2407//20 2406//20 2374//20
f 2374//20 2406//20 2405//20
f 2405//20 2404//20 2374//20
f 2404//20 2403//20 2374//20
f 2374//20 2403//20 2380//20
f 2403//20 2402//20 2380//20
f 2380//20 2402//20 2401//20
f 2339//20 2389//20 2340//20
f 2389//432 2388//432 2340//432
f 2340//20 2388//20 2387//20
f 2386//20 2385//20 2340//20
f 2385//20 2384//20 2340//20
f 2340//20 2384//20 2383//20
f 2399//20 2398//20 2380//20
f 2398//20 2397//20 2380//20
f 2380//20 2397//20 2339//20
f 2397//20 2396//20 2339//20
f 2339//20 2396//20 2395//20
f 2393//20 2392//20 2339//20
f 2392//432 2391//432 2339//432
f 2339//20 2391//20 2390//20
f 2412//20 2413//20 2414//20
f 2414//20 2415//20 2416//20
f 2416//20 2412//20 2414//20
f 2417//11 2418//11 2419//11
f 2419//11 2420//11 2421//11
f 2421//11 2417//11 2419//11
f 2414//530 2422//530 2423//530
f 2423//530 2415//530 2414//530
f 2422//531 2424//531 2425//531
f 2425//531 2423//531 2422//531
f 2424//532 2426//532 2427//532
f 2427//532 2425//532 2424//532
f 2426//533 2428//533 2429//533
f 2429//533 2427//533 2426//533
f 2428//534 2430//534 2431//534
f 2431//534 2429//534 2428//534
f 2430//535 2432//535 2433//535
f 2433//535 2431//535 2430//535
f 2432//536 2434//536 2435//536
f 2435//536 2433//536 2432//536
f 2435//537 2434//537 2420//537
f 2420//537 2419//537 2435//537
f 2436//2 2437//2 2416//2
f 2416//2 2415//2 2423//2
f 2435//2 2419//2 2418//2
f 2418//2 2438//2 2439//2
f 2439//2 2440//2 2441//2
f 2441//2 2442//2 2436//2
f 2436//2 2416//2 2423//2
f 2435//2 2418//2 2439//2
f 2436//2 2423//2 2425//2
f 2433//2 2435//2 2439//2
f 2436//2 2425//2 2427//2
f 2431//2 2433//2 2439//2
f 2441//2 2436//2 2427//2
f 2431//2 2439//2 2441//2
f 2441//2 2427//2 2429//2
f 2429//2 2431//2 2441//2
f 2416//538 2437//538 2443//538
f 2443//538 2412//538 2416//538
f 2437//539 2436//539 2444//539
f 2444//539 2443//539 2437//539
f 2436//540 2442//540 2445//540
f 2445//540 2444//540 2436//540
f 2442//541 2441//541 2446//541
f 2446//541 2445//541 2442//541
f 2441//542 2440//542 2447//542
f 2447//542 2446//542 2441//542
f 2440//543 2439//543 2448//543
f 2448//543 2447//543 2440//543
f 2439//544 2438//544 2449//544
f 2449//544 2448//544 2439//544
f 2449//545 2438//545 2418//545
f 2418//545 2417//545 2449//545
f 2450//546 2413//546 2443//546
f 2413//547 2412//547 2443//547
f 2451//548 2450//548 2444//548
f 2443//549 2444//549 2450//549
f 2452//550 2451//550 2445//550
f 2444//551 2445//551 2451//551
f 2453//552 2452//552 2446//552
f 2445//553 2446//553 2452//553
f 2454//554 2453//554 2447//554
f 2446//555 2447//555 2453//555
f 2455//556 2454//556 2448//556
f 2447//557 2448//557 2454//557
f 2456//558 2455//558 2449//558
f 2448//559 2449//559 2455//559
f 2417//560 2421//560 2456//560
f 2449//561 2417//561 2456//561
f 2422//1 2414//1 2413//1
f 2451//1 2452//1 2453//1
f 2453//1 2454//1 2455//1
f 2456//1 2421//1 2420//1
f 2422//1 2413//1 2450//1
f 2456//1 2420//1 2434//1
f 2424//1 2422//1 2450//1
f 2455//1 2456//1 2434//1
f 2424//1 2450//1 2451//1
f 2455//1 2434//1 2432//1
f 2426//1 2424//1 2451//1
f 2455//1 2432//1 2430//1
f 2426//1 2451//1 2453//1
f 2453//1 2455//1 2430//1
f 2428//1 2426//1 2453//1
f 2453//1 2430//1 2428//1
f 2457//20 2458//20 2459//20
f 2459//20 2460//20 2461//20
f 2461//20 2457//20 2459//20
f 2462//11 2463//11 2464//11
f 2464//11 2465//11 2466//11
f 2466//11 2462//11 2464//11
f 2467//562 2460//562 2459//562
f 2459//562 2468//562 2467//562
f 2469//563 2467//563 2468//563
f 2468//563 2470//563 2469//563
f 2471//540 2469//540 2470//540
f 2470//540 2472//540 2471//540
f 2473//564 2471//564 2472//564
f 2472//564 2474//564 2473//564
f 2475//565 2473//565 2474//565
f 2474//565 2476//565 2475//565
f 2477//543 2475//543 2476//543
f 2476//543 2478//543 2477//543
f 2479//566 2477//566 2478//566
f 2478//566 2480//566 2479//566
f 2479//567 2480//567 2465//567
f 2465//567 2464//567 2479//567
f 2481//1 2461//1 2460//1
f 2460//1 2467//1 2469//1
f 2469//1 2471//1 2473//1
f 2473//1 2475//1 2477//1
f 2477//1 2479//1 2464//1
f 2464//1 2463//1 2482//1
f 2481//1 2460//1 2469//1
f 2477//1 2464//1 2482//1
f 2483//1 2481//1 2469//1
f 2477//1 2482//1 2484//1
f 2485//1 2483//1 2469//1
f 2473//1 2477//1 2484//1
f 2485//1 2469//1 2473//1
f 2473//1 2484//1 2486//1
f 2487//1 2485//1 2473//1
f 2473//1 2486//1 2487//1
f 2461//568 2481//568 2488//568
f 2457//569 2461//569 2488//569
f 2481//570 2483//570 2489//570
f 2489//571 2488//571 2481//571
f 2483//572 2485//572 2490//572
f 2490//573 2489//573 2483//573
f 2485//574 2487//574 2491//574
f 2491//575 2490//575 2485//575
f 2487//576 2486//576 2492//576
f 2492//577 2491//577 2487//577
f 2486//578 2484//578 2493//578
f 2493//579 2492//579 2486//579
f 2484//580 2482//580 2494//580
f 2494//581 2493//581 2484//581
f 2463//582 2462//582 2482//582
f 2462//583 2494//583 2482//583
f 2495//584 2458//584 2457//584
f 2457//584 2488//584 2495//584
f 2496//585 2495//585 2488//585
f 2488//585 2489//585 2496//585
f 2497//586 2496//586 2489//586
f 2489//586 2490//586 2497//586
f 2498//587 2497//587 2490//587
f 2490//587 2491//587 2498//587
f 2499//588 2498//588 2491//588
f 2491//588 2492//588 2499//588
f 2500//589 2499//589 2492//589
f 2492//589 2493//589 2500//589
f 2501//590 2500//590 2493//590
f 2493//590 2494//590 2501//590
f 2501//591 2494//591 2462//591
f 2462//591 2466//591 2501//591
f 2470//2 2468//2 2459//2
f 2459//2 2458//2 2495//2
f 2501//2 2466//2 2465//2
f 2465//2 2480//2 2478//2
f 2478//2 2476//2 2474//2
f 2474//2 2472//2 2470//2
f 2470//2 2459//2 2495//2
f 2501//2 2465//2 2478//2
f 2470//2 2495//2 2496//2
f 2500//2 2501//2 2478//2
f 2474//2 2470//2 2496//2
f 2499//2 2500//2 2478//2
f 2474//2 2496//2 2497//2
f 2498//2 2499//2 2478//2
f 2474//2 2497//2 2498//2
f 2498//2 2478//2 2474//2
f 2502//2 2503//2 2504//2
f 2504//2 2505//2 2502//2
f 2506//1 2507//1 2508//1
f 2508//1 2509//1 2506//1
f 2509//592 2508//592 2505//592
f 2505//592 2504//592 2509//592
f 2506//593 2509//593 2504//593
f 2504//593 2503//593 2506//593
f 2507//594 2506//594 2503//594
f 2503//594 2502//594 2507//594
f 2508//595 2507//595 2502//595
f 2502//595 2505//595 2508//595
f 2510//596 2511//596 2512//596
f 2512//2 2513//2 2514//2
f 2514//2 2515//2 2516//2
f 2516//2 2517//2 2518//2
f 2518//597 2519//597 2520//597
f 2520//598 2521//598 2522//598
f 2522//599 2523//599 2524//599
f 2524//2 2525//2 2526//2
f 2526//600 2527//600 2528//600
f 2528//2 2529//2 2530//2
f 2530//2 2531//2 2532//2
f 2532//2 2533//2 2534//2
f 2534//600 2535//600 2536//600
f 2536//2 2537//2 2538//2
f 2538//601 2539//601 2540//601
f 2540//2 2541//2 2510//2
f 2510//2 2512//2 2514//2
f 2514//68 2516//68 2518//68
f 2518//2 2520//2 2522//2
f 2522//2 2524//2 2526//2
f 2526//2 2528//2 2530//2
f 2530//68 2532//68 2534//68
f 2534//2 2536//2 2538//2
f 2538//2 2540//2 2510//2
f 2510//2 2514//2 2518//2
f 2518//2 2522//2 2526//2
f 2526//2 2530//2 2534//2
f 2534//2 2538//2 2510//2
f 2510//2 2518//2 2526//2
f 2526//2 2534//2 2510//2
f 2542//171 2543//171 2544//171
f 2544//1 2545//1 2546//1
f 2546//602 2547//602 2548//602
f 2548//1 2549//1 2550//1
f 2550//1 2551//1 2552//1
f 2552//1 2553//1 2554//1
f 2554//1 2555//1 2556//1
f 2556//603 2557//603 2558//603
f 2558//1 2559//1 2560//1
f 2560//171 2561//171 2562//171
f 2562//1 2563//1 2564//1
f 2564//1 2565//1 2566//1
f 2566//1 2567//1 2568//1
f 2568//603 2569//603 2570//603
f 2570//604 2571//604 2572//604
f 2572//1 2573//1 2542//1
f 2542//1 2544//1 2546//1
f 2546//171 2548//171 2550//171
f 2550//1 2552//1 2554//1
f 2554//1 2556//1 2558//1
f 2558//1 2560//1 2562//1
f 2562//605 2564//605 2566//605
f 2566//1 2568//1 2570//1
f 2570//171 2572//171 2542//171
f 2542//1 2546//1 2550//1
f 2550//1 2554//1 2558//1
f 2558//1 2562//1 2566//1
f 2566//1 2570//1 2542//1
f 2542//1 2550//1 2558//1
f 2558//1 2566//1 2542//1
f 2548//611 2547//611 2510//611
f 2510//611 2541//611 2548//611
f 2554//619 2553//619 2536//619
f 2536//620 2535//620 2554//620
f 2556//622 2555//622 2534//622
f 2534//622 2533//622 2556//622
f 2558//625 2557//625 2532//625
f 2559//626 2558//626 2531//626
f 2531//626 2530//626 2559//626
f 2565//631 2564//631 2525//631
f 2566//632 2565//632 2524//632
f 2524//633 2523//633 2566//633
f 2570//637 2569//637 2520//637
f 2520//638 2519//638 2570//638
f 2543//645 2514//645 2513//645
f 2513//645 2544//645 2543//645
f 2574//1 2575//1 2576//1
f 2576//1 2577//1 2574//1
f 2578//2 2579//2 2580//2
f 2580//2 2581//2 2578//2
f 2581//592 2580//592 2577//592
f 2577//592 2576//592 2581//592
f 2580//646 2579//646 2574//646
f 2574//646 2577//646 2580//646
f 2579//594 2578//594 2575//594
f 2575//594 2574//594 2579//594
f 2578//647 2581//647 2576//647
f 2576//647 2575//647 2578//647
f 2582//2 2574//2 2577//2
f 2576//2 2575//2 2583//2
f 2584//2 2582//2 2577//2
f 2576//2 2583//2 2585//2
f 2585//2 2584//2 2577//2
f 2577//2 2576//2 2585//2
f 2586//1 2587//1 2588//1
f 2589//1 2590//1 2591//1
f 2592//1 2586//1 2588//1
f 2589//1 2591//1 2593//1
f 2593//1 2592//1 2588//1
f 2588//1 2589//1 2593//1
f 2589//592 2588//592 2576//592
f 2576//592 2577//592 2589//592
f 2590//646 2589//646 2577//646
f 2577//646 2574//646 2590//646
f 2591//648 2590//648 2574//648
f 2574//648 2582//648 2591//648
f 2593//649 2591//649 2582//649
f 2582//649 2584//649 2593//649
f 2592//650 2593//650 2584//650
f 2584//650 2585//650 2592//650
f 2586//651 2592//651 2585//651
f 2585//651 2583//651 2586//651
f 2587//648 2586//648 2583//648
f 2583//648 2575//648 2587//648
f 2588//647 2587//647 2575//647
f 2575//647 2576//647 2588//647
f 2594//2 2595//2 2596//2
f 2596//2 2597//2 2594//2
f 2598//1 2599//1 2600//1
f 2600//1 2601//1 2598//1
f 2601//594 2600//594 2597//594
f 2597//594 2596//594 2601//594
f 2598//595 2601//595 2596//595
f 2596//595 2595//595 2598//595
f 2599//592 2598//592 2595//592
f 2595//592 2594//592 2599//592
f 2600//593 2599//593 2594//593
f 2594//593 2597//593 2600//593
f 2602//2 2603//2 2604//2
f 2604//2 2605//2 2606//2
f 2606//601 2607//601 2608//601
f 2608//2 2609//2 2610//2
f 2610//2 2611//2 2612//2
f 2612//601 2613//601 2614//601
f 2614//652 2615//652 2616//652
f 2616//653 2617//653 2618//653
f 2618//654 2619//654 2620//654
f 2620//2 2621//2 2622//2
f 2622//2 2623//2 2624//2
f 2624//2 2625//2 2626//2
f 2626//2 2627//2 2628//2
f 2628//596 2629//596 2630//596
f 2630//2 2631//2 2632//2
f 2632//600 2633//600 2602//600
f 2602//2 2604//2 2606//2
f 2606//2 2608//2 2610//2
f 2610//2 2612//2 2614//2
f 2614//68 2616//68 2618//68
f 2618//2 2620//2 2622//2
f 2622//68 2624//68 2626//68
f 2626//68 2628//68 2630//68
f 2630//68 2632//68 2602//68
f 2602//2 2606//2 2610//2
f 2610//2 2614//2 2618//2
f 2618//2 2622//2 2626//2
f 2626//2 2630//2 2602//2
f 2602//2 2610//2 2618//2
f 2618//2 2626//2 2602//2
f 2634//1 2635//1 2636//1
f 2636//171 2637//171 2638//171
f 2638//655 2639//655 2640//655
f 2640//1 2641//1 2642//1
f 2642//1 2643//1 2644//1
f 2644//1 2645//1 2646//1
f 2646//1 2647//1 2648//1
f 2648//1 2649//1 2650//1
f 2650//1 2651//1 2652//1
f 2652//1 2653//1 2654//1
f 2654//604 2655//604 2656//604
f 2656//602 2657//602 2658//602
f 2658//1 2659//1 2660//1
f 2660//604 2661//604 2662//604
f 2662//1 2663//1 2664//1
f 2664//605 2665//605 2634//605
f 2634//1 2636//1 2638//1
f 2638//171 2640//171 2642//171
f 2642//171 2644//171 2646//171
f 2646//1 2648//1 2650//1
f 2650//1 2652//1 2654//1
f 2654//1 2656//1 2658//1
f 2658//1 2660//1 2662//1
f 2662//1 2664//1 2634//1
f 2634//1 2638//1 2642//1
f 2642//1 2646//1 2650//1
f 2650//1 2654//1 2658//1
f 2658//1 2662//1 2634//1
f 2634//1 2642//1 2650//1
f 2650//1 2658//1 2634//1
f 2605//656 2604//656 2637//656
f 2640//660 2639//660 2602//660
f 2602//660 2633//660 2640//660
f 2631//665 2630//665 2643//665
f 2627//667 2626//667 2647//667
f 2648//640 2647//640 2626//640
f 2651//668 2650//668 2623//668
f 2623//668 2622//668 2651//668
f 2655//671 2654//671 2619//671
f 2619//671 2618//671 2655//671
f 2657//672 2656//672 2617//672
f 2617//612 2616//612 2657//612
f 2616//674 2615//674 2658//674
f 2662//678 2661//678 2612//678
f 2612//678 2611//678 2662//678
f 2635//21 2606//21 2605//21
f 2605//21 2636//21 2635//21
f 2666//1 2667//1 2668//1
f 2668//1 2669//1 2666//1
f 2670//2 2671//2 2672//2
f 2672//2 2673//2 2670//2
f 2673//594 2672//594 2669//594
f 2669//594 2668//594 2673//594
f 2672//647 2671//647 2666//647
f 2666//647 2669//647 2672//647
f 2671//592 2670//592 2667//592
f 2667//592 2666//592 2671//592
f 2670//646 2673//646 2668//646
f 2668//646 2667//646 2670//646
f 2674//2 2666//2 2669//2
f 2668//2 2667//2 2675//2
f 2676//2 2674//2 2669//2
f 2668//2 2675//2 2677//2
f 2677//2 2676//2 2669//2
f 2669//2 2668//2 2677//2
f 2678//1 2679//1 2680//1
f 2681//1 2682//1 2683//1
f 2684//1 2678//1 2680//1
f 2681//1 2683//1 2685//1
f 2685//1 2684//1 2680//1
f 2680//1 2681//1 2685//1
f 2681//594 2680//594 2668//594
f 2668//594 2669//594 2681//594
f 2682//647 2681//647 2669//647
f 2669//647 2666//647 2682//647
f 2683//682 2682//682 2666//682
f 2666//682 2674//682 2683//682
f 2685//651 2683//651 2674//651
f 2674//651 2676//651 2685//651
f 2684//683 2685//683 2676//683
f 2676//683 2677//683 2684//683
f 2678//684 2684//684 2677//684
f 2677//684 2675//684 2678//684
f 2679//685 2678//685 2675//685
f 2675//685 2667//685 2679//685
f 2680//646 2679//646 2667//646
f 2667//646 2668//646 2680//646
f 2686//686 2687//686 2688//686
f 2689//687 2690//687 2691//687
f 2692//686 2686//686 2688//686
f 2689//687 2691//687 2693//687
f 2693//688 2692//688 2688//688
f 2688//689 2689//689 2693//689
f 2694//690 2695//690 2696//690
f 2697//690 2698//690 2699//690
f 2700//690 2694//690 2696//690
f 2697//690 2699//690 2701//690
f 2701//691 2700//691 2696//691
f 2696//692 2697//692 2701//692
f 2702//2 2703//2 2689//2
f 2689//2 2688//2 2704//2
f 2705//2 2697//2 2696//2
f 2696//2 2706//2 2707//2
f 2707//2 2708//2 2709//2
f 2709//2 2710//2 2702//2
f 2702//2 2689//2 2704//2
f 2711//2 2705//2 2696//2
f 2696//2 2707//2 2709//2
f 2709//2 2702//2 2704//2
f 2712//2 2711//2 2696//2
f 2709//2 2704//2 2713//2
f 2714//2 2712//2 2696//2
f 2709//2 2713//2 2715//2
f 2714//2 2696//2 2709//2
f 2709//2 2715//2 2714//2
f 2716//693 2690//693 2689//693
f 2689//693 2703//693 2716//693
f 2717//694 2716//694 2703//694
f 2703//694 2702//694 2717//694
f 2718//695 2717//695 2702//695
f 2702//695 2710//695 2718//695
f 2719//696 2718//696 2710//696
f 2710//696 2709//696 2719//696
f 2720//697 2719//697 2709//697
f 2709//697 2708//697 2720//697
f 2721//698 2720//698 2708//698
f 2708//698 2707//698 2721//698
f 2722//699 2721//699 2707//699
f 2707//699 2706//699 2722//699
f 2722//700 2706//700 2696//700
f 2696//700 2695//700 2722//700
f 2723//1 2691//1 2690//1
f 2690//1 2716//1 2717//1
f 2717//1 2718//1 2719//1
f 2719//1 2720//1 2721//1
f 2721//1 2722//1 2695//1
f 2695//1 2694//1 2724//1
f 2723//1 2690//1 2717//1
f 2721//1 2695//1 2724//1
f 2725//1 2723//1 2717//1
f 2721//1 2724//1 2726//1
f 2727//1 2725//1 2717//1
f 2721//1 2726//1 2728//1
f 2727//1 2717//1 2719//1
f 2719//1 2721//1 2728//1
f 2729//1 2727//1 2719//1
f 2719//1 2728//1 2729//1
f 2730//701 2693//701 2691//701
f 2691//701 2723//701 2730//701
f 2731//702 2730//702 2723//702
f 2723//702 2725//702 2731//702
f 2732//703 2731//703 2725//703
f 2725//703 2727//703 2732//703
f 2733//704 2732//704 2727//704
f 2727//704 2729//704 2733//704
f 2734//705 2733//705 2729//705
f 2729//705 2728//705 2734//705
f 2735//706 2734//706 2728//706
f 2728//706 2726//706 2735//706
f 2736//707 2735//707 2726//707
f 2726//707 2724//707 2736//707
f 2736//708 2724//708 2694//708
f 2694//708 2700//708 2736//708
f 2737//1 2692//1 2693//1
f 2693//1 2730//1 2731//1
f 2731//1 2732//1 2733//1
f 2733//1 2734//1 2735//1
f 2735//1 2736//1 2700//1
f 2700//1 2701//1 2738//1
f 2739//1 2737//1 2693//1
f 2693//1 2731//1 2733//1
f 2733//1 2735//1 2700//1
f 2700//1 2738//1 2740//1
f 2741//1 2739//1 2693//1
f 2733//1 2700//1 2740//1
f 2742//171 2741//171 2693//171
f 2733//1 2740//1 2743//1
f 2742//1 2693//1 2733//1
f 2733//1 2743//1 2742//1
f 2744//709 2686//709 2692//709
f 2692//709 2737//709 2744//709
f 2745//710 2744//710 2737//710
f 2737//710 2739//710 2745//710
f 2746//711 2745//711 2739//711
f 2739//711 2741//711 2746//711
f 2747//712 2746//712 2741//712
f 2741//712 2742//712 2747//712
f 2748//713 2747//713 2742//713
f 2742//713 2743//713 2748//713
f 2749//714 2748//714 2743//714
f 2743//714 2740//714 2749//714
f 2750//715 2749//715 2740//715
f 2740//715 2738//715 2750//715
f 2750//716 2738//716 2701//716
f 2701//716 2699//716 2750//716
f 2751//1 2687//1 2686//1
f 2686//1 2744//1 2745//1
f 2745//1 2746//1 2747//1
f 2747//1 2748//1 2749//1
f 2749//1 2750//1 2699//1
f 2699//1 2698//1 2752//1
f 2751//1 2686//1 2745//1
f 2749//1 2699//1 2752//1
f 2753//1 2751//1 2745//1
f 2749//1 2752//1 2754//1
f 2755//1 2753//1 2745//1
f 2749//1 2754//1 2756//1
f 2755//1 2745//1 2747//1
f 2747//1 2749//1 2756//1
f 2757//1 2755//1 2747//1
f 2747//1 2756//1 2757//1
f 2704//717 2688//717 2687//717
f 2687//717 2751//717 2704//717
f 2713//718 2704//718 2751//718
f 2751//718 2753//718 2713//718
f 2715//719 2713//719 2753//719
f 2753//719 2755//719 2715//719
f 2714//720 2715//720 2755//720
f 2755//720 2757//720 2714//720
f 2712//721 2714//721 2757//721
f 2757//721 2756//721 2712//721
f 2711//722 2712//722 2756//722
f 2756//722 2754//722 2711//722
f 2705//723 2711//723 2754//723
f 2754//723 2752//723 2705//723
f 2705//724 2752//724 2698//724
f 2698//724 2697//724 2705//724
f 2758//725 2759//725 2760//725
f 2761//726 2762//726 2763//726
f 2764//725 2758//725 2760//725
f 2761//726 2763//726 2765//726
f 2765//727 2764//727 2760//727
f 2760//728 2761//728 2765//728
f 2766//729 2767//729 2768//729
f 2769//729 2770//729 2771//729
f 2772//729 2766//729 2768//729
f 2769//729 2771//729 2773//729
f 2773//730 2772//730 2768//730
f 2768//731 2769//731 2773//731
f 2769//2 2768//2 2761//2
f 2761//2 2760//2 2769//2
f 2770//732 2769//732 2760//732
f 2760//732 2759//732 2770//732
f 2771//1 2770//1 2759//1
f 2759//1 2758//1 2771//1
f 2773//595 2771//595 2758//595
f 2758//595 2764//595 2773//595
f 2772//1 2773//1 2764//1
f 2764//1 2765//1 2772//1
f 2766//733 2772//733 2765//733
f 2765//733 2763//733 2766//733
f 2767//1 2766//1 2763//1
f 2763//1 2762//1 2767//1
f 2768//734 2767//734 2762//734
f 2762//734 2761//734 2768//734
f 2769//1 2774//1 2775//1
f 2775//1 2776//1 2769//1
f 2777//592 2769//592 2776//592
f 2776//592 2778//592 2777//592
f 2776//735 2775//735 2779//735
f 2779//736 2780//736 2778//736
f 2778//735 2776//735 2779//735
f 2781//737 2782//737 2783//737
f 2784//738 2782//738 2781//738
f 2781//738 2785//738 2784//738
f 2786//2 2783//2 2782//2
f 2782//2 2784//2 2786//2
f 2787//2 2777//2 2778//2
f 2778//2 2780//2 2785//2
f 2785//2 2781//2 2787//2
f 2787//2 2778//2 2785//2
f 2781//739 2783//739 2788//739
f 2788//740 2787//740 2781//740
f 2786//741 2779//741 2775//741
f 2775//742 2774//742 2788//742
f 2783//743 2786//743 2775//743
f 2775//744 2788//744 2783//744
f 2784//745 2785//745 2786//745
f 2786//746 2785//746 2780//746
f 2780//747 2779//747 2786//747
f 2769//748 2777//748 2787//748
f 2787//749 2788//749 2774//749
f 2774//750 2769//750 2787//750
f 2761//1 2789//1 2790//1
f 2790//1 2791//1 2761//1
f 2792//594 2761//594 2791//594
f 2791//594 2793//594 2792//594
f 2791//732 2790//732 2794//732
f 2794//751 2795//751 2793//751
f 2793//732 2791//732 2794//732
f 2796//745 2797//745 2798//745
f 2799//752 2797//752 2796//752
f 2796//752 2800//752 2799//752
f 2801//2 2798//2 2797//2
f 2797//2 2799//2 2801//2
f 2802//2 2792//2 2793//2
f 2793//2 2795//2 2800//2
f 2800//2 2796//2 2802//2
f 2802//2 2793//2 2800//2
f 2796//753 2798//753 2803//753
f 2803//753 2802//753 2796//753
f 2801//754 2794//754 2790//754
f 2790//592 2789//592 2803//592
f 2798//755 2801//755 2790//755
f 2790//756 2803//756 2798//756
f 2799//757 2800//757 2801//757
f 2801//758 2800//758 2795//758
f 2795//759 2794//759 2801//759
f 2761//760 2792//760 2802//760
f 2802//649 2803//649 2789//649
f 2789//761 2761//761 2802//761
f 2804//762 2805//762 2806//762
f 2806//763 2807//763 2808//763
f 2808//764 2809//764 2804//764
f 2804//765 2806//765 2808//765
f 2810//766 2811//766 2812//766
f 2812//592 2813//592 2814//592
f 2814//767 2815//767 2810//767
f 2810//768 2812//768 2814//768
f 2813//1 2812//1 2807//1
f 2807//1 2806//1 2813//1
f 2814//769 2813//769 2806//769
f 2806//769 2805//769 2814//769
f 2815//770 2814//770 2805//770
f 2805//771 2804//771 2815//771
f 2810//2 2815//2 2804//2
f 2804//2 2809//2 2810//2
f 2811//772 2810//772 2809//772
f 2809//772 2808//772 2811//772
f 2812//748 2811//748 2808//748
f 2808//748 2807//748 2812//748
f 2816//766 2817//766 2818//766
f 2818//592 2819//592 2820//592
f 2820//767 2821//767 2816//767
f 2816//768 2818//768 2820//768
f 2822//773 2823//773 2824//773
f 2824//594 2825//594 2826//594
f 2826//764 2827//764 2822//764
f 2822//774 2824//774 2826//774
f 2825//1 2824//1 2819//1
f 2819//1 2818//1 2825//1
f 2826//748 2825//748 2818//748
f 2818//748 2817//748 2826//748
f 2827//772 2826//772 2817//772
f 2817//772 2816//772 2827//772
f 2822//2 2827//2 2816//2
f 2816//2 2821//2 2822//2
f 2823//775 2822//775 2821//775
f 2821//776 2820//776 2823//776
f 2824//777 2823//777 2820//777
f 2820//777 2819//777 2824//777
f 2828//2 2829//2 2830//2
f 2830//2 2831//2 2828//2
f 2832//1 2833//1 2834//1
f 2834//1 2835//1 2832//1
f 2835//630 2834//630 2831//630
f 2831//630 2830//630 2835//630
f 2832//640 2835//640 2830//640
f 2830//640 2829//640 2832//640
f 2833//611 2832//611 2829//611
f 2829//611 2828//611 2833//611
f 2834//622 2833//622 2828//622
f 2828//622 2831//622 2834//622
f 2836//2 2837//2 2838//2
f 2838//778 2839//778 2840//778
f 2840//2 2841//2 2842//2
f 2842//2 2843//2 2844//2
f 2844//2 2845//2 2846//2
f 2846//601 2847//601 2848//601
f 2848//2 2849//2 2850//2
f 2850//2 2851//2 2852//2
f 2852//2 2853//2 2854//2
f 2854//2 2855//2 2856//2
f 2856//778 2857//778 2858//778
f 2858//2 2859//2 2860//2
f 2860//596 2861//596 2862//596
f 2862//2 2863//2 2864//2
f 2864//2 2865//2 2866//2
f 2866//2 2867//2 2836//2
f 2836//2 2838//2 2840//2
f 2840//2 2842//2 2844//2
f 2844//68 2846//68 2848//68
f 2848//2 2850//2 2852//2
f 2852//2 2854//2 2856//2
f 2856//2 2858//2 2860//2
f 2860//2 2862//2 2864//2
f 2864//68 2866//68 2836//68
f 2836//2 2840//2 2844//2
f 2844//2 2848//2 2852//2
f 2852//2 2856//2 2860//2
f 2860//2 2864//2 2836//2
f 2836//2 2844//2 2852//2
f 2852//2 2860//2 2836//2
f 2868//604 2869//604 2870//604
f 2870//1 2871//1 2872//1
f 2872//1 2873//1 2874//1
f 2874//779 2875//779 2876//779
f 2876//604 2877//604 2878//604
f 2878//604 2879//604 2880//604
f 2880//171 2881//171 2882//171
f 2882//604 2883//604 2884//604
f 2884//171 2885//171 2886//171
f 2886//603 2887//603 2888//603
f 2888//655 2889//655 2890//655
f 2890//1 2891//1 2892//1
f 2892//1 2893//1 2894//1
f 2894//171 2895//171 2896//171
f 2896//1 2897//1 2898//1
f 2898//1 2899//1 2868//1
f 2868//171 2870//171 2872//171
f 2872//171 2874//171 2876//171
f 2876//1 2878//1 2880//1
f 2880//1 2882//1 2884//1
f 2884//605 2886//605 2888//605
f 2888//605 2890//605 2892//605
f 2892//1 2894//1 2896//1
f 2896//1 2898//1 2868//1
f 2868//605 2872//605 2876//605
f 2876//1 2880//1 2884//1
f 2884//1 2888//1 2892//1
f 2892//1 2896//1 2868//1
f 2868//1 2876//1 2884//1
f 2884//1 2892//1 2868//1
f 2872//614 2871//614 2838//614
f 2838//614 2837//614 2872//614
f 2874//782 2873//782 2836//782
f 2836//782 2867//782 2874//782
f 2867//783 2866//783 2875//783
f 2880//789 2879//789 2862//789
f 2862//789 2861//789 2880//789
f 2883//793 2882//793 2859//793
f 2859//793 2858//793 2883//793
f 2854//797 2853//797 2888//797
f 2890//800 2889//800 2852//800
f 2852//801 2851//801 2890//801
f 2851//803 2850//803 2891//803
f 2893//805 2892//805 2849//805
f 2849//805 2848//805 2893//805
f 2898//812 2897//812 2844//812
f 2844//812 2843//812 2898//812
f 2869//670 2868//670 2841//670
f 2841//670 2840//670 2869//670
f 2900//1 2901//1 2902//1
f 2902//1 2903//1 2900//1
f 2904//2 2905//2 2906//2
f 2906//2 2907//2 2904//2
f 2907//630 2906//630 2903//630
f 2903//630 2902//630 2907//630
f 2906//640 2905//640 2900//640
f 2900//640 2903//640 2906//640
f 2905//611 2904//611 2901//611
f 2901//611 2900//611 2905//611
f 2904//622 2907//622 2902//622
f 2902//622 2901//622 2904//622
f 2908//2 2900//2 2903//2
f 2902//2 2901//2 2909//2
f 2910//2 2908//2 2903//2
f 2902//2 2909//2 2911//2
f 2911//2 2910//2 2903//2
f 2903//2 2902//2 2911//2
f 2912//1 2913//1 2914//1
f 2915//1 2916//1 2917//1
f 2918//1 2912//1 2914//1
f 2915//1 2917//1 2919//1
f 2919//1 2918//1 2914//1
f 2914//1 2915//1 2919//1
f 2915//630 2914//630 2902//630
f 2902//630 2903//630 2915//630
f 2916//640 2915//640 2903//640
f 2903//640 2900//640 2916//640
f 2917//611 2916//611 2900//611
f 2900//611 2908//611 2917//611
f 2919//817 2917//817 2908//817
f 2908//817 2910//817 2919//817
f 2918//611 2919//611 2910//611
f 2910//611 2911//611 2918//611
f 2912//818 2918//818 2911//818
f 2911//818 2909//818 2912//818
f 2913//611 2912//611 2909//611
f 2909//611 2901//611 2913//611
f 2914//622 2913//622 2901//622
f 2901//622 2902//622 2914//622
f 2920//2 2921//2 2922//2
f 2922//2 2923//2 2920//2
f 2924//1 2925//1 2926//1
f 2926//1 2927//1 2924//1
f 2927//611 2926//611 2923//611
f 2923//611 2922//611 2927//611
f 2924//622 2927//622 2922//622
f 2922//622 2921//622 2924//622
f 2925//630 2924//630 2921//630
f 2921//630 2920//630 2925//630
f 2926//640 2925//640 2920//640
f 2920//640 2923//640 2926//640
f 2928//2 2929//2 2930//2
f 2930//2 2931//2 2932//2
f 2932//778 2933//778 2934//778
f 2934//2 2935//2 2936//2
f 2936//596 2937//596 2938//596
f 2938//2 2939//2 2940//2
f 2940//2 2941//2 2942//2
f 2942//654 2943//654 2944//654
f 2944//2 2945//2 2946//2
f 2946//2 2947//2 2948//2
f 2948//201 2949//201 2950//201
f 2950//2 2951//2 2952//2
f 2952//778 2953//778 2954//778
f 2954//2 2955//2 2956//2
f 2956//2 2957//2 2958//2
f 2958//600 2959//600 2928//600
f 2928//201 2930//201 2932//201
f 2932//2 2934//2 2936//2
f 2936//2 2938//2 2940//2
f 2940//201 2942//201 2944//201
f 2944//201 2946//201 2948//201
f 2948//2 2950//2 2952//2
f 2952//2 2954//2 2956//2
f 2956//68 2958//68 2928//68
f 2928//2 2932//2 2936//2
f 2936//2 2940//2 2944//2
f 2944//2 2948//2 2952//2
f 2952//2 2956//2 2928//2
f 2928//2 2936//2 2944//2
f 2944//2 2952//2 2928//2
f 2960//171 2961//171 2962//171
f 2962//1 2963//1 2964//1
f 2964//655 2965//655 2966//655
f 2966//1 2967//1 2968//1
f 2968//1 2969//1 2970//1
f 2970//171 2971//171 2972//171
f 2972//171 2973//171 2974//171
f 2974//604 2975//604 2976//604
f 2976//604 2977//604 2978//604
f 2978//1 2979//1 2980//1
f 2980//1 2981//1 2982//1
f 2982//779 2983//779 2984//779
f 2984//1 2985//1 2986//1
f 2986//604 2987//604 2988//604
f 2988//605 2989//605 2990//605
f 2990//1 2991//1 2960//1
f 2960//1 2962//1 2964//1
f 2964//1 2966//1 2968//1
f 2968//1 2970//1 2972//1
f 2972//1 2974//1 2976//1
f 2976//1 2978//1 2980//1
f 2980//1 2982//1 2984//1
f 2984//1 2986//1 2988//1
f 2988//1 2990//1 2960//1
f 2960//1 2964//1 2968//1
f 2968//1 2972//1 2976//1
f 2976//1 2980//1 2984//1
f 2984//1 2988//1 2960//1
f 2960//1 2968//1 2976//1
f 2976//1 2984//1 2960//1
f 2964//819 2963//819 2930//819
f 2930//797 2929//797 2964//797
f 2967//803 2966//803 2959//803
f 2959//803 2958//803 2967//803
f 2972//809 2971//809 2954//809
f 2954//809 2953//809 2972//809
f 2975//813 2974//813 2951//813
f 2951//813 2950//813 2975//813
f 2982//822 2981//822 2944//822
f 2944//782 2943//782 2982//782
f 2985//824 2984//824 2941//824
f 2941//785 2940//785 2985//785
f 2938//789 2937//789 2988//789
f 2990//792 2989//792 2936//792
f 2936//792 2935//792 2990//792
f 2935//793 2934//793 2991//793
f 2961//657 2960//657 2933//657
f 2933//657 2932//657 2961//657
f 2992//1 2993//1 2994//1
f 2994//1 2995//1 2992//1
f 2996//2 2997//2 2998//2
f 2998//2 2999//2 2996//2
f 2999//611 2998//611 2995//611
f 2995//611 2994//611 2999//611
f 2998//622 2997//622 2992//622
f 2992//622 2995//622 2998//622
f 2997//630 2996//630 2993//630
f 2993//630 2992//630 2997//630
f 2996//640 2999//640 2994//640
f 2994//640 2993//640 2996//640
f 3000//2 2992//2 2995//2
f 2994//2 2993//2 3001//2
f 3002//2 3000//2 2995//2
f 2994//2 3001//2 3003//2
f 3003//2 3002//2 2995//2
f 2995//2 2994//2 3003//2
f 3004//1 3005//1 3006//1
f 3007//1 3008//1 3009//1
f 3010//1 3004//1 3006//1
f 3007//1 3009//1 3011//1
f 3011//1 3010//1 3006//1
f 3006//1 3007//1 3011//1
f 3007//611 3006//611 2994//611
f 2994//611 2995//611 3007//611
f 3008//622 3007//622 2995//622
f 2995//622 2992//622 3008//622
f 3009//630 3008//630 2992//630
f 2992//630 3000//630 3009//630
f 3011//640 3009//640 3000//640
f 3000//640 3002//640 3011//640
f 3010//630 3011//630 3002//630
f 3002//630 3003//630 3010//630
f 3004//622 3010//622 3003//622
f 3003//622 3001//622 3004//622
f 3005//630 3004//630 3001//630
f 3001//630 2993//630 3005//630
f 3006//640 3005//640 2993//640
f 2993//640 2994//640 3006//640
f 3012//825 3013//825 3014//825
f 3015//622 3016//622 3017//622
f 3018//825 3012//825 3014//825
f 3015//622 3017//622 3019//622
f 3019//826 3018//826 3014//826
f 3014//622 3015//622 3019//622
f 3020//827 3021//827 3022//827
f 3023//827 3024//827 3025//827
f 3026//827 3020//827 3022//827
f 3023//827 3025//827 3027//827
f 3027//828 3026//828 3022//828
f 3022//829 3023//829 3027//829
f 3028//2 3029//2 3015//2
f 3015//2 3014//2 3030//2
f 3031//2 3023//2 3022//2
f 3022//2 3032//2 3033//2
f 3033//2 3034//2 3035//2
f 3035//2 3036//2 3028//2
f 3028//2 3015//2 3030//2
f 3037//2 3031//2 3022//2
f 3022//2 3033//2 3035//2
f 3035//2 3028//2 3030//2
f 3038//2 3037//2 3022//2
f 3035//2 3030//2 3039//2
f 3040//2 3038//2 3022//2
f 3035//2 3039//2 3041//2
f 3040//2 3022//2 3035//2
f 3035//2 3041//2 3040//2
f 3042//830 3016//830 3015//830
f 3015//830 3029//830 3042//830
f 3043//831 3042//831 3029//831
f 3029//831 3028//831 3043//831
f 3044//832 3043//832 3028//832
f 3028//832 3036//832 3044//832
f 3045//833 3044//833 3036//833
f 3036//833 3035//833 3045//833
f 3046//834 3045//834 3035//834
f 3035//834 3034//834 3046//834
f 3047//835 3046//835 3034//835
f 3034//835 3033//835 3047//835
f 3048//836 3047//836 3033//836
f 3033//836 3032//836 3048//836
f 3048//837 3032//837 3022//837
f 3022//837 3021//837 3048//837
f 3049//1 3017//1 3016//1
f 3016//1 3042//1 3043//1
f 3043//1 3044//1 3045//1
f 3045//1 3046//1 3047//1
f 3047//1 3048//1 3021//1
f 3021//1 3020//1 3050//1
f 3049//1 3016//1 3043//1
f 3047//1 3021//1 3050//1
f 3051//1 3049//1 3043//1
f 3047//1 3050//1 3052//1
f 3053//1 3051//1 3043//1
f 3047//1 3052//1 3054//1
f 3053//1 3043//1 3045//1
f 3045//1 3047//1 3054//1
f 3055//1 3053//1 3045//1
f 3045//1 3054//1 3055//1
f 3056//838 3019//838 3017//838
f 3017//838 3049//838 3056//838
f 3057//839 3056//839 3049//839
f 3049//839 3051//839 3057//839
f 3058//840 3057//840 3051//840
f 3051//840 3053//840 3058//840
f 3059//841 3058//841 3053//841
f 3053//841 3055//841 3059//841
f 3060//842 3059//842 3055//842
f 3055//842 3054//842 3060//842
f 3061//843 3060//843 3054//843
f 3054//843 3052//843 3061//843
f 3062//844 3061//844 3052//844
f 3052//844 3050//844 3062//844
f 3062//845 3050//845 3020//845
f 3020//845 3026//845 3062//845
f 3063//1 3018//1 3019//1
f 3019//1 3056//1 3057//1
f 3057//1 3058//1 3059//1
f 3059//1 3060//1 3061//1
f 3061//1 3062//1 3026//1
f 3026//1 3027//1 3064//1
f 3065//1 3063//1 3019//1
f 3019//1 3057//1 3059//1
f 3059//1 3061//1 3026//1
f 3026//1 3064//1 3066//1
f 3067//1 3065//1 3019//1
f 3059//1 3026//1 3066//1
f 3068//1 3067//1 3019//1
f 3059//1 3066//1 3069//1
f 3068//1 3019//1 3059//1
f 3059//1 3069//1 3068//1
f 3070//846 3012//846 3018//846
f 3018//846 3063//846 3070//846
f 3071//847 3070//847 3063//847
f 3063//847 3065//847 3071//847
f 3072//848 3071//848 3065//848
f 3065//848 3067//848 3072//848
f 3073//849 3072//849 3067//849
f 3067//849 3068//849 3073//849
f 3074//850 3073//850 3068//850
f 3068//850 3069//850 3074//850
f 3075//851 3074//851 3069//851
f 3069//851 3066//851 3075//851
f 3076//852 3075//852 3066//852
f 3066//852 3064//852 3076//852
f 3076//853 3064//853 3027//853
f 3027//853 3025//853 3076//853
f 3077//1 3013//1 3012//1
f 3012//1 3070//1 3071//1
f 3071//1 3072//1 3073//1
f 3073//1 3074//1 3075//1
f 3075//1 3076//1 3025//1
f 3025//1 3024//1 3078//1
f 3077//1 3012//1 3071//1
f 3075//1 3025//1 3078//1
f 3079//1 3077//1 3071//1
f 3075//1 3078//1 3080//1
f 3081//1 3079//1 3071//1
f 3075//1 3080//1 3082//1
f 3081//1 3071//1 3073//1
f 3073//1 3075//1 3082//1
f 3083//1 3081//1 3073//1
f 3073//1 3082//1 3083//1
f 3030//854 3014//854 3013//854
f 3013//854 3077//854 3030//854
f 3039//839 3030//839 3077//839
f 3077//839 3079//839 3039//839
f 3041//855 3039//855 3079//855
f 3079//855 3081//855 3041//855
f 3040//856 3041//856 3081//856
f 3081//856 3083//856 3040//856
f 3038//857 3040//857 3083//857
f 3083//857 3082//857 3038//857
f 3037//858 3038//858 3082//858
f 3082//858 3080//858 3037//858
f 3031//859 3037//859 3080//859
f 3080//859 3078//859 3031//859
f 3031//860 3078//860 3024//860
f 3024//860 3023//860 3031//860
f 3084//611 3085//611 3086//611
f 3087//611 3088//611 3089//611
f 3090//611 3084//611 3086//611
f 3087//611 3089//611 3091//611
f 3091//611 3090//611 3086//611
f 3086//611 3087//611 3091//611
f 3092//630 3093//630 3094//630
f 3095//630 3096//630 3097//630
f 3098//630 3092//630 3094//630
f 3095//630 3097//630 3099//630
f 3099//630 3098//630 3094//630
f 3094//630 3095//630 3099//630
f 3095//2 3094//2 3087//2
f 3087//2 3086//2 3095//2
f 3096//640 3095//640 3086//640
f 3086//640 3085//640 3096//640
f 3097//1 3096//1 3085//1
f 3085//1 3084//1 3097//1
f 3099//622 3097//622 3084//622
f 3084//622 3090//622 3099//622
f 3098//1 3099//1 3090//1
f 3090//1 3091//1 3098//1
f 3092//640 3098//640 3091//640
f 3091//640 3089//640 3092//640
f 3093//1 3092//1 3089//1
f 3089//1 3088//1 3093//1
f 3094//622 3093//622 3088//622
f 3088//622 3087//622 3094//622
f 3095//1 3100//1 3101//1
f 3101//1 3094//1 3095//1
f 3102//630 3095//630 3094//630
f 3094//630 3103//630 3102//630
f 3094//861 3101//861 3104//861
f 3104//862 3105//862 3103//862
f 3103//861 3094//861 3104//861
f 3106//863 3107//863 3108//863
f 3109//611 3107//611 3106//611
f 3106//611 3110//611 3109//611
f 3111//2 3108//2 3107//2
f 3107//2 3109//2 3111//2
f 3112//2 3102//2 3103//2
f 3103//2 3105//2 3110//2
f 3110//864 3106//864 3112//864
f 3112//2 3103//2 3110//2
f 3106//865 3108//865 3113//865
f 3113//865 3112//865 3106//865
f 3111//611 3104//611 3101//611
f 3101//611 3100//611 3113//611
f 3108//611 3111//611 3101//611
f 3101//611 3113//611 3108//611
f 3109//866 3110//866 3111//866
f 3111//865 3110//865 3105//865
f 3105//865 3104//865 3111//865
f 3095//640 3102//640 3112//640
f 3112//866 3113//866 3100//866
f 3100//867 3095//867 3112//867
f 3114//1 3115//1 3116//1
f 3116//1 3086//1 3114//1
f 3117//611 3114//611 3086//611
f 3086//611 3118//611 3117//611
f 3086//640 3116//640 3119//640
f 3119//868 3120//868 3118//868
f 3118//640 3086//640 3119//640
f 3121//866 3122//866 3123//866
f 3124//630 3122//630 3121//630
f 3121//630 3125//630 3124//630
f 3126//2 3123//2 3122//2
f 3122//2 3124//2 3126//2
f 3127//2 3117//2 3118//2
f 3118//2 3120//2 3125//2
f 3121//2 3127//2 3118//2
f 3118//2 3125//2 3121//2
f 3121//869 3123//869 3128//869
f 3128//869 3127//869 3121//869
f 3126//630 3119//630 3116//630
f 3116//630 3115//630 3128//630
f 3123//630 3126//630 3116//630
f 3116//630 3128//630 3123//630
f 3124//863 3125//863 3126//863
f 3126//869 3125//869 3120//869
f 3120//869 3119//869 3126//869
f 3114//870 3117//870 3127//870
f 3127//863 3128//863 3115//863
f 3115//871 3114//871 3127//871
f 3129//611 3130//611 3131//611
f 3131//611 3132//611 3133//611
f 3133//611 3134//611 3129//611
f 3129//611 3131//611 3133//611
f 3135//872 3136//872 3137//872
f 3137//630 3138//630 3139//630
f 3139//873 3140//873 3135//873
f 3135//874 3137//874 3139//874
f 3138//1 3137//1 3132//1
f 3132//1 3131//1 3138//1
f 3139//622 3138//622 3131//622
f 3131//622 3130//622 3139//622
f 3140//875 3139//875 3130//875
f 3130//876 3129//876 3140//876
f 3135//2 3140//2 3129//2
f 3129//2 3134//2 3135//2
f 3136//877 3135//877 3134//877
f 3134//878 3133//878 3136//878
f 3137//640 3136//640 3133//640
f 3133//640 3132//640 3137//640
f 3141//630 3142//630 3143//630
f 3143//630 3144//630 3145//630
f 3145//630 3146//630 3141//630
f 3141//630 3143//630 3145//630
f 3147//879 3148//879 3149//879
f 3149//611 3150//611 3151//611
f 3151//880 3152//880 3147//880
f 3147//881 3149//881 3151//881
f 3150//1 3149//1 3144//1
f 3144//1 3143//1 3150//1
f 3151//882 3150//882 3143//882
f 3143//882 3142//882 3151//882
f 3152//877 3151//877 3142//877
f 3142//878 3141//878 3152//878
f 3147//2 3152//2 3141//2
f 3141//2 3146//2 3147//2
f 3148//875 3147//875 3146//875
f 3146//876 3145//876 3148//876
f 3149//883 3148//883 3145//883
f 3145//883 3144//883 3149//883
f 3153//2 3154//2 3155//2
f 3155//2 3156//2 3153//2
f 3157//1 3158//1 3159//1
f 3159//1 3160//1 3157//1
f 3160//884 3159//884 3156//884
f 3156//884 3155//884 3160//884
f 3157//885 3160//885 3155//885
f 3155//885 3154//885 3157//885
f 3158//886 3157//886 3154//886
f 3154//886 3153//886 3158//886
f 3159//887 3158//887 3153//887
f 3153//887 3156//887 3159//887
f 3161//2 3162//2 3163//2
f 3163//2 3164//2 3165//2
f 3165//654 3166//654 3167//654
f 3167//653 3168//653 3169//653
f 3169//68 3170//68 3171//68
f 3171//2 3172//2 3173//2
f 3173//778 3174//778 3175//778
f 3175//2 3176//2 3177//2
f 3177//888 3178//888 3179//888
f 3179//2 3180//2 3181//2
f 3181//2 3182//2 3183//2
f 3183//2 3184//2 3185//2
f 3185//653 3186//653 3187//653
f 3187//2 3188//2 3189//2
f 3189//2 3190//2 3191//2
f 3191//889 3192//889 3161//889
f 3161//2 3163//2 3165//2
f 3165//68 3167//68 3169//68
f 3169//2 3171//2 3173//2
f 3173//2 3175//2 3177//2
f 3177//201 3179//201 3181//201
f 3181//201 3183//201 3185//201
f 3185//2 3187//2 3189//2
f 3189//2 3191//2 3161//2
f 3161//2 3165//2 3169//2
f 3169//2 3173//2 3177//2
f 3177//2 3181//2 3185//2
f 3185//2 3189//2 3161//2
f 3161//2 3169//2 3177//2
f 3177//2 3185//2 3161//2
f 3193//604 3194//604 3195//604
f 3195//1 3196//1 3197//1
f 3197//1 3198//1 3199//1
f 3199//604 3200//604 3201//604
f 3201//605 3202//605 3203//605
f 3203//1 3204//1 3205//1
f 3205//605 3206//605 3207//605
f 3207//1 3208//1 3209//1
f 3209//604 3210//604 3211//604
f 3211//1 3212//1 3213//1
f 3213//603 3214//603 3215//603
f 3215//1 3216//1 3217//1
f 3217//1 3218//1 3219//1
f 3219//1 3220//1 3221//1
f 3221//602 3222//602 3223//602
f 3223//1 3224//1 3193//1
f 3193//1 3195//1 3197//1
f 3197//605 3199//605 3201//605
f 3201//1 3203//1 3205//1
f 3205//1 3207//1 3209//1
f 3209//171 3211//171 3213//171
f 3213//1 3215//1 3217//1
f 3217//1 3219//1 3221//1
f 3221//1 3223//1 3193//1
f 3193//1 3197//1 3201//1
f 3201//1 3205//1 3209//1
f 3209//1 3213//1 3217//1
f 3217//1 3221//1 3193//1
f 3193//1 3201//1 3209//1
f 3209//1 3217//1 3193//1
f 3164//760 3163//760 3196//760
f 3202//896 3201//896 3190//896
f 3190//896 3189//896 3202//896
f 3207//660 3206//660 3185//660
f 3185//900 3184//900 3207//900
f 3183//903 3182//903 3209//903
f 3182//663 3181//663 3210//663
f 3213//905 3212//905 3179//905
f 3214//907 3213//907 3178//907
f 3178//908 3177//908 3214//908
f 3176//910 3175//910 3216//910
f 3218//913 3217//913 3174//913
f 3174//913 3173//913 3218//913
f 3222//670 3221//670 3170//670
f 3170//670 3169//670 3222//670
f 3224//917 3223//917 3168//917
f 3168//611 3167//611 3224//611
f 3194//919 3165//919 3164//919
f 3164//919 3195//919 3194//919
f 3225//1 3226//1 3227//1
f 3227//1 3228//1 3225//1
f 3229//2 3230//2 3231//2
f 3231//2 3232//2 3229//2
f 3232//884 3231//884 3228//884
f 3228//884 3227//884 3232//884
f 3231//920 3230//920 3225//920
f 3225//920 3228//920 3231//920
f 3230//886 3229//886 3226//886
f 3226//886 3225//886 3230//886
f 3229//921 3232//921 3227//921
f 3227//921 3226//921 3229//921
f 3233//2 3225//2 3228//2
f 3227//2 3226//2 3234//2
f 3235//2 3233//2 3228//2
f 3227//2 3234//2 3236//2
f 3236//2 3235//2 3228//2
f 3228//2 3227//2 3236//2
f 3237//1 3238//1 3239//1
f 3240//1 3241//1 3242//1
f 3243//1 3237//1 3239//1
f 3240//1 3242//1 3244//1
f 3244//1 3243//1 3239//1
f 3239//1 3240//1 3244//1
f 3240//884 3239//884 3227//884
f 3227//884 3228//884 3240//884
f 3241//920 3240//920 3228//920
f 3228//920 3225//920 3241//920
f 3242//922 3241//922 3225//922
f 3225//922 3233//922 3242//922
f 3244//923 3242//923 3233//923
f 3233//923 3235//923 3244//923
f 3243//924 3244//924 3235//924
f 3235//924 3236//924 3243//924
f 3237//925 3243//925 3236//925
f 3236//925 3234//925 3237//925
f 3238//922 3237//922 3234//922
f 3234//922 3226//922 3238//922
f 3239//921 3238//921 3226//921
f 3226//921 3227//921 3239//921
f 3245//2 3246//2 3247//2
f 3247//2 3248//2 3245//2
f 3249//1 3250//1 3251//1
f 3251//1 3252//1 3249//1
f 3252//886 3251//886 3248//886
f 3248//886 3247//886 3252//886
f 3249//887 3252//887 3247//887
f 3247//887 3246//887 3249//887
f 3250//884 3249//884 3246//884
f 3246//884 3245//884 3250//884
f 3251//885 3250//885 3245//885
f 3245//885 3248//885 3251//885
f 3253//2 3254//2 3255//2
f 3255//601 3256//601 3257//601
f 3257//600 3258//600 3259//600
f 3259//2 3260//2 3261//2
f 3261//201 3262//201 3263//201
f 3263//2 3264//2 3265//2
f 3265//2 3266//2 3267//2
f 3267//2 3268//2 3269//2
f 3269//2 3270//2 3271//2
f 3271//2 3272//2 3273//2
f 3273//2 3274//2 3275//2
f 3275//653 3276//653 3277//653
f 3277//926 3278//926 3279//926
f 3279//2 3280//2 3281//2
f 3281//654 3282//654 3283//654
f 3283//889 3284//889 3253//889
f 3253//68 3255//68 3257//68
f 3257//68 3259//68 3261//68
f 3261//2 3263//2 3265//2
f 3265//2 3267//2 3269//2
f 3269//68 3271//68 3273//68
f 3273//201 3275//201 3277//201
f 3277//2 3279//2 3281//2
f 3281//2 3283//2 3253//2
f 3253//2 3257//2 3261//2
f 3261//2 3265//2 3269//2
f 3269//2 3273//2 3277//2
f 3277//2 3281//2 3253//2
f 3253//2 3261//2 3269//2
f 3269//2 3277//2 3253//2
f 3285//1 3286//1 3287//1
f 3287//1 3288//1 3289//1
f 3289//1 3290//1 3291//1
f 3291//1 3292//1 3293//1
f 3293//171 3294//171 3295//171
f 3295//1 3296//1 3297//1
f 3297//603 3298//603 3299//603
f 3299//927 3300//927 3301//927
f 3301//1 3302//1 3303//1
f 3303//928 3304//928 3305//928
f 3305//602 3306//602 3307//602
f 3307//927 3308//927 3309//927
f 3309//1 3310//1 3311//1
f 3311//1 3312//1 3313//1
f 3313//1 3314//1 3315//1
f 3315//779 3316//779 3285//779
f 3285//1 3287//1 3289//1
f 3289//171 3291//171 3293//171
f 3293//1 3295//1 3297//1
f 3297//1 3299//1 3301//1
f 3301//171 3303//171 3305//171
f 3305//1 3307//1 3309//1
f 3309//1 3311//1 3313//1
f 3313//171 3315//171 3285//171
f 3285//1 3289//1 3293//1
f 3293//1 3297//1 3301//1
f 3301//1 3305//1 3309//1
f 3309//1 3313//1 3285//1
f 3285//1 3293//1 3301//1
f 3301//1 3309//1 3285//1
f 3288//24 3287//24 3256//24
f 3256//24 3255//24 3288//24
f 3255//929 3254//929 3289//929
f 3298//935 3297//935 3278//935
f 3278//935 3277//935 3298//935
f 3277//609 3276//609 3299//609
f 3301//936 3300//936 3275//936
f 3275//936 3274//936 3301//936
f 3305//938 3304//938 3271//938
f 3271//938 3270//938 3305//938
f 3308//622 3307//622 3268//622
f 3268//622 3267//622 3308//622
f 3261//658 3260//658 3315//658
f 3316//631 3315//631 3260//631
f 3286//665 3257//665 3256//665
f 3317//1 3318//1 3319//1
f 3319//1 3320//1 3317//1
f 3321//2 3322//2 3323//2
f 3323//2 3324//2 3321//2
f 3324//886 3323//886 3320//886
f 3320//886 3319//886 3324//886
f 3323//921 3322//921 3317//921
f 3317//921 3320//921 3323//921
f 3322//884 3321//884 3318//884
f 3318//884 3317//884 3322//884
f 3321//920 3324//920 3319//920
f 3319//920 3318//920 3321//920
f 3325//2 3317//2 3320//2
f 3319//2 3318//2 3326//2
f 3327//2 3325//2 3320//2
f 3319//2 3326//2 3328//2
f 3328//2 3327//2 3320//2
f 3320//2 3319//2 3328//2
f 3329//1 3330//1 3331//1
f 3332//1 3333//1 3334//1
f 3335//1 3329//1 3331//1
f 3332//1 3334//1 3336//1
f 3336//1 3335//1 3331//1
f 3331//1 3332//1 3336//1
f 3332//886 3331//886 3319//886
f 3319//886 3320//886 3332//886
f 3333//921 3332//921 3320//921
f 3320//921 3317//921 3333//921
f 3334//944 3333//944 3317//944
f 3317//944 3325//944 3334//944
f 3336//945 3334//945 3325//945
f 3325//945 3327//945 3336//945
f 3335//946 3336//946 3327//946
f 3327//946 3328//946 3335//946
f 3329//923 3335//923 3328//923
f 3328//923 3326//923 3329//923
f 3330//947 3329//947 3326//947
f 3326//947 3318//947 3330//947
f 3331//920 3330//920 3318//920
f 3318//920 3319//920 3331//920
f 3337//948 3338//948 3339//948
f 3340//949 3341//949 3342//949
f 3343//948 3337//948 3339//948
f 3340//949 3342//949 3344//949
f 3344//950 3343//950 3339//950
f 3339//951 3340//951 3344//951
f 3345//952 3346//952 3347//952
f 3348//952 3349//952 3350//952
f 3351//953 3345//953 3347//953
f 3348//953 3350//953 3352//953
f 3352//954 3351//954 3347//954
f 3347//955 3348//955 3352//955
f 3348//2 3347//2 3340//2
f 3340//2 3339//2 3348//2
f 3349//956 3348//956 3339//956
f 3339//956 3338//956 3349//956
f 3350//1 3349//1 3338//1
f 3338//1 3337//1 3350//1
f 3352//957 3350//957 3337//957
f 3337//957 3343//957 3352//957
f 3351//1 3352//1 3343//1
f 3343//1 3344//1 3351//1
f 3345//885 3351//885 3344//885
f 3344//885 3342//885 3345//885
f 3346//1 3345//1 3342//1
f 3342//1 3341//1 3346//1
f 3347//958 3346//958 3341//958
f 3341//958 3340//958 3347//958
f 3348//1 3353//1 3354//1
f 3354//1 3347//1 3348//1
f 3355//884 3348//884 3347//884
f 3347//884 3356//884 3355//884
f 3347//958 3354//958 3357//958
f 3357//959 3358//959 3356//959
f 3356//958 3347//958 3357//958
f 3359//960 3360//960 3361//960
f 3362//961 3360//961 3359//961
f 3359//961 3363//961 3362//961
f 3364//2 3361//2 3360//2
f 3360//2 3362//2 3364//2
f 3365//2 3355//2 3356//2
f 3356//2 3358//2 3363//2
f 3359//201 3365//201 3356//201
f 3356//2 3363//2 3359//2
f 3359//962 3361//962 3366//962
f 3366//963 3365//963 3359//963
f 3364//964 3357//964 3354//964
f 3354//965 3353//965 3366//965
f 3361//966 3364//966 3354//966
f 3354//967 3366//967 3361//967
f 3362//968 3363//968 3364//968
f 3364//969 3363//969 3358//969
f 3358//970 3357//970 3364//970
f 3348//645 3355//645 3365//645
f 3365//971 3366//971 3353//971
f 3353//972 3348//972 3365//972
f 3340//1 3367//1 3368//1
f 3368//1 3339//1 3340//1
f 3369//886 3340//886 3339//886
f 3339//886 3370//886 3369//886
f 3339//956 3368//956 3371//956
f 3371//973 3372//973 3370//973
f 3370//956 3339//956 3371//956
f 3373//971 3374//971 3375//971
f 3376//974 3374//974 3373//974
f 3373//974 3377//974 3376//974
f 3378//2 3375//2 3374//2
f 3374//2 3376//2 3378//2
f 3379//2 3369//2 3370//2
f 3370//2 3372//2 3377//2
f 3377//201 3373//201 3379//201
f 3379//2 3370//2 3377//2
f 3373//975 3375//975 3380//975
f 3380//976 3379//976 3373//976
f 3378//977 3371//977 3368//977
f 3368//884 3367//884 3380//884
f 3375//978 3378//978 3368//978
f 3368//979 3380//979 3375//979
f 3376//960 3377//960 3378//960
f 3378//980 3377//980 3372//980
f 3372//980 3371//980 3378//980
f 3340//981 3369//981 3379//981
f 3379//960 3380//960 3367//960
f 3367//982 3340//982 3379//982
f 3381//983 3382//983 3383//983
f 3383//984 3384//984 3385//984
f 3385//985 3386//985 3381//985
f 3381//986 3383//986 3385//986
f 3387//987 3388//987 3389//987
f 3389//884 3390//884 3391//884
f 3391//988 3392//988 3387//988
f 3387//989 3389//989 3391//989
f 3390//1 3389//1 3384//1
f 3384//1 3383//1 3390//1
f 3391//990 3390//990 3383//990
f 3383//990 3382//990 3391//990
f 3392//991 3391//991 3382//991
f 3382//991 3381//991 3392//991
f 3387//2 3392//2 3381//2
f 3381//2 3386//2 3387//2
f 3388//992 3387//992 3386//992
f 3386//993 3385//993 3388//993
f 3389//994 3388//994 3385//994
f 3385//994 3384//994 3389//994
f 3393//987 3394//987 3395//987
f 3395//884 3396//884 3397//884
f 3397//988 3398//988 3393//988
f 3393//989 3395//989 3397//989
f 3399//983 3400//983 3401//983
f 3401//886 3402//886 3403//886
f 3403//995 3404//995 3399//995
f 3399//996 3401//996 3403//996
f 3402//1 3401//1 3396//1
f 3396//1 3395//1 3402//1
f 3403//997 3402//997 3395//997
f 3395//997 3394//997 3403//997
f 3404//998 3403//998 3394//998
f 3394//992 3393//992 3404//992
f 3399//2 3404//2 3393//2
f 3393//2 3398//2 3399//2
f 3400//999 3399//999 3398//999
f 3398//999 3397//999 3400//999
f 3401//990 3400//990 3397//990
f 3397//990 3396//990 3401//990
f 3405//1000 3406//1000 3407//1000
f 3407//1001 3406//1001 3408//1001
f 3406//1002 3409//1002 3408//1002
f 3408//1002 3409//1002 3410//1002
f 3409//1003 3411//1003 3410//1003
f 3410//1003 3411//1003 3412//1003
f 3411//1004 3413//1004 3412//1004
f 3412//1004 3413//1004 3414//1004
f 3413//1005 3415//1005 3414//1005
f 3414//1005 3415//1005 3416//1005
f 3415//1006 3417//1006 3416//1006
f 3416//1006 3417//1006 3418//1006
f 3417//1007 3419//1007 3418//1007
f 3418//1007 3419//1007 3420//1007
f 3419//1008 3421//1008 3420//1008
f 3420//1008 3421//1008 3422//1008
f 3421//11 3423//11 3422//11
f 3422//11 3423//11 3424//11
f 3423//1009 3425//1009 3424//1009
f 3424//1009 3425//1009 3426//1009
f 3425//1010 3427//1010 3426//1010
f 3426//1010 3427//1010 3428//1010
f 3427//1011 3429//1011 3428//1011
f 3428//1011 3429//1011 3430//1011
f 3429//1012 3431//1012 3430//1012
f 3430//1012 3431//1012 3432//1012
f 3431//1013 3433//1013 3432//1013
f 3432//1013 3433//1013 3434//1013
f 3433//1014 3435//1014 3434//1014
f 3434//1014 3435//1014 3436//1014
f 3435//1015 3437//1015 3436//1015
f 3436//1015 3437//1015 3438//1015
f 3438//1016 3437//1016 3439//1016
f 3437//1016 3440//1016 3439//1016
f 3439//1017 3440//1017 3441//1017
f 3407//1018 3442//1018 3405//1018
f 3442//1019 3443//1019 3405//1019
f 3405//1019 3443//1019 3444//1019
f 3443//1020 3445//1020 3444//1020
f 3444//1020 3445//1020 3446//1020
f 3445//1021 3447//1021 3446//1021
f 3446//1022 3447//1022 3448//1022
f 3447//1023 3449//1023 3448//1023
f 3448//1023 3449//1023 3450//1023
f 3449//1024 3451//1024 3450//1024
f 3450//1024 3451//1024 3452//1024
f 3451//1025 3453//1025 3452//1025
f 3452//1025 3453//1025 3454//1025
f 3453//1026 3455//1026 3454//1026
f 3454//1026 3455//1026 3456//1026
f 3455//1027 3457//1027 3456//1027
f 3456//1027 3457//1027 3458//1027
f 3457//1028 3459//1028 3458//1028
f 3458//1028 3459//1028 3460//1028
f 3459//1029 3461//1029 3460//1029
f 3460//1029 3461//1029 3462//1029
f 3461//1030 3463//1030 3462//1030
f 3462//1030 3463//1030 3464//1030
f 3463//1031 3465//1031 3464//1031
f 3464//1032 3465//1032 3466//1032
f 3465//1033 3467//1033 3466//1033
f 3466//1033 3467//1033 3468//1033
f 3467//1034 3441//1034 3468//1034
f 3468//1034 3441//1034 3469//1034
f 3441//1017 3440//1017 3469//1017
f 3470//20 3437//20 3471//20
f 3437//20 3435//20 3471//20
f 3471//20 3435//20 3472//20
f 3435//20 3433//20 3472//20
f 3472//20 3433//20 3473//20
f 3474//20 3450//20 3475//20
f 3450//20 3452//20 3475//20
f 3475//20 3452//20 3476//20
f 3452//20 3454//20 3476//20
f 3476//20 3454//20 3477//20
f 3454//20 3456//20 3477//20
f 3477//20 3456//20 3478//20
f 3456//20 3458//20 3478//20
f 3478//20 3458//20 3479//20
f 3458//20 3460//20 3479//20
f 3479//20 3460//20 3480//20
f 3460//20 3462//20 3480//20
f 3480//20 3462//20 3481//20
f 3462//20 3464//20 3481//20
f 3481//20 3464//20 3482//20
f 3464//20 3466//20 3482//20
f 3482//20 3466//20 3483//20
f 3466//20 3468//20 3483//20
f 3483//20 3468//20 3484//20
f 3468//20 3469//20 3484//20
f 3484//20 3469//20 3470//20
f 3469//20 3440//20 3470//20
f 3470//20 3440//20 3437//20
f 3433//20 3431//20 3473//20
f 3431//20 3429//20 3473//20
f 3473//20 3429//20 3485//20
f 3429//20 3427//20 3485//20
f 3485//20 3427//20 3486//20
f 3427//20 3425//20 3486//20
f 3486//20 3425//20 3487//20
f 3425//20 3423//20 3487//20
f 3487//20 3423//20 3488//20
f 3423//20 3421//20 3488//20
f 3488//20 3421//20 3489//20
f 3421//20 3419//20 3489//20
f 3489//20 3419//20 3490//20
f 3419//20 3417//20 3490//20
f 3490//20 3417//20 3491//20
f 3417//20 3415//20 3491//20
f 3491//20 3415//20 3492//20
f 3415//20 3413//20 3492//20
f 3492//20 3413//20 3493//20
f 3413//20 3411//20 3493//20
f 3493//20 3411//20 3494//20
f 3411//20 3409//20 3494//20
f 3494//20 3409//20 3495//20
f 3409//20 3406//20 3495//20
f 3495//20 3406//20 3496//20
f 3406//20 3405//20 3496//20
f 3496//20 3405//20 3497//20
f 3405//20 3444//20 3497//20
f 3497//20 3444//20 3498//20
f 3444//20 3446//20 3498//20
f 3498//20 3446//20 3474//20
f 3446//20 3448//20 3474//20
f 3474//20 3448//20 3450//20
f 3499//24 3500//24 3501//24
f 3500//24 3502//24 3501//24
f 3501//24 3502//24 3503//24
f 3502//24 3504//24 3503//24
f 3503//24 3504//24 3505//24
f 3504//24 3506//24 3505//24
f 3505//24 3506//24 3507//24
f 3506//24 3508//24 3507//24
f 3507//24 3508//24 3509//24
f 3508//24 3510//24 3509//24
f 3509//24 3510//24 3511//24
f 3510//24 3512//24 3511//24
f 3511//24 3512//24 3513//24
f 3512//24 3514//24 3513//24
f 3513//24 3514//24 3515//24
f 3514//24 3516//24 3515//24
f 3515//24 3516//24 3517//24
f 3516//24 3518//24 3517//24
f 3517//24 3518//24 3519//24
f 3518//24 3520//24 3519//24
f 3519//24 3520//24 3521//24
f 3522//24 3523//24 3524//24
f 3523//24 3525//24 3524//24
f 3524//24 3525//24 3526//24
f 3525//24 3527//24 3526//24
f 3526//24 3527//24 3499//24
f 3527//24 3528//24 3499//24
f 3499//24 3528//24 3500//24
f 3520//24 3529//24 3521//24
f 3529//24 3530//24 3521//24
f 3521//24 3530//24 3531//24
f 3530//24 3532//24 3531//24
f 3531//24 3532//24 3533//24
f 3532//24 3534//24 3533//24
f 3533//24 3534//24 3535//24
f 3534//24 3536//24 3535//24
f 3535//24 3536//24 3537//24
f 3536//24 3538//24 3537//24
f 3537//24 3538//24 3539//24
f 3538//24 3540//24 3539//24
f 3539//24 3540//24 3541//24
f 3540//24 3542//24 3541//24
f 3541//24 3542//24 3543//24
f 3542//24 3544//24 3543//24
f 3543//24 3544//24 3545//24
f 3544//24 3546//24 3545//24
f 3545//24 3546//24 3547//24
f 3546//24 3548//24 3547//24
f 3547//24 3548//24 3549//24
f 3548//24 3550//24 3549//24
f 3549//24 3550//24 3551//24
f 3550//24 3552//24 3551//24
f 3551//24 3552//24 3553//24
f 3552//24 3554//24 3553//24
f 3553//24 3554//24 3555//24
f 3554//24 3556//24 3555//24
f 3555//24 3556//24 3557//24
f 3556//24 3558//24 3557//24
f 3557//24 3558//24 3522//24
f 3558//24 3559//24 3522//24
f 3522//24 3559//24 3523//24
f 3560//1035 3561//1035 3562//1035
f 3561//1036 3563//1036 3562//1036
f 3562//1036 3563//1036 3564//1036
f 3563//1037 3565//1037 3564//1037
f 3564//1037 3565//1037 3566//1037
f 3565//1038 3567//1038 3566//1038
f 3566//1038 3567//1038 3568//1038
f 3567//1039 3569//1039 3568//1039
f 3568//1039 3569//1039 3570//1039
f 3569//1040 3571//1040 3570//1040
f 3570//1041 3571//1041 3572//1041
f 3571//1042 3573//1042 3572//1042
f 3572//1042 3573//1042 3574//1042
f 3573//1043 3575//1043 3574//1043
f 3574//1043 3575//1043 3576//1043
f 3575//1044 3577//1044 3576//1044
f 3576//1045 3577//1045 3578//1045
f 3577//1046 3579//1046 3578//1046
f 3578//1046 3579//1046 3580//1046
f 3579//1047 3581//1047 3580//1047
f 3580//1047 3581//1047 3582//1047
f 3581//1048 3583//1048 3582//1048
f 3582//1048 3583//1048 3584//1048
f 3583//1049 3585//1049 3584//1049
f 3584//1049 3585//1049 3586//1049
f 3585//1050 3587//1050 3586//1050
f 3588//1051 3589//1051 3560//1051
f 3589//1 3590//1 3560//1
f 3560//1052 3590//1052 3561//1052
f 3588//1053 3591//1053 3589//1053
f 3591//1054 3592//1054 3589//1054
f 3589//1055 3592//1055 3593//1055
f 3592//1056 3594//1056 3593//1056
f 3593//1056 3594//1056 3595//1056
f 3594//1057 3596//1057 3595//1057
f 3595//1057 3596//1057 3597//1057
f 3596//1058 3598//1058 3597//1058
f 3597//1058 3598//1058 3599//1058
f 3598//1059 3600//1059 3599//1059
f 3599//1059 3600//1059 3601//1059
f 3600//1060 3602//1060 3601//1060
f 3601//1060 3602//1060 3603//1060
f 3602//1061 3604//1061 3603//1061
f 3603//1061 3604//1061 3605//1061
f 3604//1062 3606//1062 3605//1062
f 3605//1062 3606//1062 3607//1062
f 3606//1063 3608//1063 3607//1063
f 3607//1063 3608//1063 3609//1063
f 3608//1064 3610//1064 3609//1064
f 3609//1064 3610//1064 3611//1064
f 3610//1065 3612//1065 3611//1065
f 3611//1065 3612//1065 3613//1065
f 3612//1066 3614//1066 3613//1066
f 3613//1066 3614//1066 3615//1066
f 3614//1067 3616//1067 3615//1067
f 3615//1067 3616//1067 3617//1067
f 3616//1068 3618//1068 3617//1068
f 3617//1068 3618//1068 3619//1068
f 3618//1069 3620//1069 3619//1069
f 3619//1070 3620//1070 3587//1070
f 3620//1071 3621//1071 3587//1071
f 3587//1050 3621//1050 3586//1050
f 3622//20 3623//20 3624//20
f 3623//20 3625//20 3624//20
f 3624//20 3625//20 3626//20
f 3622//20 3627//20 3623//20
f 3627//20 3628//20 3623//20
f 3623//20 3628//20 3629//20
f 3629//20 3630//20 3623//20
f 3630//20 3631//20 3623//20
f 3623//20 3631//20 3632//20
f 3631//20 3633//20 3632//20
f 3626//20 3634//20 3624//20
f 3634//20 3635//20 3624//20
f 3624//20 3635//20 3636//20
f 3637//20 3638//20 3639//20
f 3638//20 3624//20 3639//20
f 3639//432 3624//432 3640//432
f 3624//20 3636//20 3640//20
f 3631//20 3641//20 3633//20
f 3641//432 3642//432 3633//432
f 3633//433 3642//433 3643//433
f 3643//20 3644//20 3633//20
f 3644//432 3645//432 3633//432
f 3633//20 3645//20 3646//20
f 3647//24 3648//24 3649//24
f 3649//24 3650//24 3647//24
f 3650//24 3651//24 3647//24
f 3647//24 3651//24 3652//24
f 3653//1072 3637//1072 3639//1072
f 3624//1073 3638//1073 3654//1073
f 3655//1074 3653//1074 3656//1074
f 3656//1075 3657//1075 3655//1075
f 3657//1076 3658//1076 3655//1076
f 3655//1077 3658//1077 3659//1077
f 3658//1078 3660//1078 3659//1078
f 3659//1079 3660//1079 3661//1079
f 3660//502 3662//502 3661//502
f 3661//1080 3662//1080 3663//1080
f 3664//1081 3665//1081 3666//1081
f 3665//1082 3663//1082 3666//1082
f 3666//1083 3663//1083 3667//1083
f 3663//446 3662//446 3667//446
f 3653//1084 3639//1084 3656//1084
f 3639//1085 3640//1085 3656//1085
f 3656//1085 3640//1085 3668//1085
f 3640//1086 3636//1086 3668//1086
f 3668//1086 3636//1086 3669//1086
f 3636//1087 3635//1087 3669//1087
f 3669//1087 3635//1087 3670//1087
f 3635//1088 3634//1088 3670//1088
f 3670//1088 3634//1088 3671//1088
f 3634//1089 3626//1089 3671//1089
f 3671//1089 3626//1089 3672//1089
f 3626//1090 3625//1090 3672//1090
f 3672//1090 3625//1090 3673//1090
f 3625//1091 3623//1091 3673//1091
f 3673//1092 3623//1092 3674//1092
f 3623//1093 3632//1093 3674//1093
f 3674//1093 3632//1093 3675//1093
f 3632//1094 3633//1094 3675//1094
f 3675//1094 3633//1094 3676//1094
f 3633//1095 3646//1095 3676//1095
f 3676//1095 3646//1095 3677//1095
f 3646//1096 3645//1096 3677//1096
f 3677//1097 3645//1097 3678//1097
f 3645//1098 3644//1098 3678//1098
f 3678//1099 3644//1099 3679//1099
f 3644//1100 3643//1100 3679//1100
f 3679//1100 3643//1100 3680//1100
f 3643//1101 3642//1101 3680//1101
f 3680//1102 3642//1102 3681//1102
f 3642//1103 3641//1103 3681//1103
f 3681//1103 3641//1103 3682//1103
f 3641//1104 3631//1104 3682//1104
f 3682//1104 3631//1104 3683//1104
f 3631//1105 3630//1105 3683//1105
f 3683//1105 3630//1105 3684//1105
f 3630//1106 3629//1106 3684//1106
f 3684//1106 3629//1106 3685//1106
f 3629//1107 3628//1107 3685//1107
f 3685//1107 3628//1107 3686//1107
f 3628//1108 3627//1108 3686//1108
f 3686//1108 3627//1108 3687//1108
f 3627//1109 3622//1109 3687//1109
f 3687//1109 3622//1109 3688//1109
f 3622//1110 3624//1110 3688//1110
f 3688//1110 3624//1110 3689//1110
f 3624//1111 3654//1111 3689//1111
f 3689//1112 3654//1112 3664//1112
f 3654//1113 3690//1113 3664//1113
f 3664//1114 3690//1114 3665//1114
f 3691//2 3692//2 3693//2
f 3692//2 3694//2 3693//2
f 3695//2 2184//2 3696//2
f 2184//2 3697//2 3696//2
f 3696//2 3697//2 3698//2
f 3697//2 2338//2 3698//2
f 3699//1115 3700//1115 3701//1115
f 3702//1116 3703//1116 3704//1116
f 3701//1117 3700//1117 3696//1117
f 3702//1118 3704//1118 3705//1118
f 3700//1119 3706//1119 3696//1119
f 3706//1120 3707//1120 3696//1120
f 3696//1121 3707//1121 3704//1121
f 3707//1122 3708//1122 3704//1122
f 3704//1123 3708//1123 3705//1123
f 3703//1124 3709//1124 3704//1124
f 3709//1125 3710//1125 3704//1125
f 3704//1126 3710//1126 3711//1126
f 3712//1127 3713//1127 3538//1127
f 3536//1128 3711//1128 3714//1128
f 3536//1129 3714//1129 3538//1129
f 3714//1130 3715//1130 3538//1130
f 3538//1131 3715//1131 3716//1131
f 3716//1132 3717//1132 3538//1132
f 3717//1133 3718//1133 3538//1133
f 3538//1134 3718//1134 3712//1134
f 3719//1135 3720//1135 3721//1135
f 3722//1136 3719//1136 3540//1136
f 3722//1137 3540//1137 3723//1137
f 3713//1138 3724//1138 3538//1138
f 3724//1139 3725//1139 3538//1139
f 3538//1002 3725//1002 3540//1002
f 3725//1140 3726//1140 3540//1140
f 3540//1141 3726//1141 3723//1141
f 3720//1142 3727//1142 3721//1142
f 3727//1143 3728//1143 3721//1143
f 3721//1144 3728//1144 3729//1144
f 3729//1145 3730//1145 3721//1145
f 3730//1146 3731//1146 3721//1146
f 3721//1147 3731//1147 3701//1147
f 3731//1148 3732//1148 3701//1148
f 3701//1149 3732//1149 3699//1149
f 3733//1150 3734//1150 3652//1150
f 3735//1151 3691//1151 3530//1151
f 3530//1023 3529//1023 3735//1023
f 3529//1024 3520//1024 3735//1024
f 3735//1024 3520//1024 3736//1024
f 3520//1025 3518//1025 3736//1025
f 3736//1025 3518//1025 3737//1025
f 3518//1026 3516//1026 3737//1026
f 3737//1026 3516//1026 3648//1026
f 3516//1027 3514//1027 3648//1027
f 3648//1027 3514//1027 3649//1027
f 3514//1028 3512//1028 3649//1028
f 3649//1028 3512//1028 3650//1028
f 3512//1029 3510//1029 3650//1029
f 3711//1152 3536//1152 3704//1152
f 3536//1019 3534//1019 3704//1019
f 3704//1019 3534//1019 3738//1019
f 3534//1020 3532//1020 3738//1020
f 3738//1020 3532//1020 3739//1020
f 3532//1021 3530//1021 3739//1021
f 3739//1022 3530//1022 3740//1022
f 3530//1153 3691//1153 3740//1153
f 3740//1153 3691//1153 3693//1153
f 3719//1154 3721//1154 3540//1154
f 3721//1003 3741//1003 3540//1003
f 3540//1003 3741//1003 3542//1003
f 3741//1004 3742//1004 3542//1004
f 3542//1004 3742//1004 3544//1004
f 3742//1005 3743//1005 3544//1005
f 3544//1005 3743//1005 3546//1005
f 3743//1006 3744//1006 3546//1006
f 3546//1006 3744//1006 3548//1006
f 3744//1007 3745//1007 3548//1007
f 3548//1007 3745//1007 3550//1007
f 3745//1008 3746//1008 3550//1008
f 3550//1008 3746//1008 3552//1008
f 3746//1155 3747//1155 3552//1155
f 3552//1156 3747//1156 3554//1156
f 3747//1157 3748//1157 3554//1157
f 3748//1009 3749//1009 3554//1009
f 3554//1009 3749//1009 3556//1009
f 3749//1010 3750//1010 3556//1010
f 3556//1010 3750//1010 3558//1010
f 3750//1011 3751//1011 3558//1011
f 3558//1011 3751//1011 3559//1011
f 3751//1012 3752//1012 3559//1012
f 3559//1012 3752//1012 3523//1012
f 3752//1013 3753//1013 3523//1013
f 3523//1013 3753//1013 3525//1013
f 3753//1014 3754//1014 3525//1014
f 3525//1014 3754//1014 3527//1014
f 3754//1015 3755//1015 3527//1015
f 3527//1015 3755//1015 3528//1015
f 3528//1016 3755//1016 3500//1016
f 3755//1016 3756//1016 3500//1016
f 3500//1017 3756//1017 3502//1017
f 3756//1017 3757//1017 3502//1017
f 3757//1034 3758//1034 3502//1034
f 3502//1034 3758//1034 3504//1034
f 3758//1033 3759//1033 3504//1033
f 3504//1033 3759//1033 3506//1033
f 3759//1032 3733//1032 3506//1032
f 3506//1031 3733//1031 3508//1031
f 3733//1150 3652//1150 3508//1150
f 3508//1158 3652//1158 3510//1158
f 3652//1159 3651//1159 3510//1159
f 3510//1029 3651//1029 3650//1029
f 3760//1160 3761//1160 3407//1160
f 3407//1161 3761//1161 3442//1161
f 3761//1161 3762//1161 3442//1161
f 3762//1162 3763//1162 3442//1162
f 3442//1162 3763//1162 3443//1162
f 3763//1163 3764//1163 3443//1163
f 3443//1163 3764//1163 3445//1163
f 3764//1164 3765//1164 3445//1164
f 3445//1165 3765//1165 3447//1165
f 3765//1166 3766//1166 3447//1166
f 3447//1166 3766//1166 3449//1166
f 3766//1167 3767//1167 3449//1167
f 3449//1167 3767//1167 3451//1167
f 3767//1168 3768//1168 3451//1168
f 3451//1168 3768//1168 3453//1168
f 3768//1169 3769//1169 3453//1169
f 3453//1169 3769//1169 3455//1169
f 3769//1170 3770//1170 3455//1170
f 3455//1170 3770//1170 3457//1170
f 3770//1171 3771//1171 3457//1171
f 3457//1171 3771//1171 3459//1171
f 3771//1172 3772//1172 3459//1172
f 3459//1172 3772//1172 3461//1172
f 3772//1173 3773//1173 3461//1173
f 3461//1173 3773//1173 3463//1173
f 3773//1174 3774//1174 3463//1174
f 3463//1175 3774//1175 3465//1175
f 3774//1176 3775//1176 3465//1176
f 3465//1176 3775//1176 3467//1176
f 3775//1177 3776//1177 3467//1177
f 3467//1177 3776//1177 3441//1177
f 3776//1178 3777//1178 3441//1178
f 3441//1178 3777//1178 3439//1178
f 3777//1179 3778//1179 3439//1179
f 3439//1179 3778//1179 3438//1179
f 3778//1180 3779//1180 3438//1180
f 3438//1181 3779//1181 3436//1181
f 3779//1182 3780//1182 3436//1182
f 3436//1182 3780//1182 3434//1182
f 3780//1183 3781//1183 3434//1183
f 3434//1183 3781//1183 3432//1183
f 3781//1184 3782//1184 3432//1184
f 3432//1184 3782//1184 3430//1184
f 3782//1185 3783//1185 3430//1185
f 3430//1185 3783//1185 3428//1185
f 3783//1186 3784//1186 3428//1186
f 3428//1186 3784//1186 3426//1186
f 3784//1187 3785//1187 3426//1187
f 3426//1187 3785//1187 3424//1187
f 3785//1188 3786//1188 3424//1188
f 3424//1188 3786//1188 3422//1188
f 3786//1189 3787//1189 3422//1189
f 3422//1189 3787//1189 3420//1189
f 3787//1190 3788//1190 3420//1190
f 3420//1190 3788//1190 3418//1190
f 3788//1191 3789//1191 3418//1191
f 3418//1192 3789//1192 3416//1192
f 3789//1193 3790//1193 3416//1193
f 3416//1193 3790//1193 3414//1193
f 3790//1194 3791//1194 3414//1194
f 3414//1194 3791//1194 3412//1194
f 3791//1195 3792//1195 3412//1195
f 3412//1196 3792//1196 3410//1196
f 3792//1197 3760//1197 3410//1197
f 3410//1198 3760//1198 3408//1198
f 3760//1160 3407//1160 3408//1160
f 3662//20 3573//20 3667//20
f 3573//20 3571//20 3667//20
f 3667//20 3571//20 3666//20
f 3571//20 3569//20 3666//20
f 3666//20 3569//20 3664//20
f 3569//20 3567//20 3664//20
f 3664//20 3567//20 3689//20
f 3567//20 3565//20 3689//20
f 3689//20 3565//20 3688//20
f 3565//20 3563//20 3688//20
f 3688//20 3563//20 3687//20
f 3563//20 3561//20 3687//20
f 3687//20 3561//20 3686//20
f 3561//20 3590//20 3686//20
f 3686//20 3590//20 3685//20
f 3590//20 3589//20 3685//20
f 3685//20 3589//20 3684//20
f 3589//20 3593//20 3684//20
f 3684//20 3593//20 3683//20
f 3593//20 3595//20 3683//20
f 3683//20 3595//20 3682//20
f 3595//20 3597//20 3682//20
f 3682//20 3597//20 3681//20
f 3597//20 3599//20 3681//20
f 3681//20 3599//20 3680//20
f 3599//20 3601//20 3680//20
f 3680//20 3601//20 3679//20
f 3601//20 3603//20 3679//20
f 3679//20 3603//20 3678//20
f 3603//20 3605//20 3678//20
f 3678//20 3605//20 3677//20
f 3605//20 3607//20 3677//20
f 3677//20 3607//20 3676//20
f 3607//20 3609//20 3676//20
f 3676//20 3609//20 3675//20
f 3609//20 3611//20 3675//20
f 3675//20 3611//20 3674//20
f 3611//20 3613//20 3674//20
f 3674//20 3613//20 3673//20
f 3613//20 3615//20 3673//20
f 3673//20 3615//20 3672//20
f 3615//20 3617//20 3672//20
f 3672//20 3617//20 3671//20
f 3617//20 3619//20 3671//20
f 3671//20 3619//20 3670//20
f 3619//20 3587//20 3670//20
f 3670//20 3587//20 3669//20
f 3587//20 3585//20 3669//20
f 3669//20 3585//20 3668//20
f 3585//20 3583//20 3668//20
f 3668//20 3583//20 3656//20
f 3583//20 3581//20 3656//20
f 3656//20 3581//20 3657//20
f 3581//20 3579//20 3657//20
f 3657//20 3579//20 3658//20
f 3579//20 3577//20 3658//20
f 3658//20 3577//20 3660//20
f 3577//20 3575//20 3660//20
f 3660//20 3575//20 3662//20
f 3575//20 3573//20 3662//20
f 3793//24 3794//24 3695//24
f 3795//24 3796//24 3704//24
f 3797//528 3798//528 3694//528
f 3798//24 3799//24 3694//24
f 3794//24 3800//24 3695//24
f 3800//24 3801//24 3695//24
f 3695//24 3801//24 3802//24
f 3695//24 3696//24 3704//24
f 3799//24 3803//24 3694//24
f 3803//24 3804//24 3694//24
f 3694//24 3804//24 3693//24
f 3804//24 3805//24 3693//24
f 3693//24 3805//24 3806//24
f 3796//24 3807//24 3704//24
f 3807//24 3808//24 3704//24
f 3704//24 3808//24 3695//24
f 3808//24 3809//24 3695//24
f 3695//24 3809//24 3793//24
f 3802//24 3810//24 3695//24
f 3810//24 3811//24 3695//24
f 3695//24 3811//24 3694//24
f 3811//24 3812//24 3694//24
f 3694//24 3812//24 3797//24
f 3813//24 3740//24 3814//24
f 3740//24 3693//24 3814//24
f 3814//24 3693//24 3815//24
f 3693//24 3806//24 3815//24
f 3813//24 3816//24 3740//24
f 3816//24 3817//24 3740//24
f 3740//24 3817//24 3739//24
f 3817//24 3818//24 3739//24
f 3818//24 3819//24 3739//24
f 3819//24 3820//24 3739//24
f 3739//24 3820//24 3738//24
f 3820//24 3821//24 3738//24
f 3738//24 3821//24 3704//24
f 3821//24 3822//24 3704//24
f 3704//24 3822//24 3795//24
f 2336//11 3823//11 3824//11
f 3823//11 3747//11 3824//11
f 3824//11 3747//11 2338//11
f 3747//11 3698//11 2338//11
f 3495//479 3539//479 3494//479
f 3539//478 3541//478 3494//478
f 3494//478 3541//478 3493//478
f 3541//476 3543//476 3493//476
f 3493//1199 3543//1199 3492//1199
f 3543//474 3545//474 3492//474
f 3492//474 3545//474 3491//474
f 3545//471 3547//471 3491//471
f 3491//471 3547//471 3490//471
f 3547//470 3549//470 3490//470
f 3490//470 3549//470 3489//470
f 3549//1200 3551//1200 3489//1200
f 3489//1200 3551//1200 3488//1200
f 3551//467 3553//467 3488//467
f 3488//467 3553//467 3487//467
f 3553//488 3555//488 3487//488
f 3487//488 3555//488 3486//488
f 3555//462 3557//462 3486//462
f 3486//462 3557//462 3485//462
f 3557//480 3522//480 3485//480
f 3485//480 3522//480 3473//480
f 3522//459 3524//459 3473//459
f 3473//459 3524//459 3472//459
f 3524//457 3526//457 3472//457
f 3472//457 3526//457 3471//457
f 3526//456 3499//456 3471//456
f 3471//456 3499//456 3470//456
f 3499//1 3501//1 3470//1
f 3470//1 3501//1 3484//1
f 3501//455 3503//455 3484//455
f 3484//455 3503//455 3483//455
f 3503//454 3505//454 3483//454
f 3483//454 3505//454 3482//454
f 3505//453 3507//453 3482//453
f 3482//452 3507//452 3481//452
f 3507//435 3509//435 3481//435
f 3481//435 3509//435 3480//435
f 3509//449 3511//449 3480//449
f 3480//449 3511//449 3479//449
f 3511//447 3513//447 3479//447
f 3479//447 3513//447 3478//447
f 3513//446 3515//446 3478//446
f 3478//446 3515//446 3477//446
f 3515//444 3517//444 3477//444
f 3477//444 3517//444 3476//444
f 3517//443 3519//443 3476//443
f 3476//443 3519//443 3475//443
f 3519//441 3521//441 3475//441
f 3475//441 3521//441 3474//441
f 3521//440 3531//440 3474//440
f 3474//440 3531//440 3498//440
f 3531//1201 3533//1201 3498//1201
f 3498//1201 3533//1201 3497//1201
f 3533//437 3535//437 3497//437
f 3497//437 3535//437 3496//437
f 3535//436 3537//436 3496//436
f 3496//436 3537//436 3495//436
f 3537//479 3539//479 3495//479
f 3825//20 3826//20 3827//20
f 2186//20 3828//20 3829//20
f 3830//432 3831//432 2186//432
f 3831//433 3832//433 2186//433
f 3826//20 3833//20 3827//20
f 3833//20 3834//20 3827//20
f 3827//432 3834//432 3835//432
f 3829//20 3836//20 2186//20
f 3836//20 3837//20 2186//20
f 2186//20 3837//20 3830//20
f 3832//1202 3838//1202 2186//1202
f 3838//20 3839//20 2186//20
f 2186//20 3839//20 3827//20
f 3839//20 3840//20 3827//20
f 3827//20 3840//20 3825//20
f 3841//20 3566//20 3842//20
f 3566//20 3568//20 3842//20
f 3842//20 3568//20 3843//20
f 3841//20 3844//20 3566//20
f 3844//20 3845//20 3566//20
f 3566//20 3845//20 3564//20
f 3846//20 3847//20 3848//20
f 3847//20 3849//20 3848//20
f 3846//20 3850//20 3847//20
f 3850//20 3851//20 3847//20
f 3847//20 3851//20 2186//20
f 3851//20 3852//20 2186//20
f 2186//20 3852//20 3828//20
f 3845//20 3853//20 3564//20
f 3853//20 3854//20 3564//20
f 3564//20 3854//20 3562//20
f 3854//20 3855//20 3562//20
f 3560//20 3562//20 3847//20
f 3562//20 3855//20 3847//20
f 3847//20 3855//20 3849//20
f 3856//20 3857//20 3598//20
f 2336//432 3858//432 3859//432
f 3860//20 3861//20 3847//20
f 3598//20 3857//20 3600//20
f 3862//20 3863//20 3824//20
f 3863//20 3864//20 3824//20
f 3824//432 3864//432 3865//432
f 2336//20 3859//20 3847//20
f 3859//20 3866//20 3847//20
f 3847//20 3866//20 3860//20
f 3865//20 3867//20 3824//20
f 3867//1203 3868//1203 3824//1203
f 3824//20 3868//20 2336//20
f 3868//1204 3869//1204 2336//1204
f 2336//20 3869//20 3870//20
f 3870//20 3871//20 2336//20
f 3871//20 3872//20 2336//20
f 2336//20 3872//20 3873//20
f 3873//20 3874//20 2336//20
f 3874//20 3875//20 2336//20
f 2336//20 3875//20 3858//20
f 3876//20 3877//20 3594//20
f 3594//20 3877//20 3596//20
f 3877//20 3878//20 3596//20
f 3878//20 3879//20 3596//20
f 3596//20 3879//20 3598//20
f 3879//20 3880//20 3598//20
f 3598//20 3880//20 3856//20
f 3857//20 3881//20 3600//20
f 3881//20 3862//20 3600//20
f 3600//20 3862//20 3602//20
f 3862//20 3824//20 3602//20
f 3602//20 3824//20 3604//20
f 3592//20 3591//20 3847//20
f 3591//20 3588//20 3847//20
f 3847//20 3588//20 3560//20
f 3861//20 3882//20 3847//20
f 3882//20 3883//20 3847//20
f 3847//20 3883//20 3592//20
f 3883//20 3884//20 3592//20
f 3592//20 3884//20 3594//20
f 3884//20 3885//20 3594//20
f 3594//20 3885//20 3876//20
f 3886//20 3887//20 3697//20
f 3888//20 2338//20 3889//20
f 2338//20 3890//20 3889//20
f 3888//20 3891//20 2338//20
f 3891//20 3892//20 2338//20
f 2338//20 3892//20 3893//20
f 3894//20 3614//20 3895//20
f 3614//20 3612//20 3895//20
f 3895//20 3612//20 3896//20
f 3893//20 3897//20 2338//20
f 3897//1204 3898//1204 2338//1204
f 2338//20 3898//20 3824//20
f 3898//1203 3899//1203 3824//1203
f 3824//20 3899//20 3900//20
f 3900//432 3901//432 3824//432
f 3901//20 3902//20 3824//20
f 3824//20 3902//20 3903//20
f 3896//20 3612//20 3904//20
f 3612//20 3610//20 3904//20
f 3904//432 3610//432 3905//432
f 3616//20 3906//20 3697//20
f 3906//20 3907//20 3697//20
f 3697//20 3907//20 3886//20
f 3887//20 3908//20 3697//20
f 3908//20 3909//20 3697//20
f 3697//20 3909//20 2338//20
f 3909//20 3910//20 2338//20
f 2338//20 3910//20 3890//20
f 3604//20 3824//20 3606//20
f 3824//20 3903//20 3606//20
f 3606//20 3903//20 3608//20
f 3903//20 3911//20 3608//20
f 3608//20 3911//20 3610//20
f 3911//20 3912//20 3610//20
f 3610//20 3912//20 3905//20
f 3894//20 3913//20 3614//20
f 3913//20 3914//20 3614//20
f 3614//20 3914//20 3616//20
f 3914//20 3915//20 3616//20
f 3616//20 3915//20 3906//20
f 3916//20 3917//20 2184//20
f 3918//20 3919//20 3827//20
f 3920//20 2184//20 3921//20
f 2184//20 3922//20 3921//20
f 3917//20 3923//20 2184//20
f 3923//20 3924//20 2184//20
f 2184//20 3924//20 3922//20
f 3843//20 3568//20 3925//20
f 3568//20 3570//20 3925//20
f 3925//20 3570//20 3835//20
f 3570//20 3572//20 3835//20
f 3835//20 3572//20 3827//20
f 3572//20 3574//20 3827//20
f 3827//20 3574//20 3576//20
f 3920//20 3926//20 2184//20
f 3926//20 3927//20 2184//20
f 2184//20 3927//20 3697//20
f 3927//20 3928//20 3697//20
f 3697//20 3928//20 3929//20
f 3621//20 3620//20 3697//20
f 3620//20 3618//20 3697//20
f 3697//20 3618//20 3616//20
f 3578//20 3930//20 3576//20
f 3930//433 3931//433 3576//433
f 3576//20 3931//20 3827//20
f 3931//433 3932//433 3827//433
f 3827//20 3932//20 3918//20
f 3919//20 3933//20 3827//20
f 3933//20 3934//20 3827//20
f 3827//20 3934//20 2184//20
f 3934//20 3935//20 2184//20
f 2184//1204 3935//1204 3916//1204
f 3929//20 3936//20 3697//20
f 3936//20 3937//20 3697//20
f 3697//20 3937//20 3938//20
f 3580//20 3939//20 3578//20
f 3939//20 3940//20 3578//20
f 3578//20 3940//20 3930//20
f 3941//20 3582//20 3942//20
f 3582//20 3584//20 3942//20
f 3941//20 3943//20 3582//20
f 3943//20 3944//20 3582//20
f 3582//20 3944//20 3580//20
f 3944//20 3945//20 3580//20
f 3580//20 3945//20 3939//20
f 3621//20 3697//20 3586//20
f 3697//20 3938//20 3586//20
f 3586//20 3938//20 3584//20
f 3938//20 3946//20 3584//20
f 3584//20 3946//20 3942//20
f 3823//24 3947//24 3948//24
f 3948//24 3949//24 3823//24
f 3949//24 3950//24 3823//24
f 3823//24 3950//24 3951//24
f 3951//24 3952//24 3823//24
f 3952//24 3953//24 3823//24
f 3823//24 3953//24 3954//24
f 3748//526 3747//526 3823//526
f 3955//528 3956//528 3748//528
f 3957//24 3958//24 3751//24
f 3958//24 3959//24 3751//24
f 3751//24 3959//24 3752//24
f 3959//24 3960//24 3752//24
f 3752//24 3960//24 3961//24
f 3748//1205 3956//1205 3749//1205
f 3962//24 3754//24 3753//24
f 3962//24 3963//24 3754//24
f 3963//24 3964//24 3754//24
f 3754//24 3964//24 3965//24
f 3954//24 3966//24 3823//24
f 3966//24 3967//24 3823//24
f 3823//24 3967//24 3748//24
f 3967//24 3968//24 3748//24
f 3748//24 3968//24 3955//24
f 3956//24 3969//24 3749//24
f 3969//24 3970//24 3749//24
f 3749//24 3970//24 3750//24
f 3970//24 3971//24 3750//24
f 3750//24 3971//24 3751//24
f 3971//527 3972//527 3751//527
f 3751//24 3972//24 3957//24
f 3965//24 3973//24 3754//24
f 3973//24 3947//24 3754//24
f 3754//527 3947//527 3755//527
f 3947//24 3823//24 3755//24
f 3755//24 3823//24 3756//24
f 3961//24 3974//24 3752//24
f 3974//24 3975//24 3752//24
f 3752//24 3975//24 3753//24
f 3975//24 3976//24 3753//24
f 3753//24 3976//24 3962//24
f 3763//24 3762//24 3977//24
f 3762//24 3761//24 3977//24
f 3977//24 3761//24 3760//24
f 3766//24 3765//24 3977//24
f 3765//24 3764//24 3977//24
f 3977//24 3764//24 3763//24
f 3769//24 3768//24 3977//24
f 3768//24 3767//24 3977//24
f 3977//24 3767//24 3766//24
f 3772//24 3771//24 3977//24
f 3771//24 3770//24 3977//24
f 3977//24 3770//24 3769//24
f 3775//24 3774//24 3977//24
f 3774//24 3773//24 3977//24
f 3977//24 3773//24 3772//24
f 3778//24 3777//24 3977//24
f 3777//24 3776//24 3977//24
f 3977//24 3776//24 3775//24
f 3781//24 3780//24 3977//24
f 3780//24 3779//24 3977//24
f 3977//24 3779//24 3778//24
f 3784//24 3783//24 3977//24
f 3783//24 3782//24 3977//24
f 3977//24 3782//24 3781//24
f 3787//24 3786//24 3977//24
f 3786//24 3785//24 3977//24
f 3977//24 3785//24 3784//24
f 3790//24 3789//24 3977//24
f 3789//24 3788//24 3977//24
f 3977//24 3788//24 3787//24
f 3760//24 3792//24 3977//24
f 3792//24 3791//24 3977//24
f 3977//24 3791//24 3790//24
f 3725//1206 3978//1206 3979//1206
f 3725//1207 3979//1207 3726//1207
f 3979//150 3980//150 3726//150
f 3726//122 3980//122 3723//122
f 3980//123 3981//123 3723//123
f 3723//123 3981//123 3722//123
f 3981//124 3982//124 3722//124
f 3722//124 3982//124 3719//124
f 3982//82 3983//82 3719//82
f 3719//1208 3983//1208 3720//1208
f 3983//1209 3984//1209 3720//1209
f 3720//1210 3984//1210 3727//1210
f 3985//149 3730//149 3986//149
f 3730//88 3729//88 3986//88
f 3986//88 3729//88 3987//88
f 3729//87 3728//87 3987//87
f 3987//87 3728//87 3988//87
f 3728//86 3727//86 3988//86
f 3988//86 3727//86 3989//86
f 3727//1211 3984//1211 3989//1211
f 3725//1212 3724//1212 3978//1212
f 3724//151 3713//151 3978//151
f 3978//151 3713//151 3990//151
f 3713//117 3712//117 3990//117
f 3990//152 3712//152 3991//152
f 3712//115 3718//115 3991//115
f 3991//115 3718//115 3992//115
f 3718//114 3717//114 3992//114
f 3992//114 3717//114 3993//114
f 3717//112 3716//112 3993//112
f 3993//112 3716//112 3994//112
f 3716//111 3715//111 3994//111
f 3994//111 3715//111 3995//111
f 3715//153 3714//153 3995//153
f 3995//181 3714//181 3996//181
f 3714//108 3711//108 3996//108
f 3996//108 3711//108 3997//108
f 3711//155 3710//155 3997//155
f 3997//155 3710//155 3998//155
f 3710//142 3709//142 3998//142
f 3998//142 3709//142 3999//142
f 3709//105 3703//105 3999//105
f 3999//105 3703//105 4000//105
f 3703//102 3702//102 4000//102
f 4000//102 3702//102 4001//102
f 3702//101 3705//101 4001//101
f 4001//101 3705//101 4002//101
f 3705//1213 3708//1213 4002//1213
f 4002//100 3708//100 4003//100
f 3708//1214 3707//1214 4003//1214
f 4003//98 3707//98 4004//98
f 3707//97 3706//97 4004//97
f 4004//240 3706//240 4005//240
f 3706//146 3700//146 4005//146
f 4005//146 3700//146 4006//146
f 3700//148 3699//148 4006//148
f 4006//148 3699//148 4007//148
f 3699//1215 3732//1215 4007//1215
f 4007//1216 3732//1216 3985//1216
f 3732//1217 3731//1217 3985//1217
f 3985//89 3731//89 3730//89
f 3661//1204 3663//1204 3665//1204
f 3654//20 3653//20 3690//20
f 3653//20 3655//20 3690//20
f 3690//20 3655//20 3665//20
f 3655//20 3659//20 3665//20
f 3665//433 3659//433 3661//433
f 4008//24 4009//24 4010//24
f 4009//24 4011//24 4010//24
f 4010//24 4011//24 4012//24
f 4013//527 4014//527 3734//527
f 4014//24 4015//24 3734//24
f 3734//24 4015//24 4016//24
f 4015//24 4017//24 4016//24
f 4017//24 4018//24 4016//24
f 4018//24 4019//24 4016//24
f 4016//24 4019//24 4020//24
f 3757//24 3756//24 4010//24
f 4012//24 4021//24 4010//24
f 4021//24 4022//24 4010//24
f 4010//24 4022//24 4023//24
f 4024//24 3757//24 4025//24
f 3757//24 4026//24 4025//24
f 4020//24 4027//24 4016//24
f 4027//24 4028//24 4016//24
f 4016//24 4028//24 4010//24
f 4028//24 4029//24 4010//24
f 4010//24 4029//24 4008//24
f 4023//24 4030//24 4010//24
f 4030//24 4031//24 4010//24
f 4010//24 4031//24 3757//24
f 4031//24 4032//24 3757//24
f 3757//24 4032//24 4026//24
f 4033//24 3733//24 4034//24
f 3733//24 3759//24 4034//24
f 4034//24 3759//24 4035//24
f 3759//24 4036//24 4035//24
f 4033//24 4037//24 3733//24
f 4037//24 4038//24 3733//24
f 3733//24 4038//24 3734//24
f 4038//24 4039//24 3734//24
f 3734//24 4039//24 4013//24
f 4036//24 3759//24 4024//24
f 3759//24 3758//24 4024//24
f 4024//24 3758//24 3757//24
f 4010//21 2186//21 4016//21
f 2186//21 3827//21 4016//21
f 3827//21 2184//21 3694//21
f 2184//21 3695//21 3694//21
f 3647//21 4016//21 3648//21
f 4016//21 3827//21 3648//21
f 3648//21 3827//21 3692//21
f 3827//21 3694//21 3692//21
f 3946//1218 3819//1218 3942//1218
f 3819//1219 3818//1219 3942//1219
f 3942//1220 3818//1220 3941//1220
f 3818//1221 3817//1221 3941//1221
f 3941//1222 3817//1222 3943//1222
f 3817//1223 3816//1223 3943//1223
f 3943//1224 3816//1224 3944//1224
f 3816//1224 3813//1224 3944//1224
f 3944//1225 3813//1225 3945//1225
f 3813//1226 3814//1226 3945//1226
f 3945//1227 3814//1227 3939//1227
f 3814//1227 3815//1227 3939//1227
f 3939//1228 3815//1228 3940//1228
f 3815//1228 3806//1228 3940//1228
f 3940//1229 3806//1229 3930//1229
f 3806//1229 3805//1229 3930//1229
f 3930//1230 3805//1230 3931//1230
f 3805//1231 3804//1231 3931//1231
f 3931//1232 3804//1232 3932//1232
f 3804//1233 3803//1233 3932//1233
f 3932//1234 3803//1234 3918//1234
f 3803//1235 3799//1235 3918//1235
f 3918//1236 3799//1236 3919//1236
f 3799//1237 3798//1237 3919//1237
f 3919//1238 3798//1238 3933//1238
f 3798//1239 3797//1239 3933//1239
f 3933//1240 3797//1240 3934//1240
f 3797//1240 3812//1240 3934//1240
f 3934//1241 3812//1241 3935//1241
f 3812//1242 3811//1242 3935//1242
f 3935//466 3811//466 3916//466
f 3811//1243 3810//1243 3916//1243
f 3916//1244 3810//1244 3917//1244
f 3810//1244 3802//1244 3917//1244
f 3917//1245 3802//1245 3923//1245
f 3802//1246 3801//1246 3923//1246
f 3923//1247 3801//1247 3924//1247
f 3801//1248 3800//1248 3924//1248
f 3924//1249 3800//1249 3922//1249
f 3800//1250 3794//1250 3922//1250
f 3922//1251 3794//1251 3921//1251
f 3794//1252 3793//1252 3921//1252
f 3921//1253 3793//1253 3920//1253
f 3793//1253 3809//1253 3920//1253
f 3920//1254 3809//1254 3926//1254
f 3809//1254 3808//1254 3926//1254
f 3926//1255 3808//1255 3927//1255
f 3808//1255 3807//1255 3927//1255
f 3927//1256 3807//1256 3928//1256
f 3807//1256 3796//1256 3928//1256
f 3928//1257 3796//1257 3929//1257
f 3796//1258 3795//1258 3929//1258
f 3929//1259 3795//1259 3936//1259
f 3795//1259 3822//1259 3936//1259
f 3936//1260 3822//1260 3937//1260
f 3822//1261 3821//1261 3937//1261
f 3937//1262 3821//1262 3938//1262
f 3821//1263 3820//1263 3938//1263
f 3938//1264 3820//1264 3946//1264
f 3820//1265 3819//1265 3946//1265
f 3869//1219 3966//1219 3870//1219
f 3966//1266 3954//1266 3870//1266
f 3870//1220 3954//1220 3871//1220
f 3954//1220 3953//1220 3871//1220
f 3871//1223 3953//1223 3872//1223
f 3953//1223 3952//1223 3872//1223
f 3872//1267 3952//1267 3873//1267
f 3952//1224 3951//1224 3873//1224
f 3873//1225 3951//1225 3874//1225
f 3951//1268 3950//1268 3874//1268
f 3874//1227 3950//1227 3875//1227
f 3950//1227 3949//1227 3875//1227
f 3875//1228 3949//1228 3858//1228
f 3949//1228 3948//1228 3858//1228
f 3858//1229 3948//1229 3859//1229
f 3948//1229 3947//1229 3859//1229
f 3859//1231 3947//1231 3866//1231
f 3947//1230 3973//1230 3866//1230
f 3866//1269 3973//1269 3860//1269
f 3973//1233 3965//1233 3860//1233
f 3860//1270 3965//1270 3861//1270
f 3965//529 3964//529 3861//529
f 3861//1271 3964//1271 3882//1271
f 3964//1237 3963//1237 3882//1237
f 3882//1238 3963//1238 3883//1238
f 3963//1272 3962//1272 3883//1272
f 3883//1240 3962//1240 3884//1240
f 3962//1273 3976//1273 3884//1273
f 3884//1242 3976//1242 3885//1242
f 3976//1242 3975//1242 3885//1242
f 3885//466 3975//466 3876//466
f 3975//466 3974//466 3876//466
f 3876//1274 3974//1274 3877//1274
f 3974//1244 3961//1244 3877//1244
f 3877//1246 3961//1246 3878//1246
f 3961//1275 3960//1275 3878//1275
f 3878//1247 3960//1247 3879//1247
f 3960//1248 3959//1248 3879//1248
f 3879//481 3959//481 3880//481
f 3959//1276 3958//1276 3880//1276
f 3880//1277 3958//1277 3856//1277
f 3958//1252 3957//1252 3856//1252
f 3856//1253 3957//1253 3857//1253
f 3957//1253 3972//1253 3857//1253
f 3857//1254 3972//1254 3881//1254
f 3972//1254 3971//1254 3881//1254
f 3881//1255 3971//1255 3862//1255
f 3971//1255 3970//1255 3862//1255
f 3862//1278 3970//1278 3863//1278
f 3970//1278 3969//1278 3863//1278
f 3863//1279 3969//1279 3864//1279
f 3969//1258 3956//1258 3864//1258
f 3864//1259 3956//1259 3865//1259
f 3956//1280 3955//1280 3865//1280
f 3865//1260 3955//1260 3867//1260
f 3955//1281 3968//1281 3867//1281
f 3867//1263 3968//1263 3868//1263
f 3968//1263 3967//1263 3868//1263
f 3868//1282 3967//1282 3869//1282
f 3967//1264 3966//1264 3869//1264
f 2186//1 4010//1 3847//1
f 4010//1 3756//1 3847//1
f 3847//1 3756//1 2336//1
f 3756//1 3823//1 2336//1
f 3897//1219 4040//1219 3898//1219
f 4040//1266 4041//1266 3898//1266
f 3898//1220 4041//1220 3899//1220
f 4041//1220 4042//1220 3899//1220
f 3899//1223 4042//1223 3900//1223
f 4042//1223 4043//1223 3900//1223
f 3900//1267 4043//1267 3901//1267
f 4043//1224 4044//1224 3901//1224
f 3901//1225 4044//1225 3902//1225
f 4044//1268 4045//1268 3902//1268
f 3902//1227 4045//1227 3903//1227
f 4045//1227 4046//1227 3903//1227
f 3903//1228 4046//1228 3911//1228
f 4046//1228 4047//1228 3911//1228
f 3911//1229 4047//1229 3912//1229
f 4047//1229 4048//1229 3912//1229
f 3912//1231 4048//1231 3905//1231
f 4048//1230 4049//1230 3905//1230
f 3905//1269 4049//1269 3904//1269
f 4049//1233 4050//1233 3904//1233
f 3904//1270 4050//1270 3896//1270
f 4050//529 4051//529 3896//529
f 3896//1271 4051//1271 3895//1271
f 4051//1237 4052//1237 3895//1237
f 3895//1283 4052//1283 3894//1283
f 4052//1272 4053//1272 3894//1272
f 3894//1240 4053//1240 3913//1240
f 4053//1273 4054//1273 3913//1273
f 3913//1242 4054//1242 3914//1242
f 4054//1242 4055//1242 3914//1242
f 3914//466 4055//466 3915//466
f 4055//466 4056//466 3915//466
f 3915//1274 4056//1274 3906//1274
f 4056//1244 4057//1244 3906//1244
f 3906//1246 4057//1246 3907//1246
f 4057//1275 4058//1275 3907//1275
f 3907//1247 4058//1247 3886//1247
f 4058//1248 4059//1248 3886//1248
f 3886//481 4059//481 3887//481
f 4059//1276 4060//1276 3887//1276
f 3887//1251 4060//1251 3908//1251
f 4060//1284 4061//1284 3908//1284
f 3908//1253 4061//1253 3909//1253
f 4061//1253 4062//1253 3909//1253
f 3909//1254 4062//1254 3910//1254
f 4062//1254 4063//1254 3910//1254
f 3910//1255 4063//1255 3890//1255
f 4063//1255 4064//1255 3890//1255
f 3890//1256 4064//1256 3889//1256
f 4064//1278 4065//1278 3889//1278
f 3889//1279 4065//1279 3888//1279
f 4065//1258 4066//1258 3888//1258
f 3888//1259 4066//1259 3891//1259
f 4066//1280 4067//1280 3891//1280
f 3891//1260 4067//1260 3892//1260
f 4067//1281 4068//1281 3892//1281
f 3892//1263 4068//1263 3893//1263
f 4068//1263 4069//1263 3893//1263
f 3893//1282 4069//1282 3897//1282
f 4069//1264 4040//1264 3897//1264
f 3854//1218 4035//1218 3855//1218
f 4035//1219 4036//1219 3855//1219
f 3855//1220 4036//1220 3849//1220
f 4036//1221 4024//1221 3849//1221
f 3849//1285 4024//1285 3848//1285
f 4024//1223 4025//1223 3848//1223
f 3848//1224 4025//1224 3846//1224
f 4025//1224 4026//1224 3846//1224
f 3846//1225 4026//1225 3850//1225
f 4026//1226 4032//1226 3850//1226
f 3850//1227 4032//1227 3851//1227
f 4032//1227 4031//1227 3851//1227
f 3851//1228 4031//1228 3852//1228
f 4031//1228 4030//1228 3852//1228
f 3852//1229 4030//1229 3828//1229
f 4030//1229 4023//1229 3828//1229
f 3828//1230 4023//1230 3829//1230
f 4023//1231 4022//1231 3829//1231
f 3829//1232 4022//1232 3836//1232
f 4022//1233 4021//1233 3836//1233
f 3836//1234 4021//1234 3837//1234
f 4021//1235 4012//1235 3837//1235
f 3837//1236 4012//1236 3830//1236
f 4012//1237 4011//1237 3830//1237
f 3830//1272 4011//1272 3831//1272
f 4011//1239 4009//1239 3831//1239
f 3831//1240 4009//1240 3832//1240
f 4009//1240 4008//1240 3832//1240
f 3832//1241 4008//1241 3838//1241
f 4008//1242 4029//1242 3838//1242
f 3838//466 4029//466 3839//466
f 4029//1243 4028//1243 3839//1243
f 3839//1244 4028//1244 3840//1244
f 4028//1244 4027//1244 3840//1244
f 3840//1245 4027//1245 3825//1245
f 4027//1246 4020//1246 3825//1246
f 3825//1247 4020//1247 3826//1247
f 4020//1248 4019//1248 3826//1248
f 3826//1286 4019//1286 3833//1286
f 4019//1276 4018//1276 3833//1276
f 3833//1277 4018//1277 3834//1277
f 4018//1251 4017//1251 3834//1251
f 3834//1253 4017//1253 3835//1253
f 4017//1253 4015//1253 3835//1253
f 3835//1254 4015//1254 3925//1254
f 4015//1254 4014//1254 3925//1254
f 3925//1255 4014//1255 3843//1255
f 4014//1255 4013//1255 3843//1255
f 3843//1278 4013//1278 3842//1278
f 4013//1278 4039//1278 3842//1278
f 3842//1257 4039//1257 3841//1257
f 4039//1258 4038//1258 3841//1258
f 3841//1259 4038//1259 3844//1259
f 4038//1259 4037//1259 3844//1259
f 3844//1260 4037//1260 3845//1260
f 4037//1261 4033//1261 3845//1261
f 3845//1262 4033//1262 3853//1262
f 4033//1263 4034//1263 3853//1263
f 3853//1264 4034//1264 3854//1264
f 4034//1265 4035//1265 3854//1265
f 3701//24 3696//24 3698//24
f 3721//24 4060//24 4059//24
f 4046//24 3745//24 3744//24
f 3701//24 3698//24 3721//24
f 4050//24 4049//24 3743//24
f 4049//528 4048//528 3743//528
f 3743//24 4048//24 3744//24
f 4048//528 4047//528 3744//528
f 3744//24 4047//24 4046//24
f 4043//528 3746//528 4044//528
f 3746//1205 3745//1205 4044//1205
f 4044//24 3745//24 4045//24
f 3745//24 4046//24 4045//24
f 3698//527 3747//527 3746//527
f 4069//24 4068//24 3698//24
f 4068//24 4067//24 3698//24
f 4067//24 4066//24 3698//24
f 4066//24 4065//24 3698//24
f 3698//24 4065//24 4064//24
f 4054//24 4053//24 3742//24
f 4053//24 4052//24 3742//24
f 3742//24 4052//24 3743//24
f 4052//24 4051//24 3743//24
f 3743//24 4051//24 4050//24
f 4043//24 4042//24 3746//24
f 4042//24 4041//24 3746//24
f 3746//24 4041//24 3698//24
f 4041//24 4040//24 3698//24
f 3698//24 4040//24 4069//24
f 4064//24 4063//24 3698//24
f 4063//24 4062//24 3698//24
f 3698//24 4062//24 3721//24
f 4062//24 4061//24 3721//24
f 3721//24 4061//24 4060//24
f 4059//24 4058//24 3721//24
f 4058//24 4057//24 3721//24
f 3721//24 4057//24 3741//24
f 4057//24 4056//24 3741//24
f 3741//24 4056//24 3742//24
f 4056//24 4055//24 3742//24
f 3742//24 4055//24 4054//24
f 3737//24 3648//24 3692//24
f 3691//24 3735//24 3692//24
f 3735//24 3736//24 3692//24
f 3692//24 3736//24 3737//24
f 3988//2 3989//2 4070//2
f 3989//2 3984//2 4070//2
f 4070//2 3984//2 3983//2
f 3985//2 3986//2 4070//2
f 3986//2 3987//2 4070//2
f 4070//2 3987//2 3988//2
f 4005//2 4006//2 4070//2
f 4006//2 4007//2 4070//2
f 4070//2 4007//2 3985//2
f 4002//2 4003//2 4070//2
f 4003//2 4004//2 4070//2
f 4070//2 4004//2 4005//2
f 3999//2 4000//2 4070//2
f 4000//2 4001//2 4070//2
f 4070//2 4001//2 4002//2
f 3996//2 3997//2 4070//2
f 3997//2 3998//2 4070//2
f 4070//2 3998//2 3999//2
f 3993//2 3994//2 4070//2
f 3994//2 3995//2 4070//2
f 4070//2 3995//2 3996//2
f 3990//2 3991//2 4070//2
f 3991//2 3992//2 4070//2
f 4070//2 3992//2 3993//2
f 3980//2 3979//2 4070//2
f 3979//2 3978//2 4070//2
f 4070//2 3978//2 3990//2
f 3983//2 3982//2 4070//2
f 3982//2 3981//2 4070//2
f 4070//2 3981//2 3980//2
f 3653//21 3654//21 3637//21
f 3654//21 3638//21 3637//21
f 4016//1 3647//1 3734//1
f 3647//1 3652//1 3734//1
f 4071//1287 4072//1287 4073//1287
f 4073//1288 4074//1288 4075//1288
f 4075//1289 4076//1289 4071//1289
f 4071//1290 4073//1290 4075//1290
f 4077//1291 4078//1291 4079//1291
f 4079//1292 4080//1292 4081//1292
f 4081//1293 4082//1293 4077//1293
f 4077//1294 4079//1294 4081//1294
f 4080//1 4079//1 4074//1
f 4074//1 4073//1 4080//1
f 4079//1295 4078//1295 4075//1295
f 4075//1296 4074//1296 4079//1296
f 4078//1297 4077//1297 4076//1297
f 4076//1298 4075//1298 4078//1298
f 4077//2 4082//2 4071//2
f 4071//2 4076//2 4077//2
f 4082//1299 4081//1299 4072//1299
f 4072//1300 4071//1300 4082//1300
f 4081//1301 4080//1301 4073//1301
f 4073//1302 4072//1302 4081//1302
f 4083//1303 4084//1303 4085//1303
f 4085//1304 4086//1304 4087//1304
f 4087//1305 4088//1305 4083//1305
f 4083//1294 4085//1294 4087//1294
f 4089//1306 4090//1306 4091//1306
f 4091//1307 4092//1307 4093//1307
f 4093//1308 4094//1308 4089//1308
f 4089//1290 4091//1290 4093//1290
f 4092//1 4091//1 4086//1
f 4086//1 4085//1 4092//1
f 4091//1309 4090//1309 4087//1309
f 4087//1302 4086//1302 4091//1302
f 4090//1310 4089//1310 4088//1310
f 4088//1300 4087//1300 4090//1300
f 4089//2 4094//2 4083//2
f 4083//2 4088//2 4089//2
f 4094//1311 4093//1311 4084//1311
f 4084//1312 4083//1312 4094//1312
f 4093//1313 4092//1313 4085//1313
f 4085//1314 4084//1314 4093//1314
f 4095//1287 4096//1287 4097//1287
f 4097//1288 4098//1288 4099//1288
f 4099//1289 4100//1289 4095//1289
f 4095//1290 4097//1290 4099//1290
f 4101//1291 4102//1291 4103//1291
f 4103//1292 4104//1292 4105//1292
f 4105//1293 4106//1293 4101//1293
f 4101//1294 4103//1294 4105//1294
f 4104//1 4103//1 4098//1
f 4098//1 4097//1 4104//1
f 4103//1295 4102//1295 4099//1295
f 4099//1296 4098//1296 4103//1296
f 4102//1297 4101//1297 4100//1297
f 4100//1298 4099//1298 4102//1298
f 4101//2 4106//2 4095//2
f 4095//2 4100//2 4101//2
f 4106//1299 4105//1299 4096//1299
f 4096//1300 4095//1300 4106//1300
f 4105//1301 4104//1301 4097//1301
f 4097//1302 4096//1302 4105//1302
f 4107//1303 4108//1303 4109//1303
f 4109//1304 4110//1304 4111//1304
f 4111//1305 4112//1305 4107//1305
f 4107//1294 4109//1294 4111//1294
f 4113//1306 4114//1306 4115//1306
f 4115//1307 4116//1307 4117//1307
f 4117//1308 4118//1308 4113//1308
f 4113//1290 4115//1290 4117//1290
f 4116//1 4115//1 4110//1
f 4110//1 4109//1 4116//1
f 4115//1309 4114//1309 4111//1309
f 4111//1302 4110//1302 4115//1302
f 4114//1310 4113//1310 4112//1310
f 4112//1300 4111//1300 4114//1300
f 4113//2 4118//2 4107//2
f 4107//2 4112//2 4113//2
f 4118//1311 4117//1311 4108//1311
f 4108//1312 4107//1312 4118//1312
f 4117//1313 4116//1313 4109//1313
f 4109//1296 4108//1296 4117//1296
f 4119//1315 4120//1315 4121//1315
f 4121//1316 4122//1316 4123//1316
f 4123//1317 4124//1317 4119//1317
f 4119//1318 4121//1318 4123//1318
f 4125//1319 4126//1319 4127//1319
f 4127//1320 4128//1320 4129//1320
f 4129//1321 4130//1321 4125//1321
f 4125//1322 4127//1322 4129//1322
f 4128//1 4127//1 4122//1
f 4122//1 4121//1 4128//1
f 4127//1323 4126//1323 4123//1323
f 4123//1323 4122//1323 4127//1323
f 4126//1324 4125//1324 4124//1324
f 4124//1324 4123//1324 4126//1324
f 4125//2 4130//2 4119//2
f 4119//2 4124//2 4125//2
f 4130//1325 4129//1325 4120//1325
f 4120//1326 4119//1326 4130//1326
f 4129//1327 4128//1327 4121//1327
f 4121//1328 4120//1328 4129//1328
f 4131//1329 4132//1329 4133//1329
f 4133//1320 4134//1320 4135//1320
f 4135//1321 4136//1321 4131//1321
f 4131//1322 4133//1322 4135//1322
f 4137//1315 4138//1315 4139//1315
f 4139//1330 4140//1330 4141//1330
f 4141//1331 4142//1331 4137//1331
f 4137//1332 4139//1332 4141//1332
f 4140//1 4139//1 4134//1
f 4134//1 4133//1 4140//1
f 4139//1328 4138//1328 4135//1328
f 4135//1327 4134//1327 4139//1327
f 4138//1326 4137//1326 4136//1326
f 4136//1325 4135//1325 4138//1325
f 4137//2 4142//2 4131//2
f 4131//2 4136//2 4137//2
f 4142//1333 4141//1333 4132//1333
f 4132//1334 4131//1334 4142//1334
f 4141//1335 4140//1335 4133//1335
f 4133//1335 4132//1335 4141//1335
f 4143//1315 4144//1315 4145//1315
f 4145//1316 4146//1316 4147//1316
f 4147//1317 4148//1317 4143//1317
f 4143//1318 4145//1318 4147//1318
f 4149//1319 4150//1319 4151//1319
f 4151//1320 4152//1320 4153//1320
f 4153//1321 4154//1321 4149//1321
f 4149//1322 4151//1322 4153//1322
f 4152//1 4151//1 4146//1
f 4146//1 4145//1 4152//1
f 4151//1336 4150//1336 4147//1336
f 4147//1323 4146//1323 4151//1323
f 4150//1324 4149//1324 4148//1324
f 4148//1337 4147//1337 4150//1337
f 4149//2 4154//2 4143//2
f 4143//2 4148//2 4149//2
f 4154//1325 4153//1325 4144//1325
f 4144//1326 4143//1326 4154//1326
f 4153//1327 4152//1327 4145//1327
f 4145//1328 4144//1328 4153//1328
f 4155//1329 4156//1329 4157//1329
f 4157//1320 4158//1320 4159//1320
f 4159//1321 4160//1321 4155//1321
f 4155//1322 4157//1322 4159//1322
f 4161//1315 4162//1315 4163//1315
f 4163//1330 4164//1330 4165//1330
f 4165//1331 4166//1331 4161//1331
f 4161//1332 4163//1332 4165//1332
f 4164//1 4163//1 4158//1
f 4158//1 4157//1 4164//1
f 4163//1328 4162//1328 4159//1328
f 4159//1327 4158//1327 4163//1327
f 4162//1326 4161//1326 4160//1326
f 4160//1325 4159//1325 4162//1325
f 4161//2 4166//2 4155//2
f 4155//2 4160//2 4161//2
f 4166//1333 4165//1333 4156//1333
f 4156//1334 4155//1334 4166//1334
f 4165//1335 4164//1335 4157//1335
f 4157//1338 4156//1338 4165//1338
f 4167//1339 4168//1339 4169//1339
f 4169//1340 4170//1340 4171//1340
f 4171//1341 4172//1341 4167//1341
f 4167//1342 4169//1342 4171//1342
f 4173//1343 4174//1343 4175//1343
f 4175//1344 4176//1344 4177//1344
f 4177//1345 4178//1345 4173//1345
f 4173//1346 4175//1346 4177//1346
f 4176//1 4175//1 4170//1
f 4170//1 4169//1 4176//1
f 4175//1347 4174//1347 4171//1347
f 4171//1348 4170//1348 4175//1348
f 4174//1349 4173//1349 4172//1349
f 4172//1350 4171//1350 4174//1350
f 4173//2 4178//2 4167//2
f 4167//2 4172//2 4173//2
f 4178//1351 4177//1351 4168//1351
f 4168//1351 4167//1351 4178//1351
f 4177//1352 4176//1352 4169//1352
f 4169//1352 4168//1352 4177//1352
f 4179//1343 4180//1343 4181//1343
f 4181//1353 4182//1353 4183//1353
f 4183//1354 4184//1354 4179//1354
f 4179//1355 4181//1355 4183//1355
f 4185//662 4186//662 4187//662
f 4187//1340 4188//1340 4189//1340
f 4189//1341 4190//1341 4185//1341
f 4185//1342 4187//1342 4189//1342
f 4188//1 4187//1 4182//1
f 4182//1 4181//1 4188//1
f 4187//1356 4186//1356 4183//1356
f 4183//1356 4182//1356 4187//1356
f 4186//1357 4185//1357 4184//1357
f 4184//1357 4183//1357 4186//1357
f 4185//2 4190//2 4179//2
f 4179//2 4184//2 4185//2
f 4190//1358 4189//1358 4180//1358
f 4180//1349 4179//1349 4190//1349
f 4189//1348 4188//1348 4181//1348
f 4181//1347 4180//1347 4189//1347
f 4191//1339 4192//1339 4193//1339
f 4193//1340 4194//1340 4195//1340
f 4195//1341 4196//1341 4191//1341
f 4191//1342 4193//1342 4195//1342
f 4197//1343 4198//1343 4199//1343
f 4199//1344 4200//1344 4201//1344
f 4201//1345 4202//1345 4197//1345
f 4197//1346 4199//1346 4201//1346
f 4200//1 4199//1 4194//1
f 4194//1 4193//1 4200//1
f 4199//1347 4198//1347 4195//1347
f 4195//1348 4194//1348 4199//1348
f 4198//1349 4197//1349 4196//1349
f 4196//1350 4195//1350 4198//1350
f 4197//2 4202//2 4191//2
f 4191//2 4196//2 4197//2
f 4202//1351 4201//1351 4192//1351
f 4192//1351 4191//1351 4202//1351
f 4201//1352 4200//1352 4193//1352
f 4193//1352 4192//1352 4201//1352
f 4203//1343 4204//1343 4205//1343
f 4205//1353 4206//1353 4207//1353
f 4207//1354 4208//1354 4203//1354
f 4203//1355 4205//1355 4207//1355
f 4209//662 4210//662 4211//662
f 4211//1340 4212//1340 4213//1340
f 4213//1341 4214//1341 4209//1341
f 4209//1342 4211//1342 4213//1342
f 4212//1 4211//1 4206//1
f 4206//1 4205//1 4212//1
f 4211//1356 4210//1356 4207//1356
f 4207//1356 4206//1356 4211//1356
f 4210//1357 4209//1357 4208//1357
f 4208//1357 4207//1357 4210//1357
f 4209//2 4214//2 4203//2
f 4203//2 4208//2 4209//2
f 4214//1350 4213//1350 4204//1350
f 4204//1349 4203//1349 4214//1349
f 4213//1348 4212//1348 4205//1348
f 4205//1347 4204//1347 4213//1347
f 4215//1359 4216//1359 4217//1359
f 4217//1360 4218//1360 4219//1360
f 4219//1361 4220//1361 4215//1361
f 4215//1362 4217//1362 4219//1362
f 4221//1363 4222//1363 4223//1363
f 4223//1364 4224//1364 4225//1364
f 4225//1365 4226//1365 4221//1365
f 4221//1366 4223//1366 4225//1366
f 4224//1 4223//1 4218//1
f 4218//1 4217//1 4224//1
f 4223//1367 4222//1367 4219//1367
f 4219//1368 4218//1368 4223//1368
f 4222//1369 4221//1369 4220//1369
f 4220//1370 4219//1370 4222//1370
f 4221//2 4226//2 4215//2
f 4215//2 4220//2 4221//2
f 4226//1371 4225//1371 4216//1371
f 4216//1372 4215//1372 4226//1372
f 4225//1373 4224//1373 4217//1373
f 4217//1374 4216//1374 4225//1374
f 4227//1375 4228//1375 4229//1375
f 4229//1376 4230//1376 4231//1376
f 4231//1377 4232//1377 4227//1377
f 4227//1378 4229//1378 4231//1378
f 4233//1379 4234//1379 4235//1379
f 4235//1380 4236//1380 4237//1380
f 4237//1381 4238//1381 4233//1381
f 4233//1362 4235//1362 4237//1362
f 4236//1 4235//1 4230//1
f 4230//1 4229//1 4236//1
f 4235//1382 4234//1382 4231//1382
f 4231//1383 4230//1383 4235//1383
f 4234//1384 4233//1384 4232//1384
f 4232//1372 4231//1372 4234//1372
f 4233//2 4238//2 4227//2
f 4227//2 4232//2 4233//2
f 4238//1369 4237//1369 4228//1369
f 4228//1370 4227//1370 4238//1370
f 4237//1367 4236//1367 4229//1367
f 4229//1385 4228//1385 4237//1385
f 4239//1359 4240//1359 4241//1359
f 4241//1360 4242//1360 4243//1360
f 4243//1361 4244//1361 4239//1361
f 4239//1362 4241//1362 4243//1362
f 4245//1363 4246//1363 4247//1363
f 4247//1364 4248//1364 4249//1364
f 4249//1365 4250//1365 4245//1365
f 4245//1366 4247//1366 4249//1366
f 4248//1 4247//1 4242//1
f 4242//1 4241//1 4248//1
f 4247//1367 4246//1367 4243//1367
f 4243//1368 4242//1368 4247//1368
f 4246//1369 4245//1369 4244//1369
f 4244//1370 4243//1370 4246//1370
f 4245//2 4250//2 4239//2
f 4239//2 4244//2 4245//2
f 4250//1371 4249//1371 4240//1371
f 4240//1372 4239//1372 4250//1372
f 4249//1373 4248//1373 4241//1373
f 4241//1374 4240//1374 4249//1374
f 4251//1375 4252//1375 4253//1375
f 4253//1376 4254//1376 4255//1376
f 4255//1377 4256//1377 4251//1377
f 4251//1378 4253//1378 4255//1378
f 4257//1379 4258//1379 4259//1379
f 4259//1380 4260//1380 4261//1380
f 4261//1381 4262//1381 4257//1381
f 4257//1362 4259//1362 4261//1362
f 4260//1 4259//1 4254//1
f 4254//1 4253//1 4260//1
f 4259//1382 4258//1382 4255//1382
f 4255//1383 4254//1383 4259//1383
f 4258//1384 4257//1384 4256//1384
f 4256//1372 4255//1372 4258//1372
f 4257//2 4262//2 4251//2
f 4251//2 4256//2 4257//2
f 4262//1369 4261//1369 4252//1369
f 4252//1370 4251//1370 4262//1370
f 4261//1367 4260//1367 4253//1367
f 4253//1385 4252//1385 4261//1385
f 4263//1386 4264//1386 4265//1386
f 4265//1387 4266//1387 4267//1387
f 4267//1388 4268//1388 4263//1388
f 4263//592 4265//592 4267//592
f 4269//1389 4270//1389 4271//1389
f 4271//1390 4272//1390 4273//1390
f 4273//1391 4274//1391 4269//1391
f 4269//594 4271//594 4273//594
f 4272//1 4271//1 4266//1
f 4266//1 4265//1 4272//1
f 4271//1392 4270//1392 4267//1392
f 4267//1393 4266//1393 4271//1393
f 4270//1394 4269//1394 4268//1394
f 4268//1395 4267//1395 4270//1395
f 4269//2 4274//2 4263//2
f 4263//2 4268//2 4269//2
f 4274//1396 4273//1396 4264//1396
f 4264//1397 4263//1397 4274//1397
f 4273//1398 4272//1398 4265//1398
f 4265//1399 4264//1399 4273//1399
f 4275//1400 4276//1400 4277//1400
f 4277//1401 4278//1401 4279//1401
f 4279//1402 4280//1402 4275//1402
f 4275//594 4277//594 4279//594
f 4281//1386 4282//1386 4283//1386
f 4283//1403 4284//1403 4285//1403
f 4285//1404 4286//1404 4281//1404
f 4281//592 4283//592 4285//592
f 4284//1 4283//1 4278//1
f 4278//1 4277//1 4284//1
f 4283//1399 4282//1399 4279//1399
f 4279//1405 4278//1405 4283//1405
f 4282//1406 4281//1406 4280//1406
f 4280//1407 4279//1407 4282//1407
f 4281//2 4286//2 4275//2
f 4275//2 4280//2 4281//2
f 4286//1408 4285//1408 4276//1408
f 4276//1409 4275//1409 4286//1409
f 4285//1410 4284//1410 4277//1410
f 4277//1393 4276//1393 4285//1393
f 4287//1386 4288//1386 4289//1386
f 4289//1387 4290//1387 4291//1387
f 4291//1388 4292//1388 4287//1388
f 4287//592 4289//592 4291//592
f 4293//1389 4294//1389 4295//1389
f 4295//1390 4296//1390 4297//1390
f 4297//1391 4298//1391 4293//1391
f 4293//594 4295//594 4297//594
f 4296//1 4295//1 4290//1
f 4290//1 4289//1 4296//1
f 4295//1392 4294//1392 4291//1392
f 4291//1393 4290//1393 4295//1393
f 4294//1394 4293//1394 4292//1394
f 4292//1395 4291//1395 4294//1395
f 4293//2 4298//2 4287//2
f 4287//2 4292//2 4293//2
f 4298//1396 4297//1396 4288//1396
f 4288//1397 4287//1397 4298//1397
f 4297//1398 4296//1398 4289//1398
f 4289//1399 4288//1399 4297//1399
f 4299//1400 4300//1400 4301//1400
f 4301//1401 4302//1401 4303//1401
f 4303//1402 4304//1402 4299//1402
f 4299//594 4301//594 4303//594
f 4305//1386 4306//1386 4307//1386
f 4307//1403 4308//1403 4309//1403
f 4309//1404 4310//1404 4305//1404
f 4305//592 4307//592 4309//592
f 4308//1 4307//1 4302//1
f 4302//1 4301//1 4308//1
f 4307//1399 4306//1399 4303//1399
f 4303//1405 4302//1405 4307//1405
f 4306//1406 4305//1406 4304//1406
f 4304//1407 4303//1407 4306//1407
f 4305//2 4310//2 4299//2
f 4299//2 4304//2 4305//2
f 4310//1408 4309//1408 4300//1408
f 4300//1409 4299//1409 4310//1409
f 4309//1410 4308//1410 4301//1410
f 4301//1393 4300//1393 4309//1393
f 4311//1411 4312//1411 4313//1411
f 4313//1412 4314//1412 4315//1412
f 4315//1413 4316//1413 4311//1413
f 4311//1414 4313//1414 4315//1414
f 4317//611 4318//611 4319//611
f 4319//611 4320//611 4321//611
f 4321//611 4322//611 4317//611
f 4317//611 4319//611 4321//611
f 4320//1 4319//1 4314//1
f 4314//1 4313//1 4320//1
f 4319//1415 4318//1415 4315//1415
f 4315//1416 4314//1416 4319//1416
f 4318//1417 4317//1417 4316//1417
f 4316//1418 4315//1418 4318//1418
f 4317//2 4322//2 4311//2
f 4311//2 4316//2 4317//2
f 4322//1419 4321//1419 4312//1419
f 4312//1420 4311//1420 4322//1420
f 4321//1421 4320//1421 4313//1421
f 4313//1422 4312//1422 4321//1422
f 4323//1423 4324//1423 4325//1423
f 4325//1424 4326//1424 4327//1424
f 4327//1425 4328//1425 4323//1425
f 4323//1426 4325//1426 4327//1426
f 4329//630 4330//630 4331//630
f 4331//630 4332//630 4333//630
f 4333//630 4334//630 4329//630
f 4329//630 4331//630 4333//630
f 4332//1 4331//1 4326//1
f 4326//1 4325//1 4332//1
f 4331//1427 4330//1427 4327//1427
f 4327//1428 4326//1428 4331//1428
f 4330//1429 4329//1429 4328//1429
f 4328//1430 4327//1430 4330//1430
f 4329//2 4334//2 4323//2
f 4323//2 4328//2 4329//2
f 4334//1431 4333//1431 4324//1431
f 4324//1432 4323//1432 4334//1432
f 4333//1433 4332//1433 4325//1433
f 4325//1434 4324//1434 4333//1434
f 4335//1411 4336//1411 4337//1411
f 4337//1412 4338//1412 4339//1412
f 4339//1413 4340//1413 4335//1413
f 4335//1414 4337//1414 4339//1414
f 4341//611 4342//611 4343//611
f 4343//611 4344//611 4345//611
f 4345//611 4346//611 4341//611
f 4341//611 4343//611 4345//611
f 4344//1 4343//1 4338//1
f 4338//1 4337//1 4344//1
f 4343//1415 4342//1415 4339//1415
f 4339//1416 4338//1416 4343//1416
f 4342//1417 4341//1417 4340//1417
f 4340//1418 4339//1418 4342//1418
f 4341//2 4346//2 4335//2
f 4335//2 4340//2 4341//2
f 4346//1419 4345//1419 4336//1419
f 4336//1420 4335//1420 4346//1420
f 4345//1421 4344//1421 4337//1421
f 4337//1422 4336//1422 4345//1422
f 4347//1423 4348//1423 4349//1423
f 4349//1424 4350//1424 4351//1424
f 4351//1425 4352//1425 4347//1425
f 4347//1426 4349//1426 4351//1426
f 4353//630 4354//630 4355//630
f 4355//630 4356//630 4357//630
f 4357//630 4358//630 4353//630
f 4353//630 4355//630 4357//630
f 4356//1 4355//1 4350//1
f 4350//1 4349//1 4356//1
f 4355//1427 4354//1427 4351//1427
f 4351//1428 4350//1428 4355//1428
f 4354//1429 4353//1429 4352//1429
f 4352//1430 4351//1430 4354//1430
f 4353//2 4358//2 4347//2
f 4347//2 4352//2 4353//2
f 4358//1431 4357//1431 4348//1431
f 4348//1432 4347//1432 4358//1432
f 4357//1433 4356//1433 4349//1433
f 4349//1434 4348//1434 4357//1434
f 4359//1435 4360//1435 4361//1435
f 4361//1436 4362//1436 4363//1436
f 4363//1437 4364//1437 4359//1437
f 4359//884 4361//884 4363//884
f 4365//1438 4366//1438 4367//1438
f 4367//1439 4368//1439 4369//1439
f 4369//1440 4370//1440 4365//1440
f 4365//886 4367//886 4369//886
f 4368//1 4367//1 4362//1
f 4362//1 4361//1 4368//1
f 4367//1441 4366//1441 4363//1441
f 4363//1442 4362//1442 4367//1442
f 4366//1443 4365//1443 4364//1443
f 4364//1444 4363//1444 4366//1444
f 4365//2 4370//2 4359//2
f 4359//2 4364//2 4365//2
f 4370//1445 4369//1445 4360//1445
f 4360//1446 4359//1446 4370//1446
f 4369//1447 4368//1447 4361//1447
f 4361//1448 4360//1448 4369//1448
f 4371//1449 4372//1449 4373//1449
f 4373//1450 4374//1450 4375//1450
f 4375//1451 4376//1451 4371//1451
f 4371//886 4373//886 4375//886
f 4377//1452 4378//1452 4379//1452
f 4379//1436 4380//1436 4381//1436
f 4381//1437 4382//1437 4377//1437
f 4377//884 4379//884 4381//884
f 4380//1 4379//1 4374//1
f 4374//1 4373//1 4380//1
f 4379//1453 4378//1453 4375//1453
f 4375//1453 4374//1453 4379//1453
f 4378//1454 4377//1454 4376//1454
f 4376//1454 4375//1454 4378//1454
f 4377//2 4382//2 4371//2
f 4371//2 4376//2 4377//2
f 4382//1455 4381//1455 4372//1455
f 4372//1444 4371//1444 4382//1444
f 4381//1456 4380//1456 4373//1456
f 4373//1457 4372//1457 4381//1457
f 4383//1435 4384//1435 4385//1435
f 4385//1436 4386//1436 4387//1436
f 4387//1437 4388//1437 4383//1437
f 4383//884 4385//884 4387//884
f 4389//1438 4390//1438 4391//1438
f 4391//1439 4392//1439 4393//1439
f 4393//1440 4394//1440 4389//1440
f 4389//886 4391//886 4393//886
f 4392//1 4391//1 4386//1
f 4386//1 4385//1 4392//1
f 4391//1441 4390//1441 4387//1441
f 4387//1442 4386//1442 4391//1442
f 4390//1443 4389//1443 4388//1443
f 4388//1444 4387//1444 4390//1444
f 4389//2 4394//2 4383//2
f 4383//2 4388//2 4389//2
f 4394//1445 4393//1445 4384//1445
f 4384//1446 4383//1446 4394//1446
f 4393//1447 4392//1447 4385//1447
f 4385//1448 4384//1448 4393//1448
f 4395//1449 4396//1449 4397//1449
f 4397//1450 4398//1450 4399//1450
f 4399//1451 4400//1451 4395//1451
f 4395//886 4397//886 4399//886
f 4401//1452 4402//1452 4403//1452
f 4403//1436 4404//1436 4405//1436
f 4405//1437 4406//1437 4401//1437
f 4401//884 4403//884 4405//884
f 4404//1 4403//1 4398//1
f 4398//1 4397//1 4404//1
f 4403//1453 4402//1453 4399//1453
f 4399//1453 4398//1453 4403//1453
f 4402//1454 4401//1454 4400//1454
f 4400//1454 4399//1454 4402//1454
f 4401//2 4406//2 4395//2
f 4395//2 4400//2 4401//2
f 4406//1455 4405//1455 4396//1455
f 4396//1444 4395//1444 4406//1444
f 4405//1456 4404//1456 4397//1456
f 4397//1457 4396//1457 4405//1457
f 4407//1458 4408//1458 4409//1458
f 4408//1459 4410//1459 4409//1459
f 4411//1460 4412//1460 4413//1460
f 4412//1461 4414//1461 4413//1461
f 4413//1462 4415//1462 4411//1462
f 4407//1463 4416//1463 4408//1463
f 4416//1464 4417//1464 4408//1464
f 4414//1465 4412//1465 4418//1465
f 4419//1466 4410//1466 4408//1466
f 4414//1467 4418//1467 4420//1467
f 4418//1468 4421//1468 4420//1468
f 4420//1469 4421//1469 4422//1469
f 4421//1470 4423//1470 4422//1470
f 4422//1471 4423//1471 4424//1471
f 4423//1472 4425//1472 4424//1472
f 4424//1473 4425//1473 4426//1473
f 4425//1474 4427//1474 4426//1474
f 4426//1475 4427//1475 4428//1475
f 4427//1476 4429//1476 4428//1476
f 4428//1477 4429//1477 4430//1477
f 4429//1478 4431//1478 4430//1478
f 4430//1479 4431//1479 4432//1479
f 4431//1480 4419//1480 4432//1480
f 4432//1481 4419//1481 4433//1481
f 4419//1482 4408//1482 4433//1482
f 4433//1483 4408//1483 4417//1483
f 4433//1484 4417//1484 4416//1484
f 4433//1485 4416//1485 4432//1485
f 4416//1486 4434//1486 4432//1486
f 4432//1487 4434//1487 4430//1487
f 4434//1488 4435//1488 4430//1488
f 4430//1489 4435//1489 4428//1489
f 4435//1490 4436//1490 4428//1490
f 4428//1491 4436//1491 4426//1491
f 4436//1492 4437//1492 4426//1492
f 4426//1493 4437//1493 4424//1493
f 4415//1494 4413//1494 4438//1494
f 4413//1495 4439//1495 4438//1495
f 4437//1496 4440//1496 4424//1496
f 4440//1497 4441//1497 4424//1497
f 4424//1498 4441//1498 4422//1498
f 4441//1499 4439//1499 4422//1499
f 4422//1500 4439//1500 4420//1500
f 4439//1501 4413//1501 4420//1501
f 4420//1502 4413//1502 4414//1502
f 4442//1503 4443//1503 4444//1503
f 4443//1504 4445//1504 4444//1504
f 4446//1505 4447//1505 4448//1505
f 4447//1506 4449//1506 4448//1506
f 4448//1507 4449//1507 4450//1507
f 4448//1508 4451//1508 4446//1508
f 4442//1509 4452//1509 4443//1509
f 4452//1510 4453//1510 4443//1510
f 4450//1511 4449//1511 4454//1511
f 4450//1512 4454//1512 4455//1512
f 4454//1513 4456//1513 4455//1513
f 4455//1514 4456//1514 4457//1514
f 4456//1515 4458//1515 4457//1515
f 4457//1516 4458//1516 4459//1516
f 4460//1517 4445//1517 4443//1517
f 4458//1518 4461//1518 4459//1518
f 4461//1519 4462//1519 4459//1519
f 4459//1520 4462//1520 4463//1520
f 4462//1521 4464//1521 4463//1521
f 4463//1522 4464//1522 4465//1522
f 4464//1523 4466//1523 4465//1523
f 4465//1524 4466//1524 4467//1524
f 4466//1525 4460//1525 4467//1525
f 4467//1526 4460//1526 4468//1526
f 4460//1527 4443//1527 4468//1527
f 4468//1528 4443//1528 4453//1528
f 4468//1529 4453//1529 4452//1529
f 4468//1530 4452//1530 4467//1530
f 4452//1531 4469//1531 4467//1531
f 4469//1532 4470//1532 4467//1532
f 4467//1533 4470//1533 4465//1533
f 4470//1534 4471//1534 4465//1534
f 4472//1535 4459//1535 4471//1535
f 4459//1536 4463//1536 4471//1536
f 4471//1537 4463//1537 4465//1537
f 4472//1538 4473//1538 4459//1538
f 4473//1539 4474//1539 4459//1539
f 4459//1540 4474//1540 4457//1540
f 4474//1541 4475//1541 4457//1541
f 4457//1542 4475//1542 4455//1542
f 4455//1543 4475//1543 4450//1543
f 4475//1544 4476//1544 4450//1544
f 4450//1545 4476//1545 4448//1545
f 4476//1546 4477//1546 4448//1546
f 4448//1547 4477//1547 4451//1547
f 4478//1548 4479//1548 4480//1548
f 4479//1549 4481//1549 4480//1549
f 4482//1550 4483//1550 4484//1550
f 4483//1551 4485//1551 4484//1551
f 4484//1552 4485//1552 4486//1552
f 4485//1553 4487//1553 4486//1553
f 4478//1554 4488//1554 4479//1554
f 4488//1555 4489//1555 4479//1555
f 4479//1556 4489//1556 4490//1556
f 4483//1557 4482//1557 4491//1557
f 4483//1558 4491//1558 4492//1558
f 4491//1559 4493//1559 4492//1559
f 4492//1560 4493//1560 4494//1560
f 4493//1561 4495//1561 4494//1561
f 4494//1562 4495//1562 4496//1562
f 4495//1563 4497//1563 4496//1563
f 4497//1564 4498//1564 4496//1564
f 4496//1565 4498//1565 4499//1565
f 4498//1566 4500//1566 4499//1566
f 4481//1567 4479//1567 4501//1567
f 4479//1568 4490//1568 4501//1568
f 4501//1569 4490//1569 4502//1569
f 4490//1570 4503//1570 4502//1570
f 4502//1571 4503//1571 4500//1571
f 4503//1572 4504//1572 4500//1572
f 4500//1573 4504//1573 4499//1573
f 4489//1574 4488//1574 4490//1574
f 4488//1575 4505//1575 4490//1575
f 4490//1576 4505//1576 4503//1576
f 4505//1577 4506//1577 4503//1577
f 4503//1578 4506//1578 4504//1578
f 4506//1579 4507//1579 4504//1579
f 4504//1580 4507//1580 4499//1580
f 4507//1581 4508//1581 4499//1581
f 4499//1582 4508//1582 4496//1582
f 4487//1583 4485//1583 4509//1583
f 4485//1584 4510//1584 4509//1584
f 4508//1585 4511//1585 4496//1585
f 4511//1586 4512//1586 4496//1586
f 4496//1587 4512//1587 4494//1587
f 4512//1588 4510//1588 4494//1588
f 4494//1589 4510//1589 4492//1589
f 4510//1590 4485//1590 4492//1590
f 4492//1591 4485//1591 4483//1591
f 4513//1592 4514//1592 4515//1592
f 4514//1593 4516//1593 4515//1593
f 4517//1594 4518//1594 4519//1594
f 4518//1594 4520//1594 4519//1594
f 4519//1595 4521//1595 4517//1595
f 4522//1596 4523//1596 4524//1596
f 4523//1597 4525//1597 4524//1597
f 4526//1598 4527//1598 4528//1598
f 4527//1599 4529//1599 4528//1599
f 4528//1600 4530//1600 4526//1600
f 4522//1601 4531//1601 4523//1601
f 4531//1601 4532//1601 4523//1601
f 4523//1602 4532//1602 4533//1602
f 4527//1603 4534//1603 4529//1603
f 4534//1604 4535//1604 4529//1604
f 4529//1605 4535//1605 4536//1605
f 4535//1606 4537//1606 4536//1606
f 4536//1607 4537//1607 4538//1607
f 4537//1608 4539//1608 4538//1608
f 4538//1609 4539//1609 4540//1609
f 4539//1610 4541//1610 4540//1610
f 4540//1611 4541//1611 4542//1611
f 4541//1612 4543//1612 4542//1612
f 4525//1613 4523//1613 4544//1613
f 4523//1614 4533//1614 4544//1614
f 4544//1615 4533//1615 4545//1615
f 4533//1616 4546//1616 4545//1616
f 4545//1617 4546//1617 4543//1617
f 4546//1618 4547//1618 4543//1618
f 4543//1619 4547//1619 4542//1619
f 4532//1620 4531//1620 4533//1620
f 4531//1621 4548//1621 4533//1621
f 4533//1622 4548//1622 4546//1622
f 4548//1623 4549//1623 4546//1623
f 4546//1624 4549//1624 4547//1624
f 4549//1625 4550//1625 4547//1625
f 4547//1626 4550//1626 4542//1626
f 4550//1627 4551//1627 4542//1627
f 4542//1628 4551//1628 4540//1628
f 4551//1629 4552//1629 4540//1629
f 4552//1630 4553//1630 4540//1630
f 4540//1631 4553//1631 4538//1631
f 4553//1632 4554//1632 4538//1632
f 4538//1633 4554//1633 4536//1633
f 4554//1634 4555//1634 4536//1634
f 4536//1635 4555//1635 4529//1635
f 4555//1636 4556//1636 4529//1636
f 4529//1637 4556//1637 4528//1637
f 4556//1638 4530//1638 4528//1638
f 4557//1639 4558//1639 4559//1639
f 4558//1640 4560//1640 4559//1640
f 4561//1641 4562//1641 4563//1641
f 4562//1642 4564//1642 4563//1642
f 4563//1643 4565//1643 4561//1643
f 4566//21 4567//21 4568//21
f 4566//21 4568//21 4569//21
f 4570//21 4571//21 4568//21
f 4571//21 4572//21 4568//21
f 4568//21 4572//21 4569//21
f 4573//21 4574//21 4568//21
f 4574//21 4575//21 4568//21
f 4568//21 4575//21 4570//21
f 4576//21 4577//21 4568//21
f 4577//21 4578//21 4568//21
f 4568//21 4578//21 4573//21
f 4579//21 4580//21 4568//21
f 4580//21 4581//21 4568//21
f 4568//21 4581//21 4576//21
f 4582//21 4583//21 4568//21
f 4583//21 4584//21 4568//21
f 4568//21 4584//21 4579//21
f 4585//21 4586//21 4568//21
f 4586//21 4587//21 4568//21
f 4568//21 4587//21 4582//21
f 4588//21 4589//21 4568//21
f 4589//21 4590//21 4568//21
f 4568//21 4590//21 4585//21
f 4591//21 4592//21 4568//21
f 4592//21 4593//21 4568//21
f 4568//21 4593//21 4588//21
f 4567//21 4594//21 4568//21
f 4594//21 4595//21 4568//21
f 4568//21 4595//21 4591//21
f 4519//1644 4520//1644 4596//1644
f 4597//1645 4598//1645 4599//1645
f 4597//1646 4599//1646 4600//1646
f 4599//1647 4601//1647 4600//1647
f 4600//1648 4601//1648 4602//1648
f 4601//1649 4603//1649 4602//1649
f 4602//1650 4603//1650 4604//1650
f 4603//1651 4605//1651 4604//1651
f 4604//1652 4605//1652 4606//1652
f 4605//1653 4607//1653 4606//1653
f 4607//1654 4608//1654 4606//1654
f 4606//1655 4608//1655 4609//1655
f 4608//1656 4610//1656 4609//1656
f 4609//1657 4610//1657 4596//1657
f 4610//1658 4611//1658 4596//1658
f 4596//1659 4611//1659 4519//1659
f 4611//1660 4612//1660 4519//1660
f 4519//1661 4612//1661 4521//1661
f 4563//1662 4564//1662 4613//1662
f 4614//1663 4615//1663 4616//1663
f 4614//1664 4616//1664 4617//1664
f 4616//1665 4618//1665 4617//1665
f 4617//1666 4618//1666 4619//1666
f 4618//1667 4620//1667 4619//1667
f 4619//1668 4620//1668 4621//1668
f 4620//1669 4622//1669 4621//1669
f 4621//1670 4622//1670 4623//1670
f 4622//1671 4624//1671 4623//1671
f 4624//1672 4625//1672 4623//1672
f 4623//1673 4625//1673 4626//1673
f 4625//1674 4627//1674 4626//1674
f 4626//1675 4627//1675 4613//1675
f 4627//1676 4628//1676 4613//1676
f 4613//1677 4628//1677 4563//1677
f 4628//1678 4629//1678 4563//1678
f 4563//1679 4629//1679 4565//1679
f 4630//1680 4631//1680 4562//1680
f 4562//1681 4561//1681 4630//1681
f 4561//1682 4565//1682 4630//1682
f 4630//1683 4565//1683 4571//1683
f 4632//1684 4633//1684 4634//1684
f 4634//1685 4635//1685 4632//1685
f 4635//1686 4636//1686 4632//1686
f 4632//1687 4636//1687 4631//1687
f 4636//1688 4637//1688 4631//1688
f 4631//1689 4637//1689 4562//1689
f 4638//1690 4639//1690 4640//1690
f 4639//1691 4641//1691 4640//1691
f 4640//1692 4641//1692 4632//1692
f 4641//1693 4642//1693 4632//1693
f 4632//1694 4642//1694 4633//1694
f 4640//1695 4530//1695 4638//1695
f 4530//1696 4556//1696 4638//1696
f 4638//1697 4556//1697 4560//1697
f 4556//1698 4555//1698 4560//1698
f 4560//1699 4555//1699 4559//1699
f 4557//1700 4567//1700 4643//1700
f 4567//33 4566//33 4643//33
f 4643//1701 4566//1701 4616//1701
f 4566//1702 4569//1702 4616//1702
f 4616//1703 4569//1703 4618//1703
f 4565//1704 4629//1704 4571//1704
f 4629//1705 4628//1705 4571//1705
f 4571//1706 4628//1706 4572//1706
f 4628//1707 4627//1707 4572//1707
f 4572//1708 4627//1708 4625//1708
f 4625//1709 4624//1709 4572//1709
f 4624//1710 4622//1710 4572//1710
f 4572//1711 4622//1711 4569//1711
f 4622//1712 4620//1712 4569//1712
f 4569//1713 4620//1713 4618//1713
f 4644//1714 4539//1714 4537//1714
f 4537//1715 4535//1715 4644//1715
f 4535//1716 4534//1716 4644//1716
f 4644//1717 4534//1717 4645//1717
f 4534//1718 4527//1718 4645//1718
f 4645//1719 4527//1719 4640//1719
f 4527//1720 4526//1720 4640//1720
f 4640//1721 4526//1721 4530//1721
f 4646//1722 4543//1722 4644//1722
f 4543//1723 4541//1723 4644//1723
f 4644//1724 4541//1724 4539//1724
f 4522//1725 4591//1725 4531//1725
f 4591//1726 4595//1726 4531//1726
f 4531//1727 4595//1727 4548//1727
f 4522//1728 4524//1728 4647//1728
f 4648//1729 4649//1729 4646//1729
f 4649//1730 4650//1730 4646//1730
f 4646//1731 4650//1731 4647//1731
f 4524//1732 4525//1732 4647//1732
f 4525//1733 4544//1733 4647//1733
f 4647//1734 4544//1734 4646//1734
f 4544//1735 4545//1735 4646//1735
f 4646//1736 4545//1736 4543//1736
f 4548//1737 4595//1737 4549//1737
f 4595//1738 4594//1738 4549//1738
f 4549//1739 4594//1739 4550//1739
f 4554//1740 4567//1740 4555//1740
f 4567//1741 4557//1741 4555//1741
f 4555//1742 4557//1742 4559//1742
f 4554//1743 4553//1743 4567//1743
f 4553//1744 4552//1744 4567//1744
f 4567//1745 4552//1745 4594//1745
f 4552//1746 4551//1746 4594//1746
f 4594//1747 4551//1747 4550//1747
f 4651//1748 4652//1748 4653//1748
f 4652//1749 4654//1749 4653//1749
f 4653//1750 4654//1750 4648//1750
f 4654//1751 4655//1751 4648//1751
f 4648//1752 4655//1752 4649//1752
f 4656//1753 4657//1753 4658//1753
f 4657//1754 4659//1754 4658//1754
f 4658//1755 4659//1755 4653//1755
f 4659//1756 4660//1756 4653//1756
f 4653//1757 4660//1757 4651//1757
f 4661//1758 4588//1758 4662//1758
f 4588//1759 4593//1759 4662//1759
f 4662//1760 4593//1760 4663//1760
f 4664//1761 4665//1761 4666//1761
f 4665//1762 4667//1762 4666//1762
f 4666//1763 4667//1763 4658//1763
f 4667//1764 4668//1764 4658//1764
f 4658//1765 4668//1765 4656//1765
f 4663//1766 4593//1766 4669//1766
f 4593//1767 4592//1767 4669//1767
f 4669//1768 4592//1768 4670//1768
f 4522//1769 4647//1769 4591//1769
f 4647//1770 4671//1770 4591//1770
f 4591//1771 4671//1771 4672//1771
f 4672//1772 4673//1772 4591//1772
f 4673//1773 4674//1773 4591//1773
f 4591//1774 4674//1774 4592//1774
f 4674//1775 4675//1775 4592//1775
f 4592//1776 4675//1776 4670//1776
f 4661//1777 4664//1777 4588//1777
f 4664//1778 4666//1778 4588//1778
f 4588//1779 4666//1779 4676//1779
f 4677//1780 4678//1780 4679//1780
f 4678//1781 4680//1781 4679//1781
f 4679//1782 4680//1782 4666//1782
f 4680//1783 4681//1783 4666//1783
f 4666//1784 4681//1784 4676//1784
f 4682//1785 4589//1785 4683//1785
f 4589//1786 4588//1786 4683//1786
f 4683//1787 4588//1787 4684//1787
f 4588//1788 4676//1788 4684//1788
f 4685//1789 4686//1789 4687//1789
f 4686//1790 4688//1790 4687//1790
f 4687//1791 4688//1791 4679//1791
f 4688//1792 4689//1792 4679//1792
f 4679//1793 4689//1793 4677//1793
f 4690//1794 4691//1794 4590//1794
f 4590//1795 4691//1795 4585//1795
f 4692//1796 4693//1796 4694//1796
f 4693//1797 4695//1797 4694//1797
f 4695//1798 4696//1798 4694//1798
f 4694//1799 4696//1799 4687//1799
f 4696//1800 4697//1800 4687//1800
f 4687//1801 4697//1801 4685//1801
f 4682//1802 4698//1802 4589//1802
f 4698//1803 4699//1803 4589//1803
f 4589//1804 4699//1804 4590//1804
f 4699//1805 4700//1805 4590//1805
f 4590//1806 4700//1806 4690//1806
f 4701//1807 4694//1807 4702//1807
f 4694//1808 4703//1808 4702//1808
f 4701//1809 4704//1809 4694//1809
f 4704//1810 4585//1810 4694//1810
f 4694//1811 4585//1811 4692//1811
f 4585//1812 4691//1812 4692//1812
f 4705//1813 4706//1813 4707//1813
f 4706//1814 4708//1814 4707//1814
f 4708//1815 4709//1815 4707//1815
f 4709//1816 4710//1816 4707//1816
f 4707//1817 4710//1817 4703//1817
f 4710//1818 4711//1818 4703//1818
f 4703//1819 4711//1819 4702//1819
f 4712//1820 4713//1820 4707//1820
f 4713//1821 4714//1821 4707//1821
f 4707//1822 4714//1822 4705//1822
f 4712//1823 4707//1823 4715//1823
f 4707//157 4716//157 4715//157
f 4715//1824 4716//1824 4521//1824
f 4521//1825 4612//1825 4715//1825
f 4612//1826 4611//1826 4715//1826
f 4715//1827 4611//1827 4717//1827
f 4704//1828 4718//1828 4585//1828
f 4718//1829 4719//1829 4585//1829
f 4585//1830 4719//1830 4586//1830
f 4719//1831 4720//1831 4586//1831
f 4586//1832 4720//1832 4721//1832
f 4722//1833 4587//1833 4723//1833
f 4587//1834 4586//1834 4723//1834
f 4723//1835 4586//1835 4724//1835
f 4586//1836 4721//1836 4724//1836
f 4725//1837 4726//1837 4727//1837
f 4726//1838 4728//1838 4727//1838
f 4728//1839 4729//1839 4727//1839
f 4729//1840 4730//1840 4727//1840
f 4727//1841 4730//1841 4731//1841
f 4730//1842 4518//1842 4731//1842
f 4731//1843 4518//1843 4716//1843
f 4518//1844 4517//1844 4716//1844
f 4716//1845 4517//1845 4521//1845
f 4732//1846 4733//1846 4727//1846
f 4733//1847 4734//1847 4727//1847
f 4727//1848 4734//1848 4725//1848
f 4513//1849 4580//1849 4735//1849
f 4580//158 4579//158 4735//158
f 4735//1850 4579//1850 4599//1850
f 4732//1851 4487//1851 4509//1851
f 4515//1852 4516//1852 4509//1852
f 4516//1853 4736//1853 4509//1853
f 4509//1854 4736//1854 4732//1854
f 4736//1855 4737//1855 4732//1855
f 4732//1856 4737//1856 4733//1856
f 4599//1857 4579//1857 4601//1857
f 4579//1858 4584//1858 4601//1858
f 4601//1859 4584//1859 4603//1859
f 4722//1860 4738//1860 4587//1860
f 4738//1861 4739//1861 4587//1861
f 4587//1862 4739//1862 4582//1862
f 4739//1863 4717//1863 4582//1863
f 4582//1864 4717//1864 4583//1864
f 4717//1865 4611//1865 4583//1865
f 4583//1866 4611//1866 4610//1866
f 4610//1867 4608//1867 4583//1867
f 4608//1868 4607//1868 4583//1868
f 4583//1869 4607//1869 4584//1869
f 4607//1870 4605//1870 4584//1870
f 4584//1871 4605//1871 4603//1871
f 4497//1872 4495//1872 4740//1872
f 4495//1873 4493//1873 4740//1873
f 4493//1874 4491//1874 4740//1874
f 4491//1875 4482//1875 4740//1875
f 4740//1876 4482//1876 4741//1876
f 4482//1877 4484//1877 4741//1877
f 4741//50 4484//50 4732//50
f 4484//1878 4486//1878 4732//1878
f 4732//1879 4486//1879 4487//1879
f 4497//1880 4740//1880 4498//1880
f 4740//1881 4742//1881 4498//1881
f 4498//1882 4742//1882 4500//1882
f 4478//1883 4577//1883 4488//1883
f 4577//1884 4576//1884 4488//1884
f 4488//1885 4576//1885 4505//1885
f 4743//1886 4446//1886 4742//1886
f 4446//1887 4451//1887 4742//1887
f 4742//1888 4451//1888 4477//1888
f 4480//1889 4481//1889 4477//1889
f 4481//1890 4501//1890 4477//1890
f 4477//1891 4501//1891 4742//1891
f 4501//1892 4502//1892 4742//1892
f 4742//1893 4502//1893 4500//1893
f 4505//1894 4576//1894 4506//1894
f 4576//1895 4581//1895 4506//1895
f 4506//1896 4581//1896 4507//1896
f 4510//1897 4580//1897 4509//1897
f 4580//1898 4513//1898 4509//1898
f 4509//1899 4513//1899 4515//1899
f 4510//1900 4512//1900 4580//1900
f 4512//1901 4511//1901 4580//1901
f 4580//1902 4511//1902 4581//1902
f 4511//1903 4508//1903 4581//1903
f 4581//1904 4508//1904 4507//1904
f 4456//1905 4454//1905 4744//1905
f 4454//1906 4449//1906 4744//1906
f 4744//1907 4449//1907 4743//1907
f 4449//1908 4447//1908 4743//1908
f 4743//1909 4447//1909 4446//1909
f 4464//1910 4462//1910 4745//1910
f 4462//1911 4461//1911 4745//1911
f 4745//1912 4461//1912 4744//1912
f 4461//1913 4458//1913 4744//1913
f 4744//1914 4458//1914 4456//1914
f 4574//1915 4573//1915 4452//1915
f 4452//1916 4442//1916 4574//1916
f 4442//1917 4444//1917 4574//1917
f 4574//1918 4444//1918 4746//1918
f 4444//1919 4445//1919 4746//1919
f 4445//1920 4460//1920 4746//1920
f 4746//1921 4460//1921 4745//1921
f 4460//1922 4466//1922 4745//1922
f 4745//1923 4466//1923 4464//1923
f 4472//1924 4471//1924 4578//1924
f 4471//1925 4470//1925 4578//1925
f 4578//1926 4470//1926 4573//1926
f 4470//1927 4469//1927 4573//1927
f 4573//1928 4469//1928 4452//1928
f 4476//1929 4577//1929 4477//1929
f 4577//1930 4478//1930 4477//1930
f 4477//1931 4478//1931 4480//1931
f 4476//1932 4475//1932 4577//1932
f 4475//1933 4474//1933 4577//1933
f 4577//1934 4474//1934 4578//1934
f 4474//1935 4473//1935 4578//1935
f 4578//1936 4473//1936 4472//1936
f 4411//1937 4746//1937 4412//1937
f 4746//1938 4747//1938 4412//1938
f 4412//1939 4747//1939 4418//1939
f 4748//1940 4429//1940 4427//1940
f 4427//1941 4425//1941 4748//1941
f 4425//1942 4423//1942 4748//1942
f 4748//1943 4423//1943 4747//1943
f 4423//1944 4421//1944 4747//1944
f 4747//1945 4421//1945 4418//1945
f 4409//1946 4630//1946 4407//1946
f 4630//1947 4571//1947 4407//1947
f 4407//1948 4571//1948 4416//1948
f 4571//1949 4570//1949 4416//1949
f 4416//1950 4570//1950 4434//1950
f 4409//1951 4410//1951 4630//1951
f 4410//1952 4419//1952 4630//1952
f 4630//1953 4419//1953 4748//1953
f 4419//1954 4431//1954 4748//1954
f 4748//1955 4431//1955 4429//1955
f 4411//1956 4415//1956 4746//1956
f 4415//1957 4438//1957 4746//1957
f 4746//1958 4438//1958 4574//1958
f 4438//1959 4439//1959 4574//1959
f 4574//1960 4439//1960 4575//1960
f 4439//1961 4441//1961 4575//1961
f 4575//1962 4441//1962 4440//1962
f 4440//1963 4437//1963 4575//1963
f 4437//1964 4436//1964 4575//1964
f 4575//1965 4436//1965 4570//1965
f 4436//1966 4435//1966 4570//1966
f 4570//1967 4435//1967 4434//1967
f 4640//11 4632//11 4749//11
f 4640//11 4749//11 4645//11
f 4648//11 4646//11 4749//11
f 4646//11 4644//11 4749//11
f 4749//11 4644//11 4645//11
f 4666//11 4658//11 4749//11
f 4658//11 4653//11 4749//11
f 4749//11 4653//11 4648//11
f 4694//11 4687//11 4749//11
f 4687//11 4679//11 4749//11
f 4749//11 4679//11 4666//11
f 4716//11 4707//11 4749//11
f 4707//11 4703//11 4749//11
f 4749//11 4703//11 4694//11
f 4732//11 4727//11 4749//11
f 4727//11 4731//11 4749//11
f 4749//11 4731//11 4716//11
f 4742//11 4740//11 4749//11
f 4740//11 4741//11 4749//11
f 4749//11 4741//11 4732//11
f 4745//11 4744//11 4749//11
f 4744//11 4743//11 4749//11
f 4749//11 4743//11 4742//11
f 4748//11 4747//11 4749//11
f 4747//11 4746//11 4749//11
f 4749//11 4746//11 4745//11
f 4632//11 4631//11 4749//11
f 4631//11 4630//11 4749//11
f 4749//11 4630//11 4748//11
f 4514//1968 4598//1968 4597//1968
f 4518//1969 4730//1969 4520//1969
f 4730//1970 4729//1970 4520//1970
f 4520//1971 4729//1971 4596//1971
f 4729//1972 4728//1972 4596//1972
f 4596//1973 4728//1973 4609//1973
f 4728//1974 4726//1974 4609//1974
f 4609//1975 4726//1975 4606//1975
f 4726//1976 4725//1976 4606//1976
f 4725//1977 4734//1977 4606//1977
f 4606//1978 4734//1978 4604//1978
f 4734//1979 4733//1979 4604//1979
f 4516//1980 4514//1980 4736//1980
f 4514//1981 4597//1981 4736//1981
f 4736//1982 4597//1982 4737//1982
f 4597//1983 4600//1983 4737//1983
f 4737//1984 4600//1984 4733//1984
f 4600//1985 4602//1985 4733//1985
f 4733//1986 4602//1986 4604//1986
f 4562//1987 4637//1987 4564//1987
f 4637//1988 4636//1988 4564//1988
f 4564//1989 4636//1989 4613//1989
f 4636//1990 4635//1990 4613//1990
f 4613//1991 4635//1991 4626//1991
f 4635//1992 4634//1992 4626//1992
f 4626//1993 4634//1993 4623//1993
f 4634//1994 4633//1994 4623//1994
f 4633//1995 4642//1995 4623//1995
f 4623//1996 4642//1996 4621//1996
f 4642//1997 4641//1997 4621//1997
f 4639//1998 4617//1998 4641//1998
f 4617//1999 4619//1999 4641//1999
f 4641//2000 4619//2000 4621//2000
f 4560//2001 4558//2001 4638//2001
f 4558//2002 4615//2002 4638//2002
f 4638//2003 4615//2003 4639//2003
f 4615//2004 4614//2004 4639//2004
f 4639//2005 4614//2005 4617//2005
f 4750//2006 4662//2006 4751//2006
f 4662//2007 4663//2007 4751//2007
f 4751//2008 4663//2008 4752//2008
f 4663//2009 4669//2009 4752//2009
f 4752//2010 4669//2010 4753//2010
f 4669//2011 4670//2011 4753//2011
f 4675//2012 4754//2012 4670//2012
f 4754//2013 4755//2013 4670//2013
f 4670//2014 4755//2014 4753//2014
f 4675//2015 4674//2015 4754//2015
f 4674//2016 4673//2016 4754//2016
f 4754//2017 4673//2017 4756//2017
f 4673//2018 4672//2018 4756//2018
f 4756//2019 4672//2019 4757//2019
f 4672//2020 4671//2020 4757//2020
f 4757//2021 4671//2021 4758//2021
f 4671//2022 4647//2022 4758//2022
f 4758//2023 4647//2023 4759//2023
f 4647//2024 4650//2024 4759//2024
f 4616//2025 4615//2025 4643//2025
f 4615//2026 4558//2026 4643//2026
f 4643//2027 4558//2027 4557//2027
f 4758//2028 4654//2028 4652//2028
f 4758//2029 4652//2029 4757//2029
f 4652//2030 4651//2030 4757//2030
f 4757//2031 4651//2031 4756//2031
f 4651//2032 4660//2032 4756//2032
f 4756//2033 4660//2033 4754//2033
f 4667//2034 4665//2034 4760//2034
f 4660//2035 4659//2035 4754//2035
f 4659//2036 4657//2036 4754//2036
f 4754//2037 4657//2037 4755//2037
f 4657//2038 4656//2038 4755//2038
f 4755//2039 4656//2039 4753//2039
f 4656//2040 4668//2040 4753//2040
f 4753//2041 4668//2041 4752//2041
f 4668//2042 4667//2042 4752//2042
f 4752//2043 4667//2043 4751//2043
f 4667//2044 4760//2044 4751//2044
f 4751//2045 4760//2045 4750//2045
f 4661//2046 4662//2046 4760//2046
f 4662//2047 4750//2047 4760//2047
f 4759//2048 4650//2048 4649//2048
f 4649//2049 4655//2049 4759//2049
f 4655//2050 4654//2050 4759//2050
f 4759//2050 4654//2050 4758//2050
f 4661//2051 4760//2051 4664//2051
f 4760//2052 4665//2052 4664//2052
f 4761//2053 4762//2053 4691//2053
f 4761//2054 4691//2054 4763//2054
f 4691//2055 4690//2055 4763//2055
f 4690//2056 4700//2056 4763//2056
f 4763//2057 4700//2057 4764//2057
f 4700//2058 4699//2058 4764//2058
f 4764//2059 4699//2059 4765//2059
f 4699//2060 4766//2060 4765//2060
f 4676//2061 4767//2061 4684//2061
f 4767//2062 4683//2062 4684//2062
f 4699//2063 4698//2063 4766//2063
f 4698//2064 4682//2064 4766//2064
f 4766//2065 4682//2065 4768//2065
f 4682//2066 4683//2066 4768//2066
f 4768//2067 4683//2067 4769//2067
f 4683//2068 4767//2068 4769//2068
f 4769//2069 4767//2069 4770//2069
f 4770//2070 4680//2070 4678//2070
f 4770//2071 4678//2071 4769//2071
f 4678//2072 4677//2072 4769//2072
f 4769//2073 4677//2073 4768//2073
f 4677//2074 4689//2074 4768//2074
f 4768//2075 4689//2075 4766//2075
f 4696//2076 4695//2076 4771//2076
f 4689//2077 4688//2077 4766//2077
f 4688//2078 4686//2078 4766//2078
f 4766//2079 4686//2079 4765//2079
f 4686//2080 4685//2080 4765//2080
f 4765//2081 4685//2081 4764//2081
f 4685//2082 4697//2082 4764//2082
f 4764//2083 4697//2083 4763//2083
f 4697//2084 4696//2084 4763//2084
f 4763//2085 4696//2085 4761//2085
f 4696//2086 4771//2086 4761//2086
f 4761//2087 4771//2087 4762//2087
f 4692//2088 4691//2088 4771//2088
f 4691//2089 4762//2089 4771//2089
f 4767//2090 4676//2090 4681//2090
f 4681//2091 4680//2091 4767//2091
f 4680//2091 4770//2091 4767//2091
f 4692//2092 4771//2092 4693//2092
f 4771//2093 4695//2093 4693//2093
f 4722//2094 4772//2094 4738//2094
f 4772//2095 4773//2095 4738//2095
f 4738//2096 4773//2096 4739//2096
f 4773//2097 4774//2097 4739//2097
f 4739//2098 4774//2098 4775//2098
f 4724//2099 4776//2099 4723//2099
f 4776//2100 4777//2100 4723//2100
f 4723//2101 4777//2101 4722//2101
f 4777//2102 4778//2102 4722//2102
f 4722//2103 4778//2103 4772//2103
f 4704//2104 4779//2104 4718//2104
f 4779//2105 4719//2105 4718//2105
f 4724//2106 4721//2106 4776//2106
f 4721//2107 4720//2107 4776//2107
f 4776//2108 4720//2108 4780//2108
f 4720//2109 4719//2109 4780//2109
f 4780//2110 4719//2110 4781//2110
f 4719//2111 4779//2111 4781//2111
f 4781//2112 4779//2112 4782//2112
f 4782//2113 4702//2113 4711//2113
f 4782//2114 4711//2114 4781//2114
f 4711//2115 4710//2115 4781//2115
f 4781//2116 4710//2116 4780//2116
f 4710//2117 4709//2117 4780//2117
f 4780//2118 4709//2118 4776//2118
f 4709//2119 4708//2119 4776//2119
f 4708//2120 4706//2120 4776//2120
f 4776//2121 4706//2121 4777//2121
f 4706//2122 4705//2122 4777//2122
f 4777//2123 4705//2123 4778//2123
f 4705//2124 4714//2124 4778//2124
f 4778//2125 4714//2125 4772//2125
f 4713//2126 4712//2126 4783//2126
f 4772//2127 4714//2127 4773//2127
f 4714//2128 4713//2128 4773//2128
f 4773//2129 4713//2129 4774//2129
f 4713//2130 4783//2130 4774//2130
f 4774//2131 4783//2131 4775//2131
f 4717//2132 4739//2132 4783//2132
f 4739//2133 4775//2133 4783//2133
f 4779//2134 4704//2134 4701//2134
f 4701//2135 4702//2135 4779//2135
f 4702//2135 4782//2135 4779//2135
f 4717//2136 4783//2136 4715//2136
f 4783//2137 4712//2137 4715//2137
f 4599//2138 4598//2138 4735//2138
f 4598//2139 4514//2139 4735//2139
f 4735//2140 4514//2140 4513//2140
