# Blender 5.2.0 LTS
# www.blender.org
mtllib right_1m.mtl
o Right_1m
v 0.055586 -0.403241 0.152532
v 0.070441 -0.534161 0.152532
v 0.570241 -0.534161 0.152532
v 0.542613 -0.291064 0.152532
v 0.474307 -0.088645 0.152532
v 0.376429 0.084203 0.152532
v 0.253007 0.231505 0.152532
v 0.105704 0.354928 0.152532
v -0.067143 0.452805 0.152532
v -0.269562 0.521111 0.152532
v -0.512659 0.548739 0.152532
v -0.512659 0.048939 0.152532
v -0.381739 0.034084 0.152532
v 0.018795 -0.294257 0.152532
v -0.272755 -0.002707 0.152532
v -0.033962 -0.201238 0.152532
v -0.179737 -0.055463 0.152532
v -0.100324 -0.121826 0.152532
v 0.376429 0.084203 0.052532
v 0.474307 -0.088645 0.052532
v 0.542613 -0.291064 0.052532
v 0.570241 -0.534161 0.052532
v 0.070441 -0.534161 0.052532
v -0.381739 0.034084 0.052532
v -0.512659 0.048939 0.052532
v -0.512659 0.548739 0.052532
v -0.269562 0.521111 0.052532
v -0.067143 0.452805 0.052532
v 0.105704 0.354928 0.052532
v 0.253007 0.231505 0.052532
v 0.055586 -0.403241 0.052532
v -0.272755 -0.002707 0.052532
v -0.179737 -0.055463 0.052532
v 0.018795 -0.294257 0.052532
v -0.100324 -0.121826 0.052532
v -0.033962 -0.201238 0.052532
v -0.346372 -0.088506 0.167632
v -0.346949 -0.088506 0.167556
v -0.346372 -0.088506 0.164407
v -0.345794 -0.088506 0.167556
v -0.344324 -0.088506 0.166495
v -0.344746 -0.088506 0.166974
v -0.345244 -0.088506 0.167334
v -0.343689 -0.088506 0.164581
v -0.343783 -0.088506 0.165269
v -0.343998 -0.088506 0.165917
v -0.344148 -0.088506 0.162597
v -0.343876 -0.088506 0.163213
v -0.343721 -0.088506 0.163885
v -0.345514 -0.088506 0.161351
v -0.344987 -0.088506 0.161643
v -0.344524 -0.088506 0.162065
v -0.347229 -0.088506 0.161351
v -0.346662 -0.088506 0.161201
v -0.346081 -0.088506 0.161201
v -0.348595 -0.088506 0.162597
v -0.348219 -0.088506 0.162065
v -0.347757 -0.088506 0.161643
v -0.349054 -0.088506 0.164581
v -0.349023 -0.088506 0.163885
v -0.348867 -0.088506 0.163213
v -0.348419 -0.088506 0.166495
v -0.348745 -0.088506 0.165917
v -0.348960 -0.088506 0.165269
v -0.347500 -0.088506 0.167334
v -0.347997 -0.088506 0.166974
v -0.351994 -0.101751 0.169657
v -0.351994 -0.101751 0.159157
v -0.351994 -0.097752 0.169657
v -0.351994 -0.097752 0.159157
v -0.340749 -0.101751 0.169657
v -0.340749 -0.097752 0.169657
v -0.346081 -0.101751 0.161201
v -0.340749 -0.101751 0.159157
v -0.346662 -0.101751 0.161201
v -0.347229 -0.101751 0.161351
v -0.347757 -0.101751 0.161643
v -0.345514 -0.101751 0.161351
v -0.344987 -0.101751 0.161643
v -0.344524 -0.101751 0.162065
v -0.343721 -0.101751 0.163885
v -0.343689 -0.101751 0.164581
v -0.343783 -0.101751 0.165269
v -0.343998 -0.101751 0.165917
v -0.344324 -0.101751 0.166495
v -0.344746 -0.101751 0.166974
v -0.345244 -0.101751 0.167334
v -0.345794 -0.101751 0.167556
v -0.346372 -0.101751 0.167632
v -0.346949 -0.101751 0.167556
v -0.347500 -0.101751 0.167334
v -0.344148 -0.101751 0.162597
v -0.343876 -0.101751 0.163213
v -0.347997 -0.101751 0.166974
v -0.348419 -0.101751 0.166495
v -0.348745 -0.101751 0.165917
v -0.348960 -0.101751 0.165269
v -0.349054 -0.101751 0.164581
v -0.349023 -0.101751 0.163885
v -0.348867 -0.101751 0.163213
v -0.348595 -0.101751 0.162597
v -0.348219 -0.101751 0.162065
v -0.340749 -0.097752 0.159157
v -0.344987 -0.097752 0.161643
v -0.345514 -0.097752 0.161351
v -0.348960 -0.097752 0.165269
v -0.348745 -0.097752 0.165917
v -0.347757 -0.097752 0.161643
v -0.348219 -0.097752 0.162065
v -0.348595 -0.097752 0.162597
v -0.348867 -0.097752 0.163213
v -0.349023 -0.097752 0.163885
v -0.349054 -0.097752 0.164581
v -0.348419 -0.097752 0.166495
v -0.347997 -0.097752 0.166974
v -0.347500 -0.097752 0.167334
v -0.345244 -0.097752 0.167334
v -0.344746 -0.097752 0.166974
v -0.344324 -0.097752 0.166495
v -0.343998 -0.097752 0.165917
v -0.346081 -0.097752 0.161201
v -0.346662 -0.097752 0.161201
v -0.347229 -0.097752 0.161351
v -0.346949 -0.097752 0.167556
v -0.346372 -0.097752 0.167632
v -0.345794 -0.097752 0.167556
v -0.343783 -0.097752 0.165269
v -0.343689 -0.097752 0.164581
v -0.343721 -0.097752 0.163885
v -0.343876 -0.097752 0.163213
v -0.344148 -0.097752 0.162597
v -0.344524 -0.097752 0.162065
v -0.346372 -0.107248 0.167632
v -0.346949 -0.107248 0.167556
v -0.347500 -0.107248 0.167334
v -0.347997 -0.107248 0.166974
v -0.348419 -0.107248 0.166495
v -0.348745 -0.107248 0.165917
v -0.348960 -0.107248 0.165269
v -0.349054 -0.107248 0.164581
v -0.349023 -0.107248 0.163885
v -0.348867 -0.107248 0.163213
v -0.348595 -0.107248 0.162597
v -0.348219 -0.107248 0.162065
v -0.347757 -0.107248 0.161643
v -0.347229 -0.107248 0.161351
v -0.346662 -0.107248 0.161201
v -0.346081 -0.107248 0.161201
v -0.345514 -0.107248 0.161351
v -0.344987 -0.107248 0.161643
v -0.344524 -0.107248 0.162065
v -0.344148 -0.107248 0.162597
v -0.343876 -0.107248 0.163213
v -0.343721 -0.107248 0.163885
v -0.343689 -0.107248 0.164581
v -0.343783 -0.107248 0.165269
v -0.343998 -0.107248 0.165917
v -0.344324 -0.107248 0.166495
v -0.344746 -0.107248 0.166974
v -0.345244 -0.107248 0.167334
v -0.345794 -0.107248 0.167556
v -0.352046 0.019326 0.111607
v -0.349521 0.023699 0.111607
v -0.352046 0.019326 0.116407
v -0.349521 0.023699 0.116407
v -0.344471 0.023699 0.111607
v -0.344471 0.023699 0.116407
v -0.353244 -0.107248 0.156157
v -0.353244 -0.085784 0.156157
v -0.340749 -0.107248 0.156157
v -0.340749 -0.085784 0.156157
v -0.353244 -0.107248 0.171157
v -0.340749 -0.107248 0.171157
v -0.346432 0.016763 0.103282
v -0.340749 0.005578 0.103282
v -0.346996 0.016702 0.103282
v -0.353244 0.005578 0.103282
v -0.347560 0.016763 0.103282
v -0.345895 0.016945 0.103282
v -0.345408 0.017237 0.103282
v -0.344996 0.017627 0.103282
v -0.349315 0.018097 0.103282
v -0.348996 0.017627 0.103282
v -0.340749 0.025574 0.103282
v -0.344407 0.019751 0.103282
v -0.344559 0.020297 0.103282
v -0.348584 0.017237 0.103282
v -0.348098 0.016945 0.103282
v -0.344678 0.018097 0.103282
v -0.344468 0.018624 0.103282
v -0.344376 0.019184 0.103282
v -0.344825 0.020799 0.103282
v -0.345192 0.021231 0.103282
v -0.345644 0.021574 0.103282
v -0.347834 0.021813 0.103282
v -0.348349 0.021574 0.103282
v -0.353244 0.025574 0.103282
v -0.349434 0.020297 0.103282
v -0.349586 0.019751 0.103282
v -0.349616 0.019184 0.103282
v -0.349525 0.018624 0.103282
v -0.346159 0.021813 0.103282
v -0.346713 0.021935 0.103282
v -0.347280 0.021935 0.103282
v -0.348801 0.021231 0.103282
v -0.349168 0.020799 0.103282
v -0.353244 -0.077142 0.171157
v -0.340749 -0.077142 0.171157
v -0.341947 0.019326 0.111607
v -0.344471 0.014953 0.111607
v -0.341947 0.019326 0.116407
v -0.344471 0.014953 0.116407
v -0.353244 0.010757 0.116407
v -0.353244 0.025574 0.116407
v -0.340749 0.025574 0.116407
v -0.340749 0.010757 0.116407
v -0.349521 0.014953 0.116407
v -0.340749 0.004303 0.116893
v -0.340749 -0.012352 0.152153
v -0.340749 -0.012483 0.162134
v -0.340749 -0.021427 0.160454
v -0.340749 -0.022075 0.169504
v -0.340749 -0.031704 0.166403
v -0.340749 -0.032617 0.174675
v -0.340749 -0.042767 0.169755
v -0.340749 -0.043764 0.177477
v -0.340749 -0.054165 0.170377
v -0.340749 -0.055148 0.177819
v -0.340749 -0.065435 0.168242
v -0.340749 -0.066398 0.175689
v -0.340749 -0.076119 0.163437
v -0.340749 0.000780 0.129920
v -0.340749 0.007657 0.129562
v -0.340749 -0.004848 0.141835
v -0.340749 0.002631 0.141830
v -0.340749 -0.004157 0.152807
v -0.353244 0.004303 0.116893
v -0.353244 0.000780 0.129920
v -0.353244 -0.004848 0.141835
v -0.353244 -0.012352 0.152153
v -0.353244 -0.021427 0.160454
v -0.353244 -0.031704 0.166403
v -0.353244 -0.042767 0.169755
v -0.353244 -0.054165 0.170377
v -0.353244 -0.065435 0.168242
v -0.353244 -0.076119 0.163437
v -0.346159 0.021813 0.111607
v -0.346713 0.021935 0.111607
v -0.346996 0.021950 0.111607
v -0.347280 0.021935 0.111607
v -0.347834 0.021813 0.111607
v -0.348349 0.021574 0.111607
v -0.348801 0.021231 0.111607
v -0.349168 0.020799 0.111607
v -0.349434 0.020297 0.111607
v -0.349586 0.019751 0.111607
v -0.349616 0.019184 0.111607
v -0.349525 0.018624 0.111607
v -0.349315 0.018097 0.111607
v -0.348996 0.017627 0.111607
v -0.348584 0.017237 0.111607
v -0.348098 0.016945 0.111607
v -0.347560 0.016763 0.111607
v -0.346996 0.016702 0.111607
v -0.346432 0.016763 0.111607
v -0.345895 0.016945 0.111607
v -0.345408 0.017237 0.111607
v -0.344996 0.017627 0.111607
v -0.344678 0.018097 0.111607
v -0.344468 0.018624 0.111607
v -0.344376 0.019184 0.111607
v -0.344407 0.019751 0.111607
v -0.344559 0.020297 0.111607
v -0.344825 0.020799 0.111607
v -0.345192 0.021231 0.111607
v -0.345644 0.021574 0.111607
v -0.353244 -0.066398 0.175689
v -0.353244 -0.055148 0.177819
v -0.353244 -0.043764 0.177477
v -0.353244 -0.032617 0.174675
v -0.353244 -0.022075 0.169504
v -0.353244 -0.012483 0.162134
v -0.353244 -0.004157 0.152807
v -0.353244 0.002631 0.141830
v -0.353244 0.007657 0.129562
v -0.349521 0.014953 0.111607
v -0.247600 0.020297 0.093157
v -0.249341 0.020991 0.093157
v -0.247334 0.020799 0.093157
v -0.248885 0.021850 0.093157
v -0.246967 0.021231 0.093157
v -0.248256 0.022592 0.093157
v -0.246515 0.021574 0.093157
v -0.247481 0.023180 0.093157
v -0.246000 0.021813 0.093157
v -0.246598 0.023589 0.093157
v -0.245446 0.021935 0.093157
v -0.245648 0.023798 0.093157
v -0.244878 0.021935 0.093157
v -0.244676 0.023798 0.093157
v -0.244324 0.021813 0.093157
v -0.243726 0.023589 0.093157
v -0.243809 0.021574 0.093157
v -0.242843 0.023180 0.093157
v -0.243358 0.021231 0.093157
v -0.242069 0.022592 0.093157
v -0.242990 0.020799 0.093157
v -0.241439 0.021850 0.093157
v -0.242725 0.020297 0.093157
v -0.240983 0.020991 0.093157
v -0.242573 0.019751 0.093157
v -0.240723 0.020054 0.093157
v -0.242542 0.019184 0.093157
v -0.240671 0.019083 0.093157
v -0.242634 0.018624 0.093157
v -0.240828 0.018123 0.093157
v -0.242844 0.018097 0.093157
v -0.241188 0.017219 0.093157
v -0.243162 0.017627 0.093157
v -0.241734 0.016414 0.093157
v -0.243574 0.017237 0.093157
v -0.242440 0.015745 0.093157
v -0.244060 0.016945 0.093157
v -0.243273 0.015244 0.093157
v -0.244598 0.016763 0.093157
v -0.244195 0.014933 0.093157
v -0.245162 0.016702 0.093157
v -0.245162 0.014828 0.093157
v -0.245726 0.016763 0.093157
v -0.246129 0.014933 0.093157
v -0.246264 0.016945 0.093157
v -0.247051 0.015244 0.093157
v -0.246750 0.017237 0.093157
v -0.247884 0.015745 0.093157
v -0.247162 0.017627 0.093157
v -0.248590 0.016414 0.093157
v -0.247480 0.018097 0.093157
v -0.249136 0.017219 0.093157
v -0.247690 0.018624 0.093157
v -0.249496 0.018123 0.093157
v -0.247782 0.019184 0.093157
v -0.249654 0.019083 0.093157
v -0.247752 0.019751 0.093157
v -0.249601 0.020054 0.093157
v -0.245162 0.014828 0.088657
v -0.246129 0.014933 0.088657
v -0.247051 0.015244 0.088657
v -0.247884 0.015745 0.088657
v -0.248590 0.016414 0.088657
v -0.249136 0.017219 0.088657
v -0.249496 0.018123 0.088657
v -0.249654 0.019083 0.088657
v -0.249601 0.020054 0.088657
v -0.249341 0.020991 0.088657
v -0.248885 0.021850 0.088657
v -0.248256 0.022592 0.088657
v -0.247481 0.023180 0.088657
v -0.246598 0.023589 0.088657
v -0.245648 0.023798 0.088657
v -0.244676 0.023798 0.088657
v -0.243726 0.023589 0.088657
v -0.242843 0.023180 0.088657
v -0.242069 0.022592 0.088657
v -0.241439 0.021850 0.088657
v -0.240983 0.020991 0.088657
v -0.240723 0.020054 0.088657
v -0.240671 0.019083 0.088657
v -0.240828 0.018123 0.088657
v -0.241188 0.017219 0.088657
v -0.241734 0.016414 0.088657
v -0.242440 0.015745 0.088657
v -0.243273 0.015244 0.088657
v -0.244195 0.014933 0.088657
v -0.244537 -0.088506 0.043882
v -0.244537 -0.097752 0.043882
v -0.245115 -0.088506 0.043806
v -0.245115 -0.097752 0.043806
v -0.245665 -0.088506 0.043584
v -0.245665 -0.097752 0.043584
v -0.246163 -0.088506 0.043224
v -0.246163 -0.097752 0.043224
v -0.246585 -0.088506 0.042745
v -0.246585 -0.097752 0.042745
v -0.246911 -0.088506 0.042167
v -0.246911 -0.097752 0.042167
v -0.247126 -0.088506 0.041520
v -0.247126 -0.097752 0.041520
v -0.247220 -0.088506 0.040831
v -0.247220 -0.097752 0.040831
v -0.247188 -0.088506 0.040135
v -0.247188 -0.097752 0.040135
v -0.247033 -0.088506 0.039463
v -0.247033 -0.097752 0.039463
v -0.246761 -0.088506 0.038847
v -0.246761 -0.097752 0.038847
v -0.246385 -0.088506 0.038315
v -0.246385 -0.097752 0.038315
v -0.245922 -0.088506 0.037893
v -0.245922 -0.097752 0.037893
v -0.245395 -0.088506 0.037601
v -0.245395 -0.097752 0.037601
v -0.244828 -0.088506 0.037451
v -0.244828 -0.097752 0.037451
v -0.244247 -0.088506 0.037451
v -0.244247 -0.097752 0.037451
v -0.243680 -0.088506 0.037601
v -0.243680 -0.097752 0.037601
v -0.243152 -0.088506 0.037893
v -0.243152 -0.097752 0.037893
v -0.242690 -0.088506 0.038315
v -0.242690 -0.097752 0.038315
v -0.242314 -0.088506 0.038847
v -0.242314 -0.097752 0.038847
v -0.242042 -0.088506 0.039463
v -0.242042 -0.097752 0.039463
v -0.241886 -0.088506 0.040135
v -0.241886 -0.097752 0.040135
v -0.241855 -0.088506 0.040831
v -0.241855 -0.097752 0.040831
v -0.241949 -0.088506 0.041520
v -0.241949 -0.097752 0.041520
v -0.242164 -0.088506 0.042167
v -0.242164 -0.097752 0.042167
v -0.242490 -0.088506 0.042745
v -0.242490 -0.097752 0.042745
v -0.242912 -0.088506 0.043224
v -0.242912 -0.097752 0.043224
v -0.243409 -0.088506 0.043584
v -0.243409 -0.097752 0.043584
v -0.243960 -0.088506 0.043806
v -0.243960 -0.097752 0.043806
v -0.244537 -0.088506 0.040657
v -0.240164 -0.101751 0.045907
v -0.240164 -0.097752 0.045907
v -0.240164 -0.101751 0.035407
v -0.240164 -0.097752 0.035407
v -0.251410 -0.083710 0.048907
v -0.238915 -0.083710 0.048907
v -0.251410 -0.074224 0.042202
v -0.238915 -0.074224 0.042202
v -0.251410 -0.063820 0.037883
v -0.238915 -0.063820 0.037883
v -0.251410 -0.052910 0.036120
v -0.238915 -0.052910 0.036120
v -0.251410 -0.041925 0.036985
v -0.238915 -0.041925 0.036985
v -0.251410 -0.031300 0.040442
v -0.238915 -0.031300 0.040442
v -0.251410 -0.021455 0.046355
v -0.238915 -0.021455 0.046355
v -0.251410 -0.012779 0.054490
v -0.238915 -0.012779 0.054490
v -0.251410 -0.005616 0.064525
v -0.238915 -0.005616 0.064525
v -0.251410 -0.000249 0.076063
v -0.238915 -0.000249 0.076063
v -0.251410 0.003110 0.088648
v -0.238915 0.003110 0.088648
v -0.251410 0.004329 0.101782
v -0.238915 0.004329 0.101782
v -0.244537 -0.101751 0.043882
v -0.244537 -0.107248 0.043882
v -0.245115 -0.101751 0.043806
v -0.245115 -0.107248 0.043806
v -0.245665 -0.101751 0.043584
v -0.245665 -0.107248 0.043584
v -0.246163 -0.101751 0.043224
v -0.246163 -0.107248 0.043224
v -0.246585 -0.101751 0.042745
v -0.246585 -0.107248 0.042745
v -0.246911 -0.101751 0.042167
v -0.246911 -0.107248 0.042167
v -0.247126 -0.101751 0.041520
v -0.247126 -0.107248 0.041520
v -0.247220 -0.101751 0.040831
v -0.247220 -0.107248 0.040831
v -0.247188 -0.101751 0.040135
v -0.247188 -0.107248 0.040135
v -0.247033 -0.101751 0.039463
v -0.247033 -0.107248 0.039463
v -0.246761 -0.101751 0.038847
v -0.246761 -0.107248 0.038847
v -0.246385 -0.101751 0.038315
v -0.246385 -0.107248 0.038315
v -0.245922 -0.101751 0.037893
v -0.245922 -0.107248 0.037893
v -0.245395 -0.101751 0.037601
v -0.245395 -0.107248 0.037601
v -0.244828 -0.101751 0.037451
v -0.244828 -0.107248 0.037451
v -0.244247 -0.101751 0.037451
v -0.244247 -0.107248 0.037451
v -0.243680 -0.101751 0.037601
v -0.243680 -0.107248 0.037601
v -0.243152 -0.101751 0.037893
v -0.243152 -0.107248 0.037893
v -0.242690 -0.101751 0.038315
v -0.242690 -0.107248 0.038315
v -0.242314 -0.101751 0.038847
v -0.242314 -0.107248 0.038847
v -0.242042 -0.101751 0.039463
v -0.242042 -0.107248 0.039463
v -0.241886 -0.101751 0.040135
v -0.241886 -0.107248 0.040135
v -0.241855 -0.101751 0.040831
v -0.241855 -0.107248 0.040831
v -0.241949 -0.101751 0.041520
v -0.241949 -0.107248 0.041520
v -0.242164 -0.101751 0.042167
v -0.242164 -0.107248 0.042167
v -0.242490 -0.101751 0.042745
v -0.242490 -0.107248 0.042745
v -0.242912 -0.101751 0.043224
v -0.242912 -0.107248 0.043224
v -0.243409 -0.101751 0.043584
v -0.243409 -0.107248 0.043584
v -0.243960 -0.101751 0.043806
v -0.243960 -0.107248 0.043806
v -0.244324 0.021813 0.101782
v -0.243809 0.021574 0.101782
v -0.238915 0.025574 0.101782
v -0.246967 0.021231 0.101782
v -0.246515 0.021574 0.101782
v -0.251410 0.025574 0.101782
v -0.246000 0.021813 0.101782
v -0.243358 0.021231 0.101782
v -0.242990 0.020799 0.101782
v -0.242725 0.020297 0.101782
v -0.242573 0.019751 0.101782
v -0.242542 0.019184 0.101782
v -0.242634 0.018624 0.101782
v -0.245446 0.021935 0.101782
v -0.245162 0.021950 0.101782
v -0.244878 0.021935 0.101782
v -0.242844 0.018097 0.101782
v -0.243162 0.017627 0.101782
v -0.243574 0.017237 0.101782
v -0.246264 0.016945 0.101782
v -0.246750 0.017237 0.101782
v -0.247690 0.018624 0.101782
v -0.247782 0.019184 0.101782
v -0.247752 0.019751 0.101782
v -0.247600 0.020297 0.101782
v -0.247334 0.020799 0.101782
v -0.245726 0.016763 0.101782
v -0.247162 0.017627 0.101782
v -0.247480 0.018097 0.101782
v -0.244060 0.016945 0.101782
v -0.244598 0.016763 0.101782
v -0.245162 0.016702 0.101782
v -0.251410 0.025574 0.088657
v -0.238915 0.025574 0.088657
v -0.251410 -0.107248 0.048907
v -0.238915 -0.107248 0.048907
v -0.251410 -0.097752 0.035407
v -0.251410 -0.073973 0.033907
v -0.251410 -0.107248 0.033907
v -0.251410 -0.097752 0.045907
v -0.251410 -0.101751 0.045907
v -0.251410 -0.101751 0.035407
v -0.251410 0.009486 0.088657
v -0.251410 0.006077 0.074778
v -0.251410 0.000481 0.061961
v -0.251410 -0.007086 0.050698
v -0.251410 -0.016335 0.041420
v -0.251410 -0.026912 0.034481
v -0.251410 -0.038412 0.030147
v -0.251410 -0.050395 0.028586
v -0.251410 -0.062402 0.029855
v -0.238915 0.009486 0.088657
v -0.238915 -0.107248 0.033907
v -0.238915 -0.073973 0.033907
v -0.238915 0.006077 0.074778
v -0.238915 0.000481 0.061961
v -0.238915 -0.007086 0.050698
v -0.238915 -0.016335 0.041420
v -0.238915 -0.026912 0.034481
v -0.238915 -0.038412 0.030147
v -0.238915 -0.050395 0.028586
v -0.238915 -0.062402 0.029855
v -0.242637 0.014953 0.111607
v -0.247687 0.014953 0.111607
v -0.242637 0.014953 0.116407
v -0.247687 0.014953 0.116407
v -0.244537 -0.088506 0.167632
v -0.244537 -0.097752 0.167632
v -0.245115 -0.088506 0.167556
v -0.245115 -0.097752 0.167556
v -0.245665 -0.088506 0.167334
v -0.245665 -0.097752 0.167334
v -0.246163 -0.088506 0.166974
v -0.246163 -0.097752 0.166974
v -0.246585 -0.088506 0.166495
v -0.246585 -0.097752 0.166495
v -0.246911 -0.088506 0.165917
v -0.246911 -0.097752 0.165917
v -0.247126 -0.088506 0.165269
v -0.247126 -0.097752 0.165269
v -0.247220 -0.088506 0.164581
v -0.247220 -0.097752 0.164581
v -0.247188 -0.088506 0.163885
v -0.247188 -0.097752 0.163885
v -0.247033 -0.088506 0.163213
v -0.247033 -0.097752 0.163213
v -0.246761 -0.088506 0.162597
v -0.246761 -0.097752 0.162597
v -0.246385 -0.088506 0.162065
v -0.246385 -0.097752 0.162065
v -0.245922 -0.088506 0.161643
v -0.245922 -0.097752 0.161643
v -0.245395 -0.088506 0.161351
v -0.245395 -0.097752 0.161351
v -0.244828 -0.088506 0.161201
v -0.244828 -0.097752 0.161201
v -0.244247 -0.088506 0.161201
v -0.244247 -0.097752 0.161201
v -0.243680 -0.088506 0.161351
v -0.243680 -0.097752 0.161351
v -0.243152 -0.088506 0.161643
v -0.243152 -0.097752 0.161643
v -0.242690 -0.088506 0.162065
v -0.242690 -0.097752 0.162065
v -0.242314 -0.088506 0.162597
v -0.242314 -0.097752 0.162597
v -0.242042 -0.088506 0.163213
v -0.242042 -0.097752 0.163213
v -0.241886 -0.088506 0.163885
v -0.241886 -0.097752 0.163885
v -0.241855 -0.088506 0.164581
v -0.241855 -0.097752 0.164581
v -0.241949 -0.088506 0.165269
v -0.241949 -0.097752 0.165269
v -0.242164 -0.088506 0.165917
v -0.242164 -0.097752 0.165917
v -0.242490 -0.088506 0.166495
v -0.242490 -0.097752 0.166495
v -0.242912 -0.088506 0.166974
v -0.242912 -0.097752 0.166974
v -0.243409 -0.088506 0.167334
v -0.243409 -0.097752 0.167334
v -0.243960 -0.088506 0.167556
v -0.243960 -0.097752 0.167556
v -0.244537 -0.088506 0.164407
v -0.240164 -0.101751 0.159157
v -0.240164 -0.101751 0.169657
v -0.240164 -0.097752 0.159157
v -0.240164 -0.097752 0.169657
v -0.242637 0.023699 0.111607
v -0.240112 0.019326 0.111607
v -0.242637 0.023699 0.116407
v -0.240112 0.019326 0.116407
v -0.251410 -0.073973 0.171157
v -0.238915 -0.073973 0.171157
v -0.238915 -0.062402 0.175209
v -0.251410 -0.062402 0.175209
v -0.238915 -0.050395 0.176478
v -0.251410 -0.050395 0.176478
v -0.238915 -0.038412 0.174916
v -0.251410 -0.038412 0.174916
v -0.238915 -0.026912 0.170583
v -0.251410 -0.026912 0.170583
v -0.251410 -0.016335 0.163644
v -0.238915 0.000481 0.143102
v -0.251410 0.000481 0.143102
v -0.238915 0.006077 0.130286
v -0.251410 0.006077 0.130286
v -0.238915 0.009486 0.116407
v -0.251410 0.009486 0.116407
v -0.250212 0.019326 0.116407
v -0.251410 0.025574 0.116407
v -0.247687 0.023699 0.116407
v -0.238915 0.025574 0.116407
v -0.250212 0.019326 0.111607
v -0.251410 0.025574 0.103282
v -0.238915 0.025574 0.103282
v -0.251410 -0.101751 0.159157
v -0.251410 -0.097752 0.159157
v -0.245162 0.016702 0.111607
v -0.245162 0.016702 0.103282
v -0.245726 0.016763 0.111607
v -0.245726 0.016763 0.103282
v -0.246264 0.016945 0.111607
v -0.246264 0.016945 0.103282
v -0.246750 0.017237 0.111607
v -0.246750 0.017237 0.103282
v -0.247162 0.017627 0.111607
v -0.247162 0.017627 0.103282
v -0.247480 0.018097 0.111607
v -0.247480 0.018097 0.103282
v -0.247690 0.018624 0.111607
v -0.247690 0.018624 0.103282
v -0.247782 0.019184 0.111607
v -0.247782 0.019184 0.103282
v -0.247752 0.019751 0.111607
v -0.247752 0.019751 0.103282
v -0.247600 0.020297 0.111607
v -0.247600 0.020297 0.103282
v -0.247334 0.020799 0.111607
v -0.247334 0.020799 0.103282
v -0.246967 0.021231 0.111607
v -0.246967 0.021231 0.103282
v -0.246515 0.021574 0.111607
v -0.246515 0.021574 0.103282
v -0.246000 0.021813 0.111607
v -0.246000 0.021813 0.103282
v -0.245446 0.021935 0.111607
v -0.245446 0.021935 0.103282
v -0.245162 0.021950 0.111607
v -0.245162 0.021950 0.103282
v -0.244878 0.021935 0.111607
v -0.244878 0.021935 0.103282
v -0.244324 0.021813 0.111607
v -0.244324 0.021813 0.103282
v -0.243809 0.021574 0.111607
v -0.243809 0.021574 0.103282
v -0.243358 0.021231 0.111607
v -0.243358 0.021231 0.103282
v -0.242990 0.020799 0.111607
v -0.242990 0.020799 0.103282
v -0.242725 0.020297 0.111607
v -0.242725 0.020297 0.103282
v -0.242573 0.019751 0.111607
v -0.242573 0.019751 0.103282
v -0.242542 0.019184 0.111607
v -0.242542 0.019184 0.103282
v -0.242634 0.018624 0.111607
v -0.242634 0.018624 0.103282
v -0.242844 0.018097 0.111607
v -0.242844 0.018097 0.103282
v -0.243162 0.017627 0.111607
v -0.243162 0.017627 0.103282
v -0.243574 0.017237 0.111607
v -0.243574 0.017237 0.103282
v -0.244060 0.016945 0.111607
v -0.244060 0.016945 0.103282
v -0.244598 0.016763 0.111607
v -0.244598 0.016763 0.103282
v -0.247687 0.023699 0.111607
v -0.251410 -0.107248 0.171157
v -0.238915 -0.107248 0.171157
v -0.251410 -0.074224 0.162862
v -0.251410 -0.063820 0.167181
v -0.251410 -0.097752 0.169657
v -0.251410 -0.083710 0.156157
v -0.251410 -0.107248 0.156157
v -0.251410 -0.101751 0.169657
v -0.251410 -0.041925 0.168078
v -0.251410 -0.052910 0.168943
v -0.251410 0.004329 0.103282
v -0.251410 0.003110 0.116416
v -0.251410 -0.000249 0.129001
v -0.251410 -0.005616 0.140539
v -0.251410 -0.012779 0.150574
v -0.251410 -0.021455 0.158709
v -0.251410 -0.031300 0.164621
v -0.243960 -0.107248 0.167556
v -0.243409 -0.107248 0.167334
v -0.242912 -0.107248 0.166974
v -0.242490 -0.107248 0.166495
v -0.242164 -0.107248 0.165917
v -0.247126 -0.107248 0.165269
v -0.246911 -0.107248 0.165917
v -0.246585 -0.107248 0.166495
v -0.246163 -0.107248 0.166974
v -0.242042 -0.107248 0.163213
v -0.242314 -0.107248 0.162597
v -0.238915 -0.107248 0.156157
v -0.242690 -0.107248 0.162065
v -0.243152 -0.107248 0.161643
v -0.246761 -0.107248 0.162597
v -0.247033 -0.107248 0.163213
v -0.247188 -0.107248 0.163885
v -0.247220 -0.107248 0.164581
v -0.245665 -0.107248 0.167334
v -0.245115 -0.107248 0.167556
v -0.244537 -0.107248 0.167632
v -0.241949 -0.107248 0.165269
v -0.241855 -0.107248 0.164581
v -0.241886 -0.107248 0.163885
v -0.243680 -0.107248 0.161351
v -0.244247 -0.107248 0.161201
v -0.244828 -0.107248 0.161201
v -0.245395 -0.107248 0.161351
v -0.245922 -0.107248 0.161643
v -0.246385 -0.107248 0.162065
v -0.238915 0.004329 0.103282
v -0.238915 -0.083710 0.156157
v -0.238915 0.003110 0.116416
v -0.238915 -0.000249 0.129001
v -0.238915 -0.005616 0.140539
v -0.238915 -0.012779 0.150574
v -0.238915 -0.031300 0.164621
v -0.238915 -0.041925 0.168078
v -0.238915 -0.052910 0.168943
v -0.238915 -0.063820 0.167181
v -0.238915 -0.074224 0.162862
v -0.247033 -0.101751 0.163213
v -0.246761 -0.101751 0.162597
v -0.246385 -0.101751 0.162065
v -0.245922 -0.101751 0.161643
v -0.245395 -0.101751 0.161351
v -0.244828 -0.101751 0.161201
v -0.244247 -0.101751 0.161201
v -0.243680 -0.101751 0.161351
v -0.241949 -0.101751 0.165269
v -0.242164 -0.101751 0.165917
v -0.242490 -0.101751 0.166495
v -0.242912 -0.101751 0.166974
v -0.243409 -0.101751 0.167334
v -0.247220 -0.101751 0.164581
v -0.247188 -0.101751 0.163885
v -0.243152 -0.101751 0.161643
v -0.242690 -0.101751 0.162065
v -0.242314 -0.101751 0.162597
v -0.242042 -0.101751 0.163213
v -0.241886 -0.101751 0.163885
v -0.241855 -0.101751 0.164581
v -0.246585 -0.101751 0.166495
v -0.246163 -0.101751 0.166974
v -0.245665 -0.101751 0.167334
v -0.246911 -0.101751 0.165917
v -0.247126 -0.101751 0.165269
v -0.243960 -0.101751 0.167556
v -0.244537 -0.101751 0.167632
v -0.245115 -0.101751 0.167556
v -0.346372 -0.088506 0.043882
v -0.346372 -0.097752 0.043882
v -0.346949 -0.088506 0.043806
v -0.346949 -0.097752 0.043806
v -0.347500 -0.088506 0.043584
v -0.347500 -0.097752 0.043584
v -0.347997 -0.088506 0.043224
v -0.347997 -0.097752 0.043224
v -0.348419 -0.088506 0.042745
v -0.348419 -0.097752 0.042745
v -0.348745 -0.088506 0.042167
v -0.348745 -0.097752 0.042167
v -0.348960 -0.088506 0.041520
v -0.348960 -0.097752 0.041520
v -0.349054 -0.088506 0.040831
v -0.349054 -0.097752 0.040831
v -0.349023 -0.088506 0.040135
v -0.349023 -0.097752 0.040135
v -0.348867 -0.088506 0.039463
v -0.348867 -0.097752 0.039463
v -0.348595 -0.088506 0.038847
v -0.348595 -0.097752 0.038847
v -0.348219 -0.088506 0.038315
v -0.348219 -0.097752 0.038315
v -0.347757 -0.088506 0.037893
v -0.347757 -0.097752 0.037893
v -0.347229 -0.088506 0.037601
v -0.347229 -0.097752 0.037601
v -0.346662 -0.088506 0.037451
v -0.346662 -0.097752 0.037451
v -0.346081 -0.088506 0.037451
v -0.346081 -0.097752 0.037451
v -0.345514 -0.088506 0.037601
v -0.345514 -0.097752 0.037601
v -0.344987 -0.088506 0.037893
v -0.344987 -0.097752 0.037893
v -0.344524 -0.088506 0.038315
v -0.344524 -0.097752 0.038315
v -0.344148 -0.088506 0.038847
v -0.344148 -0.097752 0.038847
v -0.343876 -0.088506 0.039463
v -0.343876 -0.097752 0.039463
v -0.343721 -0.088506 0.040135
v -0.343721 -0.097752 0.040135
v -0.343689 -0.088506 0.040831
v -0.343689 -0.097752 0.040831
v -0.343783 -0.088506 0.041520
v -0.343783 -0.097752 0.041520
v -0.343998 -0.088506 0.042167
v -0.343998 -0.097752 0.042167
v -0.344324 -0.088506 0.042745
v -0.344324 -0.097752 0.042745
v -0.344746 -0.088506 0.043224
v -0.344746 -0.097752 0.043224
v -0.345244 -0.088506 0.043584
v -0.345244 -0.097752 0.043584
v -0.345794 -0.088506 0.043806
v -0.345794 -0.097752 0.043806
v -0.346372 -0.088506 0.040657
v -0.351994 -0.101751 0.045907
v -0.351994 -0.101751 0.035407
v -0.351994 -0.097752 0.045907
v -0.351994 -0.097752 0.035407
v -0.340749 -0.097752 0.035407
v -0.340749 -0.101751 0.035407
v -0.340749 -0.101751 0.045907
v -0.340749 -0.097752 0.045907
v -0.353244 0.010757 0.088657
v -0.346996 0.014828 0.088657
v -0.340749 0.010757 0.088657
v -0.346029 0.014933 0.088657
v -0.345108 0.015244 0.088657
v -0.344274 0.015745 0.088657
v -0.343568 0.016414 0.088657
v -0.343022 0.017219 0.088657
v -0.348433 0.023589 0.088657
v -0.349315 0.023180 0.088657
v -0.353244 0.025574 0.088657
v -0.342662 0.018123 0.088657
v -0.342505 0.019083 0.088657
v -0.340749 0.025574 0.088657
v -0.342557 0.020054 0.088657
v -0.342818 0.020991 0.088657
v -0.343273 0.021850 0.088657
v -0.343903 0.022592 0.088657
v -0.344677 0.023180 0.088657
v -0.345560 0.023589 0.088657
v -0.346510 0.023798 0.088657
v -0.347483 0.023798 0.088657
v -0.350090 0.022592 0.088657
v -0.350719 0.021850 0.088657
v -0.351175 0.020991 0.088657
v -0.351435 0.020054 0.088657
v -0.351488 0.019083 0.088657
v -0.351331 0.018123 0.088657
v -0.350971 0.017219 0.088657
v -0.350425 0.016414 0.088657
v -0.349719 0.015745 0.088657
v -0.348885 0.015244 0.088657
v -0.347963 0.014933 0.088657
v -0.346081 -0.101751 0.037451
v -0.346662 -0.101751 0.037451
v -0.347229 -0.101751 0.037601
v -0.347757 -0.101751 0.037893
v -0.345514 -0.101751 0.037601
v -0.344987 -0.101751 0.037893
v -0.344524 -0.101751 0.038315
v -0.343721 -0.101751 0.040135
v -0.343689 -0.101751 0.040831
v -0.343783 -0.101751 0.041520
v -0.343998 -0.101751 0.042167
v -0.344324 -0.101751 0.042745
v -0.344746 -0.101751 0.043224
v -0.345244 -0.101751 0.043584
v -0.345794 -0.101751 0.043806
v -0.346372 -0.101751 0.043882
v -0.346949 -0.101751 0.043806
v -0.347500 -0.101751 0.043584
v -0.344148 -0.101751 0.038847
v -0.343876 -0.101751 0.039463
v -0.347997 -0.101751 0.043224
v -0.348419 -0.101751 0.042745
v -0.348745 -0.101751 0.042167
v -0.348960 -0.101751 0.041520
v -0.349054 -0.101751 0.040831
v -0.349023 -0.101751 0.040135
v -0.348867 -0.101751 0.039463
v -0.348595 -0.101751 0.038847
v -0.348219 -0.101751 0.038315
v -0.353244 -0.107248 0.033907
v -0.353244 -0.077142 0.033907
v -0.340749 -0.107248 0.033907
v -0.340749 -0.077142 0.033907
v -0.353244 -0.107248 0.048907
v -0.346949 -0.107248 0.043806
v -0.340749 -0.107248 0.048907
v -0.346372 -0.107248 0.043882
v -0.345794 -0.107248 0.043806
v -0.348745 -0.107248 0.042167
v -0.348419 -0.107248 0.042745
v -0.348960 -0.107248 0.041520
v -0.347229 -0.107248 0.037601
v -0.347757 -0.107248 0.037893
v -0.348219 -0.107248 0.038315
v -0.348595 -0.107248 0.038847
v -0.348867 -0.107248 0.039463
v -0.349023 -0.107248 0.040135
v -0.349054 -0.107248 0.040831
v -0.347997 -0.107248 0.043224
v -0.347500 -0.107248 0.043584
v -0.344324 -0.107248 0.042745
v -0.343998 -0.107248 0.042167
v -0.344987 -0.107248 0.037893
v -0.345514 -0.107248 0.037601
v -0.346081 -0.107248 0.037451
v -0.346662 -0.107248 0.037451
v -0.345244 -0.107248 0.043584
v -0.344746 -0.107248 0.043224
v -0.343783 -0.107248 0.041520
v -0.343689 -0.107248 0.040831
v -0.343721 -0.107248 0.040135
v -0.343876 -0.107248 0.039463
v -0.344148 -0.107248 0.038847
v -0.344524 -0.107248 0.038315
v -0.347560 0.016763 0.101782
v -0.348098 0.016945 0.101782
v -0.353244 0.005578 0.101782
v -0.348584 0.017237 0.101782
v -0.348996 0.017627 0.101782
v -0.353244 0.025574 0.101782
v -0.349586 0.019751 0.101782
v -0.349434 0.020297 0.101782
v -0.344678 0.018097 0.101782
v -0.344996 0.017627 0.101782
v -0.340749 0.005578 0.101782
v -0.345408 0.017237 0.101782
v -0.349315 0.018097 0.101782
v -0.349525 0.018624 0.101782
v -0.349616 0.019184 0.101782
v -0.345895 0.016945 0.101782
v -0.346432 0.016763 0.101782
v -0.346996 0.016702 0.101782
v -0.349168 0.020799 0.101782
v -0.348801 0.021231 0.101782
v -0.348349 0.021574 0.101782
v -0.346159 0.021813 0.101782
v -0.345644 0.021574 0.101782
v -0.340749 0.025574 0.101782
v -0.344559 0.020297 0.101782
v -0.344407 0.019751 0.101782
v -0.344376 0.019184 0.101782
v -0.344468 0.018624 0.101782
v -0.347834 0.021813 0.101782
v -0.347280 0.021935 0.101782
v -0.346713 0.021935 0.101782
v -0.345192 0.021231 0.101782
v -0.344825 0.020799 0.101782
v -0.340749 0.007657 0.075502
v -0.353244 0.007657 0.075502
v -0.340749 0.002631 0.063234
v -0.353244 0.002631 0.063234
v -0.340749 -0.004157 0.052257
v -0.353244 -0.004157 0.052257
v -0.340749 -0.012483 0.042930
v -0.353244 -0.012483 0.042930
v -0.340749 -0.022075 0.035560
v -0.353244 -0.022075 0.035560
v -0.340749 -0.032617 0.030389
v -0.353244 -0.032617 0.030389
v -0.340749 -0.043764 0.027586
v -0.353244 -0.043764 0.027586
v -0.340749 -0.055148 0.027245
v -0.353244 -0.055148 0.027245
v -0.340749 -0.066398 0.029375
v -0.353244 -0.066398 0.029375
v -0.340749 -0.065435 0.036822
v -0.340749 -0.076119 0.041627
v -0.340749 -0.085784 0.048907
v -0.340749 -0.054165 0.034687
v -0.340749 0.004303 0.088171
v -0.340749 0.000780 0.075143
v -0.340749 -0.004848 0.063228
v -0.340749 -0.012352 0.052911
v -0.340749 -0.042767 0.035308
v -0.340749 -0.031704 0.038661
v -0.340749 -0.021427 0.044609
v -0.346996 0.016702 0.093157
v -0.347560 0.016763 0.093157
v -0.348098 0.016945 0.093157
v -0.348584 0.017237 0.093157
v -0.348996 0.017627 0.093157
v -0.349315 0.018097 0.093157
v -0.349525 0.018624 0.093157
v -0.349616 0.019184 0.093157
v -0.349586 0.019751 0.093157
v -0.349434 0.020297 0.093157
v -0.349168 0.020799 0.093157
v -0.348801 0.021231 0.093157
v -0.348349 0.021574 0.093157
v -0.347834 0.021813 0.093157
v -0.347280 0.021935 0.093157
v -0.346713 0.021935 0.093157
v -0.346159 0.021813 0.093157
v -0.345644 0.021574 0.093157
v -0.345192 0.021231 0.093157
v -0.344825 0.020799 0.093157
v -0.344559 0.020297 0.093157
v -0.344407 0.019751 0.093157
v -0.344376 0.019184 0.093157
v -0.344468 0.018624 0.093157
v -0.344678 0.018097 0.093157
v -0.344996 0.017627 0.093157
v -0.345408 0.017237 0.093157
v -0.345895 0.016945 0.093157
v -0.346432 0.016763 0.093157
v -0.353244 -0.085784 0.048907
v -0.353244 -0.076119 0.041627
v -0.353244 -0.065435 0.036822
v -0.353244 -0.054165 0.034687
v -0.353244 -0.042767 0.035308
v -0.353244 -0.031704 0.038661
v -0.353244 -0.021427 0.044609
v -0.353244 -0.012352 0.052911
v -0.353244 -0.004848 0.063228
v -0.353244 0.000780 0.075143
v -0.353244 0.004303 0.088171
v -0.346996 0.014828 0.093157
v -0.347963 0.014933 0.093157
v -0.348885 0.015244 0.093157
v -0.349719 0.015745 0.093157
v -0.350425 0.016414 0.093157
v -0.350971 0.017219 0.093157
v -0.351331 0.018123 0.093157
v -0.351488 0.019083 0.093157
v -0.351435 0.020054 0.093157
v -0.351175 0.020991 0.093157
v -0.350719 0.021850 0.093157
v -0.350090 0.022592 0.093157
v -0.349315 0.023180 0.093157
v -0.348433 0.023589 0.093157
v -0.347483 0.023798 0.093157
v -0.346510 0.023798 0.093157
v -0.345560 0.023589 0.093157
v -0.344677 0.023180 0.093157
v -0.343903 0.022592 0.093157
v -0.343273 0.021850 0.093157
v -0.342818 0.020991 0.093157
v -0.342557 0.020054 0.093157
v -0.342505 0.019083 0.093157
v -0.342662 0.018123 0.093157
v -0.343022 0.017219 0.093157
v -0.343568 0.016414 0.093157
v -0.344274 0.015745 0.093157
v -0.345108 0.015244 0.093157
v -0.346029 0.014933 0.093157
v -0.248395 -0.110997 0.069682
v -0.245463 -0.110997 0.076769
v -0.266923 -0.110997 0.091925
v -0.287244 -0.110997 0.126927
v -0.303560 -0.110997 0.075703
v -0.303205 -0.110997 0.074296
v -0.303085 -0.110997 0.072833
v -0.323443 -0.110997 0.045287
v -0.317760 -0.110997 0.041881
v -0.304915 -0.110997 0.067530
v -0.304138 -0.110997 0.068666
v -0.318427 -0.110997 0.111513
v -0.319599 -0.110997 0.111086
v -0.304915 -0.110997 0.078137
v -0.288954 -0.110997 0.130767
v -0.289074 -0.110997 0.132230
v -0.316400 -0.110997 0.113138
v -0.288954 -0.110997 0.133693
v -0.288598 -0.110997 0.135100
v -0.270122 -0.110997 0.093978
v -0.271340 -0.110997 0.094122
v -0.272559 -0.110997 0.093978
v -0.268950 -0.110997 0.093551
v -0.267869 -0.110997 0.092858
v -0.320818 -0.110997 0.110942
v -0.322037 -0.110997 0.111086
v -0.323209 -0.110997 0.111513
v -0.317347 -0.110997 0.112206
v -0.288021 -0.110997 0.128063
v -0.288598 -0.110997 0.129360
v -0.287244 -0.110997 0.137534
v -0.268716 -0.110997 0.159776
v -0.269398 -0.110997 0.160239
v -0.275758 -0.110997 0.091925
v -0.274811 -0.110997 0.092858
v -0.273731 -0.110997 0.093551
v -0.304138 -0.110997 0.077000
v -0.274619 -0.110997 0.163296
v -0.288021 -0.110997 0.136397
v -0.317539 -0.110997 0.041767
v -0.303560 -0.110997 0.069963
v -0.303205 -0.110997 0.071370
v -0.325236 -0.110997 0.113138
v -0.343764 -0.110997 0.135381
v -0.345439 -0.110997 0.131598
v -0.346696 -0.110997 0.128294
v -0.324289 -0.110997 0.112206
v -0.287244 -0.107248 0.126927
v -0.288021 -0.107248 0.128063
v -0.288598 -0.107248 0.129360
v -0.288954 -0.107248 0.130767
v -0.289074 -0.107248 0.132230
v -0.288954 -0.107248 0.133693
v -0.288598 -0.107248 0.135100
v -0.288021 -0.107248 0.136397
v -0.287244 -0.107248 0.137534
v -0.268716 -0.107248 0.159776
v -0.274619 -0.107248 0.163296
v -0.316400 -0.107248 0.113138
v -0.317347 -0.107248 0.112206
v -0.318427 -0.107248 0.111513
v -0.319599 -0.107248 0.111086
v -0.320818 -0.107248 0.110942
v -0.322037 -0.107248 0.111086
v -0.323209 -0.107248 0.111513
v -0.324289 -0.107248 0.112206
v -0.325236 -0.107248 0.113138
v -0.343764 -0.107248 0.135381
v -0.304915 -0.107248 0.078137
v -0.346696 -0.107248 0.128294
v -0.304138 -0.107248 0.077000
v -0.303560 -0.107248 0.075703
v -0.303205 -0.107248 0.074296
v -0.303085 -0.107248 0.072833
v -0.303205 -0.107248 0.071370
v -0.303560 -0.107248 0.069963
v -0.304138 -0.107248 0.068666
v -0.304915 -0.107248 0.067530
v -0.323443 -0.107248 0.045287
v -0.317539 -0.107248 0.041767
v -0.315193 -0.107248 0.044585
v -0.301495 -0.107248 0.061028
v -0.296079 -0.107248 0.067530
v -0.275758 -0.107248 0.091925
v -0.274811 -0.107248 0.092858
v -0.273731 -0.107248 0.093551
v -0.272559 -0.107248 0.093978
v -0.271340 -0.107248 0.094122
v -0.270122 -0.107248 0.093978
v -0.268950 -0.107248 0.093551
v -0.267869 -0.107248 0.092858
v -0.266923 -0.107248 0.091925
v -0.248395 -0.107248 0.069682
v -0.246163 -0.134737 0.161839
v -0.249573 -0.134737 0.149175
v -0.246585 -0.134737 0.162319
v -0.257225 -0.134737 0.158361
v -0.246911 -0.134737 0.162896
v -0.245665 -0.134737 0.161480
v -0.245115 -0.134737 0.161257
v -0.243404 -0.134737 0.138501
v -0.244537 -0.134737 0.161182
v -0.238915 -0.134737 0.126681
v -0.243960 -0.134737 0.161257
v -0.243409 -0.134737 0.161480
v -0.242912 -0.134737 0.161839
v -0.242490 -0.134737 0.162319
v -0.238915 -0.134737 0.163657
v -0.242164 -0.134737 0.162896
v -0.275963 -0.134737 0.171157
v -0.246385 -0.134737 0.166748
v -0.246761 -0.134737 0.166217
v -0.247033 -0.134737 0.165600
v -0.247188 -0.134737 0.164928
v -0.266116 -0.134737 0.165767
v -0.247220 -0.134737 0.164232
v -0.247126 -0.134737 0.163544
v -0.245922 -0.134737 0.167170
v -0.245162 -0.134737 0.171157
v -0.245395 -0.134737 0.167463
v -0.241949 -0.134737 0.163544
v -0.241855 -0.134737 0.164232
v -0.239035 -0.134737 0.165120
v -0.241886 -0.134737 0.164928
v -0.239390 -0.134737 0.166527
v -0.242042 -0.134737 0.165600
v -0.239968 -0.134737 0.167823
v -0.242314 -0.134737 0.166217
v -0.240744 -0.134737 0.168960
v -0.242690 -0.134737 0.166748
v -0.241691 -0.134737 0.169893
v -0.243152 -0.134737 0.167170
v -0.242771 -0.134737 0.170586
v -0.243680 -0.134737 0.167463
v -0.243943 -0.134737 0.171013
v -0.244247 -0.134737 0.167613
v -0.244537 -0.134737 0.167632
v -0.244828 -0.134737 0.167613
v -0.316195 -0.111622 0.033907
v -0.296079 -0.139111 0.033907
v -0.316195 -0.134737 0.033907
v -0.346996 -0.139111 0.033907
v -0.346996 -0.134737 0.033907
v -0.275963 -0.134737 0.033907
v -0.296079 -0.107248 0.033907
v -0.275963 -0.111622 0.033907
v -0.261507 -0.107248 0.033907
v -0.245162 -0.111622 0.033907
v -0.247809 -0.107248 0.033907
v -0.245162 -0.107248 0.033907
v -0.245162 -0.134737 0.033907
v -0.245162 -0.139111 0.033907
v -0.344349 -0.107248 0.033907
v -0.346996 -0.111622 0.033907
v -0.346996 -0.107248 0.033907
v -0.244537 -0.111622 0.161182
v -0.244537 -0.107248 0.161182
v -0.245115 -0.111622 0.161257
v -0.245115 -0.107248 0.161257
v -0.245665 -0.111622 0.161480
v -0.245665 -0.107248 0.161480
v -0.246163 -0.111622 0.161839
v -0.246163 -0.107248 0.161839
v -0.246585 -0.111622 0.162319
v -0.246585 -0.107248 0.162319
v -0.246911 -0.111622 0.162896
v -0.246911 -0.107248 0.162896
v -0.247126 -0.111622 0.163544
v -0.247126 -0.107248 0.163544
v -0.247220 -0.111622 0.164232
v -0.247220 -0.107248 0.164232
v -0.247188 -0.111622 0.164928
v -0.247188 -0.107248 0.164928
v -0.247033 -0.111622 0.165600
v -0.247033 -0.107248 0.165600
v -0.246761 -0.111622 0.166217
v -0.246761 -0.107248 0.166217
v -0.246385 -0.111622 0.166748
v -0.246385 -0.107248 0.166748
v -0.245922 -0.111622 0.167170
v -0.245922 -0.107248 0.167170
v -0.245395 -0.111622 0.167463
v -0.245395 -0.107248 0.167463
v -0.244828 -0.111622 0.167613
v -0.244828 -0.107248 0.167613
v -0.244537 -0.111622 0.167632
v -0.244247 -0.111622 0.167613
v -0.244247 -0.107248 0.167613
v -0.243680 -0.111622 0.167463
v -0.243680 -0.107248 0.167463
v -0.243152 -0.111622 0.167170
v -0.243152 -0.107248 0.167170
v -0.242690 -0.111622 0.166748
v -0.242690 -0.107248 0.166748
v -0.242314 -0.111622 0.166217
v -0.242314 -0.107248 0.166217
v -0.242042 -0.111622 0.165600
v -0.242042 -0.107248 0.165600
v -0.241886 -0.111622 0.164928
v -0.241886 -0.107248 0.164928
v -0.241855 -0.111622 0.164232
v -0.241855 -0.107248 0.164232
v -0.241949 -0.111622 0.163544
v -0.241949 -0.107248 0.163544
v -0.242164 -0.111622 0.162896
v -0.242164 -0.107248 0.162896
v -0.242490 -0.111622 0.162319
v -0.242490 -0.107248 0.162319
v -0.242912 -0.111622 0.161839
v -0.242912 -0.107248 0.161839
v -0.243409 -0.111622 0.161480
v -0.243409 -0.107248 0.161480
v -0.243960 -0.111622 0.161257
v -0.243960 -0.107248 0.161257
v -0.350210 -0.134737 0.163544
v -0.349995 -0.134737 0.162896
v -0.353244 -0.134737 0.163657
v -0.353244 -0.134737 0.126681
v -0.349669 -0.134737 0.162319
v -0.349247 -0.134737 0.161839
v -0.347044 -0.134737 0.161257
v -0.342585 -0.134737 0.149175
v -0.347621 -0.134737 0.161182
v -0.348755 -0.134737 0.138501
v -0.348199 -0.134737 0.161257
v -0.348749 -0.134737 0.161480
v -0.345574 -0.134737 0.162319
v -0.334933 -0.134737 0.158361
v -0.345995 -0.134737 0.161839
v -0.346493 -0.134737 0.161480
v -0.345248 -0.134737 0.162896
v -0.345033 -0.134737 0.163544
v -0.326042 -0.134737 0.165767
v -0.344939 -0.134737 0.164232
v -0.316195 -0.134737 0.171157
v -0.344970 -0.134737 0.164928
v -0.345125 -0.134737 0.165600
v -0.346236 -0.134737 0.167170
v -0.346996 -0.134737 0.171157
v -0.345774 -0.134737 0.166748
v -0.345398 -0.134737 0.166217
v -0.346763 -0.134737 0.167463
v -0.347331 -0.134737 0.167613
v -0.348215 -0.134737 0.171013
v -0.347621 -0.134737 0.167632
v -0.347912 -0.134737 0.167613
v -0.349387 -0.134737 0.170586
v -0.348479 -0.134737 0.167463
v -0.350467 -0.134737 0.169893
v -0.349006 -0.134737 0.167170
v -0.351414 -0.134737 0.168960
v -0.349469 -0.134737 0.166748
v -0.352191 -0.134737 0.167823
v -0.349845 -0.134737 0.166217
v -0.352768 -0.134737 0.166527
v -0.350117 -0.134737 0.165600
v -0.353124 -0.134737 0.165120
v -0.350272 -0.134737 0.164928
v -0.350304 -0.134737 0.164232
v -0.346996 -0.107248 0.171157
v -0.346996 -0.111622 0.171157
v -0.344349 -0.107248 0.171157
v -0.316195 -0.111622 0.171157
v -0.296079 -0.107248 0.171157
v -0.275963 -0.111622 0.171157
v -0.296079 -0.139111 0.171157
v -0.245162 -0.139111 0.171157
v -0.245162 -0.107248 0.171157
v -0.247809 -0.107248 0.171157
v -0.245162 -0.111622 0.171157
v -0.261507 -0.107248 0.171157
v -0.346996 -0.139111 0.171157
v -0.244537 -0.139111 0.037432
v -0.244537 -0.134737 0.037432
v -0.245115 -0.139111 0.037507
v -0.245115 -0.134737 0.037507
v -0.245665 -0.139111 0.037730
v -0.245665 -0.134737 0.037730
v -0.246163 -0.139111 0.038089
v -0.246163 -0.134737 0.038089
v -0.246585 -0.139111 0.038569
v -0.246585 -0.134737 0.038569
v -0.246911 -0.139111 0.039146
v -0.246911 -0.134737 0.039146
v -0.247126 -0.139111 0.039794
v -0.247126 -0.134737 0.039794
v -0.247220 -0.139111 0.040482
v -0.247220 -0.134737 0.040482
v -0.247188 -0.139111 0.041178
v -0.247188 -0.134737 0.041178
v -0.247033 -0.139111 0.041850
v -0.247033 -0.134737 0.041850
v -0.246761 -0.139111 0.042467
v -0.246761 -0.134737 0.042467
v -0.246385 -0.139111 0.042998
v -0.246385 -0.134737 0.042998
v -0.245922 -0.139111 0.043420
v -0.245922 -0.134737 0.043420
v -0.245395 -0.139111 0.043713
v -0.245395 -0.134737 0.043713
v -0.244828 -0.139111 0.043863
v -0.244828 -0.134737 0.043863
v -0.244537 -0.139111 0.043882
v -0.244537 -0.134737 0.043882
v -0.244247 -0.139111 0.043863
v -0.244247 -0.134737 0.043863
v -0.243680 -0.139111 0.043713
v -0.243680 -0.134737 0.043713
v -0.243152 -0.139111 0.043420
v -0.243152 -0.134737 0.043420
v -0.242690 -0.139111 0.042998
v -0.242690 -0.134737 0.042998
v -0.242314 -0.139111 0.042467
v -0.242314 -0.134737 0.042467
v -0.242042 -0.139111 0.041850
v -0.242042 -0.134737 0.041850
v -0.241886 -0.139111 0.041178
v -0.241886 -0.134737 0.041178
v -0.241855 -0.139111 0.040482
v -0.241855 -0.134737 0.040482
v -0.241949 -0.139111 0.039794
v -0.241949 -0.134737 0.039794
v -0.242164 -0.139111 0.039146
v -0.242164 -0.134737 0.039146
v -0.242490 -0.139111 0.038569
v -0.242490 -0.134737 0.038569
v -0.242912 -0.139111 0.038089
v -0.242912 -0.134737 0.038089
v -0.243409 -0.139111 0.037730
v -0.243409 -0.134737 0.037730
v -0.243960 -0.139111 0.037507
v -0.243960 -0.134737 0.037507
v -0.349995 -0.111622 0.162896
v -0.353244 -0.111622 0.163657
v -0.349669 -0.111622 0.162319
v -0.353244 -0.111622 0.126681
v -0.349247 -0.111622 0.161839
v -0.348749 -0.111622 0.161480
v -0.350210 -0.111622 0.163544
v -0.350304 -0.111622 0.164232
v -0.353124 -0.111622 0.165120
v -0.350272 -0.111622 0.164928
v -0.352768 -0.111622 0.166527
v -0.350117 -0.111622 0.165600
v -0.352191 -0.111622 0.167823
v -0.349845 -0.111622 0.166217
v -0.351414 -0.111622 0.168960
v -0.349469 -0.111622 0.166748
v -0.350467 -0.111622 0.169893
v -0.349006 -0.111622 0.167170
v -0.349387 -0.111622 0.170586
v -0.348479 -0.111622 0.167463
v -0.348215 -0.111622 0.171013
v -0.345995 -0.111622 0.161839
v -0.342585 -0.111622 0.149175
v -0.345574 -0.111622 0.162319
v -0.334933 -0.111622 0.158361
v -0.345248 -0.111622 0.162896
v -0.346493 -0.111622 0.161480
v -0.347044 -0.111622 0.161257
v -0.348755 -0.111622 0.138501
v -0.347621 -0.111622 0.161182
v -0.348199 -0.111622 0.161257
v -0.345398 -0.111622 0.166217
v -0.345125 -0.111622 0.165600
v -0.344970 -0.111622 0.164928
v -0.326042 -0.111622 0.165767
v -0.344939 -0.111622 0.164232
v -0.345033 -0.111622 0.163544
v -0.347912 -0.111622 0.167613
v -0.347621 -0.111622 0.167632
v -0.347331 -0.111622 0.167613
v -0.346763 -0.111622 0.167463
v -0.346236 -0.111622 0.167170
v -0.345774 -0.111622 0.166748
v -0.296079 -0.107248 0.102532
v -0.264672 -0.107248 0.048361
v -0.261507 -0.107248 0.044585
v -0.274398 -0.107248 0.041881
v -0.240744 -0.107248 0.036103
v -0.241691 -0.107248 0.035171
v -0.241476 -0.107248 0.036982
v -0.240744 -0.107248 0.168960
v -0.239968 -0.107248 0.167823
v -0.241476 -0.107248 0.168082
v -0.266923 -0.107248 0.102532
v -0.261507 -0.107248 0.160479
v -0.261507 -0.107248 0.168082
v -0.279621 -0.107248 0.165505
v -0.290517 -0.107248 0.168193
v -0.252604 -0.107248 0.142931
v -0.260268 -0.107248 0.152610
v -0.322760 -0.107248 0.160239
v -0.331890 -0.107248 0.152610
v -0.344349 -0.107248 0.160479
v -0.339555 -0.107248 0.142931
v -0.312538 -0.107248 0.165505
v -0.344349 -0.107248 0.168082
v -0.301641 -0.107248 0.168193
v -0.241476 -0.107248 0.160479
v -0.239390 -0.107248 0.166527
v -0.239035 -0.107248 0.165120
v -0.247809 -0.107248 0.168082
v -0.243943 -0.107248 0.171013
v -0.242771 -0.107248 0.170586
v -0.241691 -0.107248 0.169893
v -0.348215 -0.107248 0.171013
v -0.352191 -0.107248 0.167823
v -0.351414 -0.107248 0.168960
v -0.350682 -0.107248 0.168082
v -0.350467 -0.107248 0.169893
v -0.349387 -0.107248 0.170586
v -0.352768 -0.107248 0.166527
v -0.350682 -0.107248 0.160479
v -0.353124 -0.107248 0.165120
v -0.352191 -0.107248 0.037240
v -0.352768 -0.107248 0.038537
v -0.350682 -0.107248 0.044585
v -0.353124 -0.107248 0.039944
v -0.344349 -0.107248 0.036982
v -0.348215 -0.107248 0.034051
v -0.349387 -0.107248 0.034478
v -0.350682 -0.107248 0.036982
v -0.350467 -0.107248 0.035171
v -0.351414 -0.107248 0.036103
v -0.243943 -0.107248 0.034051
v -0.247809 -0.107248 0.036982
v -0.242771 -0.107248 0.034478
v -0.241476 -0.107248 0.044585
v -0.238915 -0.107248 0.044585
v -0.238915 -0.107248 0.041407
v -0.239035 -0.107248 0.039944
v -0.239390 -0.107248 0.038537
v -0.239968 -0.107248 0.037240
v -0.241172 -0.107248 0.105875
v -0.242856 -0.107248 0.119075
v -0.246720 -0.107248 0.131598
v -0.247809 -0.107248 0.160479
v -0.238915 -0.107248 0.163657
v -0.238915 -0.107248 0.160479
v -0.238915 -0.107248 0.102532
v -0.247809 -0.107248 0.079586
v -0.245463 -0.107248 0.076769
v -0.241476 -0.107248 0.061028
v -0.244524 -0.107248 0.079610
v -0.241735 -0.107248 0.092538
v -0.247809 -0.107248 0.044585
v -0.256232 -0.107248 0.057060
v -0.247809 -0.107248 0.061028
v -0.249422 -0.107248 0.067620
v -0.261507 -0.107248 0.036982
v -0.296079 -0.107248 0.036532
v -0.285012 -0.107248 0.037883
v -0.307146 -0.107248 0.037883
v -0.347635 -0.107248 0.079610
v -0.342736 -0.107248 0.067620
v -0.344349 -0.107248 0.061028
v -0.335927 -0.107248 0.057060
v -0.344349 -0.107248 0.044585
v -0.327486 -0.107248 0.048361
v -0.349302 -0.107248 0.119075
v -0.350987 -0.107248 0.105875
v -0.238915 -0.107248 0.061028
v -0.245922 -0.107248 0.043420
v -0.246385 -0.107248 0.042998
v -0.247220 -0.107248 0.040482
v -0.247126 -0.107248 0.039794
v -0.246911 -0.107248 0.039146
v -0.246585 -0.107248 0.038569
v -0.246163 -0.107248 0.038089
v -0.245665 -0.107248 0.037730
v -0.246761 -0.107248 0.042467
v -0.247033 -0.107248 0.041850
v -0.247188 -0.107248 0.041178
v -0.245115 -0.107248 0.037507
v -0.244537 -0.107248 0.037432
v -0.243960 -0.107248 0.037507
v -0.243409 -0.107248 0.037730
v -0.242912 -0.107248 0.038089
v -0.242490 -0.107248 0.038569
v -0.242164 -0.107248 0.039146
v -0.242690 -0.107248 0.042998
v -0.242314 -0.107248 0.042467
v -0.242042 -0.107248 0.041850
v -0.241949 -0.107248 0.039794
v -0.241855 -0.107248 0.040482
v -0.241886 -0.107248 0.041178
v -0.243152 -0.107248 0.043420
v -0.243680 -0.107248 0.043713
v -0.244247 -0.107248 0.043863
v -0.244828 -0.107248 0.043863
v -0.245395 -0.107248 0.043713
v -0.261507 -0.107248 0.096030
v -0.347621 -0.107248 0.161182
v -0.347044 -0.107248 0.161257
v -0.346493 -0.107248 0.161480
v -0.345995 -0.107248 0.161839
v -0.345574 -0.107248 0.162319
v -0.345248 -0.107248 0.162896
v -0.345125 -0.107248 0.165600
v -0.345398 -0.107248 0.166217
v -0.348479 -0.107248 0.167463
v -0.349006 -0.107248 0.167170
v -0.349247 -0.107248 0.161839
v -0.349669 -0.107248 0.162319
v -0.349995 -0.107248 0.162896
v -0.348749 -0.107248 0.161480
v -0.348199 -0.107248 0.161257
v -0.345033 -0.107248 0.163544
v -0.344939 -0.107248 0.164232
v -0.344970 -0.107248 0.164928
v -0.345774 -0.107248 0.166748
v -0.346236 -0.107248 0.167170
v -0.346763 -0.107248 0.167463
v -0.349469 -0.107248 0.166748
v -0.349845 -0.107248 0.166217
v -0.350117 -0.107248 0.165600
v -0.350272 -0.107248 0.164928
v -0.350304 -0.107248 0.164232
v -0.350210 -0.107248 0.163544
v -0.347331 -0.107248 0.167613
v -0.347621 -0.107248 0.167632
v -0.347912 -0.107248 0.167613
v -0.349006 -0.107248 0.043420
v -0.349469 -0.107248 0.042998
v -0.350304 -0.107248 0.040482
v -0.350210 -0.107248 0.039794
v -0.349995 -0.107248 0.039146
v -0.349669 -0.107248 0.038569
v -0.349247 -0.107248 0.038089
v -0.348749 -0.107248 0.037730
v -0.346493 -0.107248 0.037730
v -0.345995 -0.107248 0.038089
v -0.345574 -0.107248 0.038569
v -0.345248 -0.107248 0.039146
v -0.345033 -0.107248 0.039794
v -0.344939 -0.107248 0.040482
v -0.344970 -0.107248 0.041178
v -0.345125 -0.107248 0.041850
v -0.345398 -0.107248 0.042467
v -0.345774 -0.107248 0.042998
v -0.348199 -0.107248 0.037507
v -0.347621 -0.107248 0.037432
v -0.347044 -0.107248 0.037507
v -0.350272 -0.107248 0.041178
v -0.349845 -0.107248 0.042467
v -0.350117 -0.107248 0.041850
v -0.346236 -0.107248 0.043420
v -0.346763 -0.107248 0.043713
v -0.347331 -0.107248 0.043863
v -0.347621 -0.107248 0.043882
v -0.347912 -0.107248 0.043863
v -0.348479 -0.107248 0.043713
v -0.350423 -0.107248 0.092538
v -0.350682 -0.107248 0.061028
v -0.353244 -0.107248 0.041407
v -0.353244 -0.107248 0.044585
v -0.353244 -0.107248 0.061028
v -0.353244 -0.107248 0.102532
v -0.353244 -0.107248 0.160479
v -0.353244 -0.107248 0.163657
v -0.347621 -0.139111 0.161182
v -0.348199 -0.139111 0.161257
v -0.348749 -0.139111 0.161480
v -0.349247 -0.139111 0.161839
v -0.349669 -0.139111 0.162319
v -0.349995 -0.139111 0.162896
v -0.350210 -0.139111 0.163544
v -0.350304 -0.139111 0.164232
v -0.350272 -0.139111 0.164928
v -0.350117 -0.139111 0.165600
v -0.349845 -0.139111 0.166217
v -0.349469 -0.139111 0.166748
v -0.349006 -0.139111 0.167170
v -0.348479 -0.139111 0.167463
v -0.347912 -0.139111 0.167613
v -0.347621 -0.139111 0.167632
v -0.347331 -0.139111 0.167613
v -0.346763 -0.139111 0.167463
v -0.346236 -0.139111 0.167170
v -0.345774 -0.139111 0.166748
v -0.345398 -0.139111 0.166217
v -0.345125 -0.139111 0.165600
v -0.344970 -0.139111 0.164928
v -0.344939 -0.139111 0.164232
v -0.345033 -0.139111 0.163544
v -0.345248 -0.139111 0.162896
v -0.345574 -0.139111 0.162319
v -0.345995 -0.139111 0.161839
v -0.346493 -0.139111 0.161480
v -0.347044 -0.139111 0.161257
v -0.244537 -0.111622 0.037432
v -0.245115 -0.111622 0.037507
v -0.245665 -0.111622 0.037730
v -0.246163 -0.111622 0.038089
v -0.246585 -0.111622 0.038569
v -0.246911 -0.111622 0.039146
v -0.247126 -0.111622 0.039794
v -0.247220 -0.111622 0.040482
v -0.247188 -0.111622 0.041178
v -0.247033 -0.111622 0.041850
v -0.246761 -0.111622 0.042467
v -0.246385 -0.111622 0.042998
v -0.245922 -0.111622 0.043420
v -0.245395 -0.111622 0.043713
v -0.244828 -0.111622 0.043863
v -0.244537 -0.111622 0.043882
v -0.244247 -0.111622 0.043863
v -0.243680 -0.111622 0.043713
v -0.243152 -0.111622 0.043420
v -0.242690 -0.111622 0.042998
v -0.242314 -0.111622 0.042467
v -0.242042 -0.111622 0.041850
v -0.241886 -0.111622 0.041178
v -0.241855 -0.111622 0.040482
v -0.241949 -0.111622 0.039794
v -0.242164 -0.111622 0.039146
v -0.242490 -0.111622 0.038569
v -0.242912 -0.111622 0.038089
v -0.243409 -0.111622 0.037730
v -0.243960 -0.111622 0.037507
v -0.353244 -0.134737 0.078383
v -0.353244 -0.134737 0.041407
v -0.353244 -0.139111 0.041407
v -0.353244 -0.139111 0.102532
v -0.353244 -0.139111 0.163657
v -0.353244 -0.111622 0.078383
v -0.353244 -0.111622 0.041407
v -0.347621 -0.111622 0.037432
v -0.348199 -0.111622 0.037507
v -0.348749 -0.111622 0.037730
v -0.349247 -0.111622 0.038089
v -0.349669 -0.111622 0.038569
v -0.349995 -0.111622 0.039146
v -0.350210 -0.111622 0.039794
v -0.350304 -0.111622 0.040482
v -0.350272 -0.111622 0.041178
v -0.350117 -0.111622 0.041850
v -0.349845 -0.111622 0.042467
v -0.349469 -0.111622 0.042998
v -0.349006 -0.111622 0.043420
v -0.348479 -0.111622 0.043713
v -0.347912 -0.111622 0.043863
v -0.347621 -0.111622 0.043882
v -0.347331 -0.111622 0.043863
v -0.346763 -0.111622 0.043713
v -0.346236 -0.111622 0.043420
v -0.345774 -0.111622 0.042998
v -0.345398 -0.111622 0.042467
v -0.345125 -0.111622 0.041850
v -0.344970 -0.111622 0.041178
v -0.344939 -0.111622 0.040482
v -0.345033 -0.111622 0.039794
v -0.345248 -0.111622 0.039146
v -0.345574 -0.111622 0.038569
v -0.345995 -0.111622 0.038089
v -0.346493 -0.111622 0.037730
v -0.347044 -0.111622 0.037507
v -0.249422 -0.139111 0.067620
v -0.244524 -0.139111 0.079610
v -0.279621 -0.139111 0.165505
v -0.269398 -0.139111 0.160239
v -0.260268 -0.139111 0.152610
v -0.349302 -0.139111 0.119075
v -0.345439 -0.139111 0.131598
v -0.339555 -0.139111 0.142931
v -0.327486 -0.139111 0.048361
v -0.317760 -0.139111 0.041881
v -0.307146 -0.139111 0.037883
v -0.335927 -0.139111 0.057060
v -0.342736 -0.139111 0.067620
v -0.347635 -0.139111 0.079610
v -0.350423 -0.139111 0.092538
v -0.351057 -0.139111 0.102519
v -0.350987 -0.139111 0.105875
v -0.331890 -0.139111 0.152610
v -0.322760 -0.139111 0.160239
v -0.312538 -0.139111 0.165505
v -0.301641 -0.139111 0.168193
v -0.296079 -0.139111 0.168532
v -0.290517 -0.139111 0.168193
v -0.252604 -0.139111 0.142931
v -0.246720 -0.139111 0.131598
v -0.242856 -0.139111 0.119075
v -0.241172 -0.139111 0.105875
v -0.241101 -0.139111 0.102519
v -0.241735 -0.139111 0.092538
v -0.256232 -0.139111 0.057060
v -0.264672 -0.139111 0.048361
v -0.274398 -0.139111 0.041881
v -0.285012 -0.139111 0.037883
v -0.296079 -0.139111 0.036532
v -0.342585 -0.111622 0.055888
v -0.326042 -0.111622 0.039296
v -0.334933 -0.111622 0.046702
v -0.348755 -0.111622 0.066562
v -0.348215 -0.111622 0.034051
v -0.349387 -0.111622 0.034478
v -0.350467 -0.111622 0.035171
v -0.351414 -0.111622 0.036103
v -0.352191 -0.111622 0.037240
v -0.352768 -0.111622 0.038537
v -0.353124 -0.111622 0.039944
v -0.238915 -0.111622 0.041407
v -0.238915 -0.111622 0.078383
v -0.249573 -0.111622 0.055888
v -0.257225 -0.111622 0.046702
v -0.243404 -0.111622 0.066562
v -0.266116 -0.111622 0.039296
v -0.239035 -0.111622 0.039944
v -0.239390 -0.111622 0.038537
v -0.239968 -0.111622 0.037240
v -0.240744 -0.111622 0.036103
v -0.241691 -0.111622 0.035171
v -0.242771 -0.111622 0.034478
v -0.243943 -0.111622 0.034051
v -0.238915 -0.111622 0.163657
v -0.238915 -0.111622 0.126681
v -0.238915 -0.139111 0.102532
v -0.238915 -0.134737 0.078383
v -0.238915 -0.139111 0.041407
v -0.238915 -0.134737 0.041407
v -0.238915 -0.139111 0.163657
v -0.347621 -0.139111 0.037432
v -0.347621 -0.134737 0.037432
v -0.348199 -0.139111 0.037507
v -0.348199 -0.134737 0.037507
v -0.348749 -0.139111 0.037730
v -0.348749 -0.134737 0.037730
v -0.349247 -0.139111 0.038089
v -0.349247 -0.134737 0.038089
v -0.349669 -0.139111 0.038569
v -0.349669 -0.134737 0.038569
v -0.349995 -0.139111 0.039146
v -0.349995 -0.134737 0.039146
v -0.350210 -0.139111 0.039794
v -0.350210 -0.134737 0.039794
v -0.350304 -0.139111 0.040482
v -0.350304 -0.134737 0.040482
v -0.350272 -0.139111 0.041178
v -0.350272 -0.134737 0.041178
v -0.350117 -0.139111 0.041850
v -0.350117 -0.134737 0.041850
v -0.349845 -0.139111 0.042467
v -0.349845 -0.134737 0.042467
v -0.349469 -0.139111 0.042998
v -0.349469 -0.134737 0.042998
v -0.349006 -0.139111 0.043420
v -0.349006 -0.134737 0.043420
v -0.348479 -0.139111 0.043713
v -0.348479 -0.134737 0.043713
v -0.347912 -0.139111 0.043863
v -0.347912 -0.134737 0.043863
v -0.347621 -0.139111 0.043882
v -0.347621 -0.134737 0.043882
v -0.347331 -0.139111 0.043863
v -0.347331 -0.134737 0.043863
v -0.346763 -0.139111 0.043713
v -0.346763 -0.134737 0.043713
v -0.346236 -0.139111 0.043420
v -0.346236 -0.134737 0.043420
v -0.345774 -0.139111 0.042998
v -0.345774 -0.134737 0.042998
v -0.345398 -0.139111 0.042467
v -0.345398 -0.134737 0.042467
v -0.345125 -0.139111 0.041850
v -0.345125 -0.134737 0.041850
v -0.344970 -0.139111 0.041178
v -0.344970 -0.134737 0.041178
v -0.344939 -0.139111 0.040482
v -0.344939 -0.134737 0.040482
v -0.345033 -0.139111 0.039794
v -0.345033 -0.134737 0.039794
v -0.345248 -0.139111 0.039146
v -0.345248 -0.134737 0.039146
v -0.345574 -0.139111 0.038569
v -0.345574 -0.134737 0.038569
v -0.345995 -0.139111 0.038089
v -0.345995 -0.134737 0.038089
v -0.346493 -0.139111 0.037730
v -0.346493 -0.134737 0.037730
v -0.347044 -0.139111 0.037507
v -0.347044 -0.134737 0.037507
v -0.257225 -0.111622 0.158361
v -0.249573 -0.111622 0.149175
v -0.266116 -0.111622 0.165767
v -0.243943 -0.111622 0.171013
v -0.242771 -0.111622 0.170586
v -0.241691 -0.111622 0.169893
v -0.240744 -0.111622 0.168960
v -0.239968 -0.111622 0.167823
v -0.239390 -0.111622 0.166527
v -0.239035 -0.111622 0.165120
v -0.243404 -0.111622 0.138501
v -0.348215 -0.134737 0.034051
v -0.326042 -0.134737 0.039296
v -0.353124 -0.134737 0.039944
v -0.352768 -0.134737 0.038537
v -0.352191 -0.134737 0.037240
v -0.351414 -0.134737 0.036103
v -0.350467 -0.134737 0.035171
v -0.349387 -0.134737 0.034478
v -0.334933 -0.134737 0.046702
v -0.342585 -0.134737 0.055888
v -0.348755 -0.134737 0.066562
v -0.239035 -0.139111 0.039944
v -0.239390 -0.139111 0.038537
v -0.239968 -0.139111 0.037240
v -0.240744 -0.139111 0.036103
v -0.241691 -0.139111 0.035171
v -0.242771 -0.139111 0.034478
v -0.243943 -0.139111 0.034051
v -0.348215 -0.139111 0.034051
v -0.349387 -0.139111 0.034478
v -0.350467 -0.139111 0.035171
v -0.351414 -0.139111 0.036103
v -0.352191 -0.139111 0.037240
v -0.352768 -0.139111 0.038537
v -0.353124 -0.139111 0.039944
v -0.348215 -0.139111 0.171013
v -0.353124 -0.139111 0.165120
v -0.352768 -0.139111 0.166527
v -0.352191 -0.139111 0.167823
v -0.351414 -0.139111 0.168960
v -0.350467 -0.139111 0.169893
v -0.349387 -0.139111 0.170586
v -0.247188 -0.139111 0.164928
v -0.247033 -0.139111 0.165600
v -0.241855 -0.139111 0.164232
v -0.241886 -0.139111 0.164928
v -0.239035 -0.139111 0.165120
v -0.242042 -0.139111 0.165600
v -0.239390 -0.139111 0.166527
v -0.242314 -0.139111 0.166217
v -0.239968 -0.139111 0.167823
v -0.242690 -0.139111 0.166748
v -0.240744 -0.139111 0.168960
v -0.243152 -0.139111 0.167170
v -0.241691 -0.139111 0.169893
v -0.243680 -0.139111 0.167463
v -0.242771 -0.139111 0.170586
v -0.244247 -0.139111 0.167613
v -0.243943 -0.139111 0.171013
v -0.241949 -0.139111 0.163544
v -0.242164 -0.139111 0.162896
v -0.242490 -0.139111 0.162319
v -0.242912 -0.139111 0.161839
v -0.246761 -0.139111 0.166217
v -0.246385 -0.139111 0.166748
v -0.245922 -0.139111 0.167170
v -0.245395 -0.139111 0.167463
v -0.244828 -0.139111 0.167613
v -0.244537 -0.139111 0.167632
v -0.246163 -0.139111 0.161839
v -0.246585 -0.139111 0.162319
v -0.246911 -0.139111 0.162896
v -0.247126 -0.139111 0.163544
v -0.247220 -0.139111 0.164232
v -0.243409 -0.139111 0.161480
v -0.243960 -0.139111 0.161257
v -0.244537 -0.139111 0.161182
v -0.245115 -0.139111 0.161257
v -0.245665 -0.139111 0.161480
v -0.249573 -0.134737 0.055888
v -0.266116 -0.134737 0.039296
v -0.257225 -0.134737 0.046702
v -0.243943 -0.134737 0.034051
v -0.242771 -0.134737 0.034478
v -0.241691 -0.134737 0.035171
v -0.240744 -0.134737 0.036103
v -0.239968 -0.134737 0.037240
v -0.239390 -0.134737 0.038537
v -0.239035 -0.134737 0.039944
v -0.243404 -0.134737 0.066562
v -0.389792 -0.097837 0.052138
v -0.389792 -0.107248 0.065782
v -0.389792 -0.096964 0.052252
v -0.389792 -0.093646 0.065782
v -0.389792 -0.096091 0.052138
v -0.389792 -0.098669 0.051802
v -0.389792 -0.099422 0.051258
v -0.389792 -0.100059 0.050533
v -0.389792 -0.100552 0.049661
v -0.389792 -0.100877 0.048682
v -0.389792 -0.107248 0.035032
v -0.389792 -0.101019 0.047641
v -0.389792 -0.100972 0.046589
v -0.389792 -0.100737 0.045573
v -0.389792 -0.100326 0.044642
v -0.389792 -0.099757 0.043838
v -0.389792 -0.099058 0.043200
v -0.389792 -0.095668 0.042758
v -0.389792 -0.094871 0.043200
v -0.389792 -0.081634 0.035032
v -0.389792 -0.094172 0.043838
v -0.389792 -0.098261 0.042758
v -0.389792 -0.097403 0.042531
v -0.389792 -0.096525 0.042531
v -0.389792 -0.093603 0.044642
v -0.389792 -0.093192 0.045573
v -0.389792 -0.081634 0.051361
v -0.389792 -0.092957 0.046589
v -0.389792 -0.092909 0.047641
v -0.389792 -0.093052 0.048682
v -0.389792 -0.093377 0.049661
v -0.389792 -0.088129 0.057984
v -0.389792 -0.093869 0.050533
v -0.389792 -0.094507 0.051258
v -0.389792 -0.095259 0.051802
v -0.468510 -0.093646 0.065782
v -0.468510 -0.107248 0.065782
v -0.468510 -0.088129 0.057984
v -0.468510 -0.107248 0.035032
v -0.468510 -0.081634 0.051361
v -0.468510 -0.081634 0.035032
v -0.389792 -0.097837 0.162447
v -0.389792 -0.098669 0.162111
v -0.389792 -0.107248 0.170032
v -0.389792 -0.100737 0.155882
v -0.389792 -0.100326 0.154950
v -0.389792 -0.107248 0.139282
v -0.389792 -0.099757 0.154147
v -0.389792 -0.081634 0.153702
v -0.389792 -0.092957 0.156897
v -0.389792 -0.092909 0.157950
v -0.389792 -0.093377 0.159970
v -0.389792 -0.093869 0.160842
v -0.389792 -0.081634 0.170032
v -0.389792 -0.096091 0.162447
v -0.389792 -0.096964 0.162561
v -0.389792 -0.099422 0.161567
v -0.389792 -0.100059 0.160842
v -0.389792 -0.100552 0.159970
v -0.389792 -0.100877 0.158990
v -0.389792 -0.101019 0.157950
v -0.389792 -0.100972 0.156897
v -0.389792 -0.099058 0.153509
v -0.389792 -0.098261 0.153066
v -0.389792 -0.093646 0.139282
v -0.389792 -0.097403 0.152840
v -0.389792 -0.094871 0.153509
v -0.389792 -0.088129 0.147079
v -0.389792 -0.095668 0.153066
v -0.389792 -0.096525 0.152840
v -0.389792 -0.093052 0.158990
v -0.389792 -0.094507 0.161567
v -0.389792 -0.095259 0.162111
v -0.389792 -0.094172 0.154147
v -0.389792 -0.093603 0.154950
v -0.389792 -0.093192 0.155882
v -0.468510 -0.081634 0.153702
v -0.468510 -0.081634 0.170032
v -0.468510 -0.088129 0.147079
v -0.468510 -0.107248 0.170032
v -0.468510 -0.093646 0.139282
v -0.468510 -0.107248 0.139282
v -0.468510 -0.008396 0.139282
v -0.468510 0.005207 0.139282
v -0.468510 -0.013913 0.147079
v -0.468510 0.005207 0.170032
v -0.468510 -0.020408 0.153702
v -0.468510 -0.020408 0.170032
v -0.389792 -0.008438 0.154950
v -0.389792 -0.013913 0.147079
v -0.389792 -0.008850 0.155882
v -0.389792 -0.020408 0.153702
v -0.389792 -0.009085 0.156897
v -0.389792 -0.005950 0.162447
v -0.389792 -0.020408 0.170032
v -0.389792 -0.005077 0.162561
v -0.389792 0.005207 0.170032
v -0.389792 -0.004204 0.162447
v -0.389792 -0.006782 0.162111
v -0.389792 -0.007535 0.161567
v -0.389792 -0.008172 0.160842
v -0.389792 -0.008665 0.159970
v -0.389792 -0.008990 0.158990
v -0.389792 -0.009132 0.157950
v -0.389792 -0.006374 0.153066
v -0.389792 -0.008396 0.139282
v -0.389792 -0.007171 0.153509
v -0.389792 -0.007870 0.154147
v -0.389792 -0.005516 0.152840
v -0.389792 -0.004638 0.152840
v -0.389792 0.005207 0.139282
v -0.389792 -0.003781 0.153066
v -0.389792 -0.002984 0.153509
v -0.389792 -0.002285 0.154147
v -0.389792 -0.001716 0.154950
v -0.389792 -0.001305 0.155882
v -0.389792 -0.001070 0.156897
v -0.389792 -0.001022 0.157950
v -0.389792 -0.001164 0.158990
v -0.389792 -0.001489 0.159970
v -0.389792 -0.001982 0.160842
v -0.389792 -0.002620 0.161567
v -0.389792 -0.003372 0.162111
v -0.377297 -0.005077 0.162561
v -0.377297 -0.004204 0.162447
v -0.377297 -0.003372 0.162111
v -0.377297 -0.002620 0.161567
v -0.377297 -0.001982 0.160842
v -0.377297 -0.001489 0.159970
v -0.377297 -0.001164 0.158990
v -0.377297 -0.001022 0.157950
v -0.377297 -0.001070 0.156897
v -0.377297 -0.001305 0.155882
v -0.377297 -0.001716 0.154950
v -0.377297 -0.002285 0.154147
v -0.377297 -0.002984 0.153509
v -0.377297 -0.003781 0.153066
v -0.377297 -0.004638 0.152840
v -0.377297 -0.005516 0.152840
v -0.377297 -0.006374 0.153066
v -0.377297 -0.007171 0.153509
v -0.377297 -0.007870 0.154147
v -0.377297 -0.008438 0.154950
v -0.377297 -0.008850 0.155882
v -0.377297 -0.009085 0.156897
v -0.377297 -0.009132 0.157950
v -0.377297 -0.008990 0.158990
v -0.377297 -0.008665 0.159970
v -0.377297 -0.008172 0.160842
v -0.377297 -0.007535 0.161567
v -0.377297 -0.006782 0.162111
v -0.377297 -0.005950 0.162447
v -0.483504 0.005207 0.170032
v -0.483504 0.005207 0.035032
v -0.483504 -0.107248 0.170032
v -0.483504 -0.107248 0.035032
v -0.377297 -0.096964 0.162561
v -0.377297 -0.096091 0.162447
v -0.377297 -0.095259 0.162111
v -0.377297 -0.094507 0.161567
v -0.377297 -0.093869 0.160842
v -0.377297 -0.093377 0.159970
v -0.377297 -0.093052 0.158990
v -0.377297 -0.092909 0.157950
v -0.377297 -0.092957 0.156897
v -0.377297 -0.093192 0.155882
v -0.377297 -0.093603 0.154950
v -0.377297 -0.094172 0.154147
v -0.377297 -0.094871 0.153509
v -0.377297 -0.095668 0.153066
v -0.377297 -0.096525 0.152840
v -0.377297 -0.097403 0.152840
v -0.377297 -0.098261 0.153066
v -0.377297 -0.099058 0.153509
v -0.377297 -0.099757 0.154147
v -0.377297 -0.100326 0.154950
v -0.377297 -0.100737 0.155882
v -0.377297 -0.100972 0.156897
v -0.377297 -0.101019 0.157950
v -0.377297 -0.100877 0.158990
v -0.377297 -0.100552 0.159970
v -0.377297 -0.100059 0.160842
v -0.377297 -0.099422 0.161567
v -0.377297 -0.098669 0.162111
v -0.377297 -0.097837 0.162447
v -0.377297 -0.107248 0.035032
v -0.377297 -0.107248 0.072892
v -0.377297 -0.107248 0.170032
v -0.431853 0.130157 0.072708
v -0.429151 0.130157 0.072532
v -0.429151 0.005207 0.072532
v -0.426449 0.005207 0.072708
v -0.426449 0.130157 0.072708
v -0.421172 0.130157 0.074102
v -0.421172 0.005207 0.074102
v -0.416267 0.130157 0.076826
v -0.416267 0.005207 0.076826
v -0.411965 0.130157 0.080752
v -0.411965 0.005207 0.080752
v -0.408467 0.130157 0.085696
v -0.408467 0.005207 0.085696
v -0.405936 0.130157 0.091428
v -0.405936 0.005207 0.091428
v -0.404490 0.130157 0.097678
v -0.404490 0.005207 0.097678
v -0.404198 0.130157 0.104156
v -0.404198 0.005207 0.104156
v -0.405072 0.130157 0.110558
v -0.405072 0.005207 0.110558
v -0.407072 0.130157 0.116584
v -0.407072 0.005207 0.116584
v -0.410105 0.130157 0.121953
v -0.410105 0.005207 0.121953
v -0.414028 0.130157 0.126415
v -0.414028 0.005207 0.126415
v -0.418658 0.130157 0.129759
v -0.418658 0.005207 0.129759
v -0.423779 0.130157 0.131830
v -0.423779 0.005207 0.131830
v -0.429151 0.130157 0.132532
v -0.429151 0.005207 0.132532
v -0.434523 0.130157 0.131830
v -0.434523 0.005207 0.131830
v -0.439644 0.130157 0.129759
v -0.439644 0.005207 0.129759
v -0.444274 0.130157 0.126415
v -0.444274 0.005207 0.126415
v -0.448197 0.130157 0.121953
v -0.448197 0.005207 0.121953
v -0.451230 0.130157 0.116584
v -0.451230 0.005207 0.116584
v -0.453230 0.130157 0.110558
v -0.453230 0.005207 0.110558
v -0.454104 0.130157 0.104156
v -0.454104 0.005207 0.104156
v -0.453812 0.130157 0.097678
v -0.453812 0.005207 0.097678
v -0.452366 0.130157 0.091428
v -0.452366 0.005207 0.091428
v -0.449835 0.130157 0.085696
v -0.449835 0.005207 0.085696
v -0.446337 0.130157 0.080752
v -0.446337 0.005207 0.080752
v -0.442035 0.130157 0.076826
v -0.442035 0.005207 0.076826
v -0.437130 0.130157 0.074102
v -0.437130 0.005207 0.074102
v -0.431853 0.005207 0.072708
v -0.421029 -0.051021 0.093532
v -0.377297 -0.051021 0.093532
v -0.421029 -0.049409 0.093742
v -0.377297 -0.049409 0.093742
v -0.421029 -0.047873 0.094364
v -0.377297 -0.047873 0.094364
v -0.421029 -0.046484 0.095367
v -0.377297 -0.046484 0.095367
v -0.421029 -0.045307 0.096705
v -0.377297 -0.045307 0.096705
v -0.421029 -0.044397 0.098316
v -0.377297 -0.044397 0.098316
v -0.421029 -0.043797 0.100124
v -0.377297 -0.043797 0.100124
v -0.421029 -0.043535 0.102044
v -0.377297 -0.043535 0.102044
v -0.421029 -0.043623 0.103988
v -0.377297 -0.043623 0.103988
v -0.421029 -0.044056 0.105863
v -0.377297 -0.044056 0.105863
v -0.421029 -0.044816 0.107582
v -0.377297 -0.044816 0.107582
v -0.421029 -0.045865 0.109066
v -0.377297 -0.045865 0.109066
v -0.421029 -0.047156 0.110243
v -0.377297 -0.047156 0.110243
v -0.421029 -0.048627 0.111061
v -0.377297 -0.048627 0.111061
v -0.421029 -0.050210 0.111479
v -0.377297 -0.050210 0.111479
v -0.421029 -0.051831 0.111479
v -0.377297 -0.051831 0.111479
v -0.421029 -0.053415 0.111061
v -0.377297 -0.053415 0.111061
v -0.421029 -0.054886 0.110243
v -0.377297 -0.054886 0.110243
v -0.421029 -0.056177 0.109066
v -0.377297 -0.056177 0.109066
v -0.421029 -0.057226 0.107582
v -0.377297 -0.057226 0.107582
v -0.421029 -0.057985 0.105863
v -0.377297 -0.057985 0.105863
v -0.421029 -0.058419 0.103988
v -0.377297 -0.058419 0.103988
v -0.421029 -0.058507 0.102044
v -0.377297 -0.058507 0.102044
v -0.421029 -0.058245 0.100124
v -0.377297 -0.058245 0.100124
v -0.421029 -0.057645 0.098316
v -0.377297 -0.057645 0.098316
v -0.421029 -0.056735 0.096705
v -0.377297 -0.056735 0.096705
v -0.421029 -0.055558 0.095367
v -0.377297 -0.055558 0.095367
v -0.421029 -0.054169 0.094364
v -0.377297 -0.054169 0.094364
v -0.421029 -0.052632 0.093742
v -0.377297 -0.052632 0.093742
v -0.377297 -0.096964 0.052252
v -0.377297 -0.096091 0.052138
v -0.377297 -0.095259 0.051802
v -0.377297 -0.094507 0.051258
v -0.377297 -0.093869 0.050533
v -0.377297 -0.093377 0.049661
v -0.377297 -0.093052 0.048682
v -0.377297 -0.092909 0.047641
v -0.377297 -0.092957 0.046589
v -0.377297 -0.093192 0.045573
v -0.377297 -0.093603 0.044642
v -0.377297 -0.094172 0.043838
v -0.377297 -0.094871 0.043200
v -0.377297 -0.095668 0.042758
v -0.377297 -0.096525 0.042531
v -0.377297 -0.097403 0.042531
v -0.377297 -0.098261 0.042758
v -0.377297 -0.099058 0.043200
v -0.377297 -0.099757 0.043838
v -0.377297 -0.100326 0.044642
v -0.377297 -0.100737 0.045573
v -0.377297 -0.100972 0.046589
v -0.377297 -0.101019 0.047641
v -0.377297 -0.100877 0.048682
v -0.377297 -0.100552 0.049661
v -0.377297 -0.100059 0.050533
v -0.377297 -0.099422 0.051258
v -0.377297 -0.098669 0.051802
v -0.377297 -0.097837 0.052138
v -0.468510 0.005207 0.065782
v -0.468510 0.005207 0.035032
v -0.377297 0.005207 0.170032
v -0.377297 0.005207 0.072892
v -0.377297 0.005207 0.035032
v -0.389792 0.005207 0.035032
v -0.389792 0.005207 0.065782
v -0.429151 0.130157 0.102532
v -0.377297 -0.026331 0.035032
v -0.377297 -0.026331 0.072892
v -0.377297 -0.002984 0.043200
v -0.377297 -0.003781 0.042758
v -0.377297 -0.001070 0.046589
v -0.377297 -0.001305 0.045573
v -0.377297 -0.007171 0.043200
v -0.377297 -0.007870 0.043838
v -0.377297 -0.008438 0.044642
v -0.377297 -0.008850 0.045573
v -0.377297 -0.001716 0.044642
v -0.377297 -0.002285 0.043838
v -0.377297 -0.004638 0.042531
v -0.377297 -0.005516 0.042531
v -0.377297 -0.006374 0.042758
v -0.377297 -0.008990 0.048682
v -0.377297 -0.009132 0.047641
v -0.377297 -0.009085 0.046589
v -0.377297 -0.008665 0.049661
v -0.377297 -0.008172 0.050533
v -0.377297 -0.007535 0.051258
v -0.377297 -0.006782 0.051802
v -0.377297 -0.005950 0.052138
v -0.377297 -0.005077 0.052252
v -0.377297 -0.004204 0.052138
v -0.377297 -0.003372 0.051802
v -0.377297 -0.002620 0.051258
v -0.377297 -0.001982 0.050533
v -0.377297 -0.001489 0.049661
v -0.377297 -0.001164 0.048682
v -0.377297 -0.001022 0.047641
v -0.377297 -0.026331 0.170032
v -0.389792 -0.020408 0.051361
v -0.468510 -0.020408 0.051361
v -0.468510 -0.013913 0.057984
v -0.389792 -0.013913 0.057984
v -0.468510 -0.008396 0.065782
v -0.389792 -0.008396 0.065782
v -0.389792 -0.020408 0.035032
v -0.468510 -0.020408 0.035032
v -0.389792 -0.005077 0.052252
v -0.389792 -0.004204 0.052138
v -0.389792 -0.003372 0.051802
v -0.389792 -0.002620 0.051258
v -0.389792 -0.001982 0.050533
v -0.389792 -0.001489 0.049661
v -0.389792 -0.001164 0.048682
v -0.389792 -0.001022 0.047641
v -0.389792 -0.001070 0.046589
v -0.389792 -0.001305 0.045573
v -0.389792 -0.001716 0.044642
v -0.389792 -0.002285 0.043838
v -0.389792 -0.002984 0.043200
v -0.389792 -0.003781 0.042758
v -0.389792 -0.004638 0.042531
v -0.389792 -0.005516 0.042531
v -0.389792 -0.006374 0.042758
v -0.389792 -0.007171 0.043200
v -0.389792 -0.007870 0.043838
v -0.389792 -0.008438 0.044642
v -0.389792 -0.008850 0.045573
v -0.389792 -0.009085 0.046589
v -0.389792 -0.009132 0.047641
v -0.389792 -0.008990 0.048682
v -0.389792 -0.008665 0.049661
v -0.389792 -0.008172 0.050533
v -0.389792 -0.007535 0.051258
v -0.389792 -0.006782 0.051802
v -0.389792 -0.005950 0.052138
v -0.421029 -0.051021 0.102532
v 0.595231 -0.534161 0.170032
v 0.588983 -0.534161 0.177532
v 0.570241 -0.534161 0.177532
v 0.570241 -0.534161 -0.022468
v 0.595231 -0.534161 -0.022468
v -0.512659 0.573729 0.170032
v -0.512659 0.573729 -0.022468
v -0.512659 0.548739 -0.022468
v -0.512659 0.548739 0.177532
v -0.512659 0.567482 0.177532
v 0.542613 -0.291064 0.177532
v 0.542613 -0.291064 -0.022468
v 0.474307 -0.088645 0.177532
v 0.474307 -0.088645 -0.022468
v 0.376429 0.084203 0.177532
v 0.376429 0.084203 -0.022468
v 0.253007 0.231505 0.177532
v 0.253007 0.231505 -0.022468
v 0.105704 0.354928 0.177532
v 0.105704 0.354928 -0.022468
v -0.067143 0.452805 0.177532
v -0.067143 0.452805 -0.022468
v -0.269562 0.521111 0.177532
v -0.269562 0.521111 -0.022468
v 0.497076 -0.078371 -0.022468
v 0.566909 -0.285510 -0.022468
v -0.264009 0.545407 -0.022468
v -0.056869 0.475574 -0.022468
v 0.119865 0.375336 -0.022468
v 0.270777 0.249276 -0.022468
v 0.396838 0.098364 -0.022468
v 0.566909 -0.285510 0.170032
v 0.497076 -0.078371 0.170032
v 0.396838 0.098364 0.170032
v 0.270777 0.249276 0.170032
v 0.119865 0.375336 0.170032
v -0.056869 0.475574 0.170032
v -0.264009 0.545407 0.170032
v 0.560800 -0.286899 0.177532
v 0.491383 -0.080870 0.177532
v 0.391701 0.094893 0.177532
v 0.266335 0.244833 0.177532
v 0.116395 0.370200 0.177532
v -0.059368 0.469882 0.177532
v -0.265397 0.539299 0.177532
v 0.045451 -0.534161 0.170032
v 0.045451 -0.534161 -0.022468
v 0.070441 -0.534161 -0.022468
v 0.070441 -0.534161 0.177532
v 0.051698 -0.534161 0.177532
v -0.512659 0.023949 0.170032
v -0.512659 0.030197 0.177532
v -0.512659 0.048939 0.177532
v -0.512659 0.048939 -0.022468
v -0.512659 0.023949 -0.022468
v 0.055586 -0.403241 0.177532
v 0.055586 -0.403241 -0.022468
v 0.018795 -0.294257 0.177532
v 0.018795 -0.294257 -0.022468
v -0.033962 -0.201238 0.177532
v -0.033962 -0.201238 -0.022468
v -0.100324 -0.121826 0.177532
v -0.100324 -0.121826 -0.022468
v -0.179737 -0.055463 0.177532
v -0.179737 -0.055463 -0.022468
v -0.272755 -0.002707 0.177532
v -0.272755 -0.002707 -0.022468
v -0.381739 0.034084 0.177532
v -0.381739 0.034084 -0.022468
v 0.037260 -0.407406 0.177532
v -0.385904 0.015758 0.177532
v 0.001718 -0.302031 0.177532
v -0.280530 -0.019783 0.177532
v -0.049372 -0.211929 0.177532
v -0.190427 -0.070874 0.177532
v -0.113652 -0.135154 0.177532
v 0.031151 -0.408933 0.170032
v -0.003974 -0.304531 0.170032
v -0.054509 -0.215538 0.170032
v -0.117956 -0.139458 0.170032
v -0.194037 -0.076011 0.170032
v -0.283029 -0.025475 0.170032
v -0.387432 0.009649 0.170032
v 0.031151 -0.408933 -0.022468
v -0.003974 -0.304531 -0.022468
v -0.054509 -0.215538 -0.022468
v -0.117956 -0.139458 -0.022468
v -0.194037 -0.076011 -0.022468
v -0.283029 -0.025475 -0.022468
v -0.387432 0.009649 -0.022468
v 0.485552 -0.478072 -0.597468
v 0.482359 -0.436561 -0.597468
v 0.565382 -0.430175 -0.597468
v 0.568575 -0.471686 -0.597468
v 0.482359 -0.436561 -0.587468
v 0.485552 -0.478072 -0.587468
v 0.568575 -0.471686 -0.587468
v 0.565382 -0.430175 -0.587468
v 0.547333 -0.456275 -0.587468
v 0.546639 -0.455303 -0.587468
v 0.546084 -0.454054 -0.587468
v 0.545806 -0.452527 -0.587468
v 0.545945 -0.451138 -0.587468
v 0.546223 -0.449750 -0.587468
v 0.546778 -0.448639 -0.587468
v 0.547472 -0.447668 -0.587468
v 0.548305 -0.446835 -0.587468
v 0.549277 -0.446279 -0.587468
v 0.550526 -0.445724 -0.587468
v 0.552054 -0.445446 -0.587468
v 0.553442 -0.445446 -0.587468
v 0.554830 -0.445863 -0.587468
v 0.555941 -0.446279 -0.587468
v 0.556774 -0.446974 -0.587468
v 0.557607 -0.447806 -0.587468
v 0.558301 -0.448917 -0.587468
v 0.558856 -0.450028 -0.587468
v 0.559134 -0.451555 -0.587468
v 0.559134 -0.453082 -0.587468
v 0.558718 -0.454332 -0.587468
v 0.558301 -0.455442 -0.587468
v 0.557607 -0.456414 -0.587468
v 0.556774 -0.457247 -0.587468
v 0.555663 -0.457941 -0.587468
v 0.554553 -0.458358 -0.587468
v 0.553025 -0.458774 -0.587468
v 0.551498 -0.458636 -0.587468
v 0.550249 -0.458358 -0.587468
v 0.549138 -0.457803 -0.587468
v 0.548166 -0.457108 -0.587468
v 0.546223 -0.449750 -0.457468
v 0.545945 -0.451138 -0.457468
v 0.545806 -0.452527 -0.457468
v 0.546084 -0.454054 -0.457468
v 0.546639 -0.455303 -0.457468
v 0.547333 -0.456275 -0.457468
v 0.548166 -0.457108 -0.457468
v 0.549138 -0.457803 -0.457468
v 0.550249 -0.458358 -0.457468
v 0.551498 -0.458636 -0.457468
v 0.553025 -0.458774 -0.457468
v 0.554553 -0.458358 -0.457468
v 0.555663 -0.457941 -0.457468
v 0.556774 -0.457247 -0.457468
v 0.557607 -0.456414 -0.457468
v 0.558301 -0.455442 -0.457468
v 0.558718 -0.454332 -0.457468
v 0.559134 -0.453082 -0.457468
v 0.559134 -0.451555 -0.457468
v 0.558856 -0.450028 -0.457468
v 0.558301 -0.448917 -0.457468
v 0.557607 -0.447806 -0.457468
v 0.556774 -0.446974 -0.457468
v 0.555941 -0.446279 -0.457468
v 0.554830 -0.445863 -0.457468
v 0.553442 -0.445446 -0.457468
v 0.552054 -0.445446 -0.457468
v 0.550526 -0.445724 -0.457468
v 0.549277 -0.446279 -0.457468
v 0.548305 -0.446835 -0.457468
v 0.547472 -0.447668 -0.457468
v 0.546778 -0.448639 -0.457468
v 0.536365 -0.432396 -0.447468
v 0.539559 -0.473907 -0.447468
v 0.568575 -0.471686 -0.447468
v 0.565382 -0.430175 -0.447468
v 0.539559 -0.473907 -0.457468
v 0.536365 -0.432396 -0.457468
v 0.565382 -0.430175 -0.457468
v 0.568575 -0.471686 -0.457468
v 0.536643 -0.435728 -0.447468
v 0.539281 -0.470575 -0.447468
v 0.562327 -0.433784 -0.447468
v 0.565104 -0.468631 -0.447468
v 0.539281 -0.470575 0.032532
v 0.539559 -0.473907 0.032532
v 0.568575 -0.471686 0.032532
v 0.565382 -0.430175 0.032532
v 0.536365 -0.432396 0.032532
v 0.536643 -0.435728 0.032532
v 0.565104 -0.468631 0.032532
v 0.562327 -0.433784 0.032532
v 0.150131 -0.462245 -0.597468
v 0.153324 -0.503756 -0.597468
v 0.070302 -0.510143 -0.597468
v 0.067109 -0.468631 -0.597468
v 0.153324 -0.503756 -0.587468
v 0.150131 -0.462245 -0.587468
v 0.067109 -0.468631 -0.587468
v 0.070302 -0.510143 -0.587468
v 0.088350 -0.484042 -0.587468
v 0.089044 -0.485014 -0.587468
v 0.089600 -0.486263 -0.587468
v 0.089877 -0.487652 -0.587468
v 0.089877 -0.489179 -0.587468
v 0.089461 -0.490567 -0.587468
v 0.089044 -0.491539 -0.587468
v 0.088350 -0.492511 -0.587468
v 0.087517 -0.493344 -0.587468
v 0.086407 -0.494038 -0.587468
v 0.085296 -0.494593 -0.587468
v 0.083769 -0.494871 -0.587468
v 0.082242 -0.494871 -0.587468
v 0.080992 -0.494454 -0.587468
v 0.079881 -0.494038 -0.587468
v 0.078910 -0.493344 -0.587468
v 0.078077 -0.492511 -0.587468
v 0.077382 -0.491400 -0.587468
v 0.076827 -0.490289 -0.587468
v 0.076549 -0.488762 -0.587468
v 0.076688 -0.487235 -0.587468
v 0.076966 -0.485986 -0.587468
v 0.077521 -0.484875 -0.587468
v 0.078215 -0.483903 -0.587468
v 0.079048 -0.483070 -0.587468
v 0.080020 -0.482376 -0.587468
v 0.081270 -0.481821 -0.587468
v 0.082797 -0.481543 -0.587468
v 0.084185 -0.481682 -0.587468
v 0.085574 -0.481959 -0.587468
v 0.086684 -0.482515 -0.587468
v 0.087656 -0.483209 -0.587468
v 0.089461 -0.490567 -0.457468
v 0.089877 -0.489179 -0.457468
v 0.089877 -0.487652 -0.457468
v 0.089600 -0.486263 -0.457468
v 0.089044 -0.485014 -0.457468
v 0.088350 -0.484042 -0.457468
v 0.087656 -0.483209 -0.457468
v 0.086684 -0.482515 -0.457468
v 0.085574 -0.481959 -0.457468
v 0.084185 -0.481682 -0.457468
v 0.082797 -0.481543 -0.457468
v 0.081270 -0.481821 -0.457468
v 0.080020 -0.482376 -0.457468
v 0.079048 -0.483070 -0.457468
v 0.078215 -0.483903 -0.457468
v 0.077521 -0.484875 -0.457468
v 0.076966 -0.485986 -0.457468
v 0.076688 -0.487235 -0.457468
v 0.076549 -0.488762 -0.457468
v 0.076827 -0.490289 -0.457468
v 0.077382 -0.491400 -0.457468
v 0.078077 -0.492511 -0.457468
v 0.078910 -0.493344 -0.457468
v 0.079881 -0.494038 -0.457468
v 0.080992 -0.494454 -0.457468
v 0.082242 -0.494871 -0.457468
v 0.083769 -0.494871 -0.457468
v 0.085296 -0.494593 -0.457468
v 0.086407 -0.494038 -0.457468
v 0.087517 -0.493344 -0.457468
v 0.088350 -0.492511 -0.457468
v 0.089044 -0.491539 -0.457468
v 0.099318 -0.507921 -0.447468
v 0.096125 -0.466410 -0.447468
v 0.067109 -0.468631 -0.447468
v 0.070302 -0.510143 -0.447468
v 0.096125 -0.466410 -0.457468
v 0.099318 -0.507921 -0.457468
v 0.070302 -0.510143 -0.457468
v 0.067109 -0.468631 -0.457468
v 0.099179 -0.504589 -0.447468
v 0.096403 -0.469603 -0.447468
v 0.073356 -0.506533 -0.447468
v 0.070718 -0.471686 -0.447468
v 0.096403 -0.469603 0.032532
v 0.096125 -0.466410 0.032532
v 0.067109 -0.468631 0.032532
v 0.070302 -0.510143 0.032532
v 0.099318 -0.507921 0.032532
v 0.099179 -0.504589 0.032532
v 0.070718 -0.471686 0.032532
v 0.073356 -0.506533 0.032532
v 0.298822 -0.451138 -0.157468
v 0.295490 -0.451416 -0.157468
v 0.295490 -0.451416 -0.192468
v 0.337140 -0.448223 -0.192468
v 0.337140 -0.448223 -0.157468
v 0.333808 -0.448501 -0.157468
v 0.298822 -0.451138 -0.188468
v 0.333808 -0.448501 -0.188468
v 0.114867 0.058519 -0.157468
v 0.117366 0.060740 -0.157468
v 0.117366 0.060740 -0.192468
v 0.086545 0.032696 -0.192468
v 0.086545 0.032696 -0.157468
v 0.089044 0.034917 -0.157468
v 0.114867 0.058519 -0.188468
v 0.089044 0.034917 -0.188468
v 0.314232 -0.307168 -0.192468
v 0.328532 -0.376446 -0.192468
v 0.287298 -0.383110 -0.192468
v 0.130556 -0.020061 -0.192468
v 0.163737 0.005207 -0.192468
v 0.204415 -0.052687 -0.192468
v 0.239679 -0.112940 -0.192468
v 0.269667 -0.175415 -0.192468
v 0.294518 -0.240112 -0.192468
v 0.169290 -0.075178 -0.192468
v 0.202888 -0.132516 -0.192468
v 0.273832 -0.317164 -0.192468
v 0.231487 -0.191937 -0.192468
v 0.255089 -0.253440 -0.192468
v 0.328532 -0.376446 -0.157468
v 0.314232 -0.307168 -0.157468
v 0.294518 -0.240112 -0.157468
v 0.269667 -0.175415 -0.157468
v 0.239679 -0.112940 -0.157468
v 0.204415 -0.052687 -0.157468
v 0.163737 0.005207 -0.157468
v 0.325200 -0.377001 -0.157468
v 0.161099 0.003263 -0.157468
v 0.311039 -0.307862 -0.157468
v 0.201499 -0.054492 -0.157468
v 0.291325 -0.241222 -0.157468
v 0.236624 -0.114468 -0.157468
v 0.266612 -0.176665 -0.157468
v 0.325200 -0.377001 -0.188468
v 0.311039 -0.307862 -0.188468
v 0.291325 -0.241222 -0.188468
v 0.266612 -0.176665 -0.188468
v 0.236624 -0.114468 -0.188468
v 0.201499 -0.054492 -0.188468
v 0.161099 0.003263 -0.188468
v 0.290630 -0.382555 -0.188468
v 0.133332 -0.017979 -0.188468
v 0.277025 -0.316331 -0.188468
v 0.172067 -0.073373 -0.188468
v 0.258282 -0.252468 -0.188468
v 0.234542 -0.190548 -0.188468
v 0.205803 -0.130850 -0.188468
v 0.290630 -0.382555 -0.157468
v 0.277025 -0.316331 -0.157468
v 0.258282 -0.252468 -0.157468
v 0.234542 -0.190548 -0.157468
v 0.205803 -0.130850 -0.157468
v 0.172067 -0.073373 -0.157468
v 0.133332 -0.017979 -0.157468
v 0.287298 -0.383110 -0.157468
v 0.130556 -0.020061 -0.157468
v 0.273832 -0.317164 -0.157468
v 0.169290 -0.075178 -0.157468
v 0.255089 -0.253440 -0.157468
v 0.202888 -0.132516 -0.157468
v 0.231487 -0.191937 -0.157468
v 0.096403 -0.469603 -0.157468
v 0.096125 -0.466410 -0.157468
v 0.096125 -0.466410 -0.192468
v 0.099318 -0.507921 -0.192468
v 0.099318 -0.507921 -0.157468
v 0.099179 -0.504589 -0.157468
v 0.096403 -0.469603 -0.188468
v 0.099179 -0.504589 -0.188468
v 0.539281 -0.470575 -0.157468
v 0.539559 -0.473907 -0.157468
v 0.539559 -0.473907 -0.192468
v 0.536365 -0.432396 -0.192468
v 0.536365 -0.432396 -0.157468
v 0.536643 -0.435728 -0.157468
v 0.539281 -0.470575 -0.188468
v 0.536643 -0.435728 -0.188468
v 0.469864 -0.437533 -0.192468
v 0.473196 -0.479044 -0.192468
v 0.536365 -0.432396 -0.272468
v 0.539559 -0.473907 -0.272468
v 0.473196 -0.479044 -0.197468
v 0.535394 -0.474324 -0.272468
v 0.532478 -0.436839 -0.272468
v 0.532478 -0.436839 -0.197468
v 0.470281 -0.441698 -0.197468
v 0.535116 -0.470159 -0.197468
v 0.535116 -0.470159 -0.272468
v 0.472780 -0.474879 -0.197468
v 0.532200 -0.432674 -0.272468
v 0.469864 -0.437533 -0.197468
v 0.165819 -0.502784 -0.192468
v 0.162626 -0.461273 -0.192468
v 0.099318 -0.507921 -0.272468
v 0.096125 -0.466410 -0.272468
v 0.162626 -0.461273 -0.197468
v 0.100290 -0.465994 -0.272468
v 0.103205 -0.503340 -0.272468
v 0.103205 -0.503340 -0.197468
v 0.165542 -0.498619 -0.197468
v 0.100706 -0.470159 -0.197468
v 0.100706 -0.470159 -0.272468
v 0.162904 -0.465438 -0.197468
v 0.103483 -0.507505 -0.272468
v 0.165819 -0.502784 -0.197468
v 0.570241 -0.492511 -0.122468
v 0.571907 -0.513197 -0.072468
v 0.571907 -0.513197 -0.022468
v 0.562188 -0.388664 -0.022468
v 0.562188 -0.388664 -0.072468
v 0.563854 -0.409350 -0.122468
v 0.568019 -0.409072 -0.122468
v 0.566353 -0.388386 -0.072468
v 0.566353 -0.388386 -0.022468
v 0.575933 -0.512919 -0.022468
v 0.575933 -0.512919 -0.072468
v 0.574406 -0.492094 -0.122468
v 0.065582 -0.447806 -0.122468
v 0.063916 -0.427120 -0.072468
v 0.063916 -0.427120 -0.022468
v 0.073495 -0.551654 -0.022468
v 0.073495 -0.551654 -0.072468
v 0.071968 -0.530829 -0.122468
v 0.067803 -0.531245 -0.122468
v 0.069330 -0.551932 -0.072468
v 0.069330 -0.551932 -0.022468
v 0.059751 -0.427398 -0.022468
v 0.059751 -0.427398 -0.072468
v 0.061417 -0.448084 -0.122468
v 0.208858 0.157923 -0.597468
v 0.179425 0.187356 -0.597468
v 0.238290 0.246221 -0.597468
v 0.267723 0.216789 -0.597468
v 0.179425 0.187356 -0.587468
v 0.208858 0.157923 -0.587468
v 0.267723 0.216789 -0.587468
v 0.238290 0.246221 -0.587468
v 0.241622 0.214706 -0.587468
v 0.240373 0.214984 -0.587468
v 0.239262 0.215539 -0.587468
v 0.238013 0.216511 -0.587468
v 0.237041 0.217761 -0.587468
v 0.236485 0.218871 -0.587468
v 0.236208 0.220121 -0.587468
v 0.236069 0.221231 -0.587468
v 0.236208 0.222481 -0.587468
v 0.236485 0.223592 -0.587468
v 0.237041 0.224841 -0.587468
v 0.238013 0.225952 -0.587468
v 0.239262 0.226924 -0.587468
v 0.240373 0.227479 -0.587468
v 0.241622 0.227757 -0.587468
v 0.242733 0.227895 -0.587468
v 0.243982 0.227757 -0.587468
v 0.245093 0.227479 -0.587468
v 0.246343 0.226924 -0.587468
v 0.247453 0.225952 -0.587468
v 0.248425 0.224841 -0.587468
v 0.248980 0.223592 -0.587468
v 0.249258 0.222481 -0.587468
v 0.249397 0.221231 -0.587468
v 0.249258 0.220121 -0.587468
v 0.248980 0.218871 -0.587468
v 0.248425 0.217761 -0.587468
v 0.247453 0.216511 -0.587468
v 0.246343 0.215539 -0.587468
v 0.245093 0.214984 -0.587468
v 0.243982 0.214706 -0.587468
v 0.242733 0.214567 -0.587468
v 0.236485 0.218871 -0.457468
v 0.237041 0.217761 -0.457468
v 0.238013 0.216511 -0.457468
v 0.239262 0.215539 -0.457468
v 0.240373 0.214984 -0.457468
v 0.241622 0.214706 -0.457468
v 0.242733 0.214567 -0.457468
v 0.243982 0.214706 -0.457468
v 0.245093 0.214984 -0.457468
v 0.246343 0.215539 -0.457468
v 0.247453 0.216511 -0.457468
v 0.248425 0.217761 -0.457468
v 0.248980 0.218871 -0.457468
v 0.249258 0.220121 -0.457468
v 0.249397 0.221231 -0.457468
v 0.249258 0.222481 -0.457468
v 0.248980 0.223592 -0.457468
v 0.248425 0.224841 -0.457468
v 0.247453 0.225952 -0.457468
v 0.246343 0.226924 -0.457468
v 0.245093 0.227479 -0.457468
v 0.243982 0.227757 -0.457468
v 0.242733 0.227895 -0.457468
v 0.241622 0.227757 -0.457468
v 0.240373 0.227479 -0.457468
v 0.239262 0.226924 -0.457468
v 0.238013 0.225952 -0.457468
v 0.237041 0.224841 -0.457468
v 0.236485 0.223592 -0.457468
v 0.236208 0.222481 -0.457468
v 0.236069 0.221231 -0.457468
v 0.236208 0.220121 -0.457468
v 0.217743 0.225674 -0.447468
v 0.247176 0.196241 -0.447468
v 0.267723 0.216789 -0.447468
v 0.238290 0.246221 -0.447468
v 0.247176 0.196241 -0.457468
v 0.217743 0.225674 -0.457468
v 0.238290 0.246221 -0.457468
v 0.267723 0.216789 -0.457468
v 0.220103 0.223314 -0.447468
v 0.244815 0.198602 -0.447468
v 0.238290 0.241640 -0.447468
v 0.263141 0.216789 -0.447468
v 0.244815 0.198602 0.032532
v 0.247176 0.196241 0.032532
v 0.267723 0.216789 0.032532
v 0.238290 0.246221 0.032532
v 0.217743 0.225674 0.032532
v 0.220103 0.223314 0.032532
v 0.263141 0.216789 0.032532
v 0.238290 0.241640 0.032532
v -0.056175 -0.048244 -0.597468
v -0.026743 -0.077677 -0.597468
v -0.085608 -0.136542 -0.597468
v -0.115041 -0.107109 -0.597468
v -0.026743 -0.077677 -0.587468
v -0.056175 -0.048244 -0.587468
v -0.115041 -0.107109 -0.587468
v -0.085608 -0.136542 -0.587468
v -0.088801 -0.105027 -0.587468
v -0.087690 -0.105305 -0.587468
v -0.086441 -0.105860 -0.587468
v -0.085330 -0.106832 -0.587468
v -0.084358 -0.107942 -0.587468
v -0.083803 -0.109192 -0.587468
v -0.083525 -0.110303 -0.587468
v -0.083387 -0.111552 -0.587468
v -0.083525 -0.112663 -0.587468
v -0.083803 -0.113912 -0.587468
v -0.084358 -0.115023 -0.587468
v -0.085330 -0.116272 -0.587468
v -0.086441 -0.117244 -0.587468
v -0.087690 -0.117800 -0.587468
v -0.088801 -0.118077 -0.587468
v -0.090051 -0.118216 -0.587468
v -0.091161 -0.118077 -0.587468
v -0.092411 -0.117800 -0.587468
v -0.093521 -0.117244 -0.587468
v -0.094771 -0.116272 -0.587468
v -0.095743 -0.115023 -0.587468
v -0.096298 -0.113912 -0.587468
v -0.096576 -0.112663 -0.587468
v -0.096715 -0.111552 -0.587468
v -0.096576 -0.110303 -0.587468
v -0.096298 -0.109192 -0.587468
v -0.095743 -0.107942 -0.587468
v -0.094771 -0.106832 -0.587468
v -0.093521 -0.105860 -0.587468
v -0.092411 -0.105305 -0.587468
v -0.091161 -0.105027 -0.587468
v -0.090051 -0.104888 -0.587468
v -0.083803 -0.109192 -0.457468
v -0.084358 -0.107942 -0.457468
v -0.085330 -0.106832 -0.457468
v -0.086441 -0.105860 -0.457468
v -0.087690 -0.105305 -0.457468
v -0.088801 -0.105027 -0.457468
v -0.090051 -0.104888 -0.457468
v -0.091161 -0.105027 -0.457468
v -0.092411 -0.105305 -0.457468
v -0.093521 -0.105860 -0.457468
v -0.094771 -0.106832 -0.457468
v -0.095743 -0.107942 -0.457468
v -0.096298 -0.109192 -0.457468
v -0.096576 -0.110303 -0.457468
v -0.096715 -0.111552 -0.457468
v -0.096576 -0.112663 -0.457468
v -0.096298 -0.113912 -0.457468
v -0.095743 -0.115023 -0.457468
v -0.094771 -0.116272 -0.457468
v -0.093521 -0.117244 -0.457468
v -0.092411 -0.117800 -0.457468
v -0.091161 -0.118077 -0.457468
v -0.090051 -0.118216 -0.457468
v -0.088801 -0.118077 -0.457468
v -0.087690 -0.117800 -0.457468
v -0.086441 -0.117244 -0.457468
v -0.085330 -0.116272 -0.457468
v -0.084358 -0.115023 -0.457468
v -0.083803 -0.113912 -0.457468
v -0.083525 -0.112663 -0.457468
v -0.083387 -0.111552 -0.457468
v -0.083525 -0.110303 -0.457468
v -0.065061 -0.115995 -0.447468
v -0.094493 -0.086562 -0.447468
v -0.115041 -0.107109 -0.447468
v -0.085608 -0.136542 -0.447468
v -0.094493 -0.086562 -0.457468
v -0.065061 -0.115995 -0.457468
v -0.085608 -0.136542 -0.457468
v -0.115041 -0.107109 -0.457468
v -0.067421 -0.113635 -0.447468
v -0.092133 -0.088922 -0.447468
v -0.085608 -0.131822 -0.447468
v -0.110320 -0.107109 -0.447468
v -0.092133 -0.088922 0.032532
v -0.094493 -0.086562 0.032532
v -0.115041 -0.107109 0.032532
v -0.085608 -0.136542 0.032532
v -0.065061 -0.115995 0.032532
v -0.067421 -0.113635 0.032532
v -0.110320 -0.107109 0.032532
v -0.085608 -0.131822 0.032532
v 0.049616 0.056853 -0.157468
v 0.047256 0.054631 -0.157468
v 0.047256 0.054631 -0.192468
v 0.076688 0.084064 -0.192468
v 0.076688 0.084064 -0.157468
v 0.074328 0.081704 -0.157468
v 0.049616 0.056853 -0.188468
v 0.074328 0.081704 -0.188468
v -0.421723 0.324246 -0.157468
v -0.421307 0.327578 -0.157468
v -0.421307 0.327578 -0.192468
v -0.426444 0.286205 -0.192468
v -0.426444 0.286205 -0.157468
v -0.426027 0.289537 -0.157468
v -0.421723 0.324246 -0.188468
v -0.426027 0.289537 -0.188468
v -0.032574 0.176249 -0.192468
v 0.023376 0.132933 -0.192468
v -0.003419 0.101141 -0.192468
v -0.358693 0.274821 -0.192468
v -0.350085 0.315499 -0.192468
v -0.281502 0.298006 -0.192468
v -0.215556 0.275238 -0.192468
v -0.151970 0.247332 -0.192468
v -0.091022 0.214290 -0.192468
v -0.293441 0.258161 -0.192468
v -0.230689 0.236503 -0.192468
v -0.056592 0.142374 -0.192468
v -0.170296 0.209847 -0.192468
v -0.112264 0.178471 -0.192468
v 0.023376 0.132933 -0.157468
v -0.032574 0.176249 -0.157468
v -0.091022 0.214290 -0.157468
v -0.151970 0.247332 -0.157468
v -0.215556 0.275238 -0.157468
v -0.281502 0.298006 -0.157468
v -0.350085 0.315499 -0.157468
v 0.021294 0.130434 -0.157468
v -0.350780 0.312306 -0.157468
v -0.034378 0.173612 -0.157468
v -0.282474 0.294813 -0.157468
v -0.092688 0.211513 -0.157468
v -0.216667 0.272183 -0.157468
v -0.153497 0.244278 -0.157468
v 0.021294 0.130434 -0.188468
v -0.034378 0.173612 -0.188468
v -0.092688 0.211513 -0.188468
v -0.153497 0.244278 -0.188468
v -0.216667 0.272183 -0.188468
v -0.282474 0.294813 -0.188468
v -0.350780 0.312306 -0.188468
v -0.001336 0.103640 -0.188468
v -0.357999 0.278014 -0.188468
v -0.054648 0.145012 -0.188468
v -0.292470 0.261354 -0.188468
v -0.110598 0.181386 -0.188468
v -0.168908 0.212901 -0.188468
v -0.229439 0.239557 -0.188468
v -0.001336 0.103640 -0.157468
v -0.054648 0.145012 -0.157468
v -0.110598 0.181386 -0.157468
v -0.168908 0.212901 -0.157468
v -0.229439 0.239557 -0.157468
v -0.292470 0.261354 -0.157468
v -0.357999 0.278014 -0.157468
v -0.003419 0.101141 -0.157468
v -0.358693 0.274821 -0.157468
v -0.056592 0.142374 -0.157468
v -0.293441 0.258161 -0.157468
v -0.112264 0.178471 -0.157468
v -0.230689 0.236503 -0.157468
v -0.170296 0.209847 -0.157468
v -0.092133 -0.088922 -0.157468
v -0.094493 -0.086562 -0.157468
v -0.094493 -0.086562 -0.192468
v -0.065061 -0.115995 -0.192468
v -0.065061 -0.115995 -0.157468
v -0.067421 -0.113635 -0.157468
v -0.092133 -0.088922 -0.188468
v -0.067421 -0.113635 -0.188468
v 0.244815 0.198602 -0.157468
v 0.247176 0.196241 -0.157468
v 0.247176 0.196241 -0.192468
v 0.217743 0.225674 -0.192468
v 0.217743 0.225674 -0.157468
v 0.220103 0.223314 -0.157468
v 0.244815 0.198602 -0.188468
v 0.220103 0.223314 -0.188468
v 0.217743 0.225674 -0.192468
v 0.170540 0.178610 -0.192468
v 0.200111 0.149038 -0.192468
v 0.247176 0.196241 -0.192468
v 0.217743 0.225674 -0.272468
v 0.247176 0.196241 -0.272468
v 0.200111 0.149038 -0.197468
v 0.244260 0.193326 -0.272468
v 0.217743 0.219843 -0.272468
v 0.217743 0.219843 -0.197468
v 0.173594 0.175555 -0.197468
v 0.241345 0.196241 -0.197468
v 0.241345 0.196241 -0.272468
v 0.197057 0.152092 -0.197468
v 0.214827 0.222759 -0.272468
v 0.170540 0.178610 -0.197468
v -0.017857 -0.068791 -0.192468
v -0.047290 -0.039359 -0.192468
v -0.065061 -0.115995 -0.272468
v -0.094493 -0.086562 -0.272468
v -0.047290 -0.039359 -0.197468
v -0.091578 -0.083508 -0.272468
v -0.065061 -0.110025 -0.272468
v -0.065061 -0.110025 -0.197468
v -0.020773 -0.065876 -0.197468
v -0.088523 -0.086562 -0.197468
v -0.088523 -0.086562 -0.272468
v -0.044374 -0.042274 -0.197468
v -0.062006 -0.113079 -0.272468
v -0.017857 -0.068791 -0.197468
v 0.282578 0.202072 -0.122468
v 0.297294 0.187356 -0.072468
v 0.297294 0.187356 -0.022468
v 0.208858 0.275793 -0.022468
v 0.208858 0.275793 -0.072468
v 0.223574 0.261077 -0.122468
v 0.226628 0.263992 -0.122468
v 0.211773 0.278708 -0.072468
v 0.211773 0.278708 -0.022468
v 0.300210 0.190272 -0.022468
v 0.300210 0.190272 -0.072468
v 0.285494 0.205127 -0.122468
v -0.129757 -0.092393 -0.122468
v -0.144473 -0.077677 -0.072468
v -0.144473 -0.077677 -0.022468
v -0.056175 -0.165975 -0.022468
v -0.056175 -0.165975 -0.072468
v -0.070892 -0.151258 -0.122468
v -0.073807 -0.154174 -0.122468
v -0.059091 -0.169029 -0.072468
v -0.059091 -0.169029 -0.022468
v -0.147528 -0.080592 -0.022468
v -0.147528 -0.080592 -0.072468
v -0.132672 -0.095309 -0.122468
v -0.415059 0.460858 -0.597468
v -0.456571 0.464051 -0.597468
v -0.450184 0.547073 -0.597468
v -0.408673 0.543880 -0.597468
v -0.456571 0.464051 -0.587468
v -0.415059 0.460858 -0.587468
v -0.408673 0.543880 -0.587468
v -0.450184 0.547073 -0.587468
v -0.427138 0.525276 -0.587468
v -0.428249 0.524721 -0.587468
v -0.429637 0.524443 -0.587468
v -0.431025 0.524305 -0.587468
v -0.432552 0.524582 -0.587468
v -0.433802 0.525138 -0.587468
v -0.434774 0.525832 -0.587468
v -0.435607 0.526665 -0.587468
v -0.436301 0.527637 -0.587468
v -0.436856 0.528747 -0.587468
v -0.437134 0.529997 -0.587468
v -0.437273 0.531524 -0.587468
v -0.436856 0.533051 -0.587468
v -0.436440 0.534162 -0.587468
v -0.435746 0.535272 -0.587468
v -0.434913 0.536105 -0.587468
v -0.433941 0.536799 -0.587468
v -0.432830 0.537216 -0.587468
v -0.431581 0.537633 -0.587468
v -0.430053 0.537633 -0.587468
v -0.428526 0.537355 -0.587468
v -0.427416 0.536799 -0.587468
v -0.426305 0.536105 -0.587468
v -0.425472 0.535272 -0.587468
v -0.424778 0.534439 -0.587468
v -0.424361 0.533329 -0.587468
v -0.423945 0.531940 -0.587468
v -0.423945 0.530552 -0.587468
v -0.424222 0.529025 -0.587468
v -0.424778 0.527775 -0.587468
v -0.425333 0.526804 -0.587468
v -0.426166 0.525971 -0.587468
v -0.433802 0.525138 -0.457468
v -0.432552 0.524582 -0.457468
v -0.431025 0.524305 -0.457468
v -0.429637 0.524443 -0.457468
v -0.428249 0.524721 -0.457468
v -0.427138 0.525276 -0.457468
v -0.426166 0.525971 -0.457468
v -0.425333 0.526804 -0.457468
v -0.424778 0.527775 -0.457468
v -0.424222 0.529025 -0.457468
v -0.423945 0.530552 -0.457468
v -0.423945 0.531940 -0.457468
v -0.424361 0.533329 -0.457468
v -0.424778 0.534439 -0.457468
v -0.425472 0.535272 -0.457468
v -0.426305 0.536105 -0.457468
v -0.427416 0.536799 -0.457468
v -0.428526 0.537355 -0.457468
v -0.430053 0.537633 -0.457468
v -0.431581 0.537633 -0.457468
v -0.432830 0.537216 -0.457468
v -0.433941 0.536799 -0.457468
v -0.434913 0.536105 -0.457468
v -0.435746 0.535272 -0.457468
v -0.436440 0.534162 -0.457468
v -0.436856 0.533051 -0.457468
v -0.437273 0.531524 -0.457468
v -0.437134 0.529997 -0.457468
v -0.436856 0.528747 -0.457468
v -0.436301 0.527637 -0.457468
v -0.435607 0.526665 -0.457468
v -0.434774 0.525832 -0.457468
v -0.452406 0.518057 -0.447468
v -0.410894 0.514864 -0.447468
v -0.408673 0.543880 -0.447468
v -0.450184 0.547073 -0.447468
v -0.410894 0.514864 -0.457468
v -0.452406 0.518057 -0.457468
v -0.450184 0.547073 -0.457468
v -0.408673 0.543880 -0.457468
v -0.449074 0.517779 -0.447468
v -0.414226 0.515142 -0.447468
v -0.447130 0.543602 -0.447468
v -0.412283 0.540826 -0.447468
v -0.414226 0.515142 0.032532
v -0.410894 0.514864 0.032532
v -0.408673 0.543880 0.032532
v -0.450184 0.547073 0.032532
v -0.452406 0.518057 0.032532
v -0.449074 0.517779 0.032532
v -0.412283 0.540826 0.032532
v -0.447130 0.543602 0.032532
v -0.482255 0.131823 -0.597468
v -0.440744 0.128630 -0.597468
v -0.447130 0.045607 -0.597468
v -0.488641 0.048800 -0.597468
v -0.440744 0.128630 -0.587468
v -0.482255 0.131823 -0.587468
v -0.488641 0.048800 -0.587468
v -0.447130 0.045607 -0.587468
v -0.470037 0.067543 -0.587468
v -0.469066 0.067959 -0.587468
v -0.467677 0.068376 -0.587468
v -0.466150 0.068376 -0.587468
v -0.464762 0.068098 -0.587468
v -0.463512 0.067543 -0.587468
v -0.462540 0.066849 -0.587468
v -0.461707 0.066155 -0.587468
v -0.461013 0.065183 -0.587468
v -0.460458 0.064072 -0.587468
v -0.460180 0.062684 -0.587468
v -0.460041 0.061295 -0.587468
v -0.460319 0.059768 -0.587468
v -0.460874 0.058519 -0.587468
v -0.461569 0.057547 -0.587468
v -0.462402 0.056714 -0.587468
v -0.463373 0.056020 -0.587468
v -0.464484 0.055464 -0.587468
v -0.465734 0.055187 -0.587468
v -0.467261 0.055048 -0.587468
v -0.468788 0.055326 -0.587468
v -0.469899 0.055881 -0.587468
v -0.471009 0.056575 -0.587468
v -0.471842 0.057408 -0.587468
v -0.472536 0.058380 -0.587468
v -0.472953 0.059491 -0.587468
v -0.473369 0.060740 -0.587468
v -0.473369 0.062267 -0.587468
v -0.473092 0.063794 -0.587468
v -0.472536 0.064905 -0.587468
v -0.471842 0.066016 -0.587468
v -0.471009 0.066849 -0.587468
v -0.463512 0.067543 -0.457468
v -0.464762 0.068098 -0.457468
v -0.466150 0.068376 -0.457468
v -0.467677 0.068376 -0.457468
v -0.469066 0.067959 -0.457468
v -0.470037 0.067543 -0.457468
v -0.471009 0.066849 -0.457468
v -0.471842 0.066016 -0.457468
v -0.472536 0.064905 -0.457468
v -0.473092 0.063794 -0.457468
v -0.473369 0.062267 -0.457468
v -0.473369 0.060740 -0.457468
v -0.472953 0.059491 -0.457468
v -0.472536 0.058380 -0.457468
v -0.471842 0.057408 -0.457468
v -0.471009 0.056575 -0.457468
v -0.469899 0.055881 -0.457468
v -0.468788 0.055326 -0.457468
v -0.467261 0.055048 -0.457468
v -0.465734 0.055187 -0.457468
v -0.464484 0.055464 -0.457468
v -0.463373 0.056020 -0.457468
v -0.462402 0.056714 -0.457468
v -0.461569 0.057547 -0.457468
v -0.460874 0.058519 -0.457468
v -0.460319 0.059768 -0.457468
v -0.460041 0.061295 -0.457468
v -0.460180 0.062684 -0.457468
v -0.460458 0.064072 -0.457468
v -0.461013 0.065183 -0.457468
v -0.461707 0.066155 -0.457468
v -0.462540 0.066849 -0.457468
v -0.444909 0.074623 -0.447468
v -0.486420 0.077817 -0.447468
v -0.488641 0.048800 -0.447468
v -0.447130 0.045607 -0.447468
v -0.486420 0.077817 -0.457468
v -0.444909 0.074623 -0.457468
v -0.447130 0.045607 -0.457468
v -0.488641 0.048800 -0.457468
v -0.448102 0.074901 -0.447468
v -0.483088 0.077678 -0.447468
v -0.450184 0.049217 -0.447468
v -0.485031 0.051855 -0.447468
v -0.483088 0.077678 0.032532
v -0.486420 0.077817 0.032532
v -0.488641 0.048800 0.032532
v -0.447130 0.045607 0.032532
v -0.444909 0.074623 0.032532
v -0.448102 0.074901 0.032532
v -0.485031 0.051855 0.032532
v -0.450184 0.049217 0.032532
v -0.483088 0.077678 -0.157468
v -0.486420 0.077817 -0.157468
v -0.486420 0.077817 -0.192468
v -0.444909 0.074623 -0.192468
v -0.444909 0.074623 -0.157468
v -0.448102 0.074901 -0.157468
v -0.483088 0.077678 -0.188468
v -0.448102 0.074901 -0.188468
v -0.414226 0.515141 -0.157468
v -0.410894 0.514864 -0.157468
v -0.410894 0.514864 -0.192468
v -0.452406 0.518057 -0.192468
v -0.452406 0.518057 -0.157468
v -0.449074 0.517779 -0.157468
v -0.414226 0.515141 -0.188468
v -0.449074 0.517779 -0.188468
v -0.452406 0.518057 -0.192468
v -0.457542 0.451695 -0.192468
v -0.416031 0.448363 -0.192468
v -0.452406 0.518057 -0.272468
v -0.410894 0.514864 -0.272468
v -0.416031 0.448363 -0.197468
v -0.411172 0.510699 -0.272468
v -0.448657 0.513614 -0.272468
v -0.448657 0.513614 -0.197468
v -0.453377 0.451278 -0.197468
v -0.415337 0.510976 -0.197468
v -0.415337 0.510976 -0.272468
v -0.420196 0.448779 -0.197468
v -0.452822 0.513892 -0.272468
v -0.457542 0.451695 -0.197468
v -0.439772 0.141125 -0.192468
v -0.481283 0.144318 -0.192468
v -0.444909 0.074623 -0.272468
v -0.486420 0.077817 -0.272468
v -0.481283 0.144318 -0.197468
v -0.486003 0.081982 -0.272468
v -0.448657 0.079205 -0.272468
v -0.448657 0.079205 -0.197468
v -0.443937 0.141402 -0.197468
v -0.481838 0.081704 -0.197468
v -0.481838 0.081704 -0.272468
v -0.477118 0.144040 -0.197468
v -0.444492 0.078788 -0.272468
v -0.439772 0.141125 -0.197468
v -0.387848 0.542353 -0.122468
v -0.367162 0.540687 -0.072468
v -0.367162 0.540687 -0.022468
v -0.491695 0.550405 -0.022468
v -0.491695 0.550405 -0.072468
v -0.471009 0.548739 -0.122468
v -0.470593 0.552904 -0.122468
v -0.491418 0.554431 -0.072468
v -0.491418 0.554431 -0.022468
v -0.366884 0.544852 -0.022468
v -0.366884 0.544852 -0.072468
v -0.387570 0.546518 -0.122468
v -0.509327 0.050466 -0.122468
v -0.530152 0.051994 -0.072468
v -0.530152 0.051994 -0.022468
v -0.405619 0.042414 -0.022468
v -0.405619 0.042414 -0.072468
v -0.426305 0.044080 -0.122468
v -0.426583 0.039915 -0.122468
v -0.405896 0.038249 -0.072468
v -0.405896 0.038249 -0.022468
v -0.530430 0.047829 -0.022468
v -0.530430 0.047829 -0.072468
v -0.509744 0.046301 -0.122468
v -0.181035 -0.059535 0.035810
v -0.181035 -0.048173 0.035118
v -0.146139 -0.051021 0.035032
v -0.146139 -0.048173 0.035118
v -0.181035 -0.036927 0.037187
v -0.146139 -0.036927 0.037187
v -0.181035 -0.026259 0.041930
v -0.146139 -0.026259 0.041930
v -0.181035 -0.016604 0.049154
v -0.146139 -0.016604 0.049154
v -0.181035 -0.008358 0.058564
v -0.146139 -0.008358 0.058564
v -0.181035 -0.001858 0.069774
v -0.146139 -0.001858 0.069774
v -0.181035 0.002628 0.082325
v -0.146139 0.002628 0.082325
v -0.181035 0.004918 0.095703
v -0.146139 0.004918 0.095703
v -0.181035 0.004918 0.109361
v -0.146139 0.004918 0.109361
v -0.181035 0.002628 0.122739
v -0.146139 0.002628 0.122739
v -0.181035 -0.001858 0.135290
v -0.146139 -0.001858 0.135290
v -0.181035 -0.008358 0.146499
v -0.146139 -0.008358 0.146499
v -0.146139 -0.059535 0.035810
v -0.146139 -0.070549 0.039234
v -0.181035 -0.070549 0.039234
v -0.146139 -0.080763 0.045248
v -0.181035 -0.080763 0.045248
v -0.146139 -0.089760 0.053608
v -0.181035 -0.089760 0.053608
v -0.146139 -0.097170 0.063971
v -0.181035 -0.097170 0.063971
v -0.146139 -0.102692 0.075913
v -0.181035 -0.102692 0.075913
v -0.146139 -0.106097 0.088944
v -0.181035 -0.106097 0.088944
v -0.146139 -0.107248 0.102532
v -0.181035 -0.107248 0.102532
v -0.146139 -0.106097 0.116119
v -0.181035 -0.106097 0.116119
v -0.146139 -0.102692 0.129151
v -0.181035 -0.102692 0.129151
v -0.146139 -0.097170 0.141092
v -0.181035 -0.097170 0.141092
v -0.146139 -0.089760 0.151455
v -0.181035 -0.089760 0.151455
v -0.181035 -0.080763 0.159815
v -0.181035 -0.070549 0.165830
v -0.181035 -0.059535 0.169253
v -0.181035 -0.017187 0.145411
v -0.181035 -0.088518 0.064295
v -0.181035 -0.094489 0.074866
v -0.181035 -0.098427 0.086731
v -0.181035 -0.100148 0.099334
v -0.181035 -0.099572 0.112087
v -0.181035 -0.096726 0.124393
v -0.181035 -0.091742 0.135677
v -0.181035 -0.084855 0.145411
v -0.181035 -0.076386 0.153140
v -0.181035 -0.066730 0.158503
v -0.181035 -0.056340 0.161248
v -0.181035 -0.010299 0.135677
v -0.181035 -0.005316 0.124393
v -0.181035 -0.002470 0.112087
v -0.181035 -0.001894 0.099334
v -0.181035 -0.003615 0.086731
v -0.181035 -0.007553 0.074866
v -0.181035 -0.013523 0.064295
v -0.181035 -0.021247 0.055512
v -0.181035 -0.030363 0.048928
v -0.181035 -0.040444 0.044850
v -0.181035 -0.051021 0.043469
v -0.181035 -0.061597 0.044850
v -0.181035 -0.071679 0.048928
v -0.181035 -0.080795 0.055512
v -0.193859 -0.051021 0.170032
v -0.193859 -0.056340 0.161248
v -0.193859 -0.059535 0.169253
v -0.193859 -0.066730 0.158503
v -0.193859 -0.070549 0.165830
v -0.193859 -0.076386 0.153140
v -0.193859 -0.080763 0.159815
v -0.193859 -0.084855 0.145411
v -0.193859 -0.089760 0.151455
v -0.193859 -0.091742 0.135677
v -0.193859 -0.097170 0.141092
v -0.193859 -0.096726 0.124393
v -0.193859 -0.102692 0.129151
v -0.193859 -0.099572 0.112087
v -0.193859 -0.106097 0.116119
v -0.193859 -0.100148 0.099334
v -0.193859 -0.107248 0.102532
v -0.193859 -0.098427 0.086731
v -0.193859 -0.106097 0.088944
v -0.193859 -0.094489 0.074866
v -0.193859 -0.102692 0.075913
v -0.193859 -0.088518 0.064295
v -0.193859 -0.017187 0.145411
v -0.193859 -0.048173 0.169945
v -0.193859 -0.097170 0.063971
v -0.193859 -0.089760 0.053608
v -0.193859 -0.080795 0.055512
v -0.193859 -0.080763 0.045248
v -0.193859 -0.071679 0.048928
v -0.193859 -0.070549 0.039234
v -0.193859 -0.061597 0.044850
v -0.193859 -0.059535 0.035810
v -0.193859 -0.051021 0.043469
v -0.193859 -0.048173 0.035118
v -0.193859 -0.040444 0.044850
v -0.193859 -0.036927 0.037187
v -0.193859 -0.030363 0.048928
v -0.193859 -0.026259 0.041930
v -0.193859 -0.021247 0.055512
v -0.193859 -0.016604 0.049154
v -0.193859 -0.013523 0.064295
v -0.193859 -0.008358 0.058564
v -0.193859 -0.007553 0.074866
v -0.193859 -0.001858 0.069774
v -0.193859 -0.003615 0.086731
v -0.193859 0.002628 0.082325
v -0.193859 -0.001894 0.099334
v -0.193859 0.004918 0.095703
v -0.193859 -0.002470 0.112087
v -0.193859 0.004918 0.109361
v -0.193859 -0.005316 0.124393
v -0.193859 0.002628 0.122739
v -0.193859 -0.010299 0.135677
v -0.193859 -0.001858 0.135290
v -0.193859 -0.008358 0.146499
v -0.377297 -0.056441 0.164441
v -0.379796 -0.067045 0.161735
v -0.377297 -0.067045 0.161735
v -0.379796 -0.076948 0.156442
v -0.377297 -0.076948 0.156442
v -0.379796 -0.085718 0.148793
v -0.377297 -0.085718 0.148793
v -0.379796 -0.092972 0.139121
v -0.377297 -0.092972 0.139121
v -0.379796 -0.098392 0.127851
v -0.377297 -0.098392 0.127851
v -0.379796 -0.101742 0.115474
v -0.377297 -0.101742 0.115474
v -0.379796 -0.102875 0.102532
v -0.377297 -0.102875 0.102532
v -0.379796 -0.101742 0.089589
v -0.377297 -0.101742 0.089589
v -0.379796 -0.098392 0.077212
v -0.377297 -0.098392 0.077212
v -0.379796 -0.092972 0.065942
v -0.377297 -0.092972 0.065942
v -0.379796 -0.085718 0.056271
v -0.377297 -0.085718 0.056271
v -0.379796 -0.076948 0.048622
v -0.377297 -0.076948 0.048622
v -0.379796 -0.067045 0.043328
v -0.377297 -0.067045 0.043328
v -0.379796 -0.056441 0.040623
v -0.377297 -0.051021 0.164782
v -0.379796 -0.045601 0.164441
v -0.379796 -0.056441 0.164441
v -0.377297 -0.045601 0.164441
v -0.377297 -0.034997 0.161735
v -0.379796 -0.034997 0.161735
v -0.377297 -0.025094 0.156442
v -0.379796 -0.025094 0.156442
v -0.377297 -0.016324 0.148793
v -0.379796 -0.016324 0.148793
v -0.377297 -0.009070 0.139121
v -0.379796 -0.009070 0.139121
v -0.377297 -0.003650 0.127851
v -0.379796 -0.003650 0.127851
v -0.377297 -0.000300 0.115474
v -0.379796 -0.000300 0.115474
v -0.377297 0.000833 0.102532
v -0.379796 0.000833 0.102532
v -0.377297 -0.000300 0.089589
v -0.379796 -0.000300 0.089589
v -0.377297 -0.003650 0.077212
v -0.379796 -0.003650 0.077212
v -0.377297 -0.009070 0.065942
v -0.379796 -0.009070 0.065942
v -0.377297 -0.016324 0.056271
v -0.379796 -0.016324 0.056271
v -0.377297 -0.025094 0.048622
v -0.379796 -0.025094 0.048622
v -0.377297 -0.034997 0.043328
v -0.379796 -0.034997 0.043328
v -0.377297 -0.045601 0.040623
v -0.379796 -0.045601 0.040623
v -0.377297 -0.051021 0.040282
v -0.377297 -0.056441 0.040623
v -0.423528 -0.055228 0.109981
v -0.423528 -0.046167 0.095672
v -0.423528 -0.056464 0.108721
v -0.423528 -0.047509 0.094580
v -0.423528 -0.049015 0.093860
v -0.423528 -0.053796 0.110893
v -0.423528 -0.052234 0.111413
v -0.423528 -0.050615 0.111519
v -0.423528 -0.049015 0.111204
v -0.423528 -0.047509 0.110483
v -0.423528 -0.045052 0.097085
v -0.423528 -0.044217 0.098753
v -0.423528 -0.050615 0.093545
v -0.423528 -0.052234 0.093650
v -0.423528 -0.053796 0.094171
v -0.423528 -0.057268 0.097557
v -0.423528 -0.057268 0.107507
v -0.423528 -0.056464 0.096342
v -0.423528 -0.055228 0.095083
v -0.423528 -0.046167 0.109391
v -0.423528 -0.045052 0.107978
v -0.423528 -0.044217 0.106311
v -0.423528 -0.043699 0.104466
v -0.423528 -0.043524 0.102532
v -0.423528 -0.043699 0.100597
v -0.302327 -0.107248 0.143032
v -0.302327 -0.107248 0.102532
v -0.302327 -0.106097 0.116119
v -0.302327 -0.102692 0.129151
v -0.302327 -0.097170 0.141092
v -0.302327 -0.096003 0.143032
v -0.386043 -0.057268 0.097557
v -0.386043 -0.057268 0.107507
v -0.386043 -0.057445 0.097892
v -0.379796 -0.056464 0.096342
v -0.379796 -0.057445 0.097892
v -0.379796 -0.058125 0.099658
v -0.386043 -0.058125 0.099658
v -0.379796 -0.058474 0.101559
v -0.386043 -0.058474 0.101559
v -0.379796 -0.058518 0.102532
v -0.386043 -0.058474 0.103505
v -0.379796 -0.057445 0.107172
v -0.386043 -0.058125 0.105405
v -0.379796 -0.058125 0.105405
v -0.379796 -0.058474 0.103505
v -0.379796 -0.055228 0.095083
v -0.379796 -0.053796 0.094171
v -0.379796 -0.052234 0.093650
v -0.379796 -0.050615 0.093545
v -0.379796 -0.049015 0.093860
v -0.379796 -0.047509 0.094580
v -0.379796 -0.046167 0.095672
v -0.379796 -0.045052 0.097085
v -0.379796 -0.044217 0.098753
v -0.379796 -0.043699 0.100597
v -0.379796 -0.043524 0.102532
v -0.379796 -0.043699 0.104466
v -0.379796 -0.044217 0.106311
v -0.379796 -0.045052 0.107978
v -0.379796 -0.046167 0.109391
v -0.379796 -0.047509 0.110483
v -0.379796 -0.049015 0.111204
v -0.379796 -0.050615 0.111519
v -0.379796 -0.052234 0.111413
v -0.379796 -0.053796 0.110893
v -0.379796 -0.055228 0.109981
v -0.379796 -0.056464 0.108721
v -0.386043 -0.057445 0.107172
v -0.302327 -0.096003 0.062032
v -0.302327 -0.107248 0.062032
v -0.371049 -0.096003 0.062032
v -0.371049 -0.107248 0.062032
v -0.371049 -0.107248 0.035032
v -0.371049 -0.051021 0.035032
v -0.377297 -0.051021 0.035032
v -0.371049 0.005207 0.035032
v -0.367795 -0.048708 0.035089
v -0.368156 -0.050010 0.035043
v -0.371049 -0.048173 0.035118
v -0.365772 -0.055994 0.035296
v -0.364615 -0.056691 0.035376
v -0.371049 -0.059535 0.035810
v -0.366753 -0.055065 0.035207
v -0.368230 -0.051359 0.035033
v -0.368011 -0.052692 0.035062
v -0.367511 -0.053947 0.035123
v -0.363334 -0.057122 0.035430
v -0.361991 -0.057268 0.035450
v -0.360648 -0.057122 0.035430
v -0.355753 -0.051359 0.035033
v -0.355826 -0.050010 0.035043
v -0.359368 -0.056691 0.035376
v -0.358210 -0.055994 0.035296
v -0.357230 -0.055065 0.035207
v -0.356472 -0.053947 0.035123
v -0.355971 -0.052692 0.035062
v -0.359996 -0.045100 0.035407
v -0.361316 -0.044810 0.035445
v -0.371049 -0.036927 0.037187
v -0.358770 -0.045668 0.035338
v -0.357695 -0.046485 0.035252
v -0.356187 -0.048708 0.035089
v -0.356439 -0.048156 0.035119
v -0.356820 -0.047515 0.035163
v -0.362667 -0.044810 0.035445
v -0.363986 -0.045100 0.035407
v -0.365212 -0.045668 0.035338
v -0.366288 -0.046485 0.035252
v -0.367162 -0.047515 0.035163
v -0.367543 -0.048156 0.035119
v -0.371049 -0.089760 0.151455
v -0.371049 -0.096003 0.143032
v -0.302327 -0.097170 0.063971
v -0.302327 -0.102692 0.075913
v -0.302327 -0.106097 0.088944
v -0.371049 -0.070549 0.039234
v -0.371049 -0.080763 0.045248
v -0.371049 -0.089760 0.053608
v -0.371049 -0.026259 0.041930
v -0.371049 -0.016604 0.049154
v -0.371049 -0.008358 0.058564
v -0.371049 -0.001858 0.069774
v -0.371049 0.002628 0.082325
v -0.371049 0.004918 0.095703
v -0.371049 0.005207 0.102532
v -0.371049 0.004918 0.109361
v -0.371049 0.002628 0.122739
v -0.371049 -0.001858 0.135290
v -0.371049 -0.008358 0.146499
v -0.371049 -0.016604 0.155909
v -0.371049 -0.026259 0.163134
v -0.371049 -0.036927 0.167877
v -0.371049 -0.048173 0.169945
v -0.371049 -0.051021 0.170032
v -0.371049 -0.059535 0.169253
v -0.371049 -0.070549 0.165830
v -0.371049 -0.080763 0.159815
v -0.127397 -0.049122 0.057590
v -0.127397 -0.051021 0.057532
v -0.127397 -0.056697 0.058051
v -0.127397 -0.064040 0.060333
v -0.127397 -0.070849 0.064343
v -0.127397 -0.076847 0.069916
v -0.127397 -0.081787 0.076825
v -0.127397 -0.085468 0.084786
v -0.127397 -0.087738 0.093473
v -0.127397 -0.088506 0.102532
v -0.127397 -0.087738 0.111590
v -0.127397 -0.085468 0.120278
v -0.127397 -0.081787 0.128239
v -0.127397 -0.076847 0.135147
v -0.127397 -0.070849 0.140721
v -0.127397 -0.064040 0.144731
v -0.127397 -0.056697 0.147013
v -0.127397 -0.051021 0.147532
v -0.127397 -0.049122 0.147474
v -0.127397 -0.041625 0.146095
v -0.127397 -0.034513 0.142933
v -0.127397 -0.028076 0.138117
v -0.127397 -0.022579 0.131844
v -0.127397 -0.018246 0.124370
v -0.127397 -0.015255 0.116003
v -0.127397 -0.013728 0.107084
v -0.127397 -0.013728 0.097979
v -0.127397 -0.015255 0.089060
v -0.127397 -0.018246 0.080693
v -0.127397 -0.022579 0.073220
v -0.127397 -0.028076 0.066947
v -0.127397 -0.034513 0.062131
v -0.127397 -0.041625 0.058968
v -0.371049 -0.098467 0.042849
v -0.371049 -0.099243 0.043342
v -0.371049 -0.094335 0.043662
v -0.371049 -0.095062 0.043070
v -0.371049 -0.100813 0.048934
v -0.371049 -0.100444 0.049891
v -0.371049 -0.099913 0.050730
v -0.371049 -0.099913 0.044025
v -0.371049 -0.100444 0.044864
v -0.371049 -0.100813 0.045821
v -0.371049 -0.099243 0.051412
v -0.371049 -0.098467 0.051906
v -0.371049 -0.097621 0.052188
v -0.371049 -0.096745 0.052245
v -0.371049 -0.095878 0.042680
v -0.371049 -0.096745 0.042510
v -0.371049 -0.097621 0.042567
v -0.371049 -0.101001 0.046850
v -0.371049 -0.101025 0.047377
v -0.371049 -0.101001 0.047904
v -0.371049 -0.094335 0.051093
v -0.371049 -0.095062 0.051685
v -0.371049 -0.095878 0.052075
v -0.371049 -0.093732 0.050328
v -0.371049 -0.093279 0.049424
v -0.371049 -0.092998 0.048425
v -0.371049 -0.092904 0.047377
v -0.371049 -0.092998 0.046329
v -0.371049 -0.093279 0.045330
v -0.371049 -0.093732 0.044427
v -0.371049 0.005207 0.170032
v -0.377297 0.005207 0.102532
v -0.377297 -0.100444 0.155173
v -0.377297 -0.099913 0.154334
v -0.377297 -0.107248 0.102532
v -0.377297 -0.097621 0.162497
v -0.377297 -0.098467 0.162215
v -0.377297 -0.100444 0.160199
v -0.377297 -0.100813 0.159243
v -0.377297 -0.101001 0.158213
v -0.377297 -0.099243 0.153651
v -0.377297 -0.098467 0.153157
v -0.377297 -0.097621 0.152875
v -0.377297 -0.099243 0.161721
v -0.377297 -0.099913 0.161039
v -0.377297 -0.101025 0.157686
v -0.377297 -0.101001 0.157159
v -0.377297 -0.100813 0.156129
v -0.377297 -0.094335 0.153971
v -0.377297 -0.095062 0.153379
v -0.377297 -0.095878 0.152989
v -0.377297 -0.093732 0.154736
v -0.377297 -0.093279 0.155639
v -0.377297 -0.094335 0.161402
v -0.377297 -0.051021 0.170032
v -0.377297 -0.093732 0.160636
v -0.377297 -0.093279 0.159733
v -0.377297 -0.095062 0.161993
v -0.377297 -0.095878 0.162383
v -0.377297 -0.096745 0.162554
v -0.377297 -0.092998 0.156638
v -0.377297 -0.092904 0.157686
v -0.377297 -0.092998 0.158734
v -0.377297 -0.006580 0.153157
v -0.377297 -0.005734 0.152875
v -0.377297 -0.004857 0.162554
v -0.377297 -0.005734 0.162497
v -0.377297 -0.007356 0.161721
v -0.377297 -0.008025 0.161039
v -0.377297 -0.003991 0.152989
v -0.377297 -0.003175 0.153379
v -0.377297 -0.002448 0.153971
v -0.377297 -0.001844 0.154736
v -0.377297 -0.006580 0.162215
v -0.377297 -0.001392 0.155639
v -0.377297 -0.001111 0.156638
v -0.377297 -0.001016 0.157686
v -0.377297 -0.001111 0.158734
v -0.377297 -0.001392 0.159733
v -0.377297 -0.001844 0.160636
v -0.377297 -0.002448 0.161402
v -0.377297 -0.003175 0.161993
v -0.377297 -0.003991 0.162383
v -0.377297 -0.009114 0.157159
v -0.377297 -0.008926 0.156129
v -0.377297 -0.008557 0.155173
v -0.377297 -0.008025 0.154334
v -0.377297 -0.007356 0.153651
v -0.377297 -0.004857 0.152818
v -0.377297 -0.008557 0.160199
v -0.377297 -0.008926 0.159243
v -0.377297 -0.009114 0.158213
v -0.377297 -0.009138 0.157686
v -0.377297 -0.008025 0.044025
v -0.377297 -0.007356 0.043342
v -0.377297 -0.002448 0.043662
v -0.377297 -0.003175 0.043070
v -0.377297 -0.003991 0.042680
v -0.377297 -0.001844 0.044427
v -0.377297 -0.001392 0.045330
v -0.377297 -0.001111 0.046329
v -0.377297 -0.008926 0.048934
v -0.377297 -0.008557 0.049891
v -0.377297 -0.008025 0.050730
v -0.377297 -0.001016 0.047377
v -0.377297 -0.001111 0.048425
v -0.377297 -0.001392 0.049424
v -0.377297 -0.001844 0.050328
v -0.377297 -0.002448 0.051093
v -0.377297 -0.003175 0.051685
v -0.377297 -0.003991 0.052075
v -0.377297 -0.007356 0.051412
v -0.377297 -0.006580 0.051906
v -0.377297 -0.008926 0.045821
v -0.377297 -0.008557 0.044864
v -0.377297 -0.006580 0.042849
v -0.377297 -0.005734 0.042567
v -0.377297 -0.004857 0.042510
v -0.377297 -0.004857 0.052245
v -0.377297 -0.005734 0.052188
v -0.377297 -0.009114 0.047904
v -0.377297 -0.009138 0.047377
v -0.377297 -0.009114 0.046850
v -0.377297 -0.101001 0.046850
v -0.377297 -0.100813 0.045821
v -0.377297 -0.099913 0.050730
v -0.377297 -0.100444 0.049891
v -0.377297 -0.097621 0.042567
v -0.377297 -0.098467 0.042849
v -0.377297 -0.099243 0.043342
v -0.377297 -0.100444 0.044864
v -0.377297 -0.099913 0.044025
v -0.377297 -0.096745 0.152818
v -0.377297 -0.096745 0.042510
v -0.377297 -0.095878 0.042680
v -0.377297 -0.095062 0.043070
v -0.377297 -0.094335 0.043662
v -0.377297 -0.097621 0.052188
v -0.377297 -0.098467 0.051906
v -0.377297 -0.099243 0.051412
v -0.377297 -0.100813 0.048934
v -0.377297 -0.101001 0.047904
v -0.377297 -0.101025 0.047377
v -0.377297 -0.093732 0.044427
v -0.377297 -0.093279 0.045330
v -0.377297 -0.092998 0.046329
v -0.377297 -0.095878 0.052075
v -0.377297 -0.096745 0.052245
v -0.377297 -0.093279 0.049424
v -0.377297 -0.092998 0.048425
v -0.377297 -0.093732 0.050328
v -0.377297 -0.094335 0.051093
v -0.377297 -0.095062 0.051685
v -0.377297 -0.092904 0.047377
v -0.371049 -0.005734 0.162497
v -0.371049 -0.004857 0.162554
v -0.371049 -0.003991 0.162383
v -0.371049 -0.003175 0.161993
v -0.371049 -0.002448 0.161402
v -0.371049 -0.001844 0.160636
v -0.371049 -0.001392 0.159733
v -0.371049 -0.001111 0.158734
v -0.371049 -0.001844 0.154736
v -0.371049 -0.002448 0.153971
v -0.371049 -0.006580 0.153157
v -0.371049 -0.007356 0.153651
v -0.371049 -0.008025 0.154334
v -0.371049 -0.008557 0.155173
v -0.371049 -0.008926 0.156129
v -0.371049 -0.008926 0.159243
v -0.371049 -0.008557 0.160199
v -0.371049 -0.008025 0.161039
v -0.371049 -0.007356 0.161721
v -0.371049 -0.001016 0.157686
v -0.371049 -0.001111 0.156638
v -0.371049 -0.001392 0.155639
v -0.371049 -0.003175 0.153379
v -0.371049 -0.003991 0.152989
v -0.371049 -0.004857 0.152818
v -0.371049 -0.005734 0.152875
v -0.371049 -0.006580 0.162215
v -0.371049 -0.009114 0.157159
v -0.371049 -0.009138 0.157686
v -0.371049 -0.009114 0.158213
v -0.127397 -0.051021 0.102532
v -0.356187 -0.048708 0.072532
v -0.356820 -0.047515 0.072532
v -0.357695 -0.046485 0.072532
v -0.358770 -0.045668 0.072532
v -0.359996 -0.045100 0.072532
v -0.361316 -0.044810 0.072532
v -0.361991 -0.044773 0.072532
v -0.367162 -0.047515 0.072532
v -0.366288 -0.046485 0.072532
v -0.365212 -0.045668 0.072532
v -0.363986 -0.045100 0.072532
v -0.362667 -0.044810 0.072532
v -0.355826 -0.050010 0.072532
v -0.355753 -0.051359 0.072532
v -0.355971 -0.052692 0.072532
v -0.356472 -0.053947 0.072532
v -0.357230 -0.055065 0.072532
v -0.358210 -0.055994 0.072532
v -0.359368 -0.056691 0.072532
v -0.360648 -0.057122 0.072532
v -0.361991 -0.057268 0.072532
v -0.363334 -0.057122 0.072532
v -0.364615 -0.056691 0.072532
v -0.365772 -0.055994 0.072532
v -0.366753 -0.055065 0.072532
v -0.367511 -0.053947 0.072532
v -0.368011 -0.052692 0.072532
v -0.368230 -0.051359 0.072532
v -0.368156 -0.050010 0.072532
v -0.367795 -0.048708 0.072532
v -0.371049 -0.101001 0.158213
v -0.371049 -0.100813 0.159243
v -0.371049 -0.107248 0.170032
v -0.371049 -0.100444 0.160199
v -0.371049 -0.099913 0.161039
v -0.371049 -0.095878 0.152989
v -0.371049 -0.096745 0.152818
v -0.371049 -0.097621 0.152875
v -0.371049 -0.107248 0.143032
v -0.371049 -0.098467 0.153157
v -0.371049 -0.099243 0.153651
v -0.371049 -0.099913 0.154334
v -0.371049 -0.100444 0.155173
v -0.371049 -0.099243 0.161721
v -0.371049 -0.098467 0.162215
v -0.371049 -0.097621 0.162497
v -0.371049 -0.093279 0.159733
v -0.371049 -0.093732 0.160636
v -0.371049 -0.094335 0.161402
v -0.371049 -0.100813 0.156129
v -0.371049 -0.101001 0.157159
v -0.371049 -0.101025 0.157686
v -0.371049 -0.096745 0.162554
v -0.371049 -0.095878 0.162383
v -0.371049 -0.095062 0.161993
v -0.371049 -0.093279 0.155639
v -0.371049 -0.092998 0.156638
v -0.371049 -0.092904 0.157686
v -0.371049 -0.092998 0.158734
v -0.371049 -0.093732 0.154736
v -0.371049 -0.094335 0.153971
v -0.371049 -0.095062 0.153379
v -0.371049 -0.001016 0.047377
v -0.371049 -0.001111 0.048425
v -0.371049 -0.001392 0.049424
v -0.371049 -0.001844 0.050328
v -0.371049 -0.002448 0.051093
v -0.371049 -0.003175 0.051685
v -0.371049 -0.003991 0.052075
v -0.371049 -0.004857 0.052245
v -0.371049 -0.005734 0.052188
v -0.371049 -0.006580 0.051906
v -0.371049 -0.007356 0.051412
v -0.371049 -0.008025 0.050730
v -0.371049 -0.008557 0.049891
v -0.371049 -0.008926 0.048934
v -0.371049 -0.009114 0.047904
v -0.371049 -0.009138 0.047377
v -0.371049 -0.009114 0.046850
v -0.371049 -0.008926 0.045821
v -0.371049 -0.008557 0.044864
v -0.371049 -0.008025 0.044025
v -0.371049 -0.007356 0.043342
v -0.371049 -0.006580 0.042849
v -0.371049 -0.005734 0.042567
v -0.371049 -0.004857 0.042510
v -0.371049 -0.003991 0.042680
v -0.371049 -0.003175 0.043070
v -0.371049 -0.002448 0.043662
v -0.371049 -0.001844 0.044427
v -0.371049 -0.001392 0.045330
v -0.371049 -0.001111 0.046329
v -0.361991 -0.051021 0.072532
v 0.573434 -0.315637 0.112532
v 0.573017 -0.313277 0.117532
v 0.573434 -0.315637 0.122532
v 0.574406 -0.320358 0.122532
v 0.574822 -0.322718 0.117532
v 0.574406 -0.320358 0.112532
v 0.572740 -0.320774 0.112532
v 0.573295 -0.322995 0.117532
v 0.572740 -0.320774 0.122532
v 0.571907 -0.316054 0.122532
v 0.571351 -0.313693 0.117532
v 0.571907 -0.316054 0.112532
v 0.031151 -0.428509 0.112532
v 0.031567 -0.430869 0.117532
v 0.031151 -0.428509 0.122532
v 0.030179 -0.423788 0.122532
v 0.029763 -0.421428 0.117532
v 0.030179 -0.423788 0.112532
v 0.031845 -0.423372 0.112532
v 0.031290 -0.421012 0.117532
v 0.031845 -0.423372 0.122532
v 0.032678 -0.428092 0.122532
v 0.033233 -0.430452 0.117532
v 0.032678 -0.428092 0.112532
v 0.573434 -0.315637 0.072532
v 0.573017 -0.313277 0.077532
v 0.573434 -0.315637 0.082532
v 0.574406 -0.320358 0.082532
v 0.574822 -0.322718 0.077532
v 0.574406 -0.320358 0.072532
v 0.572740 -0.320774 0.072532
v 0.573295 -0.322995 0.077532
v 0.572740 -0.320774 0.082532
v 0.571907 -0.316054 0.082532
v 0.571351 -0.313693 0.077532
v 0.571907 -0.316054 0.072532
v 0.031151 -0.428509 0.072532
v 0.031567 -0.430869 0.077532
v 0.031151 -0.428509 0.082532
v 0.030179 -0.423788 0.082532
v 0.029763 -0.421428 0.077532
v 0.030179 -0.423788 0.072532
v 0.031845 -0.423372 0.072532
v 0.031290 -0.421012 0.077532
v 0.031845 -0.423372 0.082532
v 0.032678 -0.428092 0.082532
v 0.033233 -0.430452 0.077532
v 0.032678 -0.428092 0.072532
v 0.407250 0.083370 0.112532
v 0.405862 0.085314 0.117532
v 0.407250 0.083370 0.122532
v 0.409888 0.079344 0.122532
v 0.411138 0.077400 0.117532
v 0.409888 0.079344 0.112532
v 0.408500 0.078372 0.112532
v 0.409749 0.076428 0.117532
v 0.408500 0.078372 0.122532
v 0.405862 0.082398 0.122532
v 0.404474 0.084481 0.117532
v 0.405862 0.082398 0.112532
v -0.050761 -0.228450 0.112532
v -0.049372 -0.230393 0.117532
v -0.050761 -0.228450 0.122532
v -0.053399 -0.224424 0.122532
v -0.054787 -0.222341 0.117532
v -0.053399 -0.224424 0.112532
v -0.052010 -0.223452 0.112532
v -0.053399 -0.221508 0.117532
v -0.052010 -0.223452 0.122532
v -0.049372 -0.227478 0.122532
v -0.047984 -0.229422 0.117532
v -0.049372 -0.227478 0.112532
v 0.407250 0.083370 0.072532
v 0.405862 0.085314 0.077532
v 0.407250 0.083370 0.082532
v 0.409888 0.079344 0.082532
v 0.411138 0.077400 0.077532
v 0.409888 0.079344 0.072532
v 0.408500 0.078372 0.072532
v 0.409749 0.076428 0.077532
v 0.408500 0.078372 0.082532
v 0.405862 0.082398 0.082532
v 0.404474 0.084481 0.077532
v 0.405862 0.082398 0.072532
v -0.050761 -0.228450 0.072532
v -0.049372 -0.230393 0.077532
v -0.050761 -0.228450 0.082532
v -0.053399 -0.224424 0.082532
v -0.054787 -0.222341 0.077532
v -0.053399 -0.224424 0.072532
v -0.052010 -0.223452 0.072532
v -0.053399 -0.221508 0.077532
v -0.052010 -0.223452 0.082532
v -0.049372 -0.227478 0.082532
v -0.047984 -0.229422 0.077532
v -0.049372 -0.227478 0.072532
v 0.100845 0.388387 0.112532
v 0.098902 0.389636 0.117532
v 0.100845 0.388387 0.122532
v 0.104871 0.385749 0.122532
v 0.106815 0.384361 0.117532
v 0.104871 0.385749 0.112532
v 0.103900 0.384361 0.112532
v 0.105982 0.382972 0.117532
v 0.103900 0.384361 0.122532
v 0.099873 0.386998 0.122532
v 0.097930 0.388248 0.117532
v 0.099873 0.386998 0.112532
v -0.202922 -0.074900 0.112532
v -0.200840 -0.076288 0.117532
v -0.202922 -0.074900 0.122532
v -0.206948 -0.072262 0.122532
v -0.208892 -0.070874 0.117532
v -0.206948 -0.072262 0.112532
v -0.205976 -0.070874 0.112532
v -0.207920 -0.069486 0.117532
v -0.205976 -0.070874 0.122532
v -0.201950 -0.073512 0.122532
v -0.200007 -0.074900 0.117532
v -0.201950 -0.073512 0.112532
v 0.100845 0.388387 0.072532
v 0.098902 0.389636 0.077532
v 0.100845 0.388387 0.082532
v 0.104871 0.385749 0.082532
v 0.106815 0.384361 0.077532
v 0.104871 0.385749 0.072532
v 0.103900 0.384361 0.072532
v 0.105982 0.382972 0.077532
v 0.103900 0.384361 0.082532
v 0.099873 0.386998 0.082532
v 0.097930 0.388248 0.077532
v 0.099873 0.386998 0.072532
v -0.202922 -0.074900 0.072532
v -0.200840 -0.076288 0.077532
v -0.202922 -0.074900 0.082532
v -0.206948 -0.072262 0.082532
v -0.208892 -0.070874 0.077532
v -0.206948 -0.072262 0.072532
v -0.205976 -0.070874 0.072532
v -0.207920 -0.069486 0.077532
v -0.205976 -0.070874 0.082532
v -0.201950 -0.073512 0.082532
v -0.200007 -0.074900 0.077532
v -0.201950 -0.073512 0.072532
v -0.298856 0.552904 0.112532
v -0.301216 0.553321 0.117532
v -0.298856 0.552904 0.122532
v -0.294136 0.551932 0.122532
v -0.291775 0.551516 0.117532
v -0.294136 0.551932 0.112532
v -0.294552 0.550405 0.112532
v -0.292192 0.549850 0.117532
v -0.294552 0.550405 0.122532
v -0.299272 0.551238 0.122532
v -0.301494 0.551794 0.117532
v -0.299272 0.551238 0.112532
v -0.402287 0.008678 0.112532
v -0.399927 0.008261 0.117532
v -0.402287 0.008678 0.122532
v -0.407007 0.009649 0.122532
v -0.409367 0.010066 0.117532
v -0.407007 0.009649 0.112532
v -0.406591 0.011177 0.112532
v -0.408951 0.011732 0.117532
v -0.406591 0.011177 0.122532
v -0.401870 0.010344 0.122532
v -0.399510 0.009788 0.117532
v -0.401870 0.010344 0.112532
v -0.298856 0.552904 0.072532
v -0.301216 0.553321 0.077532
v -0.298856 0.552904 0.082532
v -0.294136 0.551932 0.082532
v -0.291775 0.551516 0.077532
v -0.294136 0.551932 0.072532
v -0.294552 0.550405 0.072532
v -0.292192 0.549850 0.077532
v -0.294552 0.550405 0.082532
v -0.299272 0.551238 0.082532
v -0.301494 0.551794 0.077532
v -0.299272 0.551238 0.072532
v -0.402287 0.008678 0.072532
v -0.399927 0.008261 0.077532
v -0.402287 0.008678 0.082532
v -0.407007 0.009649 0.082532
v -0.409367 0.010066 0.077532
v -0.407007 0.009649 0.072532
v -0.406591 0.011177 0.072532
v -0.408951 0.011732 0.077532
v -0.406591 0.011177 0.082532
v -0.401870 0.010344 0.082532
v -0.399510 0.009788 0.077532
v -0.401870 0.010344 0.072532
v 0.572601 -0.448084 -0.052468
v 0.572462 -0.445724 -0.047468
v 0.572601 -0.448084 -0.042468
v 0.573017 -0.452943 -0.042468
v 0.573156 -0.455303 -0.047468
v 0.573017 -0.452943 -0.052468
v 0.571351 -0.453082 -0.052468
v 0.571629 -0.455442 -0.047468
v 0.571351 -0.453082 -0.042468
v 0.571074 -0.448223 -0.042468
v 0.570796 -0.445863 -0.047468
v 0.571074 -0.448223 -0.052468
v 0.063083 -0.492233 -0.052468
v 0.063221 -0.494593 -0.047468
v 0.063083 -0.492233 -0.042468
v 0.062666 -0.487374 -0.042468
v 0.062527 -0.485014 -0.047468
v 0.062666 -0.487374 -0.052468
v 0.064332 -0.487235 -0.052468
v 0.064193 -0.484875 -0.047468
v 0.064332 -0.487235 -0.042468
v 0.064749 -0.492094 -0.042468
v 0.064887 -0.494454 -0.047468
v 0.064749 -0.492094 -0.052468
v 0.572601 -0.448084 -0.077468
v 0.572462 -0.445724 -0.072468
v 0.572601 -0.448084 -0.067468
v 0.573017 -0.452943 -0.067468
v 0.573156 -0.455303 -0.072468
v 0.573017 -0.452943 -0.077468
v 0.571351 -0.453082 -0.077468
v 0.571629 -0.455442 -0.072468
v 0.571351 -0.453082 -0.067468
v 0.571074 -0.448223 -0.067468
v 0.570796 -0.445863 -0.072468
v 0.571074 -0.448223 -0.077468
v 0.063083 -0.492233 -0.077468
v 0.063221 -0.494593 -0.072468
v 0.063083 -0.492233 -0.067468
v 0.062666 -0.487374 -0.067468
v 0.062527 -0.485014 -0.072468
v 0.062666 -0.487374 -0.077468
v 0.064332 -0.487235 -0.077468
v 0.064193 -0.484875 -0.072468
v 0.064332 -0.487235 -0.067468
v 0.064749 -0.492094 -0.067468
v 0.064887 -0.494454 -0.072468
v 0.064749 -0.492094 -0.077468
v 0.255506 0.237336 -0.052468
v 0.253840 0.239141 -0.047468
v 0.255506 0.237336 -0.042468
v 0.258838 0.234004 -0.042468
v 0.260642 0.232338 -0.047468
v 0.258838 0.234004 -0.052468
v 0.257727 0.232755 -0.052468
v 0.259393 0.231089 -0.047468
v 0.257727 0.232755 -0.042468
v 0.254256 0.236225 -0.042468
v 0.252590 0.237891 -0.047468
v 0.254256 0.236225 -0.052468
v -0.102823 -0.127657 -0.052468
v -0.101018 -0.129323 -0.047468
v -0.102823 -0.127657 -0.042468
v -0.106155 -0.124325 -0.042468
v -0.107821 -0.122520 -0.047468
v -0.106155 -0.124325 -0.052468
v -0.105045 -0.123075 -0.052468
v -0.106711 -0.121409 -0.047468
v -0.105045 -0.123075 -0.042468
v -0.101574 -0.126546 -0.042468
v -0.099908 -0.128212 -0.047468
v -0.101574 -0.126546 -0.052468
v 0.255506 0.237336 -0.077468
v 0.253840 0.239141 -0.072468
v 0.255506 0.237336 -0.067468
v 0.258838 0.234004 -0.067468
v 0.260642 0.232338 -0.072468
v 0.258838 0.234004 -0.077468
v 0.257727 0.232755 -0.077468
v 0.259393 0.231089 -0.072468
v 0.257727 0.232755 -0.067468
v 0.254256 0.236225 -0.067468
v 0.252590 0.237891 -0.072468
v 0.254256 0.236225 -0.077468
v -0.102823 -0.127657 -0.077468
v -0.101018 -0.129323 -0.072468
v -0.102823 -0.127657 -0.067468
v -0.106155 -0.124325 -0.067468
v -0.107821 -0.122520 -0.072468
v -0.106155 -0.124325 -0.077468
v -0.105045 -0.123075 -0.077468
v -0.106711 -0.121409 -0.072468
v -0.105045 -0.123075 -0.067468
v -0.101574 -0.126546 -0.067468
v -0.099908 -0.128212 -0.072468
v -0.101574 -0.126546 -0.077468
v -0.431442 0.551516 -0.052468
v -0.433802 0.551655 -0.047468
v -0.431442 0.551516 -0.042468
v -0.426583 0.551099 -0.042468
v -0.424222 0.550961 -0.047468
v -0.426583 0.551099 -0.052468
v -0.426721 0.549572 -0.052468
v -0.424361 0.549294 -0.047468
v -0.426721 0.549572 -0.042468
v -0.431581 0.549850 -0.042468
v -0.433941 0.550128 -0.047468
v -0.431581 0.549850 -0.052468
v -0.465872 0.041165 -0.052468
v -0.463512 0.041026 -0.047468
v -0.465872 0.041165 -0.042468
v -0.470732 0.041581 -0.042468
v -0.473092 0.041720 -0.047468
v -0.470732 0.041581 -0.052468
v -0.470593 0.043247 -0.052468
v -0.472953 0.043386 -0.047468
v -0.470593 0.043247 -0.042468
v -0.465734 0.042831 -0.042468
v -0.463373 0.042692 -0.047468
v -0.465734 0.042831 -0.052468
v -0.431442 0.551516 -0.077468
v -0.433802 0.551655 -0.072468
v -0.431442 0.551516 -0.067468
v -0.426583 0.551099 -0.067468
v -0.424222 0.550961 -0.072468
v -0.426583 0.551099 -0.077468
v -0.426721 0.549572 -0.077468
v -0.424361 0.549294 -0.072468
v -0.426721 0.549572 -0.067468
v -0.431581 0.549850 -0.067468
v -0.433941 0.550128 -0.072468
v -0.431581 0.549850 -0.077468
v -0.465872 0.041165 -0.077468
v -0.463512 0.041026 -0.072468
v -0.465872 0.041165 -0.067468
v -0.470732 0.041581 -0.067468
v -0.473092 0.041720 -0.072468
v -0.470732 0.041581 -0.077468
v -0.470593 0.043247 -0.077468
v -0.472953 0.043386 -0.072468
v -0.470593 0.043247 -0.067468
v -0.465734 0.042831 -0.067468
v -0.463373 0.042692 -0.072468
v -0.465734 0.042831 -0.077468
v -0.308911 -0.136535 0.083160
v -0.316021 -0.136348 0.073539
v -0.308927 -0.136445 0.083175
v -0.309041 -0.136212 0.083285
v -0.315682 -0.112893 0.094864
v -0.315206 -0.112905 0.093295
v -0.317682 -0.112948 0.091889
v -0.337353 -0.113496 0.062563
v -0.315680 -0.112956 0.094857
v -0.309984 -0.136536 0.084258
v -0.330016 -0.135987 0.055172
v -0.314797 -0.118024 0.092157
v -0.310716 -0.133766 0.085101
v -0.336607 -0.118636 0.061810
v -0.314302 -0.121971 0.090956
v -0.335743 -0.122774 0.060940
v -0.314235 -0.122401 0.090806
v -0.334896 -0.125868 0.060087
v -0.313435 -0.126484 0.089173
v -0.334580 -0.126857 0.059769
v -0.313002 -0.128133 0.088394
v -0.333969 -0.128580 0.059154
v -0.311990 -0.131104 0.086792
v -0.332513 -0.131917 0.057688
v -0.311806 -0.131549 0.086527
v -0.332182 -0.132557 0.057355
v -0.330511 -0.135304 0.055671
v -0.311324 -0.134432 0.085869
v -0.311815 -0.133475 0.086541
v -0.312595 -0.131667 0.087718
v -0.313593 -0.128591 0.089474
v -0.315317 -0.118100 0.093632
v -0.314804 -0.122541 0.092174
v -0.314057 -0.126698 0.090417
v -0.314314 -0.125463 0.090983
v -0.316281 -0.136535 0.097593
v -0.326879 -0.136348 0.095710
v -0.316285 -0.136445 0.097617
v -0.316314 -0.136212 0.097790
v -0.315201 -0.112893 0.111785
v -0.315232 -0.112894 0.111693
v -0.318326 -0.112948 0.111049
v -0.315677 -0.112905 0.110216
v -0.349098 -0.113496 0.103763
v -0.315204 -0.112956 0.111777
v -0.316515 -0.136536 0.099262
v -0.347435 -0.135987 0.092439
v -0.315973 -0.118024 0.109028
v -0.348929 -0.118636 0.102611
v -0.316266 -0.122401 0.107560
v -0.348734 -0.122774 0.101278
v -0.316416 -0.124663 0.106594
v -0.348470 -0.126857 0.099483
v -0.316625 -0.133766 0.100473
v -0.316527 -0.126484 0.105690
v -0.316612 -0.128133 0.104760
v -0.348331 -0.128580 0.098540
v -0.316695 -0.131104 0.102752
v -0.348000 -0.131917 0.096294
v -0.316668 -0.132949 0.101232
v -0.347925 -0.132557 0.095783
v -0.347547 -0.135304 0.093203
v -0.316667 -0.134758 0.101209
v -0.316679 -0.134432 0.101531
v -0.316663 -0.131667 0.103929
v -0.316487 -0.128591 0.106043
v -0.316422 -0.127736 0.106550
v -0.316338 -0.126698 0.107125
v -0.315969 -0.122541 0.109046
v -0.315581 -0.118100 0.110559
v -0.315227 -0.113319 0.111707
v -0.314199 -0.136535 0.114338
v -0.323326 -0.136348 0.121073
v -0.314189 -0.136445 0.114359
v -0.314119 -0.136212 0.114514
v -0.306978 -0.112905 0.123541
v -0.336035 -0.113496 0.144387
v -0.306708 -0.112902 0.123739
v -0.308561 -0.112948 0.126223
v -0.305773 -0.112893 0.124375
v -0.305779 -0.112956 0.124371
v -0.313485 -0.136536 0.115797
v -0.340824 -0.135987 0.134429
v -0.340500 -0.135304 0.135101
v -0.307840 -0.118024 0.122859
v -0.336522 -0.118636 0.143375
v -0.308851 -0.122401 0.121961
v -0.337086 -0.122774 0.142202
v -0.310052 -0.126484 0.120730
v -0.337845 -0.126857 0.140623
v -0.310251 -0.127083 0.120507
v -0.310615 -0.128133 0.120083
v -0.338243 -0.128580 0.139794
v -0.311754 -0.131104 0.118609
v -0.313130 -0.134213 0.116445
v -0.312920 -0.133766 0.116809
v -0.339409 -0.132557 0.137369
v -0.339193 -0.131917 0.137818
v -0.313130 -0.135868 0.116446
v -0.312395 -0.134432 0.117661
v -0.311099 -0.131667 0.119485
v -0.310234 -0.129613 0.120527
v -0.306721 -0.118100 0.123730
v -0.307827 -0.122541 0.122870
v -0.309833 -0.128591 0.120970
v -0.309139 -0.126698 0.121683
v -0.303639 -0.136535 0.125558
v -0.307024 -0.136348 0.137760
v -0.303619 -0.136445 0.125567
v -0.303483 -0.136212 0.125631
v -0.291809 -0.112893 0.126745
v -0.293179 -0.112905 0.127036
v -0.292955 -0.112948 0.130312
v -0.304276 -0.113496 0.165427
v -0.291816 -0.112956 0.126747
v -0.282416 -0.136535 0.083998
v -0.275758 -0.136348 0.073922
v -0.282431 -0.136445 0.083982
v -0.282541 -0.136212 0.083866
v -0.293193 -0.112893 0.078025
v -0.291823 -0.112905 0.078315
v -0.291100 -0.112948 0.075144
v -0.270458 -0.113496 0.046795
v -0.293187 -0.112956 0.078027
v -0.283503 -0.136536 0.082920
v -0.263121 -0.135987 0.054187
v -0.263616 -0.135304 0.053688
v -0.291675 -0.113804 0.078353
v -0.290819 -0.118024 0.078601
v -0.269711 -0.118636 0.047547
v -0.289613 -0.122401 0.079031
v -0.268847 -0.122774 0.048417
v -0.288134 -0.126484 0.079693
v -0.267685 -0.126857 0.049589
v -0.287420 -0.128133 0.080070
v -0.267074 -0.128580 0.050204
v -0.285930 -0.131104 0.080988
v -0.283634 -0.134765 0.082800
v -0.284321 -0.133766 0.082201
v -0.265288 -0.132557 0.052004
v -0.265619 -0.131917 0.051671
v -0.283608 -0.136403 0.082823
v -0.285058 -0.134432 0.081615
v -0.286795 -0.131667 0.080433
v -0.287455 -0.130477 0.080051
v -0.288408 -0.128591 0.079559
v -0.289263 -0.126698 0.079173
v -0.290834 -0.122541 0.078596
v -0.291688 -0.119736 0.078350
v -0.292119 -0.118100 0.078243
v -0.295536 -0.136535 0.077790
v -0.295831 -0.136348 0.064934
v -0.295557 -0.136445 0.077790
v -0.295703 -0.136212 0.077786
v -0.306990 -0.112893 0.081532
v -0.305786 -0.112905 0.080696
v -0.306929 -0.112948 0.077709
v -0.306296 -0.113496 0.040064
v -0.306984 -0.112956 0.081528
v -0.296079 -0.139111 0.077782
v -0.291647 -0.139111 0.078360
v -0.296079 -0.139111 0.102532
v -0.300511 -0.139111 0.078360
v -0.311793 -0.139111 0.086509
v -0.308556 -0.139111 0.082828
v -0.304736 -0.139111 0.080069
v -0.316666 -0.139111 0.101192
v -0.315945 -0.139111 0.095910
v -0.314294 -0.139111 0.090939
v -0.313143 -0.139111 0.116421
v -0.315232 -0.139111 0.111693
v -0.316424 -0.139111 0.106536
v -0.302662 -0.139111 0.125986
v -0.306708 -0.139111 0.123739
v -0.310257 -0.139111 0.120500
v -0.289496 -0.139111 0.125986
v -0.293850 -0.139111 0.127137
v -0.298308 -0.139111 0.127137
v -0.279015 -0.139111 0.116421
v -0.281901 -0.139111 0.120500
v -0.285450 -0.139111 0.123739
v -0.275493 -0.139111 0.101192
v -0.275734 -0.139111 0.106536
v -0.276927 -0.139111 0.111693
v -0.280366 -0.139111 0.086509
v -0.277864 -0.139111 0.090939
v -0.276214 -0.139111 0.095910
v -0.287422 -0.139111 0.080069
v -0.283603 -0.139111 0.082828
v -0.305191 -0.118636 0.165027
v -0.312669 -0.135304 0.161759
v -0.313276 -0.135987 0.161494
v -0.302310 -0.136536 0.126124
v -0.310618 -0.132557 0.162654
v -0.300477 -0.134432 0.126712
v -0.310213 -0.131917 0.162832
v -0.298508 -0.131667 0.127109
v -0.308427 -0.128580 0.163612
v -0.298293 -0.131327 0.127139
v -0.307678 -0.126857 0.163940
v -0.296742 -0.128591 0.127269
v -0.295829 -0.126698 0.127280
v -0.306251 -0.122774 0.164564
v -0.294189 -0.122541 0.127177
v -0.293815 -0.121405 0.127132
v -0.292880 -0.118100 0.126982
v -0.305322 -0.118636 0.040064
v -0.297364 -0.135304 0.040065
v -0.296718 -0.135987 0.040065
v -0.296946 -0.136536 0.077804
v -0.299546 -0.132557 0.040065
v -0.298836 -0.134432 0.078004
v -0.299978 -0.131917 0.040065
v -0.300530 -0.132090 0.078365
v -0.301878 -0.128580 0.040065
v -0.300800 -0.131667 0.078439
v -0.302676 -0.126857 0.040064
v -0.302504 -0.128591 0.079014
v -0.303365 -0.126698 0.079379
v -0.304194 -0.122774 0.040064
v -0.304751 -0.122942 0.080078
v -0.304877 -0.122541 0.080149
v -0.306051 -0.118100 0.080869
v -0.308556 -0.111622 0.082828
v -0.304736 -0.111622 0.080069
v -0.300511 -0.111622 0.078360
v -0.301473 -0.128133 0.078644
v -0.302221 -0.126484 0.078906
v -0.303709 -0.122401 0.079539
v -0.304752 -0.118517 0.080078
v -0.304863 -0.118024 0.080140
v -0.296103 -0.135827 0.077782
v -0.297958 -0.133766 0.077885
v -0.296079 -0.111622 0.077782
v -0.299840 -0.131104 0.078197
v -0.300546 -0.129909 0.078370
v -0.296079 -0.136535 0.077782
v -0.287422 -0.111622 0.080069
v -0.291647 -0.111622 0.078360
v -0.283603 -0.111622 0.082828
v -0.280399 -0.115685 0.086462
v -0.280366 -0.111622 0.086509
v -0.280747 -0.112893 0.085986
v -0.280742 -0.112956 0.085992
v -0.278542 -0.122401 0.089518
v -0.279236 -0.118024 0.088259
v -0.277864 -0.111622 0.090939
v -0.279852 -0.112905 0.087264
v -0.280366 -0.112898 0.086509
v -0.276769 -0.131104 0.093860
v -0.277419 -0.128133 0.092007
v -0.276214 -0.111622 0.095910
v -0.277764 -0.126484 0.091168
v -0.277875 -0.125937 0.090913
v -0.275688 -0.136535 0.098878
v -0.275944 -0.136536 0.097213
v -0.276221 -0.135320 0.095879
v -0.275691 -0.136445 0.098853
v -0.275714 -0.136212 0.098679
v -0.275493 -0.111622 0.101192
v -0.276186 -0.133766 0.096031
v -0.276216 -0.133626 0.095901
v -0.276437 -0.134432 0.095014
v -0.277135 -0.131667 0.092768
v -0.280040 -0.118100 0.086981
v -0.279245 -0.122541 0.088243
v -0.278351 -0.126698 0.089898
v -0.277902 -0.128591 0.090853
v -0.277867 -0.128735 0.090932
v -0.275474 -0.112956 0.101696
v -0.275677 -0.122401 0.106095
v -0.275534 -0.118024 0.104595
v -0.275734 -0.111622 0.106536
v -0.275474 -0.112905 0.103358
v -0.275474 -0.112893 0.101688
v -0.275734 -0.126698 0.106534
v -0.275533 -0.122541 0.104576
v -0.275466 -0.118100 0.102996
v -0.276644 -0.131104 0.110790
v -0.276150 -0.128133 0.108868
v -0.276927 -0.111622 0.111693
v -0.275964 -0.126484 0.107959
v -0.275729 -0.123374 0.106495
v -0.277007 -0.134432 0.111930
v -0.277807 -0.136536 0.113995
v -0.278502 -0.136535 0.115467
v -0.278492 -0.136445 0.115446
v -0.279015 -0.111622 0.116421
v -0.278416 -0.136212 0.115296
v -0.277360 -0.133766 0.112902
v -0.276913 -0.132256 0.111652
v -0.275901 -0.128591 0.107611
v -0.276339 -0.131667 0.109671
v -0.276921 -0.134148 0.111676
v -0.279843 -0.112893 0.117785
v -0.280737 -0.112905 0.119065
v -0.281901 -0.111622 0.120500
v -0.279848 -0.112956 0.117792
v -0.285437 -0.130778 0.123730
v -0.284205 -0.128133 0.122765
v -0.285450 -0.111622 0.123739
v -0.283576 -0.126484 0.122211
v -0.282359 -0.122401 0.121005
v -0.281868 -0.120252 0.120463
v -0.281446 -0.118024 0.119966
v -0.289383 -0.136212 0.125940
v -0.287292 -0.133766 0.124921
v -0.285612 -0.131104 0.123855
v -0.289496 -0.136378 0.125986
v -0.289496 -0.111622 0.125986
v -0.289541 -0.136535 0.126004
v -0.280537 -0.118100 0.118793
v -0.281435 -0.122541 0.119953
v -0.281868 -0.124210 0.120462
v -0.282637 -0.126698 0.121297
v -0.285419 -0.132789 0.123717
v -0.284780 -0.131667 0.123233
v -0.283342 -0.128591 0.121993
v -0.297817 -0.128133 0.127194
v -0.297039 -0.126484 0.127255
v -0.298308 -0.111622 0.127137
v -0.295460 -0.122401 0.127271
v -0.294204 -0.118024 0.127179
v -0.293804 -0.116268 0.127131
v -0.293850 -0.111622 0.127137
v -0.302662 -0.111622 0.125986
v -0.299479 -0.131104 0.126943
v -0.298278 -0.129026 0.127141
v -0.302662 -0.136535 0.125986
v -0.302624 -0.135304 0.126001
v -0.301336 -0.133766 0.126464
v -0.286501 -0.134432 0.124449
v -0.288220 -0.136536 0.125413
v -0.310257 -0.111622 0.120500
v -0.306708 -0.111622 0.123739
v -0.313143 -0.111622 0.116421
v -0.315232 -0.111622 0.111693
v -0.316424 -0.111622 0.106536
v -0.316666 -0.111622 0.101192
v -0.315945 -0.111622 0.095910
v -0.314294 -0.111622 0.090939
v -0.311793 -0.111622 0.086509
v -0.296079 -0.111622 0.102532
v -0.244945 -0.135987 0.090930
v -0.245058 -0.135304 0.090166
v -0.245437 -0.132557 0.087586
v -0.245512 -0.131917 0.087076
v -0.245980 -0.126857 0.083886
v -0.245842 -0.128580 0.084829
v -0.246243 -0.122774 0.082091
v -0.246439 -0.118636 0.080758
v -0.246608 -0.113496 0.079606
v -0.277600 -0.112948 0.085394
v -0.265193 -0.136348 0.096296
v -0.250373 -0.135304 0.132429
v -0.250696 -0.135987 0.133102
v -0.249283 -0.132557 0.130160
v -0.249067 -0.131917 0.129712
v -0.248116 -0.128580 0.127736
v -0.247717 -0.126857 0.126908
v -0.272747 -0.112948 0.103663
v -0.246958 -0.122774 0.125329
v -0.246394 -0.118636 0.124157
v -0.245907 -0.113496 0.123144
v -0.269080 -0.136348 0.121588
v -0.274619 -0.131917 0.159630
v -0.275025 -0.132557 0.159807
v -0.277075 -0.135304 0.160704
v -0.277682 -0.135987 0.160970
v -0.272083 -0.126857 0.158524
v -0.272833 -0.128580 0.158851
v -0.274006 -0.130874 0.159363
v -0.278811 -0.112948 0.121402
v -0.270657 -0.122774 0.157901
v -0.269597 -0.118636 0.157438
v -0.268682 -0.113496 0.157037
v -0.285601 -0.136348 0.137964
vn -0.0000 -0.0000 1.0000
vn -0.0000 -0.0000 -1.0000
vn 0.9936 0.1129 -0.0000
vn 0.9475 0.3197 -0.0000
vn 0.8702 0.4927 -0.0000
vn 0.7665 0.6422 -0.0000
vn 0.6422 0.7665 -0.0000
vn 0.4927 0.8702 -0.0000
vn 0.3197 0.9475 -0.0000
vn 0.1129 0.9936 -0.0000
vn -1.0000 -0.0000 -0.0000
vn -0.9936 -0.1127 -0.0000
vn -0.9475 -0.3198 -0.0000
vn -0.8698 -0.4933 -0.0000
vn -0.7673 -0.6412 -0.0000
vn -0.6412 -0.7673 -0.0000
vn -0.4933 -0.8698 -0.0000
vn -0.3198 -0.9475 -0.0000
vn -0.1127 -0.9936 -0.0000
vn -0.0000 -1.0000 -0.0000
vn 1.0000 -0.0000 -0.0000
vn -0.0000 1.0000 -0.0000
vn -0.0000 -1.0000 0.0001
vn -0.0000 -1.0000 -0.0001
vn 0.1295 -0.0000 -0.9916
vn 0.3750 -0.0000 -0.9270
vn 0.5855 -0.0000 -0.8107
vn 0.7510 -0.0000 -0.6604
vn 0.7509 -0.0000 -0.6604
vn 0.8707 -0.0000 -0.4918
vn 0.9491 -0.0000 -0.3150
vn 0.9908 -0.0000 -0.1353
vn 0.9990 -0.0000 0.0451
vn 0.9743 -0.0000 0.2253
vn 0.9743 -0.0000 0.2254
vn 0.9148 -0.0000 0.4039
vn 0.8163 -0.0000 0.5776
vn 0.6741 -0.0000 0.7387
vn 0.4855 -0.0000 0.8742
vn 0.4856 -0.0000 0.8742
vn 0.2555 -0.0000 0.9668
vn -0.2555 -0.0000 0.9668
vn -0.4856 -0.0000 0.8742
vn -0.4855 -0.0000 0.8742
vn -0.6741 -0.0000 0.7387
vn -0.6740 -0.0000 0.7387
vn -0.8164 -0.0000 0.5775
vn -0.9148 -0.0000 0.4040
vn -0.9743 -0.0000 0.2254
vn -0.9990 -0.0000 0.0451
vn -0.9908 -0.0000 -0.1353
vn -0.9491 -0.0000 -0.3150
vn -0.8707 -0.0000 -0.4918
vn -0.7509 -0.0000 -0.6604
vn -0.5855 -0.0000 -0.8107
vn -0.3750 -0.0000 -0.9270
vn -0.1295 -0.0000 -0.9916
vn 0.8660 -0.5000 -0.0000
vn -0.8660 0.5000 -0.0000
vn -0.0000 -0.9956 -0.0933
vn -0.0000 -0.9653 -0.2611
vn -0.0000 -0.9042 -0.4271
vn -0.0000 -0.8087 -0.5882
vn -0.0000 -0.6750 -0.7379
vn -0.0000 -0.5009 -0.8655
vn -0.0000 -0.2901 -0.9570
vn -0.0000 -0.0544 -0.9985
vn -0.0000 0.1861 -0.9825
vn -0.0000 0.4102 -0.9120
vn -0.0000 0.6017 -0.7988
vn -0.2150 -0.9766 -0.0000
vn -0.0542 -0.9985 -0.0000
vn -0.0000 -1.0000 0.0018
vn 0.0542 -0.9985 -0.0000
vn 0.2150 -0.9766 -0.0000
vn 0.2149 -0.9766 -0.0000
vn 0.4199 -0.9076 -0.0000
vn 0.6052 -0.7961 -0.0000
vn 0.7621 -0.6475 -0.0000
vn 0.7622 -0.6473 -0.0000
vn 0.8835 -0.4684 -0.0000
vn 0.8835 -0.4685 -0.0000
vn 0.9636 -0.2675 -0.0000
vn 0.9635 -0.2675 -0.0000
vn 0.9985 -0.0541 -0.0000
vn 0.9985 -0.0542 -0.0000
vn 0.9868 0.1618 -0.0000
vn 0.9289 0.3702 -0.0000
vn 0.9290 0.3701 -0.0000
vn 0.8277 0.5612 -0.0000
vn 0.6877 0.7260 -0.0000
vn 0.5155 0.8569 -0.0000
vn 0.3193 0.9477 -0.0000
vn 0.1081 0.9941 -0.0000
vn -0.1081 0.9941 -0.0000
vn -0.3193 0.9476 -0.0000
vn -0.3193 0.9477 -0.0000
vn -0.5155 0.8569 -0.0000
vn -0.5156 0.8568 -0.0000
vn -0.6877 0.7260 -0.0000
vn -0.8277 0.5612 -0.0000
vn -0.9290 0.3701 -0.0000
vn -0.9290 0.3702 -0.0000
vn -0.9868 0.1619 -0.0000
vn -0.9868 0.1618 -0.0000
vn -0.9985 -0.0542 -0.0000
vn -0.9985 -0.0541 -0.0000
vn -0.9635 -0.2675 -0.0000
vn -0.9636 -0.2675 -0.0000
vn -0.8835 -0.4685 -0.0000
vn -0.8835 -0.4684 -0.0000
vn -0.7621 -0.6474 -0.0000
vn -0.7621 -0.6475 -0.0000
vn -0.6052 -0.7961 -0.0000
vn -0.4199 -0.9076 -0.0000
vn 0.1294 -0.0000 -0.9916
vn 0.5855 -0.0000 -0.8106
vn -0.8707 -0.0000 -0.4917
vn -0.5855 -0.0000 -0.8106
vn -0.1294 -0.0000 -0.9916
vn -0.0000 -0.3886 0.9214
vn -0.0000 -0.1860 0.9825
vn -0.0000 -0.1861 0.9825
vn -0.0000 0.0300 0.9995
vn -0.0000 0.2438 0.9698
vn -0.0000 0.4404 0.8978
vn -0.0000 0.6093 0.7930
vn -0.0000 0.7460 0.6660
vn -0.0000 0.8505 0.5259
vn -0.0000 0.9253 0.3791
vn -0.0000 0.9733 0.2294
vn 0.8660 0.5000 -0.0000
vn -0.8660 -0.5000 -0.0000
vn 0.0001 -0.0000 1.0000
vn 0.5156 0.8569 -0.0000
vn 0.9290 0.3702 -0.0000
vn 0.9635 -0.2676 -0.0000
vn 0.7621 -0.6474 -0.0000
vn 0.7622 -0.6474 -0.0000
vn -0.7622 -0.6474 -0.0000
vn -0.5156 0.8569 -0.0000
vn 0.9148 -0.0000 0.4040
vn 0.6741 -0.0000 0.7386
vn -0.6741 -0.0000 0.7386
vn -0.8163 -0.0000 0.5776
vn -0.0000 0.5772 0.8166
vn -0.0000 0.3834 0.9236
vn -0.0000 0.1594 0.9872
vn -0.0000 -0.0785 0.9969
vn -0.0000 -0.3094 0.9509
vn -0.0000 -0.5149 0.8573
vn -0.0000 -0.6840 0.7295
vn -0.0000 -0.8139 0.5810
vn -0.0000 -0.9067 0.4218
vn -0.0000 -0.9662 0.2579
vn -0.0000 -0.9957 0.0924
vn 0.5856 -0.0000 -0.8106
vn -0.0001 -0.0000 1.0000
vn -0.0001 -0.0000 -1.0000
vn 0.0001 -0.0000 -1.0000
vn -0.0000 0.9711 -0.2385
vn -0.0000 0.9165 -0.4001
vn -0.0000 0.8301 -0.5577
vn -0.0000 0.7082 -0.7060
vn -0.0000 0.5485 -0.8361
vn -0.0000 0.3526 -0.9358
vn -0.0000 0.1292 -0.9916
vn -0.0000 -0.1051 -0.9945
vn -0.0000 -0.3305 -0.9438
vn 0.8277 0.5611 -0.0000
vn 0.3193 0.9476 -0.0000
vn -0.8277 0.5611 -0.0000
vn -0.9635 -0.2676 -0.0000
vn -0.0000 1.0000 -0.0001
vn -0.9148 -0.0000 0.4039
vn -0.7510 -0.0000 -0.6604
vn -0.0000 -0.3305 0.9438
vn -0.0000 -0.1051 0.9945
vn -0.0000 0.1292 0.9916
vn -0.0000 0.3526 0.9358
vn -0.0000 0.9165 0.4001
vn -0.0000 0.9711 0.2385
vn 0.5156 0.8568 -0.0000
vn -0.9289 0.3702 -0.0000
vn -0.0000 -0.9957 -0.0924
vn -0.0000 -0.9662 -0.2579
vn -0.0000 -0.9067 -0.4218
vn -0.0000 -0.8139 -0.5810
vn -0.0000 -0.6840 -0.7295
vn -0.0000 -0.3094 -0.9509
vn -0.0000 -0.0785 -0.9969
vn -0.0000 0.1594 -0.9872
vn -0.0000 0.3834 -0.9236
vn -0.0000 0.5772 -0.8166
vn 0.2554 -0.0000 0.9668
vn -0.2554 -0.0000 0.9668
vn 0.4855 -0.0000 0.8743
vn -0.4855 -0.0000 0.8743
vn -0.0000 0.9733 -0.2294
vn -0.0000 0.9253 -0.3791
vn -0.0000 0.8505 -0.5259
vn -0.0000 0.7460 -0.6660
vn -0.0000 0.6093 -0.7930
vn -0.0000 0.4404 -0.8978
vn -0.0000 0.2438 -0.9698
vn -0.0000 0.0300 -0.9995
vn -0.0000 -0.1861 -0.9825
vn -0.0000 -0.1860 -0.9825
vn -0.0000 -0.3886 -0.9214
vn -0.6876 0.7260 -0.0000
vn -0.0000 0.6017 0.7988
vn -0.0000 0.4102 0.9120
vn -0.0000 0.1861 0.9825
vn -0.0000 -0.0544 0.9985
vn -0.0000 -0.2901 0.9570
vn -0.0000 -0.5009 0.8655
vn -0.0000 -0.6750 0.7379
vn -0.0000 -0.8087 0.5882
vn -0.0000 -0.9042 0.4271
vn -0.0000 -0.9653 0.2611
vn -0.0000 -0.9956 0.0933
vn -0.8836 -0.4683 -0.0000
vn 0.8255 -0.0000 0.5644
vn 0.9135 -0.0000 0.4068
vn 0.9695 -0.0000 0.2450
vn 0.9967 -0.0000 0.0818
vn 0.9967 -0.0000 -0.0818
vn 0.9695 -0.0000 -0.2450
vn 0.9135 -0.0000 -0.4068
vn 0.8255 -0.0000 -0.5644
vn 0.7683 -0.0000 -0.6400
vn -0.7683 -0.0000 0.6400
vn -0.7018 -0.0000 0.7123
vn -0.5401 -0.0000 0.8416
vn -0.3422 -0.0000 0.9396
vn -0.1174 -0.0000 0.9931
vn 0.1174 -0.0000 0.9931
vn 0.3422 -0.0000 0.9396
vn 0.5401 -0.0000 0.8416
vn 0.7018 -0.0000 0.7123
vn 0.7683 -0.0000 0.6400
vn -0.7683 -0.0000 -0.6400
vn -0.8255 -0.0000 -0.5643
vn -0.9135 -0.0000 -0.4068
vn -0.9695 -0.0000 -0.2450
vn -0.9967 -0.0000 -0.0818
vn -0.9967 -0.0000 0.0818
vn -0.9695 -0.0000 0.2450
vn -0.9135 -0.0000 0.4067
vn -0.8255 -0.0000 0.5644
vn 0.7683 0.0001 -0.6400
vn 0.7018 -0.0000 -0.7124
vn 0.5400 -0.0000 -0.8416
vn 0.5401 -0.0000 -0.8416
vn 0.3422 -0.0000 -0.9396
vn 0.1174 -0.0000 -0.9931
vn -0.1174 -0.0000 -0.9931
vn -0.3422 -0.0000 -0.9396
vn -0.5401 -0.0000 -0.8416
vn -0.7018 -0.0000 -0.7124
vn 0.1294 -0.0000 0.9916
vn 0.1295 -0.0000 0.9916
vn 0.3750 -0.0000 0.9270
vn 0.5855 -0.0000 0.8106
vn 0.5856 -0.0000 0.8106
vn 0.7509 -0.0000 0.6604
vn 0.8707 -0.0000 0.4918
vn 0.9491 -0.0000 0.3150
vn 0.9908 -0.0000 0.1353
vn 0.9990 -0.0000 -0.0451
vn 0.9743 -0.0000 -0.2253
vn 0.9148 -0.0000 -0.4040
vn 0.9147 -0.0000 -0.4040
vn 0.8163 -0.0000 -0.5776
vn 0.8164 -0.0000 -0.5776
vn 0.6741 -0.0000 -0.7387
vn 0.4856 -0.0000 -0.8742
vn 0.2554 -0.0000 -0.9668
vn 0.0649 -0.0000 -0.9979
vn -0.0649 -0.0000 -0.9979
vn -0.2554 -0.0000 -0.9668
vn -0.4856 -0.0000 -0.8742
vn -0.6741 -0.0000 -0.7387
vn -0.6740 -0.0000 -0.7387
vn -0.8164 -0.0000 -0.5776
vn -0.8163 -0.0000 -0.5776
vn -0.9148 -0.0000 -0.4040
vn -0.9743 -0.0000 -0.2254
vn -0.9990 -0.0000 -0.0451
vn -0.9908 -0.0000 0.1353
vn -0.9491 -0.0000 0.3150
vn -0.8707 -0.0000 0.4918
vn -0.7509 -0.0000 0.6604
vn -0.5855 -0.0000 0.8106
vn -0.5855 -0.0000 0.8107
vn -0.3750 -0.0000 0.9270
vn -0.1295 -0.0000 0.9916
vn -0.1294 -0.0000 0.9916
vn -0.0000 1.0000 0.0001
vn 0.6741 -0.0000 -0.7386
vn 0.4855 -0.0000 -0.8742
vn 0.2555 -0.0000 -0.9668
vn 0.0651 -0.0000 -0.9979
vn -0.0651 -0.0000 -0.9979
vn -0.2555 -0.0000 -0.9668
vn -0.4855 -0.0000 -0.8742
vn -0.6741 -0.0000 -0.7386
vn -0.8707 -0.0000 0.4917
vn 0.5855 -0.0000 0.8107
vn 0.9743 -0.0000 -0.2254
vn 0.0648 -0.0000 -0.9979
vn -0.0648 -0.0000 -0.9979
vn -0.8164 -0.0000 -0.5775
vn -0.9147 -0.0000 -0.4041
vn -0.9147 -0.0000 -0.4040
vn -0.9743 -0.0000 -0.2253
vn -0.5856 -0.0000 0.8106
vn 0.6052 -0.0000 0.7961
vn 0.8734 -0.0000 -0.4870
vn -0.6469 -0.0000 -0.7626
vn -0.8950 -0.0000 0.4461
vn -0.9257 0.0073 0.3782
vn -0.4579 0.0116 -0.8889
vn -0.5053 -0.0000 -0.8629
vn -0.6412 -0.0000 -0.7674
vn 0.9555 0.0081 -0.2948
vn 0.9346 -0.0000 -0.3557
vn 0.8875 -0.0000 -0.4608
vn 0.5545 -0.0000 0.8322
vn 0.4558 -0.0000 0.8901
vn 0.3525 0.0010 0.9358
vn 0.3501 -0.0000 0.9367
vn 0.5141 0.0198 0.8575
vn 0.7177 -0.0000 0.6964
vn 0.8404 -0.0000 0.5419
vn 0.9257 -0.0000 0.3782
vn 0.9775 -0.0000 0.2108
vn 0.9980 -0.0000 0.0634
vn 0.9991 -0.0067 0.0422
vn 0.9623 -0.0000 -0.2720
vn 0.9920 -0.0000 -0.1266
vn 0.9998 -0.0000 -0.0210
vn 0.9140 0.0282 -0.4047
vn 0.7840 -0.0000 -0.6208
vn 0.6412 -0.0000 -0.7674
vn 0.4580 -0.0000 -0.8890
vn 0.2395 -0.0000 -0.9709
vn 0.0608 -0.0000 -0.9982
vn -0.0000 -0.0106 -0.9999
vn -0.4040 -0.0000 -0.9148
vn -0.2395 -0.0000 -0.9709
vn -0.0608 -0.0000 -0.9982
vn -0.5604 0.0425 -0.8271
vn -0.7840 -0.0000 -0.6208
vn -0.8875 -0.0000 -0.4608
vn -0.9556 -0.0000 -0.2948
vn -0.9920 -0.0000 -0.1266
vn -0.9998 -0.0000 -0.0210
vn -0.9991 -0.0067 0.0422
vn -0.9494 -0.0000 0.3139
vn -0.9775 -0.0000 0.2108
vn -0.9980 -0.0000 0.0634
vn -0.9240 0.0057 0.3823
vn -0.8404 -0.0000 0.5419
vn -0.7177 -0.0000 0.6964
vn -0.5545 -0.0000 0.8322
vn -0.3525 -0.0000 0.9358
vn -0.1212 -0.0000 0.9926
vn 0.1212 -0.0000 0.9926
vn -0.4801 -0.0000 0.8772
vn -0.6400 -0.0000 0.7684
vn -0.8658 -0.0000 0.5004
vn -0.9349 -0.0000 0.3550
vn -0.9349 -0.0000 -0.3550
vn -0.8658 -0.0000 -0.5004
vn -0.6400 -0.0000 -0.7684
vn -0.4801 -0.0000 -0.8772
vn 0.4801 -0.0000 -0.8772
vn 0.6400 -0.0000 -0.7684
vn 0.8658 -0.0000 -0.5004
vn 0.9349 -0.0000 -0.3550
vn 0.9349 -0.0000 0.3550
vn 0.8658 -0.0000 0.5004
vn 0.6400 -0.0000 0.7684
vn 0.4801 -0.0000 0.8772
vn 0.5400 -0.0000 0.8417
vn 0.8255 -0.0000 0.5643
vn 0.5400 -0.0000 0.8416
vn 0.8255 -0.0000 -0.5643
vn -0.5400 -0.0000 0.8416
vn -0.7018 -0.0000 0.7124
vn -0.8255 -0.0000 0.5643
vn -0.9135 -0.0000 0.4068
vn -1.0000 -0.0001 -0.0000
vn -1.0000 -0.0002 -0.0000
vn -1.0000 0.0001 -0.0000
vn -0.0000 -0.7139 0.7002
vn -0.0000 -0.8163 0.5776
vn -0.0000 -0.1295 -0.9916
vn -0.0000 -0.3750 -0.9270
vn -0.0000 -0.5855 -0.8107
vn -0.0000 -0.7510 -0.6603
vn -0.0000 -0.8707 -0.4918
vn -0.0000 -0.9491 -0.3150
vn -0.0000 -0.9908 -0.1353
vn -0.0000 -0.9990 0.0451
vn -0.0000 -0.9743 0.2253
vn -0.0000 -0.9148 0.4040
vn -0.0000 -0.6741 0.7387
vn -0.0000 -0.4855 0.8742
vn -0.0000 -0.2555 0.9668
vn -0.0000 0.2555 0.9668
vn -0.0000 0.4855 0.8742
vn -0.0000 0.6741 0.7387
vn -0.0000 0.8163 0.5776
vn -0.0000 0.9148 0.4040
vn -0.0000 0.9743 0.2253
vn -0.0000 0.9990 0.0451
vn -0.0000 0.9908 -0.1353
vn -0.0000 0.9491 -0.3150
vn -0.0000 0.8707 -0.4918
vn -0.0000 0.7509 -0.6604
vn -0.0000 0.5855 -0.8106
vn -0.0000 0.3750 -0.9270
vn -0.0000 0.1295 -0.9916
vn -0.0000 0.7139 0.7002
vn -0.0000 -0.1294 -0.9916
vn -0.0000 -0.5855 -0.8106
vn -0.0000 -0.7510 -0.6604
vn -0.0000 -0.9743 0.2254
vn -0.0000 0.7510 -0.6603
vn -0.0000 0.5855 -0.8107
vn -0.0000 -0.8163 -0.5776
vn -0.0000 -0.7139 -0.7002
vn -0.0000 -0.1295 0.9916
vn -0.0000 -0.3750 0.9270
vn -0.0000 -0.5855 0.8106
vn -0.0000 -0.5855 0.8107
vn -0.0000 -0.7509 0.6604
vn -0.0000 -0.8707 0.4918
vn -0.0000 -0.9491 0.3150
vn -0.0000 -0.9908 0.1353
vn -0.0000 -0.9990 -0.0451
vn -0.0000 -0.9743 -0.2253
vn -0.0000 -0.9148 -0.4040
vn -0.0000 -0.6741 -0.7387
vn -0.0000 -0.4855 -0.8742
vn -0.0000 -0.2555 -0.9668
vn -0.0000 0.2555 -0.9668
vn -0.0000 0.4855 -0.8742
vn -0.0000 0.4856 -0.8742
vn -0.0000 0.6741 -0.7387
vn -0.0000 0.8163 -0.5776
vn -0.0000 0.9148 -0.4040
vn -0.0000 0.9743 -0.2253
vn -0.0000 0.9990 -0.0451
vn -0.0000 0.9908 0.1353
vn -0.0000 0.9491 0.3150
vn -0.0000 0.8707 0.4918
vn -0.0000 0.7509 0.6604
vn -0.0000 0.5855 0.8107
vn -0.0000 0.3750 0.9270
vn -0.0000 0.1295 0.9916
vn 1.0000 0.0001 -0.0000
vn 1.0000 -0.0001 -0.0000
vn 1.0000 -0.0003 -0.0000
vn 1.0000 0.0003 -0.0000
vn -0.0000 0.7139 -0.7002
vn -0.9936 -0.1129 -0.0000
vn -0.9475 -0.3197 -0.0000
vn -0.8702 -0.4927 -0.0000
vn -0.7665 -0.6422 -0.0000
vn -0.6422 -0.7665 -0.0000
vn -0.4927 -0.8702 -0.0000
vn -0.3197 -0.9475 -0.0000
vn -0.1129 -0.9936 -0.0000
vn 0.9936 0.1132 -0.0000
vn 0.9476 0.3195 -0.0000
vn 0.8698 0.4933 -0.0000
vn 0.7675 0.6411 -0.0000
vn 0.6411 0.7675 -0.0000
vn 0.4933 0.8698 -0.0000
vn 0.3195 0.9476 -0.0000
vn 0.1132 0.9936 -0.0000
vn 0.7644 0.0871 0.6388
vn 0.7654 0.0872 0.6376
vn 0.7308 0.2462 0.6367
vn 0.7288 0.2457 0.6391
vn 0.6713 0.3807 0.6360
vn 0.6711 0.3806 0.6362
vn 0.5891 0.4925 0.6407
vn 0.5928 0.4952 0.6352
vn 0.4954 0.5926 0.6351
vn 0.4922 0.5893 0.6407
vn 0.3806 0.6711 0.6362
vn 0.3807 0.6713 0.6360
vn 0.2456 0.7289 0.6391
vn 0.2464 0.7307 0.6367
vn 0.0872 0.7654 0.6376
vn 0.0871 0.7645 0.6388
vn 0.9936 0.1127 -0.0000
vn 0.9475 0.3198 -0.0000
vn 0.7673 0.6412 -0.0000
vn 0.6412 0.7673 -0.0000
vn 0.3198 0.9475 -0.0000
vn 0.1127 0.9936 -0.0000
vn -0.7637 -0.0870 0.6397
vn -0.7654 -0.0874 0.6376
vn -0.7307 -0.2465 0.6367
vn -0.7268 -0.2445 0.6418
vn -0.6683 -0.3789 0.6401
vn -0.6709 -0.3810 0.6362
vn -0.5963 -0.4992 0.6287
vn -0.5897 -0.4918 0.6406
vn -0.4930 -0.5888 0.6405
vn -0.4981 -0.5973 0.6286
vn -0.3806 -0.6712 0.6362
vn -0.3794 -0.6681 0.6401
vn -0.2451 -0.7267 0.6418
vn -0.2459 -0.7309 0.6367
vn -0.0872 -0.7654 0.6376
vn -0.0872 -0.7636 0.6397
vn -0.9935 -0.1135 -0.0000
vn -0.9478 -0.3189 -0.0000
vn -0.8696 -0.4938 -0.0000
vn -0.7680 -0.6405 -0.0000
vn -0.6405 -0.7680 -0.0000
vn -0.4938 -0.8696 -0.0000
vn -0.3189 -0.9478 -0.0000
vn -0.1135 -0.9935 -0.0000
vn 0.9971 0.0767 -0.0000
vn -0.0767 0.9971 -0.0000
vn -0.9971 -0.0767 -0.0000
vn 0.0767 -0.9971 -0.0000
vn -0.0004 -0.0000 -1.0000
vn -0.0005 -0.0000 -1.0000
vn -0.0008 -0.0000 -1.0000
vn 0.0003 -0.0000 -1.0000
vn -0.0002 -0.0000 -1.0000
vn 0.0002 -0.0000 1.0000
vn 0.0003 -0.0000 1.0000
vn -0.0002 -0.0000 1.0000
vn -0.0003 -0.0000 1.0000
vn -0.0005 -0.0000 1.0000
vn -0.9839 -0.1789 -0.0000
vn -0.9138 -0.4061 -0.0000
vn -0.8137 -0.5813 -0.0000
vn -0.8137 -0.5812 -0.0000
vn -0.7072 -0.7070 -0.0000
vn -0.7071 -0.7071 -0.0000
vn -0.5812 -0.8138 -0.0000
vn -0.5813 -0.8137 -0.0000
vn -0.4471 -0.8945 -0.0000
vn -0.4472 -0.8944 -0.0000
vn -0.2170 -0.9762 -0.0000
vn -0.0905 -0.9959 -0.0000
vn 0.2631 -0.9648 -0.0000
vn 0.3511 -0.9363 -0.0000
vn 0.5300 -0.8480 -0.0000
vn 0.7071 -0.7071 -0.0000
vn 0.8137 -0.5813 -0.0000
vn 0.8137 -0.5812 -0.0000
vn 0.9363 -0.3511 -0.0000
vn 0.9363 -0.3512 -0.0000
vn 0.9487 -0.3162 -0.0000
vn 0.9839 0.1789 -0.0000
vn 0.8944 0.4472 -0.0000
vn 0.8480 0.5300 -0.0000
vn 0.7071 0.7071 -0.0000
vn 0.6402 0.7682 -0.0000
vn 0.3512 0.9363 -0.0000
vn 0.3511 0.9363 -0.0000
vn 0.2873 0.9578 -0.0000
vn 0.2874 0.9578 -0.0000
vn -0.1789 0.9839 -0.0000
vn -0.4061 0.9138 -0.0000
vn -0.4961 0.8682 -0.0000
vn -0.4962 0.8682 -0.0000
vn -0.7071 0.7071 -0.0000
vn -0.7072 0.7071 -0.0000
vn -0.8137 0.5813 -0.0000
vn -0.8137 0.5812 -0.0000
vn -0.8945 0.4472 -0.0000
vn -0.8944 0.4472 -0.0000
vn -0.9806 0.1961 -0.0000
vn -0.9806 0.1962 -0.0000
vn -0.9950 0.0994 -0.0000
vn -0.9950 0.0996 -0.0000
vn -0.0763 0.9971 -0.0000
vn 0.0763 -0.9971 -0.0000
vn -0.9965 -0.0830 -0.0000
vn 0.0755 -0.9971 -0.0000
vn -0.9968 -0.0794 -0.0000
vn -0.0751 0.9972 -0.0000
vn -0.0003 -0.0000 -1.0000
vn 0.0007 -0.0000 -1.0000
vn 0.0004 -0.0000 -1.0000
vn 0.0008 -0.0000 -1.0000
vn 0.0002 -0.0000 -1.0000
vn 0.0006 -0.0000 1.0000
vn 0.0005 -0.0000 1.0000
vn 0.9806 0.1961 -0.0000
vn 0.9138 0.4061 -0.0000
vn 0.8137 0.5812 -0.0000
vn 0.7682 0.6402 -0.0000
vn 0.5813 0.8137 -0.0000
vn 0.4472 0.8944 -0.0000
vn 0.1961 0.9806 -0.0000
vn 0.0995 0.9950 -0.0000
vn -0.5813 0.8137 -0.0000
vn -0.9762 0.2169 -0.0000
vn -0.9762 0.2170 -0.0000
vn -0.9959 0.0905 -0.0000
vn -0.8944 -0.4472 -0.0000
vn -0.8480 -0.5300 -0.0000
vn -0.5812 -0.8137 -0.0000
vn -0.3511 -0.9363 -0.0000
vn -0.3163 -0.9487 -0.0000
vn -0.3162 -0.9487 -0.0000
vn 0.1789 -0.9839 -0.0000
vn 0.4472 -0.8944 -0.0000
vn 0.9191 -0.3939 -0.0000
vn 0.9578 -0.2874 -0.0000
vn 0.9991 0.0416 -0.0000
vn 0.9971 0.0755 -0.0000
vn 0.0808 -0.9967 -0.0000
vn 0.9962 0.0866 -0.0000
vn 0.0830 -0.9965 -0.0000
vn 0.0752 -0.9971 0.0066
vn 0.0764 -0.9971 -0.0055
vn -0.6644 0.7474 -0.0000
vn -0.6746 0.7381 -0.0116
vn -0.6730 0.7396 0.0097
vn 0.9929 0.1191 -0.0000
vn 0.9794 0.2022 -0.0000
vn 0.9594 0.2821 -0.0000
vn 0.9335 0.3586 -0.0000
vn 0.9015 0.4327 -0.0000
vn 0.8631 0.5051 -0.0000
vn 0.8182 0.5749 -0.0000
vn 0.7676 0.6409 -0.0000
vn -0.9928 -0.1195 -0.0000
vn -0.9797 -0.2007 -0.0000
vn -0.9589 -0.2837 -0.0000
vn -0.9339 -0.3575 -0.0000
vn -0.9008 -0.4343 -0.0000
vn -0.8629 -0.5054 -0.0000
vn -0.8194 -0.5732 -0.0000
vn -0.7670 -0.6417 -0.0000
vn 0.9929 0.1186 -0.0000
vn 0.9795 0.2012 -0.0000
vn 0.9595 0.2816 -0.0000
vn 0.9337 0.3580 -0.0000
vn 0.9010 0.4338 -0.0000
vn 0.8624 0.5062 -0.0000
vn 0.8195 0.5730 -0.0000
vn 0.7667 0.6420 -0.0000
vn -0.9929 -0.1191 -0.0000
vn -0.9798 -0.2001 -0.0000
vn -0.9594 -0.2822 -0.0000
vn -0.9336 -0.3583 -0.0000
vn -0.9011 -0.4337 -0.0000
vn -0.8628 -0.5056 -0.0000
vn -0.8182 -0.5750 -0.0000
vn -0.7679 -0.6406 -0.0000
vn -0.9962 -0.0866 -0.0000
vn -0.9991 -0.0416 -0.0000
vn -0.9968 -0.0791 0.0060
vn -0.9966 -0.0767 0.0293
vn 0.9965 0.0831 -0.0000
vn 0.9965 0.0830 -0.0000
vn 0.9971 0.0755 0.0063
vn 0.9970 0.0767 -0.0053
vn -0.0770 0.9970 -0.0000
vn -0.0771 0.9970 -0.0000
vn 0.0770 -0.9970 -0.0000
vn 0.0772 -0.9970 -0.0000
vn 0.0995 -0.9948 0.0199
vn 0.0779 -0.9970 -0.0000
vn -0.9969 -0.0789 -0.0000
vn -0.7651 -0.0765 -0.6394
vn -0.7664 -0.0511 -0.6403
vn -0.9950 -0.0995 -0.0000
vn -0.9968 -0.0800 -0.0000
vn -0.9970 -0.0751 0.0205
vn -0.9821 -0.0982 -0.1608
vn -0.0755 0.9971 -0.0000
vn -0.7665 -0.0511 -0.6403
vn -0.7651 -0.0765 -0.6393
vn -0.0665 0.9978 -0.0000
vn -0.0777 0.9970 -0.0000
vn -0.0770 0.9970 0.0005
vn -0.0995 0.9948 0.0201
vn 0.9972 0.0751 -0.0000
vn 0.7665 0.0511 -0.6403
vn 0.9978 0.0665 -0.0000
vn 0.9968 0.0792 -0.0107
vn 0.9942 0.0663 0.0847
vn 0.0757 -0.9971 -0.0000
vn 0.7651 0.0765 -0.6393
vn 0.0995 -0.9950 -0.0000
vn 0.0770 -0.9970 -0.0012
vn -0.9968 -0.0803 -0.0000
vn -0.9970 -0.0778 -0.0000
vn -0.9971 -0.0766 -0.0015
vn -0.9970 -0.0776 0.0006
vn 0.9968 0.0803 -0.0000
vn 0.9971 0.0767 0.0015
vn 0.9971 0.0764 0.0008
vn 0.0688 -0.9976 -0.0000
vn 0.0635 -0.9206 -0.3854
vn 0.0919 -0.9190 -0.3833
vn -0.0614 0.9216 -0.3833
vn -0.9973 -0.0736 -0.0000
vn -0.9970 -0.0770 -0.0007
vn 0.0919 -0.9191 -0.3831
vn 0.0614 -0.9207 -0.3854
vn 0.0665 -0.9978 -0.0000
vn -0.6139 -0.7894 -0.0000
vn -0.6139 -0.7893 -0.0000
vn -0.2169 -0.9762 -0.0000
vn -0.1240 -0.9923 -0.0000
vn 0.1104 -0.9939 -0.0000
vn 0.2425 -0.9701 -0.0000
vn 0.2426 -0.9701 -0.0000
vn 0.4061 -0.9138 -0.0000
vn 0.6585 -0.7526 -0.0000
vn 0.7894 -0.6139 -0.0000
vn 0.7893 -0.6139 -0.0000
vn 0.8944 -0.4472 -0.0000
vn 0.9762 -0.2169 -0.0000
vn 0.9923 -0.1240 -0.0000
vn 0.9923 -0.1241 -0.0000
vn 0.9939 0.1105 -0.0000
vn 0.9939 0.1104 -0.0000
vn 0.9702 0.2425 -0.0000
vn 0.7526 0.6585 -0.0000
vn 0.6585 0.7526 -0.0000
vn 0.4061 0.9138 -0.0000
vn 0.2425 0.9701 -0.0000
vn 0.1104 0.9939 -0.0000
vn -0.1240 0.9923 -0.0000
vn -0.2169 0.9762 -0.0000
vn -0.4472 0.8944 -0.0000
vn -0.6139 0.7893 -0.0000
vn -0.6139 0.7894 -0.0000
vn -0.7526 0.6585 -0.0000
vn -0.9138 0.4061 -0.0000
vn -0.9701 0.2425 -0.0000
vn -0.9939 0.1104 -0.0000
vn -0.9923 -0.1240 -0.0000
vn -0.9762 -0.2169 -0.0000
vn -0.7893 -0.6139 -0.0000
vn -0.7893 -0.6140 -0.0000
vn 0.7098 -0.7044 -0.0000
vn -0.7044 0.7098 -0.0000
vn -0.9138 0.4062 -0.0000
vn -0.9923 -0.1241 -0.0000
vn -0.7894 -0.6139 -0.0000
vn 0.9701 0.2425 -0.0000
vn 0.9138 0.4062 -0.0000
vn 0.6854 -0.7282 -0.0000
vn 0.7088 -0.7049 -0.0268
vn -0.9923 0.1240 -0.0000
vn -0.9924 0.1231 -0.0008
vn -0.9924 0.1232 0.0007
vn 0.6757 0.7372 -0.0000
vn 0.6122 0.7907 -0.0000
vn 0.5455 0.8381 -0.0000
vn 0.4766 0.8791 -0.0000
vn 0.4019 0.9157 -0.0000
vn 0.3264 0.9452 -0.0000
vn 0.2471 0.9690 -0.0000
vn 0.1672 0.9859 -0.0000
vn -0.6766 -0.7364 -0.0000
vn -0.6128 -0.7902 -0.0000
vn -0.5450 -0.8384 -0.0000
vn -0.4743 -0.8803 -0.0000
vn -0.4041 -0.9147 -0.0000
vn -0.3252 -0.9456 -0.0000
vn -0.2481 -0.9687 -0.0000
vn -0.1660 -0.9861 -0.0000
vn 0.6764 0.7366 -0.0000
vn 0.6131 0.7900 -0.0000
vn 0.5451 0.8384 -0.0000
vn 0.4755 0.8797 -0.0000
vn 0.4030 0.9152 -0.0000
vn 0.3268 0.9451 -0.0000
vn 0.2464 0.9692 -0.0000
vn 0.1670 0.9860 -0.0000
vn -0.6762 -0.7367 -0.0000
vn -0.5440 -0.8391 -0.0000
vn -0.4756 -0.8797 -0.0000
vn -0.4038 -0.9148 -0.0000
vn -0.3262 -0.9453 -0.0000
vn -0.2474 -0.9689 -0.0000
vn -0.1657 -0.9862 -0.0000
vn 0.7081 -0.7061 -0.0000
vn 0.7071 -0.7071 -0.0013
vn 0.7082 -0.7060 -0.0000
vn -0.5431 -0.5431 -0.6404
vn -0.7060 0.7082 -0.0000
vn -0.7061 0.7081 -0.0001
vn -0.7232 0.6903 0.0207
vn -0.6000 -0.0000 0.8000
vn 0.5431 0.5431 -0.6404
vn 0.6905 -0.7234 -0.0000
vn 0.7071 -0.7071 0.0012
vn 0.7038 0.7104 -0.0000
vn 0.7071 0.7071 0.0020
vn 0.7074 0.7068 0.0011
vn 0.6524 -0.6524 -0.3858
vn 0.6678 -0.6375 -0.3842
vn -0.6371 0.6674 -0.3857
vn -0.6528 0.6528 -0.3843
vn -0.7104 -0.7038 -0.0000
vn -0.7071 -0.7071 -0.0020
vn -0.7068 -0.7074 -0.0011
vn -0.6905 0.7234 -0.0000
vn 0.7234 -0.6905 -0.0000
vn 0.0767 0.9971 -0.0000
vn -0.9971 0.0767 -0.0000
vn -0.0767 -0.9971 -0.0000
vn 0.9971 -0.0767 -0.0000
vn 0.0010 -0.0000 -1.0000
vn 0.0005 -0.0000 -1.0000
vn -0.0007 -0.0000 1.0000
vn 0.1961 -0.9806 -0.0000
vn 0.4473 -0.8944 -0.0000
vn 0.5813 -0.8137 -0.0000
vn 0.5812 -0.8137 -0.0000
vn 0.8682 -0.4961 -0.0000
vn 0.8683 -0.4961 -0.0000
vn 0.9138 -0.4062 -0.0000
vn 0.9839 -0.1789 -0.0000
vn 0.9578 0.2874 -0.0000
vn 0.9578 0.2873 -0.0000
vn 0.9363 0.3512 -0.0000
vn 0.5299 0.8480 -0.0000
vn 0.5300 0.8480 -0.0000
vn 0.1789 0.9839 -0.0000
vn -0.3162 0.9487 -0.0000
vn -0.3511 0.9363 -0.0000
vn -0.3512 0.9363 -0.0000
vn -0.5812 0.8138 -0.0000
vn -0.5812 0.8137 -0.0000
vn -0.8480 0.5300 -0.0000
vn -0.9363 0.3511 -0.0000
vn -0.9648 0.2631 -0.0000
vn -0.9959 -0.0905 -0.0000
vn -0.9762 -0.2170 -0.0000
vn -0.4062 -0.9138 -0.0000
vn -0.1789 -0.9839 -0.0000
vn -0.9971 0.0763 -0.0000
vn 0.9971 -0.0763 -0.0000
vn -0.0831 -0.9965 -0.0000
vn 0.9972 -0.0751 -0.0000
vn -0.0794 -0.9968 -0.0000
vn -0.9971 0.0755 -0.0000
vn -0.2873 0.9578 -0.0000
vn -0.3939 0.9191 -0.0000
vn -0.9839 0.1789 -0.0000
vn -0.9487 -0.3162 -0.0000
vn -0.9487 -0.3163 -0.0000
vn -0.9363 -0.3511 -0.0000
vn -0.9363 -0.3512 -0.0000
vn -0.5300 -0.8480 -0.0000
vn 0.0905 -0.9959 -0.0000
vn 0.2169 -0.9762 -0.0000
vn 0.5812 -0.8138 -0.0000
vn 0.8138 -0.5812 -0.0000
vn 0.9138 -0.4061 -0.0000
vn 0.9950 0.0995 -0.0000
vn 0.9806 0.1962 -0.0000
vn 0.8137 0.5813 -0.0000
vn 0.5812 0.8137 -0.0000
vn 0.0866 0.9962 -0.0000
vn -0.9967 0.0808 -0.0000
vn 0.0755 0.9971 -0.0000
vn 0.0416 0.9991 -0.0000
vn -0.0416 -0.9991 -0.0000
vn -0.0866 -0.9962 -0.0000
vn -0.0791 -0.9964 0.0313
vn -0.0767 -0.9970 0.0080
vn 0.0830 0.9965 -0.0000
vn 0.0755 0.9971 -0.0064
vn 0.0767 0.9970 0.0053
vn -0.9970 0.0770 -0.0000
vn 0.9970 -0.0771 -0.0000
vn 0.9970 -0.0770 -0.0000
vn 0.9977 -0.0665 0.0094
vn 0.9971 -0.0755 -0.0000
vn -0.0789 -0.9969 -0.0000
vn -0.0764 -0.7644 -0.6402
vn -0.0511 -0.7671 -0.6394
vn -0.0995 -0.9950 -0.0000
vn -0.0800 -0.9968 -0.0000
vn -0.0751 -0.9970 -0.0205
vn -0.0982 -0.9821 0.1608
vn -0.9970 0.0779 -0.0000
vn -0.0511 -0.7671 -0.6395
vn -0.9950 0.0995 -0.0000
vn -0.9971 0.0757 -0.0000
vn -0.9970 0.0772 0.0012
vn -0.9948 0.0995 -0.0201
vn 0.0751 0.9972 -0.0000
vn 0.0511 0.7672 -0.6394
vn 0.0764 0.7644 -0.6402
vn 0.0665 0.9978 -0.0000
vn 0.0792 0.9968 0.0107
vn 0.0663 0.9942 -0.0847
vn 0.0511 0.7665 -0.6403
vn 0.9950 -0.0995 -0.0000
vn 0.9970 -0.0770 0.0012
vn -0.0803 -0.9968 -0.0000
vn -0.0778 -0.9970 -0.0000
vn -0.0766 -0.9971 0.0015
vn -0.0776 -0.9970 -0.0006
vn 0.0731 0.9973 -0.0000
vn 0.0767 0.9971 0.0015
vn 0.0770 0.9970 0.0008
vn 0.9978 -0.0665 -0.0000
vn 0.9216 -0.0614 -0.3833
vn -0.9182 0.0918 -0.3853
vn -0.9214 0.0636 -0.3833
vn -0.9976 0.0688 -0.0000
vn -0.0766 -0.9971 -0.0012
vn -0.0764 -0.9971 -0.0008
vn -0.9978 0.0665 -0.0000
vn -0.9216 0.0614 -0.3832
vn -0.0074 -0.0608 -0.9981
vn -0.0000 0.0304 -0.9995
vn -0.0000 0.1809 -0.9835
vn -0.0000 0.4063 -0.9138
vn -0.0000 0.5991 -0.8007
vn -0.0000 0.7521 -0.6591
vn -0.0000 0.8651 -0.5016
vn -0.0000 0.9416 -0.3366
vn -0.0000 0.9857 -0.1687
vn -0.0000 0.9857 0.1687
vn -0.0000 0.9416 0.3366
vn -0.0000 0.8651 0.5016
vn -0.0000 -0.0910 -0.9958
vn -0.0000 -0.2968 -0.9549
vn -0.0000 -0.5074 -0.8617
vn -0.0000 -0.6807 -0.7325
vn -0.0000 -0.8134 -0.5817
vn -0.0000 -0.9077 -0.4197
vn -0.0000 -0.9675 -0.2529
vn -0.0000 -0.9964 -0.0844
vn -0.0000 -0.9964 0.0844
vn -0.0000 -0.9675 0.2529
vn -0.0000 -0.9077 0.4197
vn -0.0000 -0.8134 0.5817
vn -0.0000 -0.2473 0.9690
vn -0.0000 -0.4714 0.8819
vn -0.0000 -0.6573 0.7536
vn -0.0000 -0.8000 0.6000
vn -0.0000 -0.9012 0.4334
vn -0.0000 -0.9653 0.2613
vn -0.0000 -0.9962 0.0872
vn -0.0000 -0.9962 -0.0872
vn -0.0000 -0.9653 -0.2613
vn -0.0000 -0.9012 -0.4334
vn -0.0000 -0.8000 -0.6000
vn -0.0000 -0.6573 -0.7536
vn -0.0000 -0.4714 -0.8819
vn -0.0000 -0.2472 -0.9690
vn -0.2628 -0.0606 0.9629
vn -0.0000 0.0628 0.9980
vn -0.0000 0.2473 0.9690
vn -0.0000 0.4714 0.8819
vn -0.0000 0.6573 0.7536
vn -0.0000 0.8000 0.6000
vn -0.0000 0.9012 0.4334
vn -0.0000 0.9653 0.2613
vn -0.0000 0.9962 0.0872
vn -0.0000 0.9962 -0.0872
vn -0.0000 0.9653 -0.2613
vn -0.0000 0.9012 -0.4334
vn -0.0000 0.8000 -0.6000
vn -0.0000 0.6573 -0.7536
vn -0.0000 0.4714 -0.8819
vn -0.0000 0.2473 -0.9690
vn -0.0000 0.2472 -0.9690
vn -0.0000 0.0628 -0.9980
vn -0.1352 -0.0000 -0.9908
vn -0.0000 -0.0628 -0.9980
vn -0.0000 -0.2473 -0.9690
vn -0.0000 -0.8336 -0.5524
vn -0.0000 -0.8336 0.5524
vn 0.0234 -0.8846 -0.4658
vn -0.0000 -0.8449 -0.5350
vn -0.0000 -0.9331 -0.3596
vn -0.0000 -0.9836 -0.1803
vn -0.0070 -1.0000 -0.0000
vn -0.0000 -0.9331 0.3596
vn -0.0000 -0.9836 0.1803
vn -0.0000 -0.9836 0.1804
vn -0.0000 -0.7140 -0.7002
vn -0.0000 -0.5369 -0.8436
vn -0.0000 -0.3162 -0.9487
vn -0.0000 -0.0649 -0.9979
vn -0.0000 0.1931 -0.9812
vn -0.0000 0.4315 -0.9021
vn -0.0000 0.6313 -0.7756
vn -0.0000 0.7850 -0.6195
vn -0.0000 0.8940 -0.4481
vn -0.0000 0.9628 -0.2702
vn -0.0000 0.9959 -0.0902
vn -0.0000 0.9959 0.0902
vn -0.0000 0.9628 0.2702
vn -0.0000 0.8940 0.4481
vn -0.0000 0.7850 0.6195
vn -0.0000 0.6313 0.7756
vn -0.0000 0.4315 0.9021
vn -0.0000 0.1931 0.9812
vn -0.0000 -0.0650 0.9979
vn -0.0000 -0.3162 0.9487
vn -0.0000 -0.5369 0.8436
vn -0.0000 -0.7140 0.7002
vn 0.0048 -0.8448 0.5350
vn -0.0000 -0.8849 0.4659
vn -0.0031 0.0363 -0.9993
vn -0.0097 -0.1294 -0.9915
vn -0.0069 0.0304 -0.9995
vn -0.0189 -0.1159 -0.9931
vn 0.0013 0.0071 -1.0000
vn -0.0022 -0.0218 -0.9998
vn -0.0403 -0.0910 -0.9950
vn -0.0711 -0.0772 -0.9945
vn -0.0367 -0.0990 -0.9944
vn -0.0050 -0.1399 -0.9902
vn -0.0020 -0.1493 -0.9888
vn 0.0050 -0.1765 -0.9843
vn 0.0004 0.0072 -1.0000
vn 0.0004 -0.1265 -0.9920
vn 0.0016 -0.0608 -0.9982
vn 0.0047 -0.1211 -0.9926
vn 0.0037 -0.1000 -0.9950
vn 0.0027 -0.0762 -0.9971
vn 0.0017 -0.0498 -0.9988
vn 0.0010 -0.0216 -0.9998
vn 0.0265 0.2468 -0.9687
vn 0.0043 0.1292 -0.9916
vn 0.0052 0.1121 -0.9937
vn 0.0001 0.0355 -0.9994
vn -0.0000 0.0553 -0.9985
vn 0.0077 0.0725 -0.9973
vn 0.0064 0.0912 -0.9958
vn -0.0000 0.2158 -0.9764
vn -0.0158 0.1996 -0.9797
vn -0.0314 0.1867 -0.9819
vn -0.0523 0.1730 -0.9835
vn -0.0850 0.1569 -0.9840
vn -0.0193 0.1808 -0.9833
vn -0.0000 0.0680 -0.9977
vn -0.0000 -0.8034 0.5954
vn 0.0093 -0.8567 -0.5157
vn -0.0000 -0.1555 -0.9878
vn -0.0000 -0.8034 -0.5954
vn -0.0000 0.2128 -0.9771
vn -0.0000 0.9991 -0.0422
vn 0.0016 1.0000 -0.0000
vn -0.0000 0.9991 0.0422
vn -0.0000 0.7521 0.6591
vn -0.0000 0.0304 0.9995
vn -0.0000 -0.0910 0.9958
vn -0.0000 -0.2968 0.9549
vn -0.0000 -0.5074 0.8617
vn -0.0000 -0.6807 0.7325
vn 0.0016 -0.8134 0.5817
vn -0.0000 -0.8567 0.5157
vn 0.7682 0.0195 -0.6399
vn 0.7670 -0.0584 -0.6389
vn 0.7624 -0.1921 -0.6180
vn 0.7536 -0.3336 -0.5665
vn 0.7419 -0.4564 -0.4912
vn 0.7295 -0.5564 -0.3979
vn 0.7184 -0.6314 -0.2919
vn 0.7102 -0.6811 -0.1780
vn 0.7058 -0.7058 -0.0598
vn 0.7058 -0.7058 0.0598
vn 0.7102 -0.6811 0.1780
vn 0.7184 -0.6314 0.2919
vn 0.7295 -0.5564 0.3979
vn 0.7419 -0.4564 0.4912
vn 0.7237 0.5970 0.3462
vn 0.7139 0.6594 0.2357
vn 0.7075 0.6966 0.1192
vn 0.7053 0.7089 -0.0000
vn 0.7075 0.6966 -0.1192
vn 0.7139 0.6594 -0.2357
vn 0.7237 0.5970 -0.3462
vn 0.7356 0.5094 -0.4464
vn 0.7479 0.3977 -0.5315
vn 0.7585 0.2648 -0.5955
vn 0.7651 0.1165 -0.6333
vn -0.0000 -0.7509 -0.6604
vn -1.0000 -0.0003 -0.0000
vn -1.0000 0.0002 -0.0000
vn 1.0000 0.0005 -0.0000
vn 1.0000 -0.0002 -0.0000
vn -0.8835 -0.4684 -0.0010
vn -0.8597 -0.5108 -0.0000
vn -0.0000 -1.0000 0.0010
vn -0.9099 -0.4148 -0.0000
vn 0.9099 -0.4149 -0.0000
vn 0.8835 -0.4684 -0.0010
vn 0.8597 -0.5108 -0.0000
vn -0.0000 -0.9959 -0.0902
vn -0.0000 -0.9628 -0.2702
vn -0.0000 -0.8940 -0.4481
vn -0.0000 -0.7850 -0.6194
vn -0.0000 -0.7850 -0.6195
vn -0.0000 -0.6313 -0.7756
vn -0.0000 -0.4315 -0.9021
vn -0.0000 -0.1931 -0.9812
vn -0.0000 0.0649 -0.9979
vn -0.0000 0.3162 -0.9487
vn -0.0000 0.5369 -0.8436
vn -0.0000 0.7140 -0.7002
vn -0.0000 0.8448 -0.5350
vn -0.0000 0.9331 -0.3596
vn -0.0000 0.9836 -0.1803
vn -0.0000 0.9836 0.1803
vn -0.0000 0.9331 0.3596
vn -0.0000 0.8449 0.5350
vn -0.0000 0.7140 0.7002
vn -0.0000 0.5369 0.8436
vn -0.0000 0.3162 0.9487
vn -0.0000 0.0650 0.9979
vn -0.0000 -0.1931 0.9812
vn -0.0000 -0.4315 0.9021
vn -0.0000 -0.6313 0.7756
vn -0.0000 -0.7850 0.6195
vn -0.0000 -0.7850 0.6194
vn -0.0000 -0.8940 0.4481
vn -0.0000 -0.9628 0.2702
vn -0.0000 -0.9959 0.0902
vn -0.0000 0.9836 0.1804
vn -0.0000 0.5370 0.8436
vn -0.0000 -0.1932 0.9812
vn -0.0000 0.9836 -0.1804
vn 0.9848 0.1739 -0.0000
vn 0.9794 0.2016 -0.0136
vn 0.9794 0.2016 0.0136
vn 0.9813 0.1924 -0.0000
vn -0.9701 -0.2426 -0.0000
vn -0.9844 -0.1737 0.0274
vn -0.9844 -0.1737 -0.0274
vn -0.9813 -0.1924 -0.0000
vn 0.1627 -0.8949 0.4156
vn 0.2188 -0.8752 0.4314
vn 0.2205 -0.8820 -0.4164
vn 0.1613 -0.8872 -0.4322
vn -0.2182 0.8729 -0.4363
vn -0.2375 0.8707 -0.4308
vn -0.2368 0.8682 0.4361
vn -0.2188 0.8752 0.4314
vn -0.9848 -0.1738 -0.0000
vn -0.9794 -0.2016 -0.0136
vn -0.9794 -0.2016 0.0136
vn 0.9734 0.2290 -0.0000
vn 0.9844 0.1737 0.0273
vn 0.9844 0.1737 -0.0273
vn -0.2374 0.8707 -0.4308
vn 0.2182 -0.8729 -0.4363
vn 0.2375 -0.8707 -0.4308
vn 0.2368 -0.8682 0.4361
vn 0.9848 0.1738 -0.0000
vn 0.8365 0.5480 -0.0040
vn 0.8364 0.5480 0.0040
vn 0.8380 0.5457 -0.0000
vn -0.8412 -0.5408 -0.0000
vn -0.8365 -0.5480 0.0040
vn -0.8365 -0.5480 -0.0040
vn -0.8350 -0.5503 -0.0000
vn 0.5206 -0.7438 0.4192
vn 0.5206 -0.7438 -0.4192
vn -0.4602 0.7670 -0.4472
vn -0.5175 0.7392 -0.4310
vn -0.5128 0.7326 0.4475
vn -0.4645 0.7742 0.4299
vn 0.8363 0.5479 0.0192
vn 0.8363 0.5479 -0.0192
vn 0.8291 0.5591 -0.0000
vn 0.5175 -0.7392 -0.4310
vn 0.5175 -0.7392 0.4310
vn 0.8364 0.5480 -0.0040
vn 0.5408 0.8412 -0.0000
vn 0.5479 0.8363 -0.0192
vn 0.5479 0.8363 0.0192
vn 0.5591 0.8291 -0.0000
vn -0.5547 -0.8321 -0.0000
vn -0.5480 -0.8365 0.0040
vn -0.5480 -0.8365 -0.0040
vn -0.5457 -0.8380 -0.0000
vn 0.7670 -0.4602 0.4472
vn 0.7392 -0.5174 0.4310
vn 0.7326 -0.5128 -0.4475
vn 0.7742 -0.4645 -0.4299
vn -0.7438 0.5206 -0.4192
vn -0.7438 0.5206 0.4192
vn -0.5479 -0.8363 -0.0192
vn -0.5479 -0.8363 0.0192
vn -0.5591 -0.8291 -0.0000
vn -0.7392 0.5175 0.4310
vn -0.7392 0.5174 0.4310
vn -0.7392 0.5174 -0.4310
vn -0.7392 0.5175 -0.4310
vn 0.7392 -0.5175 0.4310
vn -0.5547 -0.8320 -0.0000
vn 0.1738 0.9848 -0.0000
vn 0.2016 0.9794 0.0136
vn 0.2016 0.9794 -0.0136
vn 0.1924 0.9813 -0.0000
vn -0.2290 -0.9734 -0.0000
vn -0.1737 -0.9843 -0.0321
vn -0.1737 -0.9843 0.0321
vn -0.1961 -0.9806 -0.0000
vn 0.8729 -0.2182 0.4363
vn 0.8707 -0.2375 0.4308
vn 0.8682 -0.2368 -0.4361
vn 0.8752 -0.2188 -0.4314
vn -0.8949 0.1627 -0.4156
vn -0.8752 0.2188 -0.4314
vn -0.8820 0.2205 0.4164
vn -0.8872 0.1613 0.4322
vn -0.1738 -0.9848 -0.0000
vn -0.2016 -0.9794 0.0136
vn -0.2016 -0.9794 -0.0136
vn -0.1924 -0.9813 -0.0000
vn 0.2290 0.9734 -0.0000
vn 0.1737 0.9844 -0.0273
vn 0.1737 0.9844 0.0273
vn -0.8729 0.2182 0.4363
vn -0.8707 0.2374 0.4308
vn -0.8682 0.2368 -0.4361
vn 0.8729 -0.2183 0.4363
vn 0.8707 -0.2374 0.4308
vn 0.9983 0.0587 -0.0000
vn 0.9963 0.0854 -0.0126
vn 0.9963 0.0854 0.0126
vn -0.9932 -0.1168 -0.0000
vn -0.9980 -0.0570 0.0285
vn -0.9980 -0.0570 -0.0285
vn 0.0818 -0.8995 0.4291
vn 0.0751 -0.9010 0.4274
vn 0.0750 -0.9001 -0.4291
vn 0.0818 -0.9004 -0.4273
vn -0.0750 0.9001 -0.4291
vn -0.0819 0.9004 -0.4273
vn -0.0818 0.8995 0.4291
vn -0.0751 0.9009 0.4274
vn -0.9983 -0.0587 -0.0000
vn -0.9963 -0.0854 -0.0126
vn -0.9963 -0.0854 0.0126
vn -0.0751 0.9010 0.4274
vn -0.0751 0.9010 -0.4274
vn 0.0751 -0.9010 -0.4274
vn 0.7348 0.6783 -0.0000
vn 0.7070 0.7070 0.0196
vn 0.7070 0.7070 -0.0196
vn 0.6974 0.7167 -0.0000
vn 0.6396 -0.6396 0.4263
vn 0.6709 -0.5963 0.4409
vn 0.6763 -0.6012 -0.4257
vn 0.6348 -0.6347 -0.4406
vn -0.6397 0.6396 -0.4263
vn -0.5963 0.6709 -0.4408
vn -0.6012 0.6763 0.4257
vn -0.6348 0.6348 0.4406
vn -0.6783 -0.7348 -0.0000
vn -0.7070 -0.7070 -0.0196
vn -0.7070 -0.7070 0.0196
vn -0.7167 -0.6974 -0.0000
vn -0.6397 0.6396 0.4263
vn -0.6715 0.5969 0.4392
vn -0.6763 0.6012 -0.4257
vn -0.6348 0.6348 -0.4406
vn 0.6397 -0.6396 -0.4263
vn 0.5969 -0.6715 -0.4392
vn 0.6012 -0.6763 0.4257
vn 0.6348 -0.6348 0.4406
vn 0.6396 -0.6397 0.4263
vn 0.0587 0.9983 -0.0000
vn 0.0854 0.9963 0.0126
vn 0.0854 0.9963 -0.0126
vn -0.1169 -0.9931 -0.0000
vn -0.0570 -0.9980 -0.0285
vn -0.0570 -0.9980 0.0286
vn 0.9002 -0.0750 0.4291
vn 0.9004 -0.0819 0.4272
vn 0.8995 -0.0817 -0.4291
vn 0.9010 -0.0751 -0.4273
vn -0.8995 0.0817 -0.4291
vn -0.9009 0.0751 -0.4274
vn -0.9002 0.0749 0.4290
vn -0.9004 0.0819 0.4273
vn -0.0587 -0.9983 -0.0000
vn -0.0854 -0.9963 0.0126
vn -0.0854 -0.9963 -0.0126
vn -0.9010 0.0750 0.4274
vn -0.9010 0.0751 0.4274
vn -0.9010 0.0750 -0.4274
vn -0.9010 0.0751 -0.4274
vn 0.9010 -0.0750 -0.4274
vn 0.9010 -0.0751 -0.4274
vn 0.9010 -0.0750 0.4274
vn 0.9010 -0.0751 0.4274
vn 0.7833 0.2378 -0.5743
vn 0.6701 0.5597 -0.4876
vn -0.0112 0.9999 -0.0111
vn -0.8254 -0.0952 0.5565
vn -0.0112 -0.9999 -0.0111
vn 0.7945 0.1916 -0.5762
vn 0.5729 0.7038 -0.4201
vn 0.7938 0.1993 -0.5745
vn 0.7793 0.2699 -0.5655
vn 0.7774 0.2807 -0.5628
vn 0.7687 0.3136 -0.5575
vn 0.7555 0.3582 -0.5485
vn 0.7524 0.3665 -0.5474
vn 0.7387 0.4081 -0.5364
vn 0.7264 0.4400 -0.5280
vn 0.7246 0.4449 -0.5264
vn 0.6953 0.5100 -0.5064
vn 0.6904 0.5216 -0.5014
vn 0.6668 0.5650 -0.4860
vn 0.6546 0.5860 -0.4775
vn 0.6373 0.6135 -0.4663
vn 0.6152 0.6489 -0.4477
vn 0.5674 0.7090 -0.4187
vn 0.5642 0.7133 -0.4159
vn -0.5859 -0.7103 0.3901
vn -0.6327 -0.6464 0.4265
vn -0.6051 -0.6899 0.3973
vn -0.6733 -0.5835 0.4541
vn -0.6452 -0.6324 0.4287
vn -0.7074 -0.5194 0.4794
vn -0.6795 -0.5830 0.4454
vn -0.7401 -0.4431 0.5059
vn -0.7182 -0.5057 0.4779
vn -0.7574 -0.4060 0.5114
vn -0.8144 -0.1881 0.5490
vn -0.8617 -0.2453 0.4441
vn -0.7481 -0.4340 0.5021
vn -0.7628 -0.3932 0.5133
vn -0.7755 -0.3562 0.5213
vn -0.7786 -0.3445 0.5245
vn -0.7966 -0.2791 0.5361
vn -0.8049 -0.2252 0.5490
vn -0.8123 -0.1981 0.5486
vn 0.1733 0.2624 -0.9493
vn 0.1470 0.6006 -0.7859
vn -0.0171 0.9998 -0.0026
vn -0.0172 0.9998 -0.0025
vn -0.2261 -0.1056 0.9684
vn -0.0172 -0.9998 -0.0025
vn 0.1816 0.2122 -0.9602
vn 0.1825 0.2207 -0.9581
vn 0.1768 0.3024 -0.9366
vn 0.1772 0.3095 -0.9342
vn 0.1717 0.3773 -0.9100
vn 0.1714 0.4057 -0.8978
vn 0.1207 0.7404 -0.6612
vn 0.1674 0.4298 -0.8873
vn 0.1621 0.4786 -0.8630
vn 0.1619 0.4837 -0.8602
vn 0.1532 0.5505 -0.8207
vn 0.1530 0.5623 -0.8126
vn 0.1410 0.6309 -0.7629
vn 0.1414 0.6268 -0.7662
vn 0.1344 0.6780 -0.7227
vn 0.1334 0.6882 -0.7132
vn 0.1173 0.7452 -0.6565
vn 0.1169 0.7493 -0.6519
vn -0.1556 -0.7481 0.6451
vn -0.1654 -0.6872 0.7074
vn -0.1659 -0.7346 0.6579
vn -0.1701 -0.6963 0.6973
vn -0.1773 -0.6257 0.7596
vn -0.1762 -0.6443 0.7442
vn -0.1965 -0.5478 0.8132
vn -0.1924 -0.4829 0.8543
vn -0.1917 -0.5612 0.8052
vn -0.2007 -0.4882 0.8493
vn -0.2031 -0.4616 0.8635
vn -0.2097 -0.4047 0.8901
vn -0.2093 -0.3950 0.8945
vn -0.2174 -0.3087 0.9260
vn -0.2120 -0.2203 0.9521
vn -0.2287 -0.2959 0.9274
vn -0.2218 -0.2088 0.9525
vn -0.2271 -0.2114 0.9506
vn -0.2241 -0.1705 0.9595
vn -0.5715 0.2503 -0.7815
vn -0.4778 0.5813 -0.6586
vn -0.0151 0.9999 0.0073
vn -0.0151 0.9999 0.0072
vn 0.5512 -0.1009 0.8282
vn -0.0151 -0.9999 0.0073
vn -0.4039 0.7318 -0.5489
vn -0.5736 0.2023 -0.7938
vn -0.5717 0.2104 -0.7930
vn -0.5610 0.2889 -0.7758
vn -0.5592 0.2957 -0.7745
vn -0.5412 0.3845 -0.7478
vn -0.5397 0.3889 -0.7467
vn -0.5252 0.4451 -0.7254
vn -0.5179 0.4685 -0.7157
vn -0.5191 0.4652 -0.7170
vn -0.4978 0.5311 -0.6857
vn -0.4031 0.7310 -0.5506
vn -0.4021 0.7344 -0.5469
vn -0.4299 0.6828 -0.5908
vn -0.4361 0.6697 -0.6011
vn -0.4597 0.6269 -0.6291
vn -0.4676 0.6073 -0.6422
vn -0.4923 0.5430 -0.6803
vn 0.3719 -0.7347 0.5673
vn 0.3674 -0.7414 0.5615
vn 0.4074 -0.6723 0.6181
vn 0.3867 -0.7029 0.5969
vn 0.4390 -0.6099 0.6598
vn 0.4288 -0.6289 0.6486
vn 0.4614 -0.5456 0.6996
vn 0.4603 -0.5480 0.6985
vn 0.4892 -0.4675 0.7363
vn 0.5424 -0.2010 0.8157
vn 0.4156 -0.2716 0.8680
vn 0.4763 -0.5003 0.7231
vn 0.4911 -0.4589 0.7404
vn 0.5084 -0.3910 0.7672
vn 0.5117 -0.3814 0.7699
vn 0.5280 -0.2974 0.7955
vn 0.5426 -0.2399 0.8050
vn 0.5419 -0.2116 0.8133
vn -0.9379 0.2256 -0.2637
vn -0.8104 0.5386 -0.2305
vn -0.0060 0.9999 0.0137
vn 0.9485 -0.0912 0.3033
vn 0.8088 0.2356 0.5388
vn 0.6896 0.5571 0.4627
vn 0.0112 0.9999 -0.0111
vn -0.8062 -0.0957 -0.5838
vn 0.0112 -0.9999 -0.0111
vn 0.5869 0.7101 0.3889
vn 0.8187 0.1585 0.5520
vn 0.8127 0.1971 0.5483
vn 0.8125 0.1981 0.5483
vn 0.7982 0.2726 0.5372
vn 0.7963 0.2792 0.5367
vn 0.7728 0.3643 0.5197
vn 0.7711 0.3686 0.5192
vn 0.7463 0.4376 0.5015
vn 0.7442 0.4426 0.5003
vn 0.7157 0.5073 0.4800
vn 0.5780 0.7198 0.3844
vn 0.5773 0.7208 0.3836
vn 0.6170 0.6706 0.4119
vn 0.6336 0.6463 0.4252
vn 0.6639 0.6029 0.4426
vn 0.6752 0.5833 0.4516
vn 0.7092 0.5191 0.4770
vn -0.5653 -0.7132 -0.4146
vn -0.5499 -0.7305 -0.4050
vn -0.6158 -0.6488 -0.4470
vn -0.5802 -0.6910 -0.4311
vn -0.6564 -0.5859 -0.4753
vn -0.6437 -0.6049 -0.4687
vn -0.6892 -0.5217 -0.5029
vn -0.6802 -0.5373 -0.4986
vn -0.7263 -0.4447 -0.5242
vn -0.7035 -0.4900 -0.5148
vn -0.7280 -0.4364 -0.5287
vn -0.7513 -0.3706 -0.5460
vn -0.7550 -0.3613 -0.5472
vn -0.7768 -0.2808 -0.5637
vn -0.7753 -0.2856 -0.5633
vn -0.7944 -0.1992 -0.5739
vn -0.7818 -0.2434 -0.5741
vn -0.7956 -0.1889 -0.5757
vn -0.7952 -0.1892 -0.5761
vn 0.9748 0.2222 -0.0192
vn 0.8464 0.5324 -0.0141
vn -0.0000 0.9999 -0.0145
vn -0.9959 -0.0892 -0.0145
vn 0.9353 -0.1898 0.2986
vn 0.6836 -0.6950 0.2227
vn 0.7399 -0.6296 0.2369
vn 0.7001 -0.6750 0.2327
vn 0.7850 -0.5664 0.2510
vn 0.7716 -0.5854 0.2487
vn 0.8226 -0.5025 0.2660
vn 0.8053 -0.5310 0.2637
vn 0.8625 -0.4268 0.2718
vn 0.8319 -0.4843 0.2710
vn 0.8646 -0.4187 0.2776
vn 0.8901 -0.3547 0.2861
vn 0.8937 -0.3456 0.2862
vn 0.9174 -0.2679 0.2943
vn 0.9111 -0.2882 0.2946
vn 0.9330 -0.2058 0.2951
vn 0.8931 -0.2351 0.3837
vn 0.9368 -0.1802 0.2998
vn -0.9824 -0.1862 -0.0138
vn -0.7260 -0.6876 -0.0144
vn -0.7829 -0.6220 -0.0116
vn -0.7447 -0.6672 -0.0190
vn -0.8292 -0.5588 -0.0121
vn -0.8112 -0.5845 -0.0143
vn -0.8688 -0.4949 -0.0148
vn -0.8443 -0.5356 -0.0194
vn -0.9075 -0.4200 -0.0083
vn -0.8760 -0.4820 -0.0176
vn -0.9112 -0.4118 -0.0143
vn -0.9372 -0.3485 -0.0150
vn -0.9389 -0.3438 -0.0145
vn -0.9647 -0.2630 -0.0145
vn -0.9545 -0.2977 -0.0184
vn -0.9773 -0.2116 -0.0098
vn -0.9647 -0.2360 -0.1166
vn -0.9842 -0.1767 -0.0145
vn -0.5835 0.0825 -0.8079
vn -0.5637 0.1365 -0.8146
vn -0.6408 -0.0058 -0.7677
vn -0.6377 -0.0000 -0.7703
vn -0.3250 0.0027 -0.9457
vn -0.3715 0.0087 -0.9284
vn -0.4019 0.0191 -0.9155
vn -0.3750 -0.0003 -0.9270
vn -0.4892 -0.0000 -0.8722
vn -0.5134 0.0006 -0.8581
vn -0.0554 0.0001 -0.9985
vn -0.1522 0.0083 -0.9883
vn -0.1295 0.0039 -0.9916
vn -0.2376 -0.0000 -0.9714
vn -0.2835 0.0001 -0.9590
vn 0.0843 -0.0001 -0.9964
vn 0.1554 -0.0092 -0.9878
vn 0.0291 0.0195 -0.9994
vn 0.1928 -0.0134 -0.9812
vn 0.0582 0.0200 -0.9981
vn 0.0155 -0.1938 -0.9809
vn -0.0252 -0.0000 -0.9997
vn -0.1294 -0.0351 -0.9910
vn -0.1351 -0.0271 -0.9905
vn -0.5926 -0.0045 -0.8055
vn -0.5545 -0.0115 -0.8321
vn -0.5855 -0.0011 -0.8106
vn -0.4893 -0.0000 -0.8721
vn -0.4501 -0.0000 -0.8930
vn -0.4020 -0.0065 -0.9156
vn -0.3509 -0.0194 -0.9362
vn -0.3750 -0.0047 -0.9270
vn -0.2641 -0.0000 -0.9645
vn -0.2084 0.0001 -0.9780
vn 0.4160 0.0031 -0.9093
vn 0.3764 0.0128 -0.9264
vn 0.3655 0.0195 -0.9306
vn 0.3750 -0.0017 -0.9270
vn 0.2502 0.0001 -0.9682
vn 0.1294 0.0174 -0.9914
vn 0.2010 0.2762 -0.9399
vn 0.0796 -0.0104 -0.9968
vn 0.5855 0.0066 -0.8106
vn 0.5245 -0.0000 -0.8514
vn 0.4671 -0.0000 -0.8842
vn 0.6980 -0.1310 -0.7040
vn 0.7509 -0.0056 -0.6604
vn 0.6763 -0.0000 -0.7367
vn 0.7455 0.0065 -0.6664
vn 0.7501 0.0467 -0.6597
vn 0.7394 -0.0112 -0.6732
vn 0.7365 -0.0239 -0.6760
vn 0.7343 0.0092 -0.6788
vn 0.7084 0.0153 -0.7056
vn 0.7500 -0.0002 -0.6614
vn 0.6567 -0.0000 -0.7542
vn 0.6051 0.0029 -0.7962
vn 0.6401 -0.0001 -0.7683
vn 0.5853 -0.0281 -0.8103
vn 0.5557 -0.0062 -0.8313
vn 0.2774 0.0001 -0.9608
vn 0.1449 -0.0002 -0.9894
vn 0.0870 0.0132 -0.9961
vn 0.3376 -0.0032 -0.9413
vn 0.3856 -0.0136 -0.9226
vn 0.3750 -0.0099 -0.9270
vn 0.4588 -0.0001 -0.8885
vn 0.5012 0.0001 -0.8653
vn 0.8844 0.0059 -0.4667
vn 0.8776 0.0126 -0.4793
vn 0.8692 0.0588 -0.4909
vn 0.8270 -0.0000 -0.5622
vn 0.8085 -0.0000 -0.5885
vn 0.9470 0.0068 -0.3213
vn 0.9352 0.0154 -0.3539
vn 0.9491 0.0015 -0.3150
vn 0.9164 -0.0000 -0.4003
vn 0.9022 0.0001 -0.4313
vn 0.9865 -0.0612 -0.1516
vn 0.9902 -0.0354 -0.1352
vn 0.9791 0.0002 -0.2032
vn 0.9925 0.0036 -0.1225
vn 0.9857 0.0083 -0.1682
vn 0.9908 0.0005 -0.1353
vn 0.9747 -0.0000 -0.2234
vn 0.9652 -0.0000 -0.2616
vn 0.9704 -0.0001 -0.2417
vn 0.9490 -0.0152 -0.3150
vn 0.9492 -0.0158 -0.3144
vn 0.7746 -0.0002 -0.6324
vn 0.8225 -0.0000 -0.5688
vn 0.8445 -0.0011 -0.5356
vn 0.8715 -0.0076 -0.4903
vn 0.8893 -0.0197 -0.4568
vn 0.8707 -0.0009 -0.4918
vn 0.9140 -0.0000 -0.4058
vn 0.9288 -0.0000 -0.3705
vn 0.9977 0.0151 -0.0667
vn 0.9964 -0.0000 -0.0847
vn 0.9993 -0.0000 -0.0367
vn 0.9951 0.0012 0.0985
vn 0.9969 0.0073 0.0787
vn 0.9949 0.0904 0.0449
vn 0.9999 0.0142 -0.0002
vn 0.9992 -0.0005 -0.0404
vn 0.9948 -0.0000 0.1021
vn 0.9990 -0.0068 0.0451
vn 0.9995 -0.0039 0.0312
vn 1.0000 -0.0005 -0.0084
vn 0.9676 0.0023 0.2525
vn 0.9764 0.0091 0.2156
vn 0.9743 0.0065 0.2253
vn 0.9873 -0.0001 0.1588
vn 0.9919 -0.0000 0.1272
vn 0.9332 -0.0023 0.3594
vn 0.9137 -0.0484 0.4035
vn 0.8894 0.0008 0.4571
vn 0.8917 0.0010 0.4526
vn 0.9135 0.0037 0.4068
vn 0.9148 0.0042 0.4040
vn 0.9418 -0.0000 0.3361
vn 0.9545 -0.0000 0.2982
vn 0.9881 -0.0000 0.1537
vn 0.9796 -0.0049 0.2007
vn 0.9742 -0.0157 0.2253
vn 0.9603 -0.0001 0.2788
vn 0.9478 -0.0000 0.3189
vn 0.8168 0.0807 0.5713
vn 0.8127 0.0940 0.5750
vn 0.8564 -0.0051 0.5162
vn 0.8547 -0.0000 0.5192
vn 0.8809 -0.0000 0.4733
vn 0.9040 -0.0218 0.4269
vn 0.6165 -0.0000 0.7873
vn 0.6538 0.0047 0.7566
vn 0.6843 0.0113 0.7291
vn 0.7007 0.0201 0.7132
vn 0.6741 -0.0006 0.7387
vn 0.7615 0.0001 0.6482
vn 0.7780 0.0029 0.6283
vn 0.4258 0.0129 0.9047
vn 0.5353 0.0006 0.8447
vn 0.5820 -0.0000 0.8132
vn 0.3407 0.0297 0.9397
vn 0.3116 -0.0000 0.9502
vn 0.2476 -0.0069 0.9688
vn 0.2087 -0.0146 0.9779
vn 0.3163 0.0186 0.9485
vn 0.8303 -0.0028 0.5573
vn 0.8060 -0.0084 0.5918
vn 0.8163 -0.0039 0.5776
vn 0.7620 -0.0001 0.6476
vn 0.7355 0.0001 0.6775
vn 0.6030 -0.0001 0.7977
vn 0.6740 -0.0105 0.7386
vn 0.6697 -0.0137 0.7425
vn 0.7072 -0.0035 0.7070
vn -0.0806 0.0010 0.9967
vn -0.0250 0.0058 0.9997
vn 0.0153 0.0165 0.9997
vn 0.0242 0.0221 0.9995
vn -0.0000 -0.0013 1.0000
vn 0.1492 0.0002 0.9888
vn 0.2551 0.0574 0.9652
vn 0.2013 0.2055 0.9577
vn 0.3157 -0.0079 0.9488
vn -0.2555 0.0057 0.9668
vn -0.1623 -0.0001 0.9867
vn -0.1144 -0.0000 0.9934
vn -0.3960 -0.1659 0.9031
vn -0.3654 -0.0000 0.9309
vn -0.4500 -0.0289 0.8925
vn -0.4436 0.0147 0.8961
vn -0.4151 0.0212 0.9095
vn -0.4856 -0.0002 0.8742
vn -0.3378 0.0001 0.9412
vn -0.2571 0.0054 0.9664
vn -0.2937 -0.0112 0.9558
vn -0.2554 -0.0307 0.9664
vn -0.1956 -0.0017 0.9807
vn 0.5602 0.0002 0.8283
vn 0.5053 -0.0174 0.8628
vn 0.4850 -0.0460 0.8733
vn 0.4086 0.0007 0.9127
vn 0.2555 -0.0023 0.9668
vn 0.2543 -0.0003 0.9671
vn 0.1207 -0.0000 0.9927
vn 0.0652 -0.0011 0.9979
vn 0.0089 -0.0101 0.9999
vn -0.0000 -0.0126 0.9999
vn -0.0836 -0.0001 0.9965
vn -0.1347 -0.0000 0.9909
vn -0.7463 -0.0000 0.6656
vn -0.7170 0.0009 0.6970
vn -0.6861 0.0090 0.7274
vn -0.6765 0.0160 0.7363
vn -0.6738 0.0276 0.7384
vn -0.5921 -0.0000 0.8059
vn -0.5353 0.3190 0.7821
vn -0.4568 -0.0099 0.8895
vn -0.7587 -0.0000 0.6515
vn -0.8163 0.0031 0.5776
vn -0.8011 0.0101 0.5985
vn -0.8944 -0.0913 0.4379
vn -0.9145 -0.0233 0.4039
vn -0.8772 0.0001 0.4801
vn -0.9147 0.0071 0.4040
vn -0.9128 -0.0112 0.4083
vn -0.9117 -0.0204 0.4103
vn -0.9129 0.0059 0.4082
vn -0.8948 0.0114 0.4464
vn -0.9146 -0.0001 0.4043
vn -0.8661 -0.0000 0.4999
vn -0.8400 0.0010 0.5426
vn -0.8559 -0.0002 0.5172
vn -0.8161 -0.0226 0.5774
vn -0.8073 -0.0109 0.5900
vn -0.6134 -0.0000 0.7898
vn -0.5098 0.0001 0.8603
vn -0.4649 0.0098 0.8853
vn -0.6617 -0.0054 0.7497
vn -0.6942 -0.0167 0.7196
vn -0.6741 -0.0058 0.7386
vn -0.7410 -0.0001 0.6715
vn -0.7691 0.0001 0.6391
vn -0.9825 0.0033 0.1863
vn -0.9793 0.0097 0.2022
vn -0.9713 0.0786 0.2246
vn -0.9574 -0.0000 0.2888
vn -0.9485 -0.0000 0.3167
vn -0.9994 0.0043 0.0349
vn -0.9975 0.0119 0.0699
vn -0.9990 0.0044 0.0451
vn -0.9925 -0.0001 0.1220
vn -0.9881 0.0001 0.1536
vn -0.9899 -0.0435 -0.1352
vn -0.9896 -0.0388 -0.1387
vn -0.9761 0.0140 -0.2169
vn -0.9806 -0.0000 -0.1959
vn -0.9860 0.0021 -0.1664
vn -0.9927 0.0057 -0.1201
vn -0.9908 0.0025 -0.1353
vn -0.9984 -0.0000 -0.0565
vn -0.9998 -0.0000 -0.0182
vn -0.9963 -0.0020 0.0856
vn -0.9993 -0.0212 0.0311
vn -0.9990 -0.0061 0.0451
vn -0.9992 -0.0000 -0.0391
vn -0.9970 0.0001 -0.0776
vn -0.9555 -0.0000 0.2950
vn -0.9315 -0.0000 0.3636
vn -0.9176 0.0044 0.3974
vn -0.9670 -0.0024 0.2546
vn -0.9778 -0.0101 0.2095
vn -0.9743 -0.0039 0.2253
vn -0.9893 -0.0000 0.1456
vn -0.9919 -0.0000 0.1272
vn -0.9562 0.0410 -0.2899
vn -0.9447 0.0956 -0.3136
vn -0.9335 0.0051 -0.3585
vn -0.8449 0.0008 -0.5349
vn -0.8676 0.0067 -0.4972
vn -0.8838 0.0138 -0.4677
vn -0.8707 0.0013 -0.4918
vn -0.9138 -0.0000 -0.4061
vn -0.9245 -0.0000 -0.3813
vn -0.6903 0.0002 -0.7236
vn -0.6823 -0.0000 -0.7311
vn -0.7152 -0.0087 -0.6988
vn -0.7500 -0.0498 -0.6596
vn -0.7745 -0.0089 -0.6325
vn -0.6934 0.0003 -0.7206
vn -0.7339 0.0019 -0.6793
vn -0.7509 0.0055 -0.6604
vn -0.7946 -0.0000 -0.6071
vn -0.8207 -0.0000 -0.5714
vn -0.9706 -0.0030 -0.2408
vn -0.9740 -0.0149 -0.2260
vn -0.9641 -0.0000 -0.2655
vn -0.9488 -0.0059 -0.3159
vn -0.9491 -0.0057 -0.3150
vn -0.9249 -0.0001 -0.3802
vn -0.9107 -0.0000 -0.4131
vn -0.8983 -0.0013 -0.4394
vn -0.8759 -0.0088 -0.4824
vn -0.8706 -0.0140 -0.4917
vn -0.8337 -0.0002 -0.5522
vn -0.8071 0.0001 -0.5904
vn -0.6943 0.6932 -0.1935
vn -0.9476 0.1686 -0.2713
vn -0.9399 0.2067 -0.2720
vn -0.9438 0.1891 -0.2709
vn -0.9283 0.2607 -0.2652
vn -0.9264 0.2670 -0.2654
vn -0.9010 0.3494 -0.2572
vn -0.8994 0.3535 -0.2572
vn -0.8724 0.4208 -0.2487
vn -0.8552 0.4566 -0.2454
vn -0.8704 0.4256 -0.2474
vn -0.8312 0.5028 -0.2374
vn -0.6742 0.7140 -0.1888
vn -0.6772 0.7108 -0.1902
vn -0.7199 0.6640 -0.2022
vn -0.7484 0.6282 -0.2129
vn -0.7810 0.5845 -0.2198
vn -0.7941 0.5648 -0.2247
vn -0.8322 0.5010 -0.2376
vn 0.9837 0.1790 -0.0149
vn 0.9752 0.2212 -0.0099
vn 0.9824 0.1862 -0.0145
vn 0.9652 0.2611 -0.0145
vn 0.9647 0.2630 -0.0143
vn 0.9387 0.3444 -0.0148
vn 0.9372 0.3485 -0.0143
vn 0.9096 0.4152 -0.0146
vn 0.8857 0.4640 -0.0123
vn 0.9074 0.4200 -0.0170
vn 0.8599 0.5103 -0.0122
vn 0.8156 0.5784 -0.0158
vn 0.8293 0.5586 -0.0149
vn 0.8689 0.4949 -0.0137
vn 0.6945 0.7194 -0.0145
vn 0.6967 0.7172 -0.0144
vn 0.7428 0.6694 -0.0150
vn 0.7259 0.6876 -0.0166
vn 0.7829 0.6220 -0.0130
vn -0.1188 -0.7492 -0.6516
vn -0.1197 -0.7460 -0.6550
vn -0.1305 -0.6882 -0.7136
vn -0.1238 -0.7079 -0.6954
vn -0.1455 -0.6267 -0.7655
vn -0.1403 -0.6454 -0.7509
vn -0.1489 -0.5513 -0.8209
vn -0.1701 -0.4835 -0.8586
vn -0.1508 -0.5624 -0.8130
vn -0.1580 -0.5037 -0.8493
vn -0.1630 -0.4749 -0.8648
vn -0.1688 -0.4057 -0.8983
vn -0.1710 -0.3959 -0.9023
vn -0.1764 -0.3095 -0.9344
vn -0.1784 -0.2985 -0.9376
vn -0.1810 -0.2207 -0.9584
vn -0.1790 -0.2320 -0.9561
vn -0.1835 -0.1890 -0.9647
vn -0.1832 -0.1893 -0.9647
vn -0.0000 -0.9999 -0.0145
vn 0.2230 0.2117 0.9516
vn 0.2214 0.2201 0.9500
vn 0.2179 0.3017 0.9282
vn 0.2165 0.3087 0.9262
vn 0.2104 0.3929 0.8952
vn 0.2079 0.4048 0.8905
vn 0.1579 0.7392 0.6547
vn 0.2049 0.4459 0.8713
vn 0.2015 0.4775 0.8552
vn 0.2006 0.4826 0.8525
vn 0.1926 0.5493 0.8131
vn 0.1895 0.5612 0.8057
vn 0.1785 0.6423 0.7453
vn 0.1832 0.6255 0.7584
vn 0.1667 0.6890 0.7054
vn 0.1672 0.6871 0.7070
vn 0.1591 0.7438 0.6492
vn 0.1575 0.7479 0.6448
vn 0.0172 -0.9998 -0.0025
vn -0.1857 -0.1061 -0.9769
vn 0.0172 0.9998 -0.0026
vn 0.0172 0.9998 -0.0025
vn 0.2261 0.2618 0.9383
vn 0.1842 0.5995 0.7789
vn 0.4023 -0.7320 -0.5498
vn 0.4346 -0.6698 -0.6020
vn 0.4186 -0.7123 -0.5634
vn 0.4399 -0.6680 -0.6003
vn 0.4654 -0.6076 -0.6436
vn 0.4605 -0.6210 -0.6343
vn 0.4941 -0.5428 -0.6791
vn 0.5127 -0.4657 -0.7213
vn 0.5734 -0.1998 -0.7945
vn 0.6639 -0.2596 -0.7014
vn 0.5012 -0.5294 -0.6845
vn 0.5216 -0.4565 -0.7208
vn 0.5404 -0.3889 -0.7462
vn 0.5417 -0.3794 -0.7501
vn 0.5598 -0.2957 -0.7741
vn 0.5634 -0.2390 -0.7908
vn 0.5714 -0.2104 -0.7932
vn -0.5417 0.2035 0.8156
vn -0.5417 0.2116 0.8135
vn -0.5291 0.2906 0.7973
vn -0.5286 0.2974 0.7951
vn -0.5186 0.3477 0.7811
vn -0.5098 0.3910 0.7663
vn -0.3772 0.7257 0.5753
vn -0.5073 0.3983 0.7642
vn -0.4897 0.4625 0.7391
vn -0.4884 0.4676 0.7368
vn -0.4663 0.5338 0.7054
vn -0.4632 0.5455 0.6985
vn -0.4398 0.6017 0.6668
vn -0.4363 0.6102 0.6613
vn -0.4182 0.6496 0.6349
vn -0.4085 0.6722 0.6175
vn -0.3724 0.7307 0.5722
vn -0.3703 0.7349 0.5682
vn 0.0151 -0.9999 0.0073
vn 0.5821 -0.1008 -0.8069
vn 0.0151 0.9999 0.0073
vn -0.5307 0.2516 0.8093
vn -0.4480 0.5839 0.6771
vn 0.7683 -0.6024 -0.2164
vn 0.7931 -0.5651 -0.2275
vn 0.7135 -0.6727 -0.1959
vn 0.7479 -0.6282 -0.2143
vn 0.6938 -0.6933 -0.1949
vn 0.8405 -0.4878 -0.2359
vn 0.8682 -0.4260 -0.2543
vn 0.8032 -0.5531 -0.2215
vn 0.8406 -0.4841 -0.2431
vn 0.8117 -0.5364 -0.2311
vn 0.9457 -0.1796 -0.2710
vn 0.9573 -0.2368 -0.1658
vn 0.8738 -0.4174 -0.2495
vn 0.8961 -0.3628 -0.2556
vn 0.8998 -0.3534 -0.2559
vn 0.9121 -0.3162 -0.2610
vn 0.9266 -0.2670 -0.2648
vn 0.9375 -0.2150 -0.2737
vn 0.9438 -0.1892 -0.2712
vn -0.9363 0.1825 0.3001
vn -0.9352 0.1898 0.2988
vn -0.9242 0.2413 0.2962
vn -0.9178 0.2679 0.2929
vn -0.9136 0.2823 0.2926
vn -0.8902 0.3546 0.2859
vn -0.8919 0.3505 0.2859
vn -0.8630 0.4222 0.2775
vn -0.8609 0.4270 0.2766
vn -0.8320 0.4855 0.2682
vn -0.8321 0.4854 0.2683
vn -0.8057 0.5322 0.2599
vn -0.8023 0.5380 0.2588
vn -0.6923 0.6855 0.2255
vn -0.7840 0.5666 0.2538
vn -0.7703 0.5864 0.2506
vn -0.7394 0.6297 0.2382
vn -0.6870 0.6907 0.2259
vn -0.6830 0.6951 0.2242
vn 0.0060 -0.9999 0.0137
vn 0.9574 -0.0895 -0.2745
vn 0.0060 0.9999 0.0137
vn -0.9100 0.2909 0.2953
vn -0.7649 0.5948 0.2473
vn -0.0061 -0.9999 0.0136
vn -0.0059 -0.9999 0.0137
s 0
usemtl Metal
f 22//3 21//3 4//3
f 4//3 3//3 22//3
f 21//4 20//4 5//4
f 5//4 4//4 21//4
f 20//5 19//5 6//5
f 6//5 5//5 20//5
f 7//6 6//6 19//6
f 29//8 28//8 9//8
f 9//8 8//8 29//8
f 28//9 27//9 10//9
f 10//9 9//9 28//9
f 31//12 23//12 2//12
f 12//19 25//19 24//19
f 37//20 38//20 39//20
f 37//20 39//20 40//20
f 41//20 42//20 39//20
f 42//20 43//20 39//20
f 39//20 43//20 40//20
f 44//20 45//20 39//20
f 45//20 46//20 39//20
f 39//20 46//20 41//20
f 47//20 48//20 39//20
f 48//20 49//20 39//20
f 39//20 49//20 44//20
f 50//20 51//20 39//20
f 51//20 52//20 39//20
f 39//20 52//20 47//20
f 53//20 54//20 39//20
f 54//20 55//20 39//20
f 39//20 55//20 50//20
f 56//20 57//20 39//20
f 57//20 58//20 39//20
f 39//20 58//20 53//20
f 59//20 60//20 39//20
f 60//20 61//20 39//20
f 39//20 61//20 56//20
f 62//20 63//20 39//20
f 63//20 64//20 39//20
f 39//20 64//20 59//20
f 38//20 65//20 39//20
f 65//20 66//20 39//20
f 39//20 66//20 62//20
f 67//21 68//21 69//21
f 68//21 70//21 69//21
f 67//2 69//2 71//2
f 69//2 72//2 71//2
f 73//22 74//22 75//22
f 74//22 68//22 75//22
f 75//22 68//22 76//22
f 68//22 77//22 76//22
f 73//22 78//22 74//22
f 78//22 79//22 74//22
f 74//22 79//22 80//22
f 71//22 74//22 81//22
f 81//22 82//22 71//22
f 82//22 83//22 71//22
f 71//22 83//22 84//22
f 84//22 85//22 71//22
f 85//22 86//22 71//22
f 71//22 86//22 87//22
f 87//22 88//22 71//22
f 88//22 89//22 71//22
f 71//22 89//22 67//22
f 89//22 90//22 67//22
f 67//22 90//22 91//22
f 80//22 92//22 74//22
f 92//22 93//22 74//22
f 74//22 93//22 81//22
f 91//22 94//22 67//22
f 94//22 95//22 67//22
f 67//22 95//22 96//22
f 96//22 97//22 67//22
f 97//22 98//22 67//22
f 67//22 98//22 68//22
f 98//22 99//22 68//22
f 68//22 99//22 100//22
f 100//22 101//22 68//22
f 101//22 102//22 68//22
f 68//22 102//22 77//22
f 103//20 104//20 105//20
f 106//20 107//20 69//20
f 108//20 109//20 70//20
f 109//20 110//20 70//20
f 110//20 111//20 70//20
f 111//20 112//20 70//20
f 70//20 112//20 69//20
f 112//20 113//20 69//20
f 69//20 113//20 106//20
f 107//20 114//20 69//20
f 114//20 115//20 69//20
f 69//20 115//20 116//20
f 117//20 118//20 72//20
f 118//20 119//20 72//20
f 72//20 119//20 120//20
f 105//20 121//20 103//20
f 121//20 122//20 103//20
f 103//20 122//20 70//20
f 122//20 123//20 70//20
f 70//20 123//20 108//20
f 116//23 124//23 69//23
f 124//24 125//24 69//24
f 69//20 125//20 72//20
f 125//24 126//24 72//24
f 72//20 126//20 117//20
f 120//20 127//20 72//20
f 127//20 128//20 72//20
f 72//20 128//20 103//20
f 128//20 129//20 103//20
f 103//20 129//20 130//20
f 130//20 131//20 103//20
f 131//20 132//20 103//20
f 103//20 132//20 104//20
f 89//25 133//25 90//25
f 133//25 134//25 90//25
f 90//26 134//26 91//26
f 134//26 135//26 91//26
f 91//27 135//27 94//27
f 135//27 136//27 94//27
f 94//28 136//28 95//28
f 136//29 137//29 95//29
f 95//30 137//30 96//30
f 137//30 138//30 96//30
f 96//31 138//31 97//31
f 138//31 139//31 97//31
f 97//32 139//32 98//32
f 139//32 140//32 98//32
f 98//33 140//33 99//33
f 140//33 141//33 99//33
f 99//34 141//34 100//34
f 141//35 142//35 100//35
f 100//36 142//36 101//36
f 142//36 143//36 101//36
f 101//37 143//37 102//37
f 143//37 144//37 102//37
f 102//38 144//38 77//38
f 144//38 145//38 77//38
f 77//39 145//39 76//39
f 145//40 146//40 76//40
f 76//41 146//41 75//41
f 146//41 147//41 75//41
f 75//1 147//1 73//1
f 147//1 148//1 73//1
f 73//42 148//42 78//42
f 148//42 149//42 78//42
f 78//43 149//43 79//43
f 149//44 150//44 79//44
f 79//45 150//45 80//45
f 150//46 151//46 80//46
f 80//47 151//47 92//47
f 151//47 152//47 92//47
f 92//48 152//48 93//48
f 152//48 153//48 93//48
f 93//49 153//49 81//49
f 153//49 154//49 81//49
f 81//50 154//50 82//50
f 154//50 155//50 82//50
f 82//51 155//51 83//51
f 155//51 156//51 83//51
f 83//52 156//52 84//52
f 156//52 157//52 84//52
f 84//53 157//53 85//53
f 157//53 158//53 85//53
f 85//54 158//54 86//54
f 158//54 159//54 86//54
f 86//55 159//55 87//55
f 159//55 160//55 87//55
f 87//56 160//56 88//56
f 160//56 161//56 88//56
f 88//57 161//57 89//57
f 161//57 133//57 89//57
f 162//58 163//58 164//58
f 163//58 165//58 164//58
f 163//20 166//20 165//20
f 166//20 167//20 165//20
f 168//2 169//2 170//2
f 169//2 171//2 170//2
f 172//20 134//20 173//20
f 134//20 133//20 173//20
f 173//20 133//20 161//20
f 138//20 137//20 172//20
f 138//20 172//20 139//20
f 146//20 145//20 168//20
f 145//20 144//20 168//20
f 168//20 144//20 143//20
f 143//20 142//20 168//20
f 142//20 141//20 168//20
f 168//20 141//20 172//20
f 141//20 140//20 172//20
f 172//20 140//20 139//20
f 137//20 136//20 172//20
f 136//20 135//20 172//20
f 172//20 135//20 134//20
f 173//20 158//20 157//20
f 150//20 149//20 170//20
f 149//20 148//20 170//20
f 170//20 148//20 168//20
f 148//20 147//20 168//20
f 168//20 147//20 146//20
f 161//20 160//20 173//20
f 160//20 159//20 173//20
f 173//20 159//20 158//20
f 157//20 156//20 173//20
f 156//20 155//20 173//20
f 173//20 155//20 170//20
f 155//20 154//20 170//20
f 170//20 154//20 153//20
f 153//20 152//20 170//20
f 152//20 151//20 170//20
f 170//20 151//20 150//20
f 174//2 175//2 176//2
f 175//2 177//2 176//2
f 176//2 177//2 178//2
f 174//2 179//2 175//2
f 179//2 180//2 175//2
f 175//2 180//2 181//2
f 182//2 183//2 177//2
f 184//2 185//2 186//2
f 183//2 187//2 177//2
f 187//2 188//2 177//2
f 177//2 188//2 178//2
f 181//2 189//2 175//2
f 189//2 190//2 175//2
f 175//2 190//2 184//2
f 190//2 191//2 184//2
f 184//2 191//2 185//2
f 186//2 192//2 184//2
f 192//2 193//2 184//2
f 184//2 193//2 194//2
f 195//2 196//2 197//2
f 198//2 199//2 197//2
f 199//2 200//2 197//2
f 197//2 200//2 177//2
f 200//2 201//2 177//2
f 177//2 201//2 182//2
f 194//2 202//2 184//2
f 202//2 203//2 184//2
f 184//2 203//2 197//2
f 203//2 204//2 197//2
f 197//2 204//2 195//2
f 196//2 205//2 197//2
f 205//2 206//2 197//2
f 197//2 206//2 198//2
f 70//1 68//1 103//1
f 68//1 74//1 103//1
f 207//1 172//1 208//1
f 172//1 173//1 208//1
f 209//59 210//59 211//59
f 210//59 212//59 211//59
f 213//1 164//1 214//1
f 164//1 165//1 214//1
f 214//1 165//1 215//1
f 165//1 167//1 215//1
f 167//1 211//1 215//1
f 215//1 211//1 216//1
f 211//1 212//1 216//1
f 216//1 212//1 213//1
f 212//1 217//1 213//1
f 213//1 217//1 164//1
f 72//21 208//21 173//21
f 184//21 215//21 175//21
f 215//21 216//21 175//21
f 175//21 216//21 218//21
f 171//21 103//21 170//21
f 103//21 74//21 170//21
f 170//21 74//21 173//21
f 74//21 71//21 173//21
f 173//21 71//21 72//21
f 219//21 220//21 221//21
f 220//21 222//21 221//21
f 221//21 222//21 223//21
f 222//21 224//21 223//21
f 223//21 224//21 225//21
f 224//21 226//21 225//21
f 225//21 226//21 227//21
f 226//21 228//21 227//21
f 227//21 228//21 229//21
f 228//21 230//21 229//21
f 229//21 230//21 231//21
f 230//21 208//21 231//21
f 231//21 208//21 171//21
f 208//21 72//21 171//21
f 171//21 72//21 103//21
f 218//21 216//21 232//21
f 216//21 233//21 232//21
f 232//21 233//21 234//21
f 233//21 235//21 234//21
f 234//21 235//21 219//21
f 235//21 236//21 219//21
f 219//21 236//21 220//21
f 177//60 175//60 237//60
f 175//60 218//60 237//60
f 237//61 218//61 238//61
f 218//61 232//61 238//61
f 238//62 232//62 239//62
f 232//62 234//62 239//62
f 239//63 234//63 240//63
f 234//63 219//63 240//63
f 240//64 219//64 241//64
f 219//64 221//64 241//64
f 241//65 221//65 242//65
f 221//65 223//65 242//65
f 242//66 223//66 243//66
f 223//66 225//66 243//66
f 243//67 225//67 244//67
f 225//67 227//67 244//67
f 244//68 227//68 245//68
f 227//68 229//68 245//68
f 245//69 229//69 246//69
f 229//69 231//69 246//69
f 246//70 231//70 169//70
f 231//70 171//70 169//70
f 247//71 248//71 203//71
f 248//72 249//72 203//72
f 203//73 249//73 204//73
f 249//74 250//74 204//74
f 204//75 250//75 195//75
f 250//76 251//76 195//76
f 195//77 251//77 196//77
f 251//77 252//77 196//77
f 196//78 252//78 205//78
f 252//78 253//78 205//78
f 205//79 253//79 206//79
f 253//80 254//80 206//80
f 206//81 254//81 198//81
f 254//82 255//82 198//82
f 198//83 255//83 199//83
f 255//84 256//84 199//84
f 199//85 256//85 200//85
f 256//86 257//86 200//86
f 200//87 257//87 201//87
f 257//87 258//87 201//87
f 201//88 258//88 182//88
f 258//89 259//89 182//89
f 182//90 259//90 183//90
f 259//90 260//90 183//90
f 183//91 260//91 187//91
f 260//91 261//91 187//91
f 187//92 261//92 188//92
f 261//92 262//92 188//92
f 188//93 262//93 178//93
f 262//93 263//93 178//93
f 178//94 263//94 176//94
f 263//94 264//94 176//94
f 176//95 264//95 174//95
f 264//95 265//95 174//95
f 174//96 265//96 179//96
f 265//97 266//97 179//97
f 179//98 266//98 180//98
f 266//99 267//99 180//99
f 180//100 267//100 181//100
f 267//100 268//100 181//100
f 181//101 268//101 189//101
f 268//101 269//101 189//101
f 189//102 269//102 190//102
f 269//103 270//103 190//103
f 190//104 270//104 191//104
f 270//105 271//105 191//105
f 191//106 271//106 185//106
f 271//107 272//107 185//107
f 185//108 272//108 186//108
f 272//109 273//109 186//109
f 186//110 273//110 192//110
f 273//111 274//111 192//111
f 192//112 274//112 193//112
f 274//113 275//113 193//113
f 193//114 275//114 194//114
f 275//114 276//114 194//114
f 194//115 276//115 202//115
f 276//115 247//115 202//115
f 202//71 247//71 203//71
f 197//22 214//22 184//22
f 214//22 215//22 184//22
f 37//116 125//116 38//116
f 125//25 124//25 38//25
f 38//26 124//26 65//26
f 124//26 116//26 65//26
f 65//117 116//117 66//117
f 116//117 115//117 66//117
f 66//28 115//28 62//28
f 115//29 114//29 62//29
f 62//30 114//30 63//30
f 114//30 107//30 63//30
f 63//31 107//31 64//31
f 107//31 106//31 64//31
f 64//32 106//32 59//32
f 106//32 113//32 59//32
f 59//33 113//33 60//33
f 113//33 112//33 60//33
f 60//35 112//35 61//35
f 112//35 111//35 61//35
f 61//36 111//36 56//36
f 111//36 110//36 56//36
f 56//37 110//37 57//37
f 110//37 109//37 57//37
f 57//38 109//38 58//38
f 109//38 108//38 58//38
f 58//39 108//39 53//39
f 108//40 123//40 53//40
f 53//41 123//41 54//41
f 123//41 122//41 54//41
f 54//1 122//1 55//1
f 122//1 121//1 55//1
f 55//42 121//42 50//42
f 121//42 105//42 50//42
f 50//43 105//43 51//43
f 105//44 104//44 51//44
f 51//45 104//45 52//45
f 104//45 132//45 52//45
f 52//47 132//47 47//47
f 132//47 131//47 47//47
f 47//48 131//48 48//48
f 131//48 130//48 48//48
f 48//49 130//49 49//49
f 130//49 129//49 49//49
f 49//50 129//50 44//50
f 129//50 128//50 44//50
f 44//51 128//51 45//51
f 128//51 127//51 45//51
f 45//52 127//52 46//52
f 127//52 120//52 46//52
f 46//118 120//118 41//118
f 120//53 119//53 41//53
f 41//54 119//54 42//54
f 119//54 118//54 42//54
f 42//119 118//119 43//119
f 118//119 117//119 43//119
f 43//56 117//56 40//56
f 117//56 126//56 40//56
f 40//57 126//57 37//57
f 126//120 125//120 37//120
f 207//121 208//121 230//121
f 207//121 230//121 277//121
f 230//122 228//122 277//122
f 277//123 228//123 278//123
f 228//124 226//124 278//124
f 278//124 226//124 279//124
f 226//125 224//125 279//125
f 279//125 224//125 280//125
f 224//126 222//126 280//126
f 280//126 222//126 281//126
f 222//127 220//127 281//127
f 281//127 220//127 282//127
f 220//128 236//128 282//128
f 282//128 236//128 283//128
f 236//129 235//129 283//129
f 283//129 235//129 284//129
f 235//130 233//130 284//130
f 284//130 233//130 285//130
f 233//131 216//131 285//131
f 285//131 216//131 213//131
f 286//132 162//132 217//132
f 162//132 164//132 217//132
f 213//11 214//11 197//11
f 168//11 172//11 169//11
f 172//11 207//11 169//11
f 169//11 207//11 246//11
f 197//11 177//11 213//11
f 177//11 237//11 213//11
f 213//11 237//11 285//11
f 237//11 238//11 285//11
f 285//11 238//11 284//11
f 238//11 239//11 284//11
f 284//11 239//11 283//11
f 239//11 240//11 283//11
f 246//11 207//11 245//11
f 207//11 277//11 245//11
f 245//11 277//11 244//11
f 277//11 278//11 244//11
f 244//11 278//11 243//11
f 278//11 279//11 243//11
f 243//11 279//11 242//11
f 279//11 280//11 242//11
f 242//11 280//11 241//11
f 280//11 281//11 241//11
f 241//11 281//11 240//11
f 281//11 282//11 240//11
f 240//11 282//11 283//11
f 166//133 209//133 167//133
f 209//133 211//133 167//133
f 267//1 266//1 210//1
f 209//1 272//1 271//1
f 266//1 265//1 210//1
f 265//1 264//1 210//1
f 210//1 264//1 286//1
f 264//1 263//1 286//1
f 286//1 263//1 262//1
f 247//1 276//1 166//1
f 271//1 270//1 209//1
f 270//1 269//1 209//1
f 209//1 269//1 210//1
f 269//1 268//1 210//1
f 210//1 268//1 267//1
f 162//1 258//1 257//1
f 276//1 275//1 166//1
f 275//1 274//1 166//1
f 166//1 274//1 209//1
f 274//1 273//1 209//1
f 209//1 273//1 272//1
f 262//1 261//1 286//1
f 261//1 260//1 286//1
f 286//1 260//1 162//1
f 260//1 259//1 162//1
f 162//1 259//1 258//1
f 257//1 256//1 162//1
f 256//1 255//1 162//1
f 162//1 255//1 163//1
f 255//134 254//134 163//134
f 254//1 253//1 163//1
f 253//1 252//1 163//1
f 163//1 252//1 251//1
f 251//1 250//1 163//1
f 250//1 249//1 163//1
f 163//1 249//1 166//1
f 249//1 248//1 166//1
f 166//1 248//1 247//1
f 210//22 286//22 212//22
f 286//22 217//22 212//22
f 287//2 288//2 289//2
f 288//2 290//2 289//2
f 289//2 290//2 291//2
f 290//2 292//2 291//2
f 291//2 292//2 293//2
f 292//2 294//2 293//2
f 293//2 294//2 295//2
f 294//2 296//2 295//2
f 295//2 296//2 297//2
f 296//2 298//2 297//2
f 297//2 298//2 299//2
f 298//2 300//2 299//2
f 299//2 300//2 301//2
f 300//2 302//2 301//2
f 301//2 302//2 303//2
f 302//2 304//2 303//2
f 303//2 304//2 305//2
f 304//2 306//2 305//2
f 305//2 306//2 307//2
f 306//2 308//2 307//2
f 307//2 308//2 309//2
f 308//2 310//2 309//2
f 309//2 310//2 311//2
f 310//2 312//2 311//2
f 311//2 312//2 313//2
f 312//2 314//2 313//2
f 313//2 314//2 315//2
f 314//2 316//2 315//2
f 315//2 316//2 317//2
f 316//2 318//2 317//2
f 317//2 318//2 319//2
f 318//2 320//2 319//2
f 319//2 320//2 321//2
f 320//2 322//2 321//2
f 321//2 322//2 323//2
f 322//2 324//2 323//2
f 323//2 324//2 325//2
f 324//2 326//2 325//2
f 325//2 326//2 327//2
f 326//2 328//2 327//2
f 327//2 328//2 329//2
f 328//2 330//2 329//2
f 329//2 330//2 331//2
f 330//2 332//2 331//2
f 331//2 332//2 333//2
f 332//2 334//2 333//2
f 333//2 334//2 335//2
f 334//2 336//2 335//2
f 335//2 336//2 337//2
f 336//2 338//2 337//2
f 337//2 338//2 339//2
f 338//2 340//2 339//2
f 339//2 340//2 341//2
f 340//2 342//2 341//2
f 341//2 342//2 343//2
f 342//2 344//2 343//2
f 343//2 344//2 287//2
f 344//2 288//2 287//2
f 328//94 345//94 330//94
f 345//94 346//94 330//94
f 330//93 346//93 332//93
f 346//93 347//93 332//93
f 332//135 347//135 334//135
f 347//92 348//92 334//92
f 334//91 348//91 336//91
f 348//91 349//91 336//91
f 336//90 349//90 338//90
f 349//90 350//90 338//90
f 338//89 350//89 340//89
f 350//136 351//136 340//136
f 340//87 351//87 342//87
f 351//87 352//87 342//87
f 342//86 352//86 344//86
f 352//85 353//85 344//85
f 344//83 353//83 288//83
f 353//137 354//137 288//137
f 288//81 354//81 290//81
f 354//81 355//81 290//81
f 290//138 355//138 292//138
f 355//139 356//139 292//139
f 292//78 356//78 294//78
f 356//78 357//78 294//78
f 294//77 357//77 296//77
f 357//77 358//77 296//77
f 296//75 358//75 298//75
f 358//75 359//75 298//75
f 298//20 359//20 300//20
f 359//20 360//20 300//20
f 300//71 360//71 302//71
f 360//71 361//71 302//71
f 302//115 361//115 304//115
f 361//115 362//115 304//115
f 304//114 362//114 306//114
f 362//114 363//114 306//114
f 306//140 363//140 308//140
f 363//112 364//112 308//112
f 308//111 364//111 310//111
f 364//111 365//111 310//111
f 310//109 365//109 312//109
f 365//109 366//109 312//109
f 312//106 366//106 314//106
f 366//106 367//106 314//106
f 314//105 367//105 316//105
f 367//105 368//105 316//105
f 316//102 368//102 318//102
f 368//102 369//102 318//102
f 318//101 369//101 320//101
f 369//101 370//101 320//101
f 320//100 370//100 322//100
f 370//100 371//100 322//100
f 322//141 371//141 324//141
f 371//99 372//99 324//99
f 324//97 372//97 326//97
f 372//97 373//97 326//97
f 326//95 373//95 328//95
f 373//95 345//95 328//95
f 374//25 375//25 376//25
f 375//25 377//25 376//25
f 376//26 377//26 378//26
f 377//26 379//26 378//26
f 378//117 379//117 380//117
f 379//117 381//117 380//117
f 380//29 381//29 382//29
f 381//29 383//29 382//29
f 382//30 383//30 384//30
f 383//30 385//30 384//30
f 384//31 385//31 386//31
f 385//31 387//31 386//31
f 386//32 387//32 388//32
f 387//32 389//32 388//32
f 388//33 389//33 390//33
f 389//33 391//33 390//33
f 390//34 391//34 392//34
f 391//34 393//34 392//34
f 392//142 393//142 394//142
f 393//142 395//142 394//142
f 394//37 395//37 396//37
f 395//37 397//37 396//37
f 396//143 397//143 398//143
f 397//143 399//143 398//143
f 398//39 399//39 400//39
f 399//39 401//39 400//39
f 400//41 401//41 402//41
f 401//41 403//41 402//41
f 402//1 403//1 404//1
f 403//1 405//1 404//1
f 404//42 405//42 406//42
f 405//42 407//42 406//42
f 406//44 407//44 408//44
f 407//44 409//44 408//44
f 408//144 409//144 410//144
f 409//144 411//144 410//144
f 410//145 411//145 412//145
f 411//145 413//145 412//145
f 412//48 413//48 414//48
f 413//48 415//48 414//48
f 414//49 415//49 416//49
f 415//49 417//49 416//49
f 416//50 417//50 418//50
f 417//50 419//50 418//50
f 418//51 419//51 420//51
f 419//51 421//51 420//51
f 420//52 421//52 422//52
f 421//52 423//52 422//52
f 422//118 423//118 424//118
f 423//118 425//118 424//118
f 424//54 425//54 426//54
f 425//54 427//54 426//54
f 426//55 427//55 428//55
f 427//55 429//55 428//55
f 428//56 429//56 430//56
f 429//56 431//56 430//56
f 430//57 431//57 374//57
f 431//57 375//57 374//57
f 374//20 376//20 432//20
f 374//20 432//20 430//20
f 424//20 426//20 432//20
f 426//20 428//20 432//20
f 432//20 428//20 430//20
f 418//20 420//20 432//20
f 420//20 422//20 432//20
f 432//20 422//20 424//20
f 412//20 414//20 432//20
f 414//20 416//20 432//20
f 432//20 416//20 418//20
f 406//20 408//20 432//20
f 408//20 410//20 432//20
f 432//20 410//20 412//20
f 400//20 402//20 432//20
f 402//20 404//20 432//20
f 432//20 404//20 406//20
f 394//20 396//20 432//20
f 396//20 398//20 432//20
f 432//20 398//20 400//20
f 388//20 390//20 432//20
f 390//20 392//20 432//20
f 432//20 392//20 394//20
f 382//20 384//20 432//20
f 384//20 386//20 432//20
f 432//20 386//20 388//20
f 376//20 378//20 432//20
f 378//20 380//20 432//20
f 432//20 380//20 382//20
f 433//11 434//11 435//11
f 434//11 436//11 435//11
f 437//146 438//146 439//146
f 438//146 440//146 439//146
f 439//147 440//147 441//147
f 440//147 442//147 441//147
f 441//148 442//148 443//148
f 442//148 444//148 443//148
f 443//149 444//149 445//149
f 444//149 446//149 445//149
f 445//150 446//150 447//150
f 446//150 448//150 447//150
f 447//151 448//151 449//151
f 448//151 450//151 449//151
f 449//152 450//152 451//152
f 450//152 452//152 451//152
f 451//153 452//153 453//153
f 452//153 454//153 453//153
f 453//154 454//154 455//154
f 454//154 456//154 455//154
f 455//155 456//155 457//155
f 456//155 458//155 457//155
f 457//156 458//156 459//156
f 458//156 460//156 459//156
f 461//25 462//25 463//25
f 462//25 464//25 463//25
f 463//26 464//26 465//26
f 464//26 466//26 465//26
f 465//117 466//117 467//117
f 466//157 468//157 467//157
f 467//29 468//29 469//29
f 468//29 470//29 469//29
f 469//30 470//30 471//30
f 470//30 472//30 471//30
f 471//31 472//31 473//31
f 472//31 474//31 473//31
f 473//32 474//32 475//32
f 474//32 476//32 475//32
f 475//33 476//33 477//33
f 476//33 478//33 477//33
f 477//34 478//34 479//34
f 478//34 480//34 479//34
f 479//142 480//142 481//142
f 480//142 482//142 481//142
f 481//37 482//37 483//37
f 482//37 484//37 483//37
f 483//143 484//143 485//143
f 484//143 486//143 485//143
f 485//39 486//39 487//39
f 486//39 488//39 487//39
f 487//41 488//41 489//41
f 488//41 490//41 489//41
f 489//1 490//1 491//1
f 490//1 492//1 491//1
f 491//42 492//42 493//42
f 492//42 494//42 493//42
f 493//44 494//44 495//44
f 494//44 496//44 495//44
f 495//144 496//144 497//144
f 496//144 498//144 497//144
f 497//145 498//145 499//145
f 498//145 500//145 499//145
f 499//48 500//48 501//48
f 500//48 502//48 501//48
f 501//49 502//49 503//49
f 502//49 504//49 503//49
f 503//50 504//50 505//50
f 504//50 506//50 505//50
f 505//51 506//51 507//51
f 506//51 508//51 507//51
f 507//52 508//52 509//52
f 508//52 510//52 509//52
f 509//118 510//118 511//118
f 510//118 512//118 511//118
f 511//54 512//54 513//54
f 512//54 514//54 513//54
f 513//55 514//55 515//55
f 514//55 516//55 515//55
f 515//56 516//56 517//56
f 516//56 518//56 517//56
f 517//57 518//57 461//57
f 518//57 462//57 461//57
f 519//1 520//1 521//1
f 522//1 523//1 524//1
f 523//1 525//1 524//1
f 520//1 526//1 521//1
f 526//1 527//1 521//1
f 521//1 527//1 528//1
f 528//1 529//1 521//1
f 529//1 530//1 521//1
f 521//1 530//1 460//1
f 530//158 531//158 460//158
f 525//1 532//1 524//1
f 532//134 533//134 524//134
f 524//1 533//1 521//1
f 533//158 534//158 521//158
f 521//1 534//1 519//1
f 531//1 535//1 460//1
f 535//1 536//1 460//1
f 460//1 536//1 537//1
f 538//1 539//1 459//1
f 459//1 540//1 524//1
f 540//1 541//1 524//1
f 524//1 541//1 542//1
f 542//1 543//1 524//1
f 543//1 544//1 524//1
f 524//1 544//1 522//1
f 538//1 459//1 545//1
f 539//1 546//1 459//1
f 546//1 547//1 459//1
f 459//1 547//1 540//1
f 537//1 548//1 460//1
f 548//1 549//1 460//1
f 460//1 549//1 459//1
f 549//1 550//1 459//1
f 459//1 550//1 545//1
f 551//22 524//22 552//22
f 524//22 521//22 552//22
f 437//1 553//1 438//1
f 553//1 554//1 438//1
f 555//11 556//11 557//11
f 437//11 558//11 553//11
f 558//11 559//11 553//11
f 553//11 559//11 557//11
f 559//11 560//11 557//11
f 557//11 560//11 555//11
f 524//11 551//11 459//11
f 551//11 561//11 459//11
f 459//11 561//11 457//11
f 457//11 561//11 455//11
f 561//11 562//11 455//11
f 455//11 562//11 453//11
f 562//11 563//11 453//11
f 453//11 563//11 451//11
f 563//11 564//11 451//11
f 451//11 564//11 449//11
f 564//11 565//11 449//11
f 449//11 565//11 447//11
f 565//11 566//11 447//11
f 447//11 566//11 445//11
f 566//11 567//11 445//11
f 445//11 567//11 443//11
f 567//11 568//11 443//11
f 443//11 568//11 441//11
f 568//11 569//11 441//11
f 441//11 569//11 439//11
f 569//11 556//11 439//11
f 439//11 556//11 437//11
f 556//11 555//11 437//11
f 437//11 555//11 558//11
f 350//2 349//2 561//2
f 349//2 348//2 561//2
f 561//2 345//2 570//2
f 345//2 373//2 570//2
f 570//2 373//2 372//2
f 348//2 347//2 561//2
f 347//2 346//2 561//2
f 561//2 346//2 345//2
f 372//2 371//2 570//2
f 371//2 370//2 570//2
f 570//2 370//2 369//2
f 369//2 368//2 570//2
f 368//2 367//2 570//2
f 570//2 367//2 552//2
f 367//159 366//159 552//159
f 552//2 366//2 365//2
f 365//2 364//2 552//2
f 364//2 363//2 552//2
f 552//2 363//2 362//2
f 358//2 357//2 551//2
f 362//2 361//2 552//2
f 361//2 360//2 552//2
f 552//2 360//2 551//2
f 360//2 359//2 551//2
f 551//2 359//2 358//2
f 357//2 356//2 551//2
f 356//2 355//2 551//2
f 551//2 355//2 354//2
f 354//2 353//2 551//2
f 353//160 352//160 551//160
f 551//2 352//2 561//2
f 352//2 351//2 561//2
f 561//2 351//2 350//2
f 518//20 516//20 554//20
f 516//20 514//20 554//20
f 514//20 512//20 554//20
f 554//20 512//20 510//20
f 474//20 472//20 553//20
f 472//20 470//20 553//20
f 553//20 470//20 468//20
f 502//20 500//20 571//20
f 500//20 498//20 571//20
f 571//20 498//20 496//20
f 482//20 480//20 557//20
f 480//20 478//20 557//20
f 557//20 478//20 553//20
f 478//20 476//20 553//20
f 553//20 476//20 474//20
f 468//20 466//20 553//20
f 466//20 464//20 553//20
f 553//20 464//20 554//20
f 464//20 462//20 554//20
f 554//20 462//20 518//20
f 510//20 508//20 554//20
f 508//20 506//20 554//20
f 554//20 506//20 571//20
f 506//20 504//20 571//20
f 571//20 504//20 502//20
f 496//20 494//20 571//20
f 494//20 492//20 571//20
f 571//20 492//20 557//20
f 492//20 490//20 557//20
f 557//20 490//20 488//20
f 488//20 486//20 557//20
f 486//20 484//20 557//20
f 557//20 484//20 482//20
f 557//2 556//2 571//2
f 556//2 572//2 571//2
f 561//161 570//161 573//161
f 561//161 573//161 562//161
f 573//162 574//162 562//162
f 562//162 574//162 563//162
f 574//163 575//163 563//163
f 563//163 575//163 564//163
f 575//164 576//164 564//164
f 564//164 576//164 565//164
f 576//165 577//165 565//165
f 565//165 577//165 566//165
f 577//166 578//166 566//166
f 566//166 578//166 567//166
f 578//167 579//167 567//167
f 567//167 579//167 568//167
f 579//168 580//168 568//168
f 568//168 580//168 569//168
f 580//169 572//169 569//169
f 569//169 572//169 556//169
f 434//2 433//2 558//2
f 433//2 559//2 558//2
f 519//71 534//71 299//71
f 534//72 533//72 299//72
f 299//73 533//73 297//73
f 533//74 532//74 297//74
f 297//75 532//75 295//75
f 532//75 525//75 295//75
f 295//77 525//77 293//77
f 525//77 523//77 293//77
f 293//78 523//78 291//78
f 523//78 522//78 291//78
f 291//138 522//138 289//138
f 522//138 544//138 289//138
f 289//81 544//81 287//81
f 544//81 543//81 287//81
f 287//83 543//83 343//83
f 543//137 542//137 343//137
f 343//85 542//85 341//85
f 542//85 541//85 341//85
f 341//87 541//87 339//87
f 541//87 540//87 339//87
f 339//88 540//88 337//88
f 540//89 547//89 337//89
f 337//170 547//170 335//170
f 547//90 546//90 335//90
f 335//91 546//91 333//91
f 546//91 539//91 333//91
f 333//92 539//92 331//92
f 539//92 538//92 331//92
f 331//171 538//171 329//171
f 538//93 545//93 329//93
f 329//94 545//94 327//94
f 545//94 550//94 327//94
f 327//95 550//95 325//95
f 550//95 549//95 325//95
f 325//96 549//96 323//96
f 549//96 548//96 323//96
f 323//98 548//98 321//98
f 548//98 537//98 321//98
f 321//100 537//100 319//100
f 537//100 536//100 319//100
f 319//172 536//172 317//172
f 536//101 535//101 317//101
f 317//102 535//102 315//102
f 535//102 531//102 315//102
f 315//104 531//104 313//104
f 531//105 530//105 313//105
f 313//106 530//106 311//106
f 530//107 529//107 311//107
f 311//173 529//173 309//173
f 529//173 528//173 309//173
f 309//111 528//111 307//111
f 528//111 527//111 307//111
f 307//112 527//112 305//112
f 527//112 526//112 305//112
f 305//114 526//114 303//114
f 526//114 520//114 303//114
f 303//115 520//115 301//115
f 520//115 519//115 301//115
f 301//71 519//71 299//71
f 570//21 552//21 521//21
f 521//21 460//21 570//21
f 460//21 458//21 570//21
f 570//21 458//21 573//21
f 458//21 456//21 573//21
f 573//21 456//21 574//21
f 456//21 454//21 574//21
f 574//21 454//21 575//21
f 454//21 452//21 575//21
f 575//21 452//21 576//21
f 452//21 450//21 576//21
f 576//21 450//21 577//21
f 450//21 448//21 577//21
f 577//21 448//21 578//21
f 448//21 446//21 578//21
f 578//21 446//21 579//21
f 446//21 444//21 579//21
f 579//21 444//21 580//21
f 444//21 442//21 580//21
f 580//21 442//21 572//21
f 442//21 440//21 572//21
f 572//21 440//21 571//21
f 440//21 438//21 571//21
f 571//21 438//21 554//21
f 479//22 481//22 560//22
f 481//22 483//22 560//22
f 560//22 483//22 485//22
f 485//22 487//22 560//22
f 487//174 489//174 560//174
f 560//22 489//22 435//22
f 489//22 491//22 435//22
f 435//22 491//22 493//22
f 433//22 507//22 509//22
f 509//22 511//22 433//22
f 511//22 513//22 433//22
f 433//22 513//22 515//22
f 559//22 475//22 560//22
f 475//22 477//22 560//22
f 560//22 477//22 479//22
f 493//22 495//22 435//22
f 495//22 497//22 435//22
f 435//22 497//22 499//22
f 499//22 501//22 435//22
f 501//22 503//22 435//22
f 435//22 503//22 433//22
f 503//22 505//22 433//22
f 433//22 505//22 507//22
f 469//22 559//22 467//22
f 559//22 465//22 467//22
f 469//22 471//22 559//22
f 471//22 473//22 559//22
f 559//22 473//22 475//22
f 515//22 517//22 433//22
f 517//22 461//22 433//22
f 433//22 461//22 559//22
f 461//22 463//22 559//22
f 559//22 463//22 465//22
f 429//20 427//20 434//20
f 427//20 425//20 434//20
f 434//20 425//20 423//20
f 415//20 413//20 436//20
f 399//20 397//20 555//20
f 397//20 395//20 555//20
f 558//20 387//20 385//20
f 385//20 383//20 558//20
f 383//20 381//20 558//20
f 558//20 381//20 379//20
f 413//20 411//20 436//20
f 411//20 409//20 436//20
f 436//20 409//20 407//20
f 395//20 393//20 555//20
f 393//20 391//20 555//20
f 555//20 391//20 558//20
f 391//20 389//20 558//20
f 558//20 389//20 387//20
f 379//20 377//20 558//20
f 377//20 375//20 558//20
f 558//20 375//20 434//20
f 375//20 431//20 434//20
f 434//20 431//20 429//20
f 423//20 421//20 434//20
f 421//20 419//20 434//20
f 434//20 419//20 436//20
f 419//20 417//20 436//20
f 436//20 417//20 415//20
f 407//20 405//20 436//20
f 405//20 403//20 436//20
f 436//20 403//20 555//20
f 403//20 401//20 555//20
f 555//20 401//20 399//20
f 435//1 436//1 560//1
f 436//1 555//1 560//1
f 581//22 582//22 583//22
f 582//22 584//22 583//22
f 585//116 586//116 587//116
f 586//25 588//25 587//25
f 587//26 588//26 589//26
f 588//26 590//26 589//26
f 589//117 590//117 591//117
f 590//117 592//117 591//117
f 591//28 592//28 593//28
f 592//29 594//29 593//29
f 593//30 594//30 595//30
f 594//30 596//30 595//30
f 595//31 596//31 597//31
f 596//31 598//31 597//31
f 597//32 598//32 599//32
f 598//32 600//32 599//32
f 599//33 600//33 601//33
f 600//33 602//33 601//33
f 601//34 602//34 603//34
f 602//34 604//34 603//34
f 603//142 604//142 605//142
f 604//142 606//142 605//142
f 605//37 606//37 607//37
f 606//37 608//37 607//37
f 607//38 608//38 609//38
f 608//38 610//38 609//38
f 609//40 610//40 611//40
f 610//40 612//40 611//40
f 611//41 612//41 613//41
f 612//41 614//41 613//41
f 613//1 614//1 615//1
f 614//1 616//1 615//1
f 615//42 616//42 617//42
f 616//42 618//42 617//42
f 617//43 618//43 619//43
f 618//43 620//43 619//43
f 619//45 620//45 621//45
f 620//45 622//45 621//45
f 621//145 622//145 623//145
f 622//145 624//145 623//145
f 623//175 624//175 625//175
f 624//48 626//48 625//48
f 625//49 626//49 627//49
f 626//49 628//49 627//49
f 627//50 628//50 629//50
f 628//50 630//50 629//50
f 629//51 630//51 631//51
f 630//51 632//51 631//51
f 631//52 632//52 633//52
f 632//52 634//52 633//52
f 633//118 634//118 635//118
f 634//53 636//53 635//53
f 635//54 636//54 637//54
f 636//176 638//176 637//176
f 637//55 638//55 639//55
f 638//55 640//55 639//55
f 639//56 640//56 641//56
f 640//56 642//56 641//56
f 641//57 642//57 585//57
f 642//120 586//120 585//120
f 585//20 587//20 643//20
f 585//20 643//20 641//20
f 635//20 637//20 643//20
f 637//20 639//20 643//20
f 643//20 639//20 641//20
f 629//20 631//20 643//20
f 631//20 633//20 643//20
f 643//20 633//20 635//20
f 623//20 625//20 643//20
f 625//20 627//20 643//20
f 643//20 627//20 629//20
f 617//20 619//20 643//20
f 619//20 621//20 643//20
f 643//20 621//20 623//20
f 611//20 613//20 643//20
f 613//20 615//20 643//20
f 643//20 615//20 617//20
f 605//20 607//20 643//20
f 607//20 609//20 643//20
f 643//20 609//20 611//20
f 599//20 601//20 643//20
f 601//20 603//20 643//20
f 643//20 603//20 605//20
f 593//20 595//20 643//20
f 595//20 597//20 643//20
f 643//20 597//20 599//20
f 587//20 589//20 643//20
f 589//20 591//20 643//20
f 643//20 591//20 593//20
f 644//11 645//11 646//11
f 645//11 647//11 646//11
f 648//133 649//133 650//133
f 649//133 651//133 650//133
f 652//177 653//177 654//177
f 652//177 654//177 655//177
f 654//178 656//178 655//178
f 655//178 656//178 657//178
f 656//179 658//179 657//179
f 657//179 658//179 659//179
f 658//180 660//180 659//180
f 659//180 660//180 661//180
f 663//181 665//181 664//181
f 664//181 665//181 666//181
f 665//182 667//182 666//182
f 666//182 667//182 668//182
f 668//1 669//1 670//1
f 669//1 671//1 670//1
f 670//1 671//1 672//1
f 671//1 650//1 672//1
f 650//1 651//1 672//1
f 672//1 651//1 667//1
f 651//1 583//1 667//1
f 667//1 583//1 668//1
f 583//1 584//1 668//1
f 668//1 584//1 669//1
f 582//132 673//132 584//132
f 673//132 669//132 584//132
f 674//22 670//22 675//22
f 670//22 672//22 675//22
f 644//1 646//1 676//1
f 646//1 677//1 676//1
f 678//94 679//94 680//94
f 679//94 681//94 680//94
f 680//93 681//93 682//93
f 681//171 683//171 682//171
f 682//92 683//92 684//92
f 683//183 685//183 684//183
f 684//91 685//91 686//91
f 685//91 687//91 686//91
f 686//90 687//90 688//90
f 687//90 689//90 688//90
f 688//89 689//89 690//89
f 689//136 691//136 690//136
f 690//87 691//87 692//87
f 691//87 693//87 692//87
f 692//85 693//85 694//85
f 693//85 695//85 694//85
f 694//84 695//84 696//84
f 695//83 697//83 696//83
f 696//82 697//82 698//82
f 697//81 699//81 698//81
f 698//79 699//79 700//79
f 699//138 701//138 700//138
f 700//78 701//78 702//78
f 701//78 703//78 702//78
f 702//77 703//77 704//77
f 703//77 705//77 704//77
f 704//75 705//75 706//75
f 705//75 707//75 706//75
f 706//74 707//74 708//74
f 707//74 709//74 708//74
f 708//72 709//72 710//72
f 709//72 711//72 710//72
f 710//71 711//71 712//71
f 711//71 713//71 712//71
f 712//115 713//115 714//115
f 713//115 715//115 714//115
f 714//114 715//114 716//114
f 715//114 717//114 716//114
f 716//112 717//112 718//112
f 717//112 719//112 718//112
f 718//111 719//111 720//111
f 719//111 721//111 720//111
f 720//108 721//108 722//108
f 721//173 723//173 722//173
f 722//107 723//107 724//107
f 723//106 725//106 724//106
f 724//105 725//105 726//105
f 725//104 727//104 726//104
f 726//102 727//102 728//102
f 727//184 729//184 728//184
f 728//101 729//101 730//101
f 729//101 731//101 730//101
f 730//100 731//100 732//100
f 731//100 733//100 732//100
f 732//98 733//98 734//98
f 733//98 735//98 734//98
f 734//97 735//97 736//97
f 735//96 737//96 736//96
f 736//95 737//95 678//95
f 737//95 679//95 678//95
f 738//20 648//20 671//20
f 648//20 650//20 671//20
f 652//1 739//1 653//1
f 739//1 740//1 653//1
f 668//11 670//11 674//11
f 741//11 677//11 742//11
f 677//11 743//11 742//11
f 741//11 744//11 677//11
f 744//11 745//11 677//11
f 677//11 745//11 676//11
f 676//11 745//11 746//11
f 745//11 739//11 746//11
f 746//11 739//11 743//11
f 739//11 652//11 743//11
f 743//11 652//11 742//11
f 655//11 747//11 652//11
f 747//11 748//11 652//11
f 652//11 748//11 742//11
f 674//11 749//11 668//11
f 749//11 750//11 668//11
f 668//11 750//11 666//11
f 750//11 751//11 666//11
f 666//11 751//11 664//11
f 751//11 752//11 664//11
f 753//11 754//11 662//11
f 662//11 754//11 661//11
f 754//11 755//11 661//11
f 661//11 755//11 659//11
f 755//11 747//11 659//11
f 659//11 747//11 657//11
f 747//11 655//11 657//11
f 756//20 757//20 740//20
f 757//20 758//20 740//20
f 758//20 759//20 740//20
f 740//20 759//20 760//20
f 761//20 762//20 739//20
f 762//20 763//20 739//20
f 739//20 763//20 764//20
f 765//20 766//20 767//20
f 766//20 768//20 767//20
f 767//20 768//20 769//20
f 770//20 771//20 745//20
f 771//20 772//20 745//20
f 745//20 772//20 739//20
f 772//20 773//20 739//20
f 739//20 773//20 761//20
f 764//20 774//20 739//20
f 774//20 775//20 739//20
f 739//20 775//20 740//20
f 775//20 776//20 740//20
f 740//20 776//20 756//20
f 760//20 777//20 740//20
f 777//20 778//20 740//20
f 740//20 778//20 767//20
f 778//20 779//20 767//20
f 767//20 779//20 765//20
f 769//20 780//20 767//20
f 780//20 781//20 767//20
f 767//20 781//20 745//20
f 781//20 782//20 745//20
f 745//20 782//20 783//20
f 783//20 784//20 745//20
f 784//20 785//20 745//20
f 745//20 785//20 770//20
f 717//2 715//2 675//2
f 735//2 733//2 786//2
f 733//2 731//2 786//2
f 731//2 729//2 786//2
f 729//2 727//2 786//2
f 786//2 727//2 675//2
f 727//2 725//2 675//2
f 675//2 725//2 723//2
f 707//2 705//2 674//2
f 674//2 693//2 749//2
f 693//2 691//2 749//2
f 749//2 691//2 689//2
f 689//2 687//2 749//2
f 687//2 685//2 749//2
f 749//2 685//2 683//2
f 683//2 681//2 749//2
f 681//2 679//2 749//2
f 749//2 679//2 786//2
f 679//2 737//2 786//2
f 786//2 737//2 735//2
f 723//2 721//2 675//2
f 721//2 719//2 675//2
f 675//2 719//2 717//2
f 705//2 703//2 674//2
f 703//2 701//2 674//2
f 674//2 701//2 699//2
f 699//2 697//2 674//2
f 697//2 695//2 674//2
f 674//2 695//2 693//2
f 715//2 713//2 675//2
f 713//2 711//2 675//2
f 675//2 711//2 674//2
f 711//2 709//2 674//2
f 674//2 709//2 707//2
f 673//58 738//58 669//58
f 738//58 671//58 669//58
f 745//2 744//2 767//2
f 744//2 787//2 767//2
f 649//59 581//59 651//59
f 581//59 583//59 651//59
f 749//185 786//185 750//185
f 786//185 788//185 750//185
f 750//186 788//186 751//186
f 788//186 789//186 751//186
f 751//187 789//187 752//187
f 789//187 790//187 752//187
f 752//188 790//188 753//188
f 790//188 791//188 753//188
f 753//189 791//189 754//189
f 755//190 792//190 747//190
f 792//190 793//190 747//190
f 747//191 793//191 748//191
f 793//191 794//191 748//191
f 748//192 794//192 742//192
f 794//192 795//192 742//192
f 742//193 795//193 741//193
f 795//193 796//193 741//193
f 741//194 796//194 744//194
f 796//194 787//194 744//194
f 722//1 724//1 649//1
f 712//1 714//1 648//1
f 690//1 692//1 673//1
f 700//1 702//1 738//1
f 702//1 704//1 738//1
f 704//1 706//1 738//1
f 706//1 708//1 738//1
f 738//1 708//1 648//1
f 708//1 710//1 648//1
f 648//1 710//1 712//1
f 714//1 716//1 648//1
f 716//1 718//1 648//1
f 648//1 718//1 649//1
f 718//1 720//1 649//1
f 649//1 720//1 722//1
f 581//1 678//1 582//1
f 678//1 680//1 582//1
f 582//1 680//1 682//1
f 682//1 684//1 582//1
f 684//1 686//1 582//1
f 582//1 686//1 673//1
f 686//1 688//1 673//1
f 673//1 688//1 690//1
f 692//1 694//1 673//1
f 694//1 696//1 673//1
f 673//1 696//1 738//1
f 696//134 698//134 738//134
f 738//1 698//1 700//1
f 724//1 726//1 649//1
f 726//1 728//1 649//1
f 649//1 728//1 581//1
f 728//1 730//1 581//1
f 581//1 730//1 732//1
f 732//1 734//1 581//1
f 734//1 736//1 581//1
f 581//1 736//1 678//1
f 675//21 672//21 786//21
f 672//21 667//21 786//21
f 786//21 667//21 788//21
f 788//21 667//21 789//21
f 667//21 665//21 789//21
f 789//21 665//21 790//21
f 665//21 663//21 790//21
f 790//21 663//21 791//21
f 792//21 660//21 793//21
f 660//21 658//21 793//21
f 793//21 658//21 794//21
f 658//21 656//21 794//21
f 794//21 656//21 795//21
f 656//21 654//21 795//21
f 795//21 654//21 796//21
f 654//21 653//21 796//21
f 796//21 653//21 787//21
f 653//21 740//21 787//21
f 787//21 740//21 767//21
f 797//22 798//22 676//22
f 798//22 799//22 676//22
f 676//22 799//22 800//22
f 800//22 801//22 676//22
f 801//174 802//174 676//174
f 676//22 802//22 644//22
f 802//22 803//22 644//22
f 644//22 803//22 804//22
f 645//22 805//22 806//22
f 806//22 807//22 645//22
f 807//22 808//22 645//22
f 645//22 808//22 809//22
f 746//22 810//22 676//22
f 810//22 811//22 676//22
f 676//22 811//22 797//22
f 804//22 812//22 644//22
f 812//22 813//22 644//22
f 644//22 813//22 814//22
f 814//22 815//22 644//22
f 815//22 816//22 644//22
f 644//22 816//22 645//22
f 816//22 817//22 645//22
f 645//22 817//22 805//22
f 818//22 746//22 819//22
f 746//22 820//22 819//22
f 818//22 821//22 746//22
f 821//22 822//22 746//22
f 746//22 822//22 810//22
f 809//22 823//22 645//22
f 823//22 824//22 645//22
f 645//22 824//22 746//22
f 824//22 825//22 746//22
f 746//22 825//22 820//22
f 824//25 776//25 825//25
f 776//25 775//25 825//25
f 825//26 775//26 820//26
f 775//26 774//26 820//26
f 820//117 774//117 819//117
f 774//117 764//117 819//117
f 819//28 764//28 818//28
f 764//29 763//29 818//29
f 818//30 763//30 821//30
f 763//30 762//30 821//30
f 821//31 762//31 822//31
f 762//31 761//31 822//31
f 822//32 761//32 810//32
f 761//32 773//32 810//32
f 810//33 773//33 811//33
f 773//33 772//33 811//33
f 811//34 772//34 797//34
f 772//34 771//34 797//34
f 797//142 771//142 798//142
f 771//142 770//142 798//142
f 798//37 770//37 799//37
f 770//37 785//37 799//37
f 799//38 785//38 800//38
f 785//38 784//38 800//38
f 800//40 784//40 801//40
f 784//40 783//40 801//40
f 801//195 783//195 802//195
f 783//41 782//41 802//41
f 802//1 782//1 803//1
f 782//1 781//1 803//1
f 803//42 781//42 804//42
f 781//196 780//196 804//196
f 804//43 780//43 812//43
f 780//43 769//43 812//43
f 812//45 769//45 813//45
f 769//46 768//46 813//46
f 813//145 768//145 814//145
f 768//145 766//145 814//145
f 814//48 766//48 815//48
f 766//48 765//48 815//48
f 815//49 765//49 816//49
f 765//49 779//49 816//49
f 816//50 779//50 817//50
f 779//50 778//50 817//50
f 817//51 778//51 805//51
f 778//51 777//51 805//51
f 805//52 777//52 806//52
f 777//52 760//52 806//52
f 806//53 760//53 807//53
f 760//53 759//53 807//53
f 807//176 759//176 808//176
f 759//54 758//54 808//54
f 808//55 758//55 809//55
f 758//55 757//55 809//55
f 809//56 757//56 823//56
f 757//56 756//56 823//56
f 823//57 756//57 824//57
f 756//57 776//57 824//57
f 640//20 638//20 647//20
f 638//20 636//20 647//20
f 647//20 636//20 634//20
f 626//20 624//20 646//20
f 610//20 608//20 677//20
f 608//20 606//20 677//20
f 743//20 598//20 596//20
f 596//20 594//20 743//20
f 594//20 592//20 743//20
f 743//20 592//20 590//20
f 624//20 622//20 646//20
f 622//20 620//20 646//20
f 646//20 620//20 618//20
f 606//20 604//20 677//20
f 604//20 602//20 677//20
f 677//20 602//20 743//20
f 602//20 600//20 743//20
f 743//20 600//20 598//20
f 590//20 588//20 743//20
f 588//20 586//20 743//20
f 743//20 586//20 647//20
f 586//20 642//20 647//20
f 647//20 642//20 640//20
f 634//20 632//20 647//20
f 632//20 630//20 647//20
f 647//20 630//20 646//20
f 630//20 628//20 646//20
f 646//20 628//20 626//20
f 618//20 616//20 646//20
f 616//20 614//20 646//20
f 646//20 614//20 677//20
f 614//20 612//20 677//20
f 677//20 612//20 610//20
f 647//2 645//2 743//2
f 645//2 746//2 743//2
f 826//25 827//25 828//25
f 827//25 829//25 828//25
f 828//26 829//26 830//26
f 829//26 831//26 830//26
f 830//117 831//117 832//117
f 831//117 833//117 832//117
f 832//29 833//29 834//29
f 833//29 835//29 834//29
f 834//30 835//30 836//30
f 835//30 837//30 836//30
f 836//31 837//31 838//31
f 837//31 839//31 838//31
f 838//32 839//32 840//32
f 839//32 841//32 840//32
f 840//33 841//33 842//33
f 841//33 843//33 842//33
f 842//35 843//35 844//35
f 843//35 845//35 844//35
f 844//36 845//36 846//36
f 845//36 847//36 846//36
f 846//37 847//37 848//37
f 847//37 849//37 848//37
f 848//143 849//143 850//143
f 849//143 851//143 850//143
f 850//39 851//39 852//39
f 851//197 853//197 852//197
f 852//41 853//41 854//41
f 853//41 855//41 854//41
f 854//1 855//1 856//1
f 855//1 857//1 856//1
f 856//42 857//42 858//42
f 857//42 859//42 858//42
f 858//198 859//198 860//198
f 859//44 861//44 860//44
f 860//144 861//144 862//144
f 861//144 863//144 862//144
f 862//145 863//145 864//145
f 863//145 865//145 864//145
f 864//48 865//48 866//48
f 865//48 867//48 866//48
f 866//49 867//49 868//49
f 867//49 869//49 868//49
f 868//50 869//50 870//50
f 869//50 871//50 870//50
f 870//51 871//51 872//51
f 871//51 873//51 872//51
f 872//52 873//52 874//52
f 873//52 875//52 874//52
f 874//118 875//118 876//118
f 875//118 877//118 876//118
f 876//54 877//54 878//54
f 877//54 879//54 878//54
f 878//119 879//119 880//119
f 879//119 881//119 880//119
f 880//56 881//56 882//56
f 881//56 883//56 882//56
f 882//57 883//57 826//57
f 883//57 827//57 826//57
f 826//20 828//20 884//20
f 826//20 884//20 882//20
f 876//20 878//20 884//20
f 878//20 880//20 884//20
f 884//20 880//20 882//20
f 870//20 872//20 884//20
f 872//20 874//20 884//20
f 884//20 874//20 876//20
f 864//20 866//20 884//20
f 866//20 868//20 884//20
f 884//20 868//20 870//20
f 858//20 860//20 884//20
f 860//20 862//20 884//20
f 884//20 862//20 864//20
f 852//20 854//20 884//20
f 854//20 856//20 884//20
f 884//20 856//20 858//20
f 846//20 848//20 884//20
f 848//20 850//20 884//20
f 884//20 850//20 852//20
f 840//20 842//20 884//20
f 842//20 844//20 884//20
f 884//20 844//20 846//20
f 834//20 836//20 884//20
f 836//20 838//20 884//20
f 884//20 838//20 840//20
f 828//20 830//20 884//20
f 830//20 832//20 884//20
f 884//20 832//20 834//20
f 885//21 886//21 887//21
f 886//21 888//21 887//21
f 888//1 886//1 889//1
f 886//1 890//1 889//1
f 885//2 887//2 891//2
f 887//2 892//2 891//2
f 893//2 894//2 895//2
f 894//2 896//2 895//2
f 895//2 896//2 897//2
f 897//2 898//2 895//2
f 898//2 899//2 895//2
f 895//2 899//2 900//2
f 901//2 902//2 903//2
f 900//2 904//2 895//2
f 904//2 905//2 895//2
f 895//2 905//2 906//2
f 905//159 907//159 906//159
f 906//2 907//2 908//2
f 908//2 909//2 906//2
f 909//2 910//2 906//2
f 906//2 910//2 911//2
f 911//2 912//2 906//2
f 912//2 913//2 906//2
f 906//2 913//2 903//2
f 913//2 914//2 903//2
f 903//2 914//2 901//2
f 902//2 915//2 903//2
f 915//2 916//2 903//2
f 903//2 916//2 917//2
f 917//2 918//2 903//2
f 918//160 919//160 903//160
f 903//2 919//2 893//2
f 919//2 920//2 893//2
f 920//2 921//2 893//2
f 921//2 922//2 893//2
f 893//2 922//2 923//2
f 923//2 924//2 893//2
f 924//2 925//2 893//2
f 893//2 925//2 894//2
f 926//22 890//22 927//22
f 890//22 886//22 927//22
f 927//22 886//22 928//22
f 886//22 929//22 928//22
f 926//22 930//22 890//22
f 930//22 931//22 890//22
f 890//22 931//22 932//22
f 891//22 890//22 933//22
f 933//22 934//22 891//22
f 934//22 935//22 891//22
f 891//22 935//22 936//22
f 936//22 937//22 891//22
f 937//22 938//22 891//22
f 891//22 938//22 939//22
f 939//22 940//22 891//22
f 940//22 941//22 891//22
f 891//22 941//22 885//22
f 941//22 942//22 885//22
f 885//22 942//22 943//22
f 932//22 944//22 890//22
f 944//22 945//22 890//22
f 890//22 945//22 933//22
f 943//22 946//22 885//22
f 946//22 947//22 885//22
f 885//22 947//22 948//22
f 948//22 949//22 885//22
f 949//22 950//22 885//22
f 885//22 950//22 886//22
f 950//22 951//22 886//22
f 886//22 951//22 952//22
f 952//22 953//22 886//22
f 953//22 954//22 886//22
f 886//22 954//22 929//22
f 955//2 956//2 957//2
f 956//2 958//2 957//2
f 959//20 960//20 961//20
f 960//20 962//20 961//20
f 961//20 962//20 963//20
f 964//20 965//20 959//20
f 964//20 959//20 966//20
f 967//20 968//20 955//20
f 968//20 969//20 955//20
f 955//20 969//20 970//20
f 970//20 971//20 955//20
f 971//20 972//20 955//20
f 955//20 972//20 959//20
f 972//20 973//20 959//20
f 959//20 973//20 966//20
f 965//20 974//20 959//20
f 974//20 975//20 959//20
f 959//20 975//20 960//20
f 961//20 976//20 977//20
f 978//20 979//20 957//20
f 979//20 980//20 957//20
f 957//20 980//20 955//20
f 980//20 981//20 955//20
f 955//20 981//20 967//20
f 963//20 982//20 961//20
f 982//20 983//20 961//20
f 961//20 983//20 976//20
f 977//20 984//20 961//20
f 984//20 985//20 961//20
f 961//20 985//20 957//20
f 985//20 986//20 957//20
f 957//20 986//20 987//20
f 987//20 988//20 957//20
f 988//20 989//20 957//20
f 957//20 989//20 978//20
f 990//1 991//1 992//1
f 991//1 993//1 992//1
f 992//1 993//1 994//1
f 995//1 996//1 997//1
f 998//1 999//1 1000//1
f 999//1 1001//1 1000//1
f 994//1 1002//1 992//1
f 1002//1 1003//1 992//1
f 992//1 1003//1 995//1
f 1003//1 1004//1 995//1
f 995//1 1004//1 996//1
f 1001//1 1005//1 1000//1
f 1005//1 1006//1 1000//1
f 1000//1 1006//1 992//1
f 1006//1 1007//1 992//1
f 992//1 1007//1 990//1
f 997//1 1008//1 995//1
f 1008//1 1009//1 995//1
f 995//1 1009//1 1010//1
f 1011//1 1012//1 1013//1
f 1014//1 1015//1 1013//1
f 1015//1 1016//1 1013//1
f 1013//1 1016//1 1000//1
f 1016//158 1017//158 1000//158
f 1000//1 1017//1 998//1
f 1010//1 1018//1 995//1
f 1018//1 1019//1 995//1
f 995//1 1019//1 1013//1
f 1019//1 1020//1 1013//1
f 1013//1 1020//1 1011//1
f 1012//1 1021//1 1013//1
f 1021//1 1022//1 1013//1
f 1013//1 1022//1 1014//1
f 893//199 895//199 1023//199
f 893//199 1023//199 1024//199
f 1023//200 1025//200 1024//200
f 1024//200 1025//200 1026//200
f 1025//201 1027//201 1026//201
f 1026//201 1027//201 1028//201
f 1027//202 1029//202 1028//202
f 1028//202 1029//202 1030//202
f 1029//203 1031//203 1030//203
f 1030//203 1031//203 1032//203
f 1031//204 1033//204 1032//204
f 1032//204 1033//204 1034//204
f 1033//205 1035//205 1034//205
f 1034//205 1035//205 1036//205
f 1035//206 1037//206 1036//206
f 1036//206 1037//206 1038//206
f 1037//207 1039//207 1038//207
f 1038//208 1039//208 1040//208
f 1039//209 958//209 1040//209
f 1040//209 958//209 956//209
f 895//21 906//21 1013//21
f 1041//21 1042//21 892//21
f 1042//21 1043//21 892//21
f 892//21 1043//21 961//21
f 958//21 1044//21 1041//21
f 1041//21 892//21 958//21
f 892//21 889//21 958//21
f 958//21 889//21 957//21
f 889//21 890//21 957//21
f 957//21 890//21 961//21
f 890//21 891//21 961//21
f 961//21 891//21 892//21
f 1013//21 1000//21 895//21
f 1000//21 1045//21 895//21
f 895//21 1045//21 1023//21
f 1045//21 1046//21 1023//21
f 1023//21 1046//21 1025//21
f 1046//21 1047//21 1025//21
f 1025//21 1047//21 1027//21
f 1047//21 1048//21 1027//21
f 958//21 1039//21 1044//21
f 1039//21 1037//21 1044//21
f 1044//21 1037//21 1049//21
f 1037//21 1035//21 1049//21
f 1049//21 1035//21 1050//21
f 1035//21 1033//21 1050//21
f 1050//21 1033//21 1051//21
f 1033//21 1031//21 1051//21
f 1051//21 1031//21 1048//21
f 1031//21 1029//21 1048//21
f 1048//21 1029//21 1027//21
f 1007//94 1052//94 990//94
f 1052//94 1053//94 990//94
f 990//171 1053//171 991//171
f 1053//171 1054//171 991//171
f 991//92 1054//92 993//92
f 1054//92 1055//92 993//92
f 993//91 1055//91 994//91
f 1055//91 1056//91 994//91
f 994//90 1056//90 1002//90
f 1056//170 1057//170 1002//170
f 1002//89 1057//89 1003//89
f 1057//88 1058//88 1003//88
f 1003//87 1058//87 1004//87
f 1058//87 1059//87 1004//87
f 1004//85 1059//85 996//85
f 1059//85 1060//85 996//85
f 996//137 1060//137 997//137
f 1060//83 1061//83 997//83
f 997//81 1061//81 1008//81
f 1061//81 1062//81 1008//81
f 1008//139 1062//139 1009//139
f 1062//138 1063//138 1009//138
f 1009//78 1063//78 1010//78
f 1063//78 1064//78 1010//78
f 1010//77 1064//77 1018//77
f 1064//77 1065//77 1018//77
f 1018//76 1065//76 1019//76
f 1065//75 1066//75 1019//75
f 1019//20 1066//20 1020//20
f 1066//20 1067//20 1020//20
f 1020//71 1067//71 1011//71
f 1067//71 1068//71 1011//71
f 1011//115 1068//115 1012//115
f 1068//115 1069//115 1012//115
f 1012//114 1069//114 1021//114
f 1069//114 1070//114 1021//114
f 1021//112 1070//112 1022//112
f 1070//112 1071//112 1022//112
f 1022//111 1071//111 1014//111
f 1071//111 1072//111 1014//111
f 1014//109 1072//109 1015//109
f 1072//109 1073//109 1015//109
f 1015//107 1073//107 1016//107
f 1073//106 1074//106 1016//106
f 1016//104 1074//104 1017//104
f 1074//105 1075//105 1017//105
f 1017//102 1075//102 998//102
f 1075//102 1076//102 998//102
f 998//172 1076//172 999//172
f 1076//101 1077//101 999//101
f 999//100 1077//100 1001//100
f 1077//210 1078//210 1001//210
f 1001//99 1078//99 1005//99
f 1078//98 1079//98 1005//98
f 1005//96 1079//96 1006//96
f 1079//96 1080//96 1006//96
f 1006//95 1080//95 1007//95
f 1080//95 1052//95 1007//95
f 1081//211 1043//211 1082//211
f 1043//211 1042//211 1082//211
f 1082//212 1042//212 1083//212
f 1042//212 1041//212 1083//212
f 1083//213 1041//213 1084//213
f 1041//213 1044//213 1084//213
f 1084//214 1044//214 1085//214
f 1044//214 1049//214 1085//214
f 1085//215 1049//215 1086//215
f 1049//215 1050//215 1086//215
f 1086//216 1050//216 1087//216
f 1050//216 1051//216 1087//216
f 1087//217 1051//217 1088//217
f 1051//217 1048//217 1088//217
f 1088//218 1048//218 1089//218
f 1048//218 1047//218 1089//218
f 1089//219 1047//219 1090//219
f 1047//219 1046//219 1090//219
f 1090//220 1046//220 1091//220
f 1046//220 1045//220 1091//220
f 1091//221 1045//221 992//221
f 1045//221 1000//221 992//221
f 1081//1 959//1 1043//1
f 959//1 961//1 1043//1
f 995//11 903//11 992//11
f 903//11 893//11 992//11
f 992//11 893//11 1091//11
f 1091//11 893//11 1090//11
f 893//11 1024//11 1090//11
f 1090//11 1024//11 1089//11
f 1024//11 1026//11 1089//11
f 1089//11 1026//11 1088//11
f 1026//11 1028//11 1088//11
f 1028//11 1030//11 1088//11
f 1088//11 1030//11 1087//11
f 1030//11 1032//11 1087//11
f 1087//11 1032//11 1086//11
f 1032//11 1034//11 1086//11
f 1086//11 1034//11 1085//11
f 1034//11 1036//11 1085//11
f 1085//11 1036//11 1084//11
f 1036//11 1038//11 1084//11
f 1084//11 1038//11 1083//11
f 1038//11 1040//11 1083//11
f 1083//11 1040//11 1082//11
f 1040//11 956//11 1082//11
f 1082//11 956//11 1081//11
f 956//11 955//11 1081//11
f 1081//11 955//11 959//11
f 1092//94 894//94 1093//94
f 894//94 925//94 1093//94
f 1093//93 925//93 1094//93
f 925//93 924//93 1094//93
f 1094//135 924//135 1095//135
f 924//92 923//92 1095//92
f 1095//91 923//91 1096//91
f 923//91 922//91 1096//91
f 1096//90 922//90 1097//90
f 922//90 921//90 1097//90
f 1097//89 921//89 1098//89
f 921//89 920//89 1098//89
f 1098//87 920//87 1099//87
f 920//87 919//87 1099//87
f 1099//85 919//85 1100//85
f 919//86 918//86 1100//86
f 1100//83 918//83 1101//83
f 918//137 917//137 1101//137
f 1101//81 917//81 1102//81
f 917//81 916//81 1102//81
f 1102//138 916//138 1103//138
f 916//139 915//139 1103//139
f 1103//78 915//78 1104//78
f 915//78 902//78 1104//78
f 1104//77 902//77 1105//77
f 902//77 901//77 1105//77
f 1105//75 901//75 1106//75
f 901//75 914//75 1106//75
f 1106//20 914//20 1107//20
f 914//20 913//20 1107//20
f 1107//71 913//71 1108//71
f 913//71 912//71 1108//71
f 1108//115 912//115 1109//115
f 912//115 911//115 1109//115
f 1109//114 911//114 1110//114
f 911//114 910//114 1110//114
f 1110//112 910//112 1111//112
f 910//112 909//112 1111//112
f 1111//222 909//222 1112//222
f 909//111 908//111 1112//111
f 1112//173 908//173 1113//173
f 908//173 907//173 1113//173
f 1113//106 907//106 1114//106
f 907//107 905//107 1114//107
f 1114//105 905//105 1115//105
f 905//105 904//105 1115//105
f 1115//184 904//184 1116//184
f 904//102 900//102 1116//102
f 1116//101 900//101 1117//101
f 900//172 899//172 1117//172
f 1117//100 899//100 1118//100
f 899//100 898//100 1118//100
f 1118//141 898//141 1119//141
f 898//98 897//98 1119//98
f 1119//97 897//97 1120//97
f 897//97 896//97 1120//97
f 1120//95 896//95 1092//95
f 896//95 894//95 1092//95
f 839//20 837//20 887//20
f 853//20 851//20 888//20
f 851//20 849//20 888//20
f 888//20 849//20 847//20
f 847//20 845//20 888//20
f 845//20 843//20 888//20
f 888//20 843//20 887//20
f 843//20 841//20 887//20
f 887//20 841//20 839//20
f 837//20 835//20 887//20
f 835//20 833//20 887//20
f 887//20 833//20 831//20
f 881//20 879//20 892//20
f 879//20 877//20 892//20
f 892//20 877//20 875//20
f 861//20 859//20 889//20
f 859//20 857//20 889//20
f 889//20 857//20 888//20
f 857//20 855//20 888//20
f 888//20 855//20 853//20
f 831//23 829//23 887//23
f 829//24 827//24 887//24
f 887//20 827//20 892//20
f 827//24 883//24 892//24
f 892//20 883//20 881//20
f 875//20 873//20 892//20
f 873//20 871//20 892//20
f 892//20 871//20 889//20
f 871//20 869//20 889//20
f 889//20 869//20 867//20
f 867//20 865//20 889//20
f 865//20 863//20 889//20
f 889//20 863//20 861//20
f 1063//2 1103//2 1064//2
f 1103//2 1104//2 1064//2
f 1064//2 1104//2 1065//2
f 1104//2 1105//2 1065//2
f 1065//2 1105//2 1066//2
f 1105//2 1106//2 1066//2
f 1066//2 1106//2 1067//2
f 1106//2 1107//2 1067//2
f 1067//2 1107//2 1068//2
f 1107//2 1108//2 1068//2
f 1068//2 1108//2 1069//2
f 1108//2 1109//2 1069//2
f 1069//2 1109//2 1070//2
f 1109//2 1110//2 1070//2
f 1070//2 1110//2 1071//2
f 1110//2 1111//2 1071//2
f 1071//2 1111//2 1072//2
f 1111//2 1112//2 1072//2
f 1072//2 1112//2 1073//2
f 1112//2 1113//2 1073//2
f 1073//2 1113//2 1074//2
f 1113//2 1114//2 1074//2
f 1074//2 1114//2 1075//2
f 1114//2 1115//2 1075//2
f 1075//2 1115//2 1076//2
f 1115//2 1116//2 1076//2
f 1076//2 1116//2 1077//2
f 1116//2 1117//2 1077//2
f 1077//2 1117//2 1078//2
f 1117//2 1118//2 1078//2
f 1078//2 1118//2 1079//2
f 1118//2 1119//2 1079//2
f 1079//2 1119//2 1080//2
f 1119//2 1120//2 1080//2
f 1080//2 1120//2 1052//2
f 1120//2 1092//2 1052//2
f 1052//2 1092//2 1053//2
f 1092//2 1093//2 1053//2
f 1053//2 1093//2 1054//2
f 1093//2 1094//2 1054//2
f 1054//2 1094//2 1055//2
f 1094//2 1095//2 1055//2
f 1055//2 1095//2 1056//2
f 1095//2 1096//2 1056//2
f 1056//2 1096//2 1057//2
f 1096//2 1097//2 1057//2
f 1057//2 1097//2 1058//2
f 1097//2 1098//2 1058//2
f 1058//2 1098//2 1059//2
f 1098//2 1099//2 1059//2
f 1059//2 1099//2 1060//2
f 1099//2 1100//2 1060//2
f 1060//2 1100//2 1061//2
f 1100//2 1101//2 1061//2
f 1061//2 1101//2 1062//2
f 1101//2 1102//2 1062//2
f 1062//2 1102//2 1063//2
f 1102//2 1103//2 1063//2
f 903//22 995//22 906//22
f 995//22 1013//22 906//22
f 941//25 962//25 942//25
f 962//25 960//25 942//25
f 942//26 960//26 943//26
f 960//26 975//26 943//26
f 943//117 975//117 946//117
f 975//117 974//117 946//117
f 946//29 974//29 947//29
f 974//29 965//29 947//29
f 947//30 965//30 948//30
f 965//30 964//30 948//30
f 948//31 964//31 949//31
f 964//31 966//31 949//31
f 949//32 966//32 950//32
f 966//32 973//32 950//32
f 950//33 973//33 951//33
f 973//33 972//33 951//33
f 951//35 972//35 952//35
f 972//35 971//35 952//35
f 952//36 971//36 953//36
f 971//36 970//36 953//36
f 953//37 970//37 954//37
f 970//37 969//37 954//37
f 954//143 969//143 929//143
f 969//143 968//143 929//143
f 929//197 968//197 928//197
f 968//39 967//39 928//39
f 928//41 967//41 927//41
f 967//41 981//41 927//41
f 927//1 981//1 926//1
f 981//1 980//1 926//1
f 926//42 980//42 930//42
f 980//42 979//42 930//42
f 930//44 979//44 931//44
f 979//198 978//198 931//198
f 931//144 978//144 932//144
f 978//144 989//144 932//144
f 932//145 989//145 944//145
f 989//145 988//145 944//145
f 944//48 988//48 945//48
f 988//48 987//48 945//48
f 945//49 987//49 933//49
f 987//49 986//49 933//49
f 933//50 986//50 934//50
f 986//50 985//50 934//50
f 934//51 985//51 935//51
f 985//51 984//51 935//51
f 935//52 984//52 936//52
f 984//52 977//52 936//52
f 936//118 977//118 937//118
f 977//118 976//118 937//118
f 937//54 976//54 938//54
f 976//54 983//54 938//54
f 938//119 983//119 939//119
f 983//119 982//119 939//119
f 939//56 982//56 940//56
f 982//56 963//56 940//56
f 940//57 963//57 941//57
f 963//57 962//57 941//57
f 1121//20 1122//20 1123//20
f 1122//20 1124//20 1123//20
f 1125//20 1126//20 1124//20
f 1126//20 1127//20 1124//20
f 1128//20 1129//20 1130//20
f 1129//20 1131//20 1130//20
f 1132//20 1133//20 1134//20
f 1135//20 1136//20 1137//20
f 1136//20 1138//20 1137//20
f 1137//20 1138//20 1139//20
f 1140//20 1124//20 1141//20
f 1124//20 1142//20 1141//20
f 1140//20 1143//20 1124//20
f 1143//20 1144//20 1124//20
f 1124//20 1144//20 1123//20
f 1133//20 1145//20 1134//20
f 1145//20 1146//20 1134//20
f 1134//20 1146//20 1147//20
f 1148//20 1149//20 1137//20
f 1149//20 1150//20 1137//20
f 1137//20 1150//20 1135//20
f 1151//20 1152//20 1153//20
f 1154//20 1155//20 1124//20
f 1155//20 1156//20 1124//20
f 1124//20 1156//20 1142//20
f 1148//24 1132//24 1149//24
f 1132//20 1134//20 1149//20
f 1149//20 1134//20 1124//20
f 1134//20 1157//20 1124//20
f 1124//20 1157//20 1125//20
f 1153//20 1158//20 1151//20
f 1158//20 1137//20 1151//20
f 1151//20 1137//20 1159//20
f 1137//20 1139//20 1159//20
f 1129//20 1160//20 1131//20
f 1160//20 1154//20 1131//20
f 1131//20 1154//20 1161//20
f 1154//20 1124//20 1161//20
f 1161//20 1124//20 1162//20
f 1124//20 1127//20 1162//20
f 1163//20 1164//20 1165//20
f 1165//20 1166//20 1163//20
f 1166//20 1134//20 1163//20
f 1163//20 1134//20 1167//20
f 1134//20 1147//20 1167//20
f 1124//223 1168//223 1149//223
f 1168//223 1169//223 1149//223
f 1149//224 1169//224 1150//224
f 1169//224 1170//224 1150//224
f 1150//225 1170//225 1135//225
f 1170//225 1171//225 1135//225
f 1135//226 1171//226 1136//226
f 1171//226 1172//226 1136//226
f 1136//227 1172//227 1138//227
f 1172//227 1173//227 1138//227
f 1138//228 1173//228 1139//228
f 1173//228 1174//228 1139//228
f 1139//229 1174//229 1159//229
f 1174//229 1175//229 1159//229
f 1159//230 1175//230 1151//230
f 1175//230 1176//230 1151//230
f 1151//231 1176//231 1152//231
f 1176//231 1177//231 1152//231
f 1178//232 1179//232 1158//232
f 1179//232 1137//232 1158//232
f 1137//233 1179//233 1148//233
f 1179//233 1180//233 1148//233
f 1148//234 1180//234 1132//234
f 1180//234 1181//234 1132//234
f 1132//235 1181//235 1133//235
f 1181//235 1182//235 1133//235
f 1133//236 1182//236 1145//236
f 1182//236 1183//236 1145//236
f 1145//237 1183//237 1146//237
f 1183//237 1184//237 1146//237
f 1146//238 1184//238 1147//238
f 1184//238 1185//238 1147//238
f 1147//239 1185//239 1167//239
f 1185//239 1186//239 1167//239
f 1167//240 1186//240 1163//240
f 1186//240 1187//240 1163//240
f 1163//241 1187//241 1164//241
f 1187//241 1188//241 1164//241
f 1189//242 1134//242 1190//242
f 1134//242 1166//242 1190//242
f 1134//243 1189//243 1157//243
f 1189//243 1191//243 1157//243
f 1157//244 1191//244 1125//244
f 1191//244 1192//244 1125//244
f 1125//245 1192//245 1126//245
f 1192//245 1193//245 1126//245
f 1126//246 1193//246 1127//246
f 1193//246 1194//246 1127//246
f 1127//247 1194//247 1162//247
f 1194//247 1195//247 1162//247
f 1162//248 1195//248 1161//248
f 1195//248 1196//248 1161//248
f 1161//249 1196//249 1131//249
f 1196//249 1197//249 1131//249
f 1131//250 1197//250 1130//250
f 1197//250 1198//250 1130//250
f 1130//232 1198//232 1128//232
f 1198//232 1199//232 1128//232
f 1160//231 1200//231 1201//231
f 1201//231 1202//231 1160//231
f 1202//251 1203//251 1160//251
f 1160//231 1203//231 1154//231
f 1203//231 1204//231 1154//231
f 1154//252 1204//252 1155//252
f 1204//252 1205//252 1155//252
f 1155//253 1205//253 1156//253
f 1205//254 1206//254 1156//254
f 1156//255 1206//255 1142//255
f 1206//255 1207//255 1142//255
f 1142//256 1207//256 1141//256
f 1207//256 1208//256 1141//256
f 1141//257 1208//257 1140//257
f 1208//257 1209//257 1140//257
f 1140//258 1209//258 1143//258
f 1209//258 1210//258 1143//258
f 1143//259 1210//259 1144//259
f 1210//259 1211//259 1144//259
f 1144//260 1211//260 1123//260
f 1211//260 1212//260 1123//260
f 1123//242 1212//242 1121//242
f 1212//242 1213//242 1121//242
f 1214//22 1215//22 1216//22
f 1215//22 1217//22 1216//22
f 1216//22 1217//22 1218//22
f 1214//22 1219//22 1215//22
f 1219//22 1220//22 1215//22
f 1215//22 1220//22 1221//22
f 1220//22 1222//22 1221//22
f 1221//22 1222//22 1223//22
f 1222//22 1224//22 1223//22
f 1223//22 1224//22 1225//22
f 1225//22 1226//22 1223//22
f 1226//22 1227//22 1223//22
f 1223//22 1227//22 1228//22
f 1227//22 1229//22 1228//22
f 1230//22 1231//22 1232//22
f 1232//22 1233//22 1230//22
f 1233//22 1234//22 1230//22
f 1230//22 1234//22 1235//22
f 1234//22 1236//22 1235//22
f 1235//22 1236//22 1217//22
f 1236//22 1237//22 1217//22
f 1217//22 1237//22 1218//22
f 1231//22 1230//22 1238//22
f 1230//22 1239//22 1238//22
f 1238//22 1239//22 1240//22
f 1229//22 1241//22 1228//22
f 1241//22 1242//22 1228//22
f 1228//22 1242//22 1243//22
f 1242//22 1244//22 1243//22
f 1243//22 1244//22 1245//22
f 1244//22 1246//22 1245//22
f 1245//22 1246//22 1247//22
f 1246//22 1248//22 1247//22
f 1247//22 1248//22 1249//22
f 1248//22 1250//22 1249//22
f 1249//22 1250//22 1251//22
f 1250//22 1252//22 1251//22
f 1251//22 1252//22 1253//22
f 1252//22 1254//22 1253//22
f 1253//22 1254//22 1255//22
f 1254//22 1256//22 1255//22
f 1256//22 1257//22 1255//22
f 1255//22 1257//22 1239//22
f 1257//22 1258//22 1239//22
f 1239//22 1258//22 1240//22
f 1259//2 1260//2 1261//2
f 1260//2 1262//2 1261//2
f 1261//2 1262//2 1263//2
f 1264//2 1265//2 1266//2
f 1265//2 1267//2 1266//2
f 1266//2 1267//2 1268//2
f 1267//2 1269//2 1268//2
f 1268//2 1269//2 1270//2
f 1271//2 1272//2 1264//2
f 1272//2 1260//2 1264//2
f 1264//2 1260//2 1265//2
f 1260//2 1259//2 1265//2
f 1265//2 1259//2 1273//2
f 1259//2 1274//2 1273//2
f 1273//2 1274//2 1275//2
f 1276//261 1277//261 1278//261
f 1277//262 1279//262 1278//262
f 1278//263 1279//263 1280//263
f 1279//263 1281//263 1280//263
f 1280//264 1281//264 1282//264
f 1281//265 1283//265 1282//265
f 1282//266 1283//266 1284//266
f 1283//266 1285//266 1284//266
f 1284//267 1285//267 1286//267
f 1285//267 1287//267 1286//267
f 1286//268 1287//268 1288//268
f 1287//268 1289//268 1288//268
f 1288//269 1289//269 1290//269
f 1289//269 1291//269 1290//269
f 1290//270 1291//270 1292//270
f 1291//270 1293//270 1292//270
f 1292//271 1293//271 1294//271
f 1293//271 1295//271 1294//271
f 1294//272 1295//272 1296//272
f 1295//273 1297//273 1296//273
f 1296//274 1297//274 1298//274
f 1297//275 1299//275 1298//275
f 1298//276 1299//276 1300//276
f 1299//276 1301//276 1300//276
f 1300//277 1301//277 1302//277
f 1301//277 1303//277 1302//277
f 1302//278 1303//278 1304//278
f 1303//278 1305//278 1304//278
f 1304//279 1305//279 1306//279
f 1305//279 776//279 1306//279
f 1306//280 776//280 1307//280
f 776//280 1308//280 1307//280
f 1307//281 1308//281 1309//281
f 1308//281 1310//281 1309//281
f 1309//282 1310//282 1311//282
f 1310//282 1312//282 1311//282
f 1311//283 1312//283 1313//283
f 1312//284 1314//284 1313//284
f 1313//285 1314//285 1315//285
f 1314//286 1316//286 1315//286
f 1315//287 1316//287 1317//287
f 1316//287 1318//287 1317//287
f 1317//288 1318//288 1319//288
f 1318//288 1320//288 1319//288
f 1319//289 1320//289 1321//289
f 1320//289 1322//289 1321//289
f 1321//290 1322//290 1323//290
f 1322//290 1324//290 1323//290
f 1323//291 1324//291 1325//291
f 1324//291 1326//291 1325//291
f 1325//292 1326//292 1327//292
f 1326//292 1328//292 1327//292
f 1327//293 1328//293 1329//293
f 1328//293 1330//293 1329//293
f 1329//294 1330//294 1331//294
f 1330//295 1332//295 1331//295
f 1331//296 1332//296 1333//296
f 1332//296 1334//296 1333//296
f 1333//297 1334//297 1276//297
f 1334//298 1277//298 1276//298
f 1335//22 1336//22 1337//22
f 1337//22 1336//22 1338//22
f 1336//22 1339//22 1338//22
f 1338//22 1339//22 1340//22
f 1341//22 1342//22 1343//22
f 1342//22 1344//22 1343//22
f 1343//22 1344//22 1345//22
f 1344//22 1338//22 1345//22
f 1345//22 1338//22 1346//22
f 1338//22 1340//22 1346//22
f 1347//22 1348//22 1349//22
f 1348//22 1342//22 1349//22
f 1349//22 1342//22 1350//22
f 1342//22 1341//22 1350//22
f 1347//22 1351//22 1348//22
f 1351//22 1352//22 1348//22
f 1348//22 1352//22 1353//22
f 1352//22 1354//22 1353//22
f 1353//22 1354//22 1355//22
f 1354//22 1356//22 1355//22
f 1355//22 1356//22 1357//22
f 1358//22 1359//22 1360//22
f 1359//22 1355//22 1360//22
f 1360//299 1355//299 1361//299
f 1355//22 1357//22 1361//22
f 1358//22 1362//22 1359//22
f 1362//22 1363//22 1359//22
f 1359//22 1363//22 1364//22
f 1363//22 1365//22 1364//22
f 1365//22 1366//22 1364//22
f 1364//22 1366//22 1367//22
f 1366//22 1368//22 1367//22
f 1367//22 1368//22 1369//22
f 1368//22 1370//22 1369//22
f 1369//22 1370//22 1371//22
f 1370//22 1372//22 1371//22
f 1371//22 1372//22 1373//22
f 1372//22 1374//22 1373//22
f 1373//22 1374//22 1375//22
f 1374//22 1376//22 1375//22
f 1375//22 1376//22 1377//22
f 1376//22 1378//22 1377//22
f 1377//22 1378//22 1337//22
f 1378//22 1379//22 1337//22
f 1337//22 1379//22 1335//22
f 1380//1 1381//1 1382//1
f 1381//1 1383//1 1382//1
f 1382//1 1383//1 1384//1
f 1383//1 1355//1 1384//1
f 1385//1 1386//1 1230//1
f 1386//1 1387//1 1230//1
f 1230//1 1387//1 1239//1
f 1388//1 1389//1 1390//1
f 1389//1 1391//1 1390//1
f 1390//1 1391//1 1385//1
f 1391//1 1384//1 1385//1
f 1385//1 1384//1 1386//1
f 1384//1 1355//1 1386//1
f 1386//1 1355//1 1392//1
f 1355//1 1359//1 1392//1
f 1393//262 1394//262 1395//262
f 1394//262 1396//262 1395//262
f 1395//263 1396//263 1397//263
f 1396//263 1398//263 1397//263
f 1397//265 1398//265 1399//265
f 1398//264 1400//264 1399//264
f 1399//266 1400//266 1401//266
f 1400//266 1402//266 1401//266
f 1401//267 1402//267 1403//267
f 1402//267 1404//267 1403//267
f 1403//268 1404//268 1405//268
f 1404//268 1406//268 1405//268
f 1405//269 1406//269 1407//269
f 1406//269 1408//269 1407//269
f 1407//270 1408//270 1409//270
f 1408//270 1410//270 1409//270
f 1409//271 1410//271 1411//271
f 1410//271 1412//271 1411//271
f 1411//272 1412//272 1413//272
f 1412//272 1414//272 1413//272
f 1413//274 1414//274 1415//274
f 1414//274 1416//274 1415//274
f 1415//300 1416//300 1417//300
f 1416//300 1418//300 1417//300
f 1417//301 1418//301 1419//301
f 1418//301 1420//301 1419//301
f 1419//302 1420//302 1421//302
f 1420//302 1422//302 1421//302
f 1421//303 1422//303 1423//303
f 1422//303 1424//303 1423//303
f 1423//304 1424//304 1425//304
f 1424//304 1426//304 1425//304
f 1425//305 1426//305 1427//305
f 1426//305 1428//305 1427//305
f 1427//306 1428//306 1429//306
f 1428//306 1430//306 1429//306
f 1429//307 1430//307 1431//307
f 1430//307 1432//307 1431//307
f 1431//286 1432//286 1433//286
f 1432//286 1434//286 1433//286
f 1433//287 1434//287 1435//287
f 1434//287 1436//287 1435//287
f 1435//288 1436//288 1437//288
f 1436//288 1438//288 1437//288
f 1437//289 1438//289 1439//289
f 1438//289 1440//289 1439//289
f 1439//290 1440//290 1441//290
f 1440//290 1442//290 1441//290
f 1441//291 1442//291 1443//291
f 1442//291 1444//291 1443//291
f 1443//308 1444//308 1445//308
f 1444//308 1446//308 1445//308
f 1445//293 1446//293 1447//293
f 1446//293 1448//293 1447//293
f 1447//295 1448//295 1449//295
f 1448//295 1450//295 1449//295
f 1449//296 1450//296 1451//296
f 1450//296 1452//296 1451//296
f 1451//297 1452//297 1393//297
f 1452//297 1394//297 1393//297
f 1453//20 1454//20 1455//20
f 1454//20 1456//20 1455//20
f 1455//20 1456//20 1457//20
f 1456//20 1458//20 1457//20
f 1453//20 1459//20 1454//20
f 1459//20 1460//20 1454//20
f 1454//20 1460//20 1461//20
f 1460//20 1462//20 1461//20
f 1461//20 1462//20 1463//20
f 1462//20 1464//20 1463//20
f 1463//20 1464//20 1465//20
f 1464//20 1466//20 1465//20
f 1465//20 1466//20 1467//20
f 1466//20 1468//20 1467//20
f 1467//20 1468//20 1469//20
f 1468//20 1470//20 1469//20
f 1469//20 1470//20 1471//20
f 1470//20 1472//20 1471//20
f 1471//20 1472//20 1473//20
f 1474//20 1475//20 1476//20
f 1475//20 1477//20 1476//20
f 1476//20 1477//20 1478//20
f 1474//20 1479//20 1475//20
f 1479//20 1480//20 1475//20
f 1475//20 1480//20 1481//20
f 1480//20 1482//20 1481//20
f 1481//20 1482//20 1456//20
f 1482//20 1483//20 1456//20
f 1456//20 1483//20 1458//20
f 1484//20 1485//20 1383//20
f 1485//20 1486//20 1383//20
f 1383//20 1486//20 1487//20
f 1486//20 1488//20 1487//20
f 1487//20 1488//20 1477//20
f 1488//20 1489//20 1477//20
f 1477//20 1489//20 1478//20
f 1472//20 1490//20 1473//20
f 1490//20 1491//20 1473//20
f 1473//20 1491//20 1381//20
f 1491//20 1492//20 1381//20
f 1492//20 1493//20 1381//20
f 1493//20 1494//20 1381//20
f 1381//20 1494//20 1383//20
f 1494//20 1495//20 1383//20
f 1383//20 1495//20 1484//20
f 1191//22 1189//22 1496//22
f 1497//22 1498//22 1499//22
f 1500//22 1501//22 1502//22
f 1503//22 1504//22 1505//22
f 1168//22 1506//22 1496//22
f 1507//22 1178//22 1508//22
f 1178//22 1509//22 1508//22
f 1508//22 1509//22 1510//22
f 1511//22 1512//22 1507//22
f 1512//22 1177//22 1507//22
f 1507//22 1177//22 1178//22
f 1177//22 1176//22 1178//22
f 1178//22 1176//22 1179//22
f 1176//22 1175//22 1179//22
f 1175//22 1174//22 1179//22
f 1174//22 1173//22 1179//22
f 1179//22 1173//22 1172//22
f 1172//22 1171//22 1179//22
f 1171//22 1170//22 1179//22
f 1179//22 1170//22 1169//22
f 1513//22 1514//22 1515//22
f 1514//22 1516//22 1515//22
f 1186//22 1189//22 1187//22
f 1189//22 1190//22 1187//22
f 1187//22 1190//22 1188//22
f 1186//22 1185//22 1189//22
f 1185//22 1184//22 1189//22
f 1189//22 1184//22 1183//22
f 1169//22 1168//22 1179//22
f 1168//22 1496//22 1179//22
f 1179//22 1496//22 1180//22
f 1496//22 1189//22 1180//22
f 1183//22 1182//22 1189//22
f 1182//22 1181//22 1189//22
f 1189//22 1181//22 1180//22
f 1513//22 1515//22 1517//22
f 1515//22 1518//22 1517//22
f 1517//22 1518//22 1519//22
f 1505//22 1504//22 1520//22
f 1504//22 1521//22 1520//22
f 1520//22 1521//22 1522//22
f 1523//22 1389//22 1388//22
f 1388//22 1524//22 1523//22
f 1524//22 1525//22 1523//22
f 1523//22 1525//22 1505//22
f 1525//22 1526//22 1505//22
f 1505//22 1526//22 1503//22
f 1527//22 1380//22 1518//22
f 1380//22 1382//22 1518//22
f 1518//22 1382//22 1519//22
f 1382//22 1384//22 1519//22
f 1519//22 1384//22 1510//22
f 1384//22 1391//22 1510//22
f 1510//22 1391//22 1508//22
f 1528//22 1529//22 1530//22
f 1529//22 1531//22 1530//22
f 1530//22 1531//22 1518//22
f 1531//22 1532//22 1518//22
f 1518//22 1532//22 1527//22
f 1528//22 1530//22 1533//22
f 1530//22 1534//22 1533//22
f 1533//22 1534//22 1535//22
f 1536//22 1537//22 1538//22
f 1537//22 1539//22 1538//22
f 1540//22 1273//22 1275//22
f 1275//22 1541//22 1540//22
f 1541//22 1542//22 1540//22
f 1540//22 1542//22 1543//22
f 1542//22 1544//22 1543//22
f 1543//22 1544//22 1545//22
f 1546//22 1270//22 1547//22
f 1270//22 1269//22 1547//22
f 1547//22 1269//22 1267//22
f 1502//22 1501//22 1547//22
f 1501//22 1548//22 1547//22
f 1547//22 1548//22 1546//22
f 1549//22 1550//22 1551//22
f 1551//22 1552//22 1549//22
f 1552//22 1553//22 1549//22
f 1549//22 1553//22 1502//22
f 1553//22 1554//22 1502//22
f 1502//22 1554//22 1500//22
f 1555//22 1556//22 1520//22
f 1556//22 1557//22 1520//22
f 1520//22 1557//22 1558//22
f 1522//22 1559//22 1520//22
f 1559//22 1560//22 1520//22
f 1520//22 1560//22 1555//22
f 1560//22 1561//22 1555//22
f 1562//22 1563//22 1564//22
f 1563//22 1565//22 1564//22
f 1564//22 1565//22 1566//22
f 1567//22 1568//22 1569//22
f 1568//22 1570//22 1569//22
f 1569//22 1570//22 1213//22
f 1210//22 1209//22 1506//22
f 1209//22 1208//22 1506//22
f 1208//22 1207//22 1506//22
f 1506//22 1207//22 1496//22
f 1207//22 1206//22 1496//22
f 1206//22 1205//22 1496//22
f 1205//22 1204//22 1496//22
f 1496//22 1204//22 1203//22
f 1571//22 1572//22 1573//22
f 1201//22 1200//22 1540//22
f 1200//22 1574//22 1540//22
f 1574//22 1572//22 1540//22
f 1540//22 1572//22 1273//22
f 1575//22 1576//22 1577//22
f 1576//22 1578//22 1577//22
f 1577//22 1578//22 1579//22
f 1578//22 1580//22 1579//22
f 1579//22 1580//22 1199//22
f 1203//22 1196//22 1195//22
f 1195//22 1194//22 1203//22
f 1194//22 1193//22 1203//22
f 1203//22 1193//22 1496//22
f 1193//22 1192//22 1496//22
f 1496//22 1192//22 1191//22
f 1516//22 1188//22 1515//22
f 1188//22 1190//22 1515//22
f 1515//22 1190//22 1534//22
f 1190//22 1581//22 1534//22
f 1534//22 1581//22 1582//22
f 1550//22 1549//22 1583//22
f 1549//22 1564//22 1583//22
f 1583//22 1564//22 1561//22
f 1564//22 1566//22 1561//22
f 1561//22 1566//22 1555//22
f 1297//22 1295//22 1523//22
f 1287//22 1285//22 1558//22
f 1285//22 1283//22 1558//22
f 1558//22 1283//22 1281//22
f 1281//22 1279//22 1558//22
f 1279//22 1277//22 1558//22
f 1558//22 1277//22 1520//22
f 1277//174 1334//174 1520//174
f 1520//22 1334//22 1332//22
f 1332//22 1330//22 1520//22
f 1330//22 1328//22 1520//22
f 1520//22 1328//22 1326//22
f 1505//22 1318//22 1316//22
f 1316//22 1314//22 1505//22
f 1314//22 1312//22 1505//22
f 1505//22 1312//22 1310//22
f 1295//22 1293//22 1523//22
f 1293//22 1291//22 1523//22
f 1523//22 1291//22 1558//22
f 1291//22 1289//22 1558//22
f 1558//22 1289//22 1287//22
f 1326//22 1324//22 1520//22
f 1324//22 1322//22 1520//22
f 1520//22 1322//22 1505//22
f 1322//22 1320//22 1505//22
f 1505//22 1320//22 1318//22
f 1303//22 1301//22 1523//22
f 1301//22 1299//22 1523//22
f 1523//22 1299//22 1297//22
f 1310//22 1308//22 1505//22
f 1308//22 776//22 1505//22
f 1505//22 776//22 1523//22
f 776//22 1305//22 1523//22
f 1523//22 1305//22 1303//22
f 1584//22 1585//22 1567//22
f 1586//22 1587//22 1547//22
f 1587//22 1588//22 1547//22
f 1588//22 1589//22 1547//22
f 1589//22 1590//22 1547//22
f 1547//22 1590//22 1591//22
f 1585//22 1592//22 1567//22
f 1592//22 1593//22 1567//22
f 1567//22 1593//22 1594//22
f 1591//22 1595//22 1547//22
f 1595//22 1596//22 1547//22
f 1547//22 1596//22 1502//22
f 1596//174 1597//174 1502//174
f 1502//22 1597//22 1598//22
f 1598//22 1599//22 1502//22
f 1599//22 1600//22 1502//22
f 1502//22 1600//22 1601//22
f 1602//22 1549//22 1603//22
f 1549//22 1604//22 1603//22
f 1601//22 1605//22 1502//22
f 1605//22 1606//22 1502//22
f 1502//22 1606//22 1549//22
f 1606//22 1607//22 1549//22
f 1549//22 1607//22 1604//22
f 1602//22 1608//22 1549//22
f 1608//22 1609//22 1549//22
f 1549//22 1609//22 1610//22
f 462//22 1611//22 1567//22
f 1611//22 1612//22 1567//22
f 1567//22 1612//22 1584//22
f 1610//22 462//22 1549//22
f 462//22 1567//22 1549//22
f 1549//22 1567//22 1564//22
f 1567//22 1569//22 1564//22
f 1564//22 1569//22 1562//22
f 1569//22 1213//22 1562//22
f 1562//22 1213//22 1613//22
f 1213//22 1212//22 1613//22
f 1613//22 1212//22 1506//22
f 1212//22 1211//22 1506//22
f 1506//22 1211//22 1210//22
f 1557//22 1511//22 1558//22
f 1511//22 1507//22 1558//22
f 1558//22 1507//22 1523//22
f 1507//22 1508//22 1523//22
f 1523//22 1508//22 1389//22
f 1508//22 1391//22 1389//22
f 1573//22 1499//22 1571//22
f 1499//22 1498//22 1571//22
f 1571//22 1498//22 1567//22
f 1498//22 1497//22 1567//22
f 1567//22 1497//22 1568//22
f 1594//22 1586//22 1567//22
f 1586//22 1547//22 1567//22
f 1567//22 1547//22 1571//22
f 1547//22 1267//22 1571//22
f 1571//22 1267//22 1572//22
f 1267//22 1265//22 1572//22
f 1572//22 1265//22 1273//22
f 1534//22 1614//22 1515//22
f 1614//22 1615//22 1515//22
f 1515//22 1615//22 1616//22
f 1616//22 1617//22 1515//22
f 1617//22 1618//22 1515//22
f 1515//22 1618//22 1619//22
f 1518//22 1620//22 1621//22
f 1622//22 1623//22 1530//22
f 1624//22 1534//22 1625//22
f 1534//22 1626//22 1625//22
f 1624//22 1627//22 1534//22
f 1627//22 1628//22 1534//22
f 1534//174 1628//174 1614//174
f 1619//22 1629//22 1515//22
f 1629//22 1630//22 1515//22
f 1515//22 1630//22 1518//22
f 1630//22 1631//22 1518//22
f 1518//22 1631//22 1620//22
f 1621//22 1632//22 1518//22
f 1632//22 1633//22 1518//22
f 1518//22 1633//22 1634//22
f 1623//22 1635//22 1530//22
f 1635//22 1636//22 1530//22
f 1530//22 1636//22 1637//22
f 1637//22 1638//22 1530//22
f 1638//22 1639//22 1530//22
f 1530//22 1639//22 1534//22
f 1639//22 1640//22 1534//22
f 1534//22 1640//22 1626//22
f 1634//22 1641//22 1518//22
f 1641//22 1642//22 1518//22
f 1518//22 1642//22 1530//22
f 1642//22 1643//22 1530//22
f 1530//22 1643//22 1622//22
f 1644//22 1645//22 1538//22
f 1646//22 1647//22 1543//22
f 1647//22 1648//22 1543//22
f 1648//22 1649//22 1543//22
f 1649//22 1650//22 1543//22
f 1543//22 1650//22 1651//22
f 1652//22 1653//22 1540//22
f 1653//22 1654//22 1540//22
f 1654//22 1655//22 1540//22
f 1540//22 1655//22 1656//22
f 1657//22 1658//22 1579//22
f 1658//22 1659//22 1579//22
f 1659//22 1660//22 1579//22
f 1579//22 1660//22 1661//22
f 1651//22 1662//22 1543//22
f 1662//174 1663//174 1543//174
f 1543//22 1663//22 1540//22
f 1663//22 1664//22 1540//22
f 1540//22 1664//22 1652//22
f 1656//22 1657//22 1540//22
f 1657//22 1579//22 1540//22
f 1540//22 1579//22 1201//22
f 1579//22 1199//22 1201//22
f 1201//22 1199//22 1202//22
f 1199//22 1198//22 1202//22
f 1202//22 1198//22 1203//22
f 1198//22 1197//22 1203//22
f 1203//22 1197//22 1196//22
f 1545//22 1536//22 1543//22
f 1536//22 1538//22 1543//22
f 1543//22 1538//22 1646//22
f 1538//22 1665//22 1646//22
f 1645//22 1666//22 1538//22
f 1666//22 1667//22 1538//22
f 1538//22 1667//22 1665//22
f 1661//22 1668//22 1579//22
f 1668//22 1669//22 1579//22
f 1579//22 1669//22 1670//22
f 1671//22 1672//22 1538//22
f 1672//22 1673//22 1538//22
f 1538//22 1673//22 1644//22
f 1674//22 1575//22 1675//22
f 1575//22 1577//22 1675//22
f 1675//22 1577//22 1538//22
f 1577//22 1579//22 1538//22
f 1538//22 1579//22 1671//22
f 1579//22 1670//22 1671//22
f 1539//22 1676//22 1538//22
f 1676//22 1677//22 1538//22
f 1538//22 1677//22 1675//22
f 1677//22 1678//22 1675//22
f 1675//22 1678//22 1674//22
f 1678//22 1679//22 1674//22
f 1674//22 1679//22 1582//22
f 1679//22 1680//22 1582//22
f 1582//22 1680//22 1534//22
f 1680//22 1681//22 1534//22
f 1534//22 1681//22 1535//22
f 1682//262 1343//262 1683//262
f 1343//261 1345//261 1683//261
f 1683//263 1345//263 1684//263
f 1345//263 1346//263 1684//263
f 1684//264 1346//264 1685//264
f 1346//309 1340//309 1685//309
f 1685//266 1340//266 1686//266
f 1340//266 1339//266 1686//266
f 1686//267 1339//267 1687//267
f 1339//267 1336//267 1687//267
f 1687//268 1336//268 1688//268
f 1336//268 1335//268 1688//268
f 1688//269 1335//269 1689//269
f 1335//269 1379//269 1689//269
f 1689//270 1379//270 1690//270
f 1379//270 1378//270 1690//270
f 1690//310 1378//310 1691//310
f 1378//310 1376//310 1691//310
f 1691//272 1376//272 1692//272
f 1376//273 1374//273 1692//273
f 1692//275 1374//275 1693//275
f 1374//274 1372//274 1693//274
f 1693//276 1372//276 1694//276
f 1372//276 1370//276 1694//276
f 1694//301 1370//301 1695//301
f 1370//277 1368//277 1695//277
f 1695//302 1368//302 1696//302
f 1368//302 1366//302 1696//302
f 1696//311 1366//311 1697//311
f 1366//279 1365//279 1697//279
f 1697//280 1365//280 1698//280
f 1365//312 1363//312 1698//312
f 1698//305 1363//305 1699//305
f 1363//305 1362//305 1699//305
f 1699//282 1362//282 1700//282
f 1362//306 1358//306 1700//306
f 1700//283 1358//283 1701//283
f 1358//283 1360//283 1701//283
f 1701//313 1360//313 1702//313
f 1360//313 1361//313 1702//313
f 1702//314 1361//314 1703//314
f 1361//315 1357//315 1703//315
f 1703//316 1357//316 1704//316
f 1357//316 1356//316 1704//316
f 1704//289 1356//289 1705//289
f 1356//289 1354//289 1705//289
f 1705//290 1354//290 1706//290
f 1354//290 1352//290 1706//290
f 1706//291 1352//291 1707//291
f 1352//291 1351//291 1707//291
f 1707//292 1351//292 1708//292
f 1351//292 1347//292 1708//292
f 1708//293 1347//293 1709//293
f 1347//293 1349//293 1709//293
f 1709//317 1349//317 1710//317
f 1349//317 1350//317 1710//317
f 1710//296 1350//296 1711//296
f 1350//296 1341//296 1711//296
f 1711//298 1341//298 1682//298
f 1341//297 1343//297 1682//297
f 1712//262 1596//262 1713//262
f 1596//262 1595//262 1713//262
f 1713//263 1595//263 1714//263
f 1595//263 1591//263 1714//263
f 1714//265 1591//265 1715//265
f 1591//264 1590//264 1715//264
f 1715//266 1590//266 1716//266
f 1590//266 1589//266 1716//266
f 1716//267 1589//267 1717//267
f 1589//267 1588//267 1717//267
f 1717//268 1588//268 1718//268
f 1588//268 1587//268 1718//268
f 1718//269 1587//269 1719//269
f 1587//269 1586//269 1719//269
f 1719//270 1586//270 1720//270
f 1586//270 1594//270 1720//270
f 1720//271 1594//271 1721//271
f 1594//271 1593//271 1721//271
f 1721//272 1593//272 1722//272
f 1593//272 1592//272 1722//272
f 1722//274 1592//274 1723//274
f 1592//274 1585//274 1723//274
f 1723//300 1585//300 1724//300
f 1585//300 1584//300 1724//300
f 1724//301 1584//301 1725//301
f 1584//301 1612//301 1725//301
f 1725//302 1612//302 1726//302
f 1612//302 1611//302 1726//302
f 1726//303 1611//303 1727//303
f 1611//303 462//303 1727//303
f 1727//304 462//304 1728//304
f 462//304 1610//304 1728//304
f 1728//305 1610//305 1729//305
f 1610//305 1609//305 1729//305
f 1729//306 1609//306 1730//306
f 1609//306 1608//306 1730//306
f 1730//307 1608//307 1731//307
f 1608//307 1602//307 1731//307
f 1731//286 1602//286 1732//286
f 1602//286 1603//286 1732//286
f 1732//287 1603//287 1733//287
f 1603//287 1604//287 1733//287
f 1733//288 1604//288 1734//288
f 1604//288 1607//288 1734//288
f 1734//289 1607//289 1735//289
f 1607//289 1606//289 1735//289
f 1735//290 1606//290 1736//290
f 1606//290 1605//290 1736//290
f 1736//291 1605//291 1737//291
f 1605//291 1601//291 1737//291
f 1737//308 1601//308 1738//308
f 1601//308 1600//308 1738//308
f 1738//293 1600//293 1739//293
f 1600//293 1599//293 1739//293
f 1739//295 1599//295 1740//295
f 1599//295 1598//295 1740//295
f 1740//296 1598//296 1741//296
f 1598//296 1597//296 1741//296
f 1741//297 1597//297 1712//297
f 1597//297 1596//297 1712//297
f 1742//11 1743//11 1744//11
f 1456//11 1454//11 1680//11
f 1454//11 1681//11 1680//11
f 1680//11 1679//11 1456//11
f 1679//11 1745//11 1456//11
f 1456//11 1745//11 1338//11
f 1745//11 1746//11 1338//11
f 1338//11 1746//11 1337//11
f 1744//11 1745//11 1742//11
f 1745//11 1679//11 1742//11
f 1742//11 1679//11 1747//11
f 1679//11 1678//11 1747//11
f 1747//11 1678//11 1748//11
f 1678//11 1677//11 1748//11
f 1748//11 1677//11 1676//11
f 1749//262 1663//262 1750//262
f 1663//262 1662//262 1750//262
f 1750//263 1662//263 1751//263
f 1662//263 1651//263 1751//263
f 1751//264 1651//264 1752//264
f 1651//264 1650//264 1752//264
f 1752//266 1650//266 1753//266
f 1650//266 1649//266 1753//266
f 1753//267 1649//267 1754//267
f 1649//267 1648//267 1754//267
f 1754//268 1648//268 1755//268
f 1648//268 1647//268 1755//268
f 1755//269 1647//269 1756//269
f 1647//269 1646//269 1756//269
f 1756//270 1646//270 1757//270
f 1646//270 1665//270 1757//270
f 1757//271 1665//271 1758//271
f 1665//271 1667//271 1758//271
f 1758//272 1667//272 1759//272
f 1667//272 1666//272 1759//272
f 1759//274 1666//274 1760//274
f 1666//274 1645//274 1760//274
f 1760//300 1645//300 1761//300
f 1645//300 1644//300 1761//300
f 1761//301 1644//301 1762//301
f 1644//301 1673//301 1762//301
f 1762//302 1673//302 1763//302
f 1673//302 1672//302 1763//302
f 1763//303 1672//303 1764//303
f 1672//303 1671//303 1764//303
f 1764//304 1671//304 1765//304
f 1671//304 1670//304 1765//304
f 1765//305 1670//305 1766//305
f 1670//305 1669//305 1766//305
f 1766//306 1669//306 1767//306
f 1669//306 1668//306 1767//306
f 1767//307 1668//307 1768//307
f 1668//307 1661//307 1768//307
f 1768//286 1661//286 1769//286
f 1661//286 1660//286 1769//286
f 1769//314 1660//314 1770//314
f 1660//314 1659//314 1770//314
f 1770//316 1659//316 1771//316
f 1659//316 1658//316 1771//316
f 1771//289 1658//289 1772//289
f 1658//289 1657//289 1772//289
f 1772//290 1657//290 1773//290
f 1657//290 1656//290 1773//290
f 1773//291 1656//291 1774//291
f 1656//291 1655//291 1774//291
f 1774//292 1655//292 1775//292
f 1655//292 1654//292 1775//292
f 1775//293 1654//293 1776//293
f 1654//293 1653//293 1776//293
f 1776//317 1653//317 1777//317
f 1653//317 1652//317 1777//317
f 1777//296 1652//296 1778//296
f 1652//296 1664//296 1778//296
f 1778//297 1664//297 1749//297
f 1664//297 1663//297 1749//297
f 1128//318 1199//318 1580//318
f 1164//319 1188//319 1516//319
f 1152//320 1177//320 1512//320
f 1121//321 1213//321 1570//321
f 1779//322 1780//322 1122//322
f 1781//323 1158//323 1782//323
f 1158//324 1153//324 1782//324
f 1782//325 1153//325 1783//325
f 1784//326 1166//326 1785//326
f 1166//327 1165//327 1785//327
f 1785//328 1165//328 1786//328
f 1787//329 1788//329 1129//329
f 1129//330 1788//330 1160//330
f 1788//331 1789//331 1160//331
f 1160//332 1789//332 1200//332
f 1129//333 1128//333 1787//333
f 1128//318 1580//318 1787//318
f 1787//334 1580//334 1790//334
f 1580//334 1578//334 1790//334
f 1790//335 1578//335 1791//335
f 1578//335 1576//335 1791//335
f 1791//336 1576//336 1792//336
f 1576//336 1575//336 1792//336
f 1792//337 1575//337 1793//337
f 1575//337 1674//337 1793//337
f 1793//338 1674//338 1794//338
f 1674//339 1582//339 1794//339
f 1190//340 1166//340 1581//340
f 1166//340 1784//340 1581//340
f 1581//341 1784//341 1582//341
f 1784//341 1795//341 1582//341
f 1582//342 1795//342 1794//342
f 1165//343 1164//343 1786//343
f 1164//319 1516//319 1786//319
f 1786//344 1516//344 1796//344
f 1516//344 1514//344 1796//344
f 1796//345 1514//345 1797//345
f 1514//345 1513//345 1797//345
f 1797//346 1513//346 1798//346
f 1513//346 1517//346 1798//346
f 1798//347 1517//347 1799//347
f 1517//347 1519//347 1799//347
f 1799//348 1519//348 1800//348
f 1519//349 1510//349 1800//349
f 1178//350 1158//350 1509//350
f 1158//350 1781//350 1509//350
f 1509//351 1781//351 1510//351
f 1781//351 1801//351 1510//351
f 1510//352 1801//352 1800//352
f 1153//353 1152//353 1783//353
f 1152//320 1512//320 1783//320
f 1783//354 1512//354 1802//354
f 1512//354 1511//354 1802//354
f 1802//355 1511//355 1803//355
f 1511//355 1557//355 1803//355
f 1803//356 1557//356 1804//356
f 1557//356 1556//356 1804//356
f 1804//357 1556//357 1805//357
f 1556//357 1555//357 1805//357
f 1805//358 1555//358 1806//358
f 1555//359 1566//359 1806//359
f 1563//360 1122//360 1565//360
f 1122//360 1780//360 1565//360
f 1565//361 1780//361 1566//361
f 1780//361 1807//361 1566//361
f 1566//362 1807//362 1806//362
f 1122//363 1121//363 1779//363
f 1121//321 1570//321 1779//321
f 1779//364 1570//364 1808//364
f 1570//364 1568//364 1808//364
f 1808//365 1568//365 1809//365
f 1568//365 1497//365 1809//365
f 1809//366 1497//366 1810//366
f 1497//366 1499//366 1810//366
f 1810//367 1499//367 1811//367
f 1499//367 1573//367 1811//367
f 1811//368 1573//368 1812//368
f 1573//368 1572//368 1812//368
f 1812//369 1572//369 1789//369
f 1572//369 1574//369 1789//369
f 1789//332 1574//332 1200//332
f 1482//261 1614//261 1483//261
f 1614//262 1628//262 1483//262
f 1483//263 1628//263 1458//263
f 1628//263 1627//263 1458//263
f 1458//264 1627//264 1457//264
f 1627//265 1624//265 1457//265
f 1457//266 1624//266 1455//266
f 1624//266 1625//266 1455//266
f 1455//267 1625//267 1453//267
f 1625//267 1626//267 1453//267
f 1453//268 1626//268 1459//268
f 1626//268 1640//268 1459//268
f 1459//269 1640//269 1460//269
f 1640//269 1639//269 1460//269
f 1460//270 1639//270 1462//270
f 1639//270 1638//270 1462//270
f 1462//310 1638//310 1464//310
f 1638//310 1637//310 1464//310
f 1464//272 1637//272 1466//272
f 1637//273 1636//273 1466//273
f 1466//274 1636//274 1468//274
f 1636//275 1635//275 1468//275
f 1468//276 1635//276 1470//276
f 1635//276 1623//276 1470//276
f 1470//277 1623//277 1472//277
f 1623//277 1622//277 1472//277
f 1472//302 1622//302 1490//302
f 1622//302 1643//302 1490//302
f 1490//279 1643//279 1491//279
f 1643//279 1642//279 1491//279
f 1491//280 1642//280 1492//280
f 1642//280 1641//280 1492//280
f 1492//305 1641//305 1493//305
f 1641//305 1634//305 1493//305
f 1493//282 1634//282 1494//282
f 1634//282 1633//282 1494//282
f 1494//283 1633//283 1495//283
f 1633//283 1632//283 1495//283
f 1495//313 1632//313 1484//313
f 1632//313 1621//313 1484//313
f 1484//314 1621//314 1485//314
f 1621//315 1620//315 1485//315
f 1485//316 1620//316 1486//316
f 1620//316 1631//316 1486//316
f 1486//289 1631//289 1488//289
f 1631//289 1630//289 1488//289
f 1488//290 1630//290 1489//290
f 1630//290 1629//290 1489//290
f 1489//291 1629//291 1478//291
f 1629//291 1619//291 1478//291
f 1478//292 1619//292 1476//292
f 1619//292 1618//292 1476//292
f 1476//293 1618//293 1474//293
f 1618//293 1617//293 1474//293
f 1474//317 1617//317 1479//317
f 1617//317 1616//317 1479//317
f 1479//296 1616//296 1480//296
f 1616//296 1615//296 1480//296
f 1480//297 1615//297 1482//297
f 1615//298 1614//298 1482//298
f 1767//20 1768//20 1813//20
f 1814//20 1815//20 1770//20
f 1747//20 1760//20 1761//20
f 1813//20 1768//20 1815//20
f 1768//20 1769//20 1815//20
f 1815//20 1769//20 1770//20
f 1770//20 1771//20 1814//20
f 1771//20 1772//20 1814//20
f 1814//20 1772//20 1259//20
f 1772//20 1773//20 1259//20
f 1259//20 1773//20 1774//20
f 1774//20 1775//20 1259//20
f 1775//20 1776//20 1259//20
f 1259//20 1776//20 1274//20
f 1760//20 1747//20 1759//20
f 1747//20 1748//20 1759//20
f 1759//20 1748//20 1758//20
f 1816//20 1765//20 1813//20
f 1765//20 1766//20 1813//20
f 1813//20 1766//20 1767//20
f 1776//20 1777//20 1274//20
f 1777//20 1778//20 1274//20
f 1274//20 1778//20 1817//20
f 1761//20 1762//20 1747//20
f 1762//20 1763//20 1747//20
f 1747//20 1763//20 1816//20
f 1763//20 1764//20 1816//20
f 1816//20 1764//20 1765//20
f 1778//20 1749//20 1817//20
f 1749//20 1750//20 1817//20
f 1817//20 1750//20 1818//20
f 1750//20 1751//20 1818//20
f 1818//20 1751//20 1819//20
f 1751//20 1752//20 1819//20
f 1819//20 1752//20 1820//20
f 1752//20 1753//20 1820//20
f 1820//20 1753//20 1821//20
f 1753//20 1754//20 1821//20
f 1821//20 1754//20 1822//20
f 1754//20 1755//20 1822//20
f 1822//20 1755//20 1823//20
f 1755//20 1756//20 1823//20
f 1823//20 1756//20 1748//20
f 1756//20 1757//20 1748//20
f 1748//20 1757//20 1758//20
f 1732//20 1824//20 1731//20
f 1824//20 1825//20 1731//20
f 1731//20 1825//20 1730//20
f 1825//20 1729//20 1730//20
f 1723//20 1826//20 1722//20
f 1826//20 1827//20 1722//20
f 1828//20 1727//20 1825//20
f 1727//20 1728//20 1825//20
f 1825//20 1728//20 1729//20
f 1716//20 1717//20 1266//20
f 1717//20 1718//20 1266//20
f 1266//20 1718//20 1829//20
f 1723//20 1724//20 1826//20
f 1724//20 1725//20 1826//20
f 1826//20 1725//20 1828//20
f 1725//20 1726//20 1828//20
f 1828//20 1726//20 1727//20
f 1718//20 1719//20 1829//20
f 1719//20 1720//20 1829//20
f 1829//20 1720//20 1827//20
f 1720//20 1721//20 1827//20
f 1827//20 1721//20 1722//20
f 1732//20 1733//20 1824//20
f 1733//20 1734//20 1824//20
f 1824//20 1734//20 1830//20
f 1734//20 1735//20 1830//20
f 1830//20 1735//20 1831//20
f 1735//20 1736//20 1831//20
f 1831//20 1736//20 1832//20
f 1736//20 1737//20 1832//20
f 1832//20 1737//20 1833//20
f 1737//20 1738//20 1833//20
f 1833//20 1738//20 1834//20
f 1738//20 1739//20 1834//20
f 1834//20 1739//20 1835//20
f 1739//20 1740//20 1835//20
f 1835//20 1740//20 1836//20
f 1268//20 1714//20 1266//20
f 1714//20 1715//20 1266//20
f 1266//20 1715//20 1716//20
f 1740//20 1741//20 1836//20
f 1741//20 1712//20 1836//20
f 1836//20 1712//20 1268//20
f 1712//20 1713//20 1268//20
f 1268//20 1713//20 1714//20
f 1559//21 1837//21 1560//21
f 1837//21 1838//21 1560//21
f 1560//21 1838//21 1561//21
f 1838//21 1223//21 1561//21
f 1825//21 1839//21 1840//21
f 1839//21 1841//21 1840//21
f 1840//21 1841//21 1842//21
f 1551//21 1550//21 1824//21
f 1550//21 1583//21 1824//21
f 1824//21 1583//21 1825//21
f 1583//21 1561//21 1825//21
f 1825//21 1561//21 1839//21
f 1561//21 1223//21 1839//21
f 1839//21 1223//21 1843//21
f 1223//21 1228//21 1843//21
f 1844//262 1845//262 1846//262
f 1845//262 1847//262 1846//262
f 1846//263 1847//263 1848//263
f 1847//263 1849//263 1848//263
f 1848//264 1849//264 1850//264
f 1849//264 1851//264 1850//264
f 1850//266 1851//266 1852//266
f 1851//266 1853//266 1852//266
f 1852//267 1853//267 1854//267
f 1853//267 1855//267 1854//267
f 1854//268 1855//268 1856//268
f 1855//268 1857//268 1856//268
f 1856//269 1857//269 1858//269
f 1857//269 1859//269 1858//269
f 1858//270 1859//270 1860//270
f 1859//270 1861//270 1860//270
f 1860//271 1861//271 1862//271
f 1861//271 1863//271 1862//271
f 1862//272 1863//272 1864//272
f 1863//272 1865//272 1864//272
f 1864//274 1865//274 1866//274
f 1865//274 1867//274 1866//274
f 1866//300 1867//300 1868//300
f 1867//300 1869//300 1868//300
f 1868//301 1869//301 1870//301
f 1869//301 1871//301 1870//301
f 1870//302 1871//302 1872//302
f 1871//302 1873//302 1872//302
f 1872//303 1873//303 1874//303
f 1873//303 1875//303 1874//303
f 1874//304 1875//304 1876//304
f 1875//304 1877//304 1876//304
f 1876//305 1877//305 1878//305
f 1877//305 1879//305 1878//305
f 1878//306 1879//306 1880//306
f 1879//306 1881//306 1880//306
f 1880//307 1881//307 1882//307
f 1881//307 1883//307 1882//307
f 1882//286 1883//286 1884//286
f 1883//286 1885//286 1884//286
f 1884//314 1885//314 1886//314
f 1885//314 1887//314 1886//314
f 1886//316 1887//316 1888//316
f 1887//316 1889//316 1888//316
f 1888//289 1889//289 1890//289
f 1889//289 1891//289 1890//289
f 1890//290 1891//290 1892//290
f 1891//290 1893//290 1892//290
f 1892//291 1893//291 1894//291
f 1893//291 1895//291 1894//291
f 1894//292 1895//292 1896//292
f 1895//292 1897//292 1896//292
f 1896//293 1897//293 1898//293
f 1897//293 1899//293 1898//293
f 1898//317 1899//317 1900//317
f 1899//317 1901//317 1900//317
f 1900//296 1901//296 1902//296
f 1901//296 1903//296 1902//296
f 1902//297 1903//297 1844//297
f 1903//297 1845//297 1844//297
f 1327//20 1329//20 1838//20
f 1327//20 1838//20 1325//20
f 1838//20 1837//20 1325//20
f 1325//20 1837//20 1323//20
f 1284//20 1904//20 1282//20
f 1904//20 1905//20 1282//20
f 1282//20 1905//20 1280//20
f 1284//20 1286//20 1904//20
f 1286//20 1288//20 1904//20
f 1904//20 1288//20 1906//20
f 1288//20 1290//20 1906//20
f 1906//20 1290//20 1385//20
f 1290//20 1292//20 1385//20
f 1385//20 1292//20 1294//20
f 1294//20 1296//20 1385//20
f 1296//20 1298//20 1385//20
f 1385//20 1298//20 1390//20
f 1298//20 1300//20 1390//20
f 1907//20 1307//20 1908//20
f 1307//20 1309//20 1908//20
f 1908//20 1309//20 1909//20
f 1309//20 1311//20 1909//20
f 1909//20 1311//20 1910//20
f 1311//20 1313//20 1910//20
f 1910//20 1313//20 1911//20
f 1313//20 1315//20 1911//20
f 1911//20 1315//20 1912//20
f 1315//20 1317//20 1912//20
f 1912//20 1317//20 1913//20
f 1317//20 1319//20 1913//20
f 1913//20 1319//20 1837//20
f 1319//20 1321//20 1837//20
f 1837//20 1321//20 1323//20
f 1329//20 1331//20 1838//20
f 1331//20 1333//20 1838//20
f 1838//20 1333//20 1914//20
f 1333//20 1276//20 1914//20
f 1914//20 1276//20 1905//20
f 1276//20 1278//20 1905//20
f 1905//20 1278//20 1280//20
f 1300//20 1302//20 1390//20
f 1302//20 1304//20 1390//20
f 1390//20 1304//20 1907//20
f 1304//20 1306//20 1907//20
f 1907//20 1306//20 1307//20
f 1263//22 1915//22 1845//22
f 1845//22 1903//22 1263//22
f 1903//22 1901//22 1263//22
f 1263//22 1901//22 1261//22
f 1901//22 1899//22 1261//22
f 1261//22 1899//22 1897//22
f 1897//22 1895//22 1261//22
f 1895//22 1893//22 1261//22
f 1261//22 1893//22 1916//22
f 1742//22 1867//22 1743//22
f 1867//22 1865//22 1743//22
f 1865//22 1863//22 1743//22
f 1863//22 1861//22 1743//22
f 1743//22 1861//22 1917//22
f 1861//22 1859//22 1917//22
f 1917//22 1859//22 1918//22
f 1859//22 1857//22 1918//22
f 1918//22 1857//22 1919//22
f 1857//22 1855//22 1919//22
f 1919//22 1855//22 1920//22
f 1855//22 1853//22 1920//22
f 1920//22 1853//22 1921//22
f 1853//22 1851//22 1921//22
f 1921//22 1851//22 1922//22
f 1851//22 1849//22 1922//22
f 1922//22 1849//22 1915//22
f 1849//22 1847//22 1915//22
f 1915//22 1847//22 1845//22
f 1893//22 1891//22 1916//22
f 1891//22 1889//22 1916//22
f 1916//22 1889//22 1923//22
f 1883//22 1924//22 1885//22
f 1924//22 1923//22 1885//22
f 1885//22 1923//22 1887//22
f 1923//22 1889//22 1887//22
f 1875//22 1873//22 1925//22
f 1873//22 1871//22 1925//22
f 1925//22 1871//22 1742//22
f 1871//22 1869//22 1742//22
f 1742//22 1869//22 1867//22
f 1883//22 1881//22 1924//22
f 1881//22 1879//22 1924//22
f 1924//22 1879//22 1925//22
f 1879//22 1877//22 1925//22
f 1925//22 1877//22 1875//22
f 1425//20 1427//20 1839//20
f 1427//20 1429//20 1839//20
f 1429//20 1431//20 1839//20
f 1839//20 1431//20 1841//20
f 1431//20 1433//20 1841//20
f 1808//20 1415//20 1417//20
f 1433//20 1435//20 1841//20
f 1435//20 1437//20 1841//20
f 1841//20 1437//20 1926//20
f 1437//20 1439//20 1926//20
f 1926//20 1439//20 1927//20
f 1439//20 1441//20 1927//20
f 1927//20 1441//20 1928//20
f 1441//20 1443//20 1928//20
f 1928//20 1443//20 1929//20
f 1443//20 1445//20 1929//20
f 1929//20 1445//20 1930//20
f 1445//20 1447//20 1930//20
f 1930//20 1447//20 1931//20
f 1447//20 1449//20 1931//20
f 1931//20 1449//20 1932//20
f 1808//20 1417//20 1779//20
f 1417//20 1419//20 1779//20
f 1419//20 1421//20 1779//20
f 1779//20 1421//20 1780//20
f 1839//20 1807//20 1425//20
f 1807//20 1780//20 1425//20
f 1425//20 1780//20 1423//20
f 1780//20 1421//20 1423//20
f 1272//20 1397//20 1260//20
f 1397//20 1399//20 1260//20
f 1260//20 1399//20 1401//20
f 1449//20 1451//20 1932//20
f 1451//20 1393//20 1932//20
f 1932//20 1393//20 1272//20
f 1393//20 1395//20 1272//20
f 1272//20 1395//20 1397//20
f 1401//20 1403//20 1260//20
f 1403//20 1405//20 1260//20
f 1260//20 1405//20 1811//20
f 1405//20 1407//20 1811//20
f 1811//20 1407//20 1810//20
f 1407//20 1409//20 1810//20
f 1810//20 1409//20 1809//20
f 1409//20 1411//20 1809//20
f 1809//20 1411//20 1808//20
f 1411//20 1413//20 1808//20
f 1808//20 1413//20 1415//20
f 1745//20 1866//20 1868//20
f 1868//20 1870//20 1745//20
f 1870//20 1872//20 1745//20
f 1745//20 1872//20 1793//20
f 1880//20 1790//20 1878//20
f 1790//20 1791//20 1878//20
f 1260//20 1892//20 1894//20
f 1793//20 1872//20 1792//20
f 1872//20 1874//20 1792//20
f 1792//20 1874//20 1791//20
f 1874//20 1876//20 1791//20
f 1791//20 1876//20 1878//20
f 1890//20 1789//20 1888//20
f 1789//20 1788//20 1888//20
f 1888//20 1788//20 1886//20
f 1788//20 1787//20 1886//20
f 1886//20 1787//20 1884//20
f 1787//20 1790//20 1884//20
f 1884//20 1790//20 1882//20
f 1790//20 1880//20 1882//20
f 1890//20 1892//20 1789//20
f 1892//20 1260//20 1789//20
f 1789//20 1260//20 1812//20
f 1260//20 1811//20 1812//20
f 1866//20 1745//20 1864//20
f 1745//20 1744//20 1864//20
f 1864//20 1744//20 1862//20
f 1933//20 1262//20 1902//20
f 1894//20 1896//20 1260//20
f 1896//20 1898//20 1260//20
f 1260//20 1898//20 1262//20
f 1898//20 1900//20 1262//20
f 1262//20 1900//20 1902//20
f 1902//20 1844//20 1933//20
f 1844//20 1846//20 1933//20
f 1933//20 1846//20 1934//20
f 1846//20 1848//20 1934//20
f 1934//20 1848//20 1935//20
f 1848//20 1850//20 1935//20
f 1935//20 1850//20 1936//20
f 1850//20 1852//20 1936//20
f 1936//20 1852//20 1937//20
f 1852//20 1854//20 1937//20
f 1937//20 1854//20 1938//20
f 1854//20 1856//20 1938//20
f 1938//20 1856//20 1939//20
f 1856//20 1858//20 1939//20
f 1939//20 1858//20 1744//20
f 1858//20 1860//20 1744//20
f 1744//20 1860//20 1862//20
f 1699//20 1700//20 1392//20
f 1392//20 1700//20 1386//20
f 1700//20 1701//20 1386//20
f 1386//20 1701//20 1702//20
f 1940//20 1697//20 1392//20
f 1697//20 1698//20 1392//20
f 1392//20 1698//20 1699//20
f 1799//20 1800//20 1386//20
f 1786//20 1796//20 1708//20
f 1708//20 1709//20 1786//20
f 1709//20 1710//20 1786//20
f 1786//20 1710//20 1785//20
f 1710//20 1711//20 1785//20
f 1785//20 1711//20 1784//20
f 1799//20 1386//20 1798//20
f 1793//20 1794//20 1745//20
f 1794//20 1795//20 1745//20
f 1745//20 1795//20 1784//20
f 1687//20 1746//20 1686//20
f 1746//20 1745//20 1686//20
f 1686//20 1745//20 1685//20
f 1711//20 1682//20 1784//20
f 1682//20 1683//20 1784//20
f 1784//20 1683//20 1745//20
f 1683//20 1684//20 1745//20
f 1745//20 1684//20 1685//20
f 1702//20 1703//20 1386//20
f 1703//20 1704//20 1386//20
f 1386//20 1704//20 1798//20
f 1704//20 1705//20 1798//20
f 1798//20 1705//20 1797//20
f 1705//20 1706//20 1797//20
f 1797//20 1706//20 1796//20
f 1706//20 1707//20 1796//20
f 1796//20 1707//20 1708//20
f 1687//20 1688//20 1746//20
f 1688//20 1689//20 1746//20
f 1746//20 1689//20 1941//20
f 1689//20 1690//20 1941//20
f 1941//20 1690//20 1942//20
f 1690//20 1691//20 1942//20
f 1942//20 1691//20 1943//20
f 1691//20 1692//20 1943//20
f 1943//20 1692//20 1944//20
f 1692//20 1693//20 1944//20
f 1944//20 1693//20 1945//20
f 1693//20 1694//20 1945//20
f 1945//20 1694//20 1946//20
f 1694//20 1695//20 1946//20
f 1946//20 1695//20 1940//20
f 1695//20 1696//20 1940//20
f 1940//20 1696//20 1697//20
f 1947//20 1948//20 1386//20
f 1949//20 1843//20 1950//20
f 1843//20 1951//20 1950//20
f 1950//20 1951//20 1952//20
f 1951//20 1953//20 1952//20
f 1952//20 1953//20 1954//20
f 1953//20 1955//20 1954//20
f 1954//20 1955//20 1956//20
f 1955//20 1957//20 1956//20
f 1956//20 1957//20 1958//20
f 1957//20 1959//20 1958//20
f 1958//20 1959//20 1960//20
f 1959//20 1961//20 1960//20
f 1960//20 1961//20 1962//20
f 1961//20 1963//20 1962//20
f 1949//20 1964//20 1843//20
f 1964//20 1965//20 1843//20
f 1843//20 1965//20 1839//20
f 1965//20 1966//20 1839//20
f 1839//20 1966//20 1967//20
f 1948//20 1968//20 1386//20
f 1968//20 1969//20 1386//20
f 1386//20 1969//20 1387//20
f 1969//20 1970//20 1387//20
f 1970//20 1971//20 1387//20
f 1971//20 1972//20 1387//20
f 1387//20 1972//20 1963//20
f 1972//20 1973//20 1963//20
f 1963//20 1973//20 1962//20
f 1783//20 1802//20 1974//20
f 1800//20 1801//20 1386//20
f 1801//20 1781//20 1386//20
f 1386//20 1781//20 1947//20
f 1804//20 1805//20 1839//20
f 1805//20 1806//20 1839//20
f 1839//20 1806//20 1807//20
f 1974//20 1975//20 1783//20
f 1975//20 1976//20 1783//20
f 1783//20 1976//20 1782//20
f 1976//20 1977//20 1782//20
f 1782//20 1977//20 1781//20
f 1977//20 1978//20 1781//20
f 1781//20 1978//20 1947//20
f 1967//20 1979//20 1839//20
f 1979//20 1980//20 1839//20
f 1839//20 1980//20 1804//20
f 1980//20 1981//20 1804//20
f 1804//20 1981//20 1803//20
f 1981//20 1982//20 1803//20
f 1803//20 1982//20 1802//20
f 1982//20 1983//20 1802//20
f 1802//20 1983//20 1974//20
f 1981//262 1222//262 1982//262
f 1222//261 1220//261 1982//261
f 1982//263 1220//263 1983//263
f 1220//263 1219//263 1983//263
f 1983//264 1219//264 1974//264
f 1219//264 1214//264 1974//264
f 1974//266 1214//266 1975//266
f 1214//266 1216//266 1975//266
f 1975//267 1216//267 1976//267
f 1216//267 1218//267 1976//267
f 1976//268 1218//268 1977//268
f 1218//268 1237//268 1977//268
f 1977//269 1237//269 1978//269
f 1237//269 1236//269 1978//269
f 1978//270 1236//270 1947//270
f 1236//270 1234//270 1947//270
f 1947//271 1234//271 1948//271
f 1234//271 1233//271 1948//271
f 1948//272 1233//272 1968//272
f 1233//273 1232//273 1968//273
f 1968//275 1232//275 1969//275
f 1232//274 1231//274 1969//274
f 1969//276 1231//276 1970//276
f 1231//276 1238//276 1970//276
f 1970//301 1238//301 1971//301
f 1238//277 1240//277 1971//277
f 1971//278 1240//278 1972//278
f 1240//302 1258//302 1972//302
f 1972//311 1258//311 1973//311
f 1258//279 1257//279 1973//279
f 1973//280 1257//280 1962//280
f 1257//312 1256//312 1962//312
f 1962//305 1256//305 1960//305
f 1256//281 1254//281 1960//281
f 1960//282 1254//282 1958//282
f 1254//282 1252//282 1958//282
f 1958//283 1252//283 1956//283
f 1252//284 1250//284 1956//284
f 1956//286 1250//286 1954//286
f 1250//285 1248//285 1954//285
f 1954//287 1248//287 1952//287
f 1248//287 1246//287 1952//287
f 1952//288 1246//288 1950//288
f 1246//288 1244//288 1950//288
f 1950//289 1244//289 1949//289
f 1244//289 1242//289 1949//289
f 1949//290 1242//290 1964//290
f 1242//290 1241//290 1964//290
f 1964//291 1241//291 1965//291
f 1241//291 1229//291 1965//291
f 1965//292 1229//292 1966//292
f 1229//308 1227//308 1966//308
f 1966//293 1227//293 1967//293
f 1227//293 1226//293 1967//293
f 1967//295 1226//295 1979//295
f 1226//295 1225//295 1979//295
f 1979//296 1225//296 1980//296
f 1225//296 1224//296 1980//296
f 1980//298 1224//298 1981//298
f 1224//297 1222//297 1981//297
f 1418//22 1416//22 1984//22
f 1985//22 1408//22 1264//22
f 1408//22 1406//22 1264//22
f 1264//22 1406//22 1404//22
f 1984//22 1416//22 1986//22
f 1432//22 1840//22 1434//22
f 1840//22 1842//22 1434//22
f 1434//22 1842//22 1436//22
f 1404//22 1402//22 1264//22
f 1402//22 1400//22 1264//22
f 1264//22 1400//22 1271//22
f 1400//22 1398//22 1271//22
f 1398//22 1396//22 1271//22
f 1271//22 1396//22 1987//22
f 1396//22 1394//22 1987//22
f 1394//22 1452//22 1987//22
f 1987//22 1452//22 1988//22
f 1452//22 1450//22 1988//22
f 1988//22 1450//22 1989//22
f 1450//22 1448//22 1989//22
f 1989//22 1448//22 1990//22
f 1448//22 1446//22 1990//22
f 1990//22 1446//22 1991//22
f 1446//22 1444//22 1991//22
f 1991//22 1444//22 1992//22
f 1444//22 1442//22 1992//22
f 1992//22 1442//22 1993//22
f 1442//22 1440//22 1993//22
f 1993//22 1440//22 1842//22
f 1440//22 1438//22 1842//22
f 1842//22 1438//22 1436//22
f 1416//22 1414//22 1986//22
f 1414//22 1412//22 1986//22
f 1986//22 1412//22 1985//22
f 1412//22 1410//22 1985//22
f 1985//22 1410//22 1408//22
f 1432//22 1430//22 1840//22
f 1430//22 1428//22 1840//22
f 1840//22 1428//22 1994//22
f 1428//22 1426//22 1994//22
f 1426//22 1424//22 1994//22
f 1424//22 1422//22 1994//22
f 1994//22 1422//22 1984//22
f 1422//22 1420//22 1984//22
f 1984//22 1420//22 1418//22
f 1355//370 1383//370 1487//370
f 1355//370 1487//370 1353//370
f 1487//371 1477//371 1353//371
f 1353//371 1477//371 1348//371
f 1477//232 1475//232 1348//232
f 1348//232 1475//232 1342//232
f 1475//372 1481//372 1342//372
f 1342//372 1481//372 1344//372
f 1481//373 1456//373 1344//373
f 1344//373 1456//373 1338//373
f 1742//374 1747//374 1816//374
f 1742//374 1816//374 1925//374
f 1816//375 1813//375 1925//375
f 1925//375 1813//375 1924//375
f 1813//242 1815//242 1924//242
f 1924//242 1815//242 1923//242
f 1815//376 1814//376 1923//376
f 1923//376 1814//376 1916//376
f 1814//377 1259//377 1916//377
f 1916//377 1259//377 1261//377
f 1122//241 1563//241 1562//241
f 1562//241 1613//241 1122//241
f 1613//241 1506//241 1122//241
f 1122//241 1506//241 1124//241
f 1506//241 1168//241 1124//241
f 1264//378 1266//378 1829//378
f 1264//378 1829//378 1985//378
f 1829//379 1827//379 1985//379
f 1985//379 1827//379 1986//379
f 1827//231 1826//231 1986//231
f 1986//231 1826//231 1984//231
f 1826//380 1828//380 1984//380
f 1984//380 1828//380 1994//380
f 1828//381 1825//381 1994//381
f 1994//381 1825//381 1840//381
f 1223//382 1838//382 1914//382
f 1223//382 1914//382 1221//382
f 1914//383 1905//383 1221//383
f 1221//383 1905//383 1215//383
f 1905//241 1904//241 1215//241
f 1215//241 1904//241 1217//241
f 1904//384 1906//384 1217//384
f 1217//384 1906//384 1235//384
f 1906//385 1385//385 1235//385
f 1235//385 1385//385 1230//385
f 1239//237 1387//237 1963//237
f 1239//237 1963//237 1255//237
f 1963//238 1961//238 1255//238
f 1255//238 1961//238 1253//238
f 1961//386 1959//386 1253//386
f 1253//386 1959//386 1251//386
f 1959//240 1957//240 1251//240
f 1251//240 1957//240 1249//240
f 1957//387 1955//387 1249//387
f 1249//387 1955//387 1247//387
f 1955//224 1953//224 1247//224
f 1247//224 1953//224 1245//224
f 1953//225 1951//225 1245//225
f 1245//225 1951//225 1243//225
f 1951//226 1843//226 1243//226
f 1243//226 1843//226 1228//226
f 1388//237 1390//237 1907//237
f 1388//237 1907//237 1524//237
f 1907//238 1908//238 1524//238
f 1524//238 1908//238 1525//238
f 1908//388 1909//388 1525//388
f 1525//386 1909//386 1526//386
f 1909//240 1910//240 1526//240
f 1526//240 1910//240 1503//240
f 1910//387 1911//387 1503//387
f 1503//387 1911//387 1504//387
f 1911//224 1912//224 1504//224
f 1504//224 1912//224 1521//224
f 1912//225 1913//225 1521//225
f 1521//225 1913//225 1522//225
f 1913//226 1837//226 1522//226
f 1522//226 1837//226 1559//226
f 1272//256 1271//256 1987//256
f 1272//256 1987//256 1932//256
f 1987//255 1988//255 1932//255
f 1932//255 1988//255 1931//255
f 1988//254 1989//254 1931//254
f 1931//254 1989//254 1930//254
f 1989//252 1990//252 1930//252
f 1930//252 1990//252 1929//252
f 1990//389 1991//389 1929//389
f 1929//389 1991//389 1928//389
f 1991//229 1992//229 1928//229
f 1928//229 1992//229 1927//229
f 1992//228 1993//228 1927//228
f 1927//228 1993//228 1926//228
f 1993//227 1842//227 1926//227
f 1926//227 1842//227 1841//227
f 1268//256 1270//256 1546//256
f 1268//256 1546//256 1836//256
f 1546//255 1548//255 1836//255
f 1836//255 1548//255 1835//255
f 1548//254 1501//254 1835//254
f 1835//254 1501//254 1834//254
f 1501//252 1500//252 1834//252
f 1834//252 1500//252 1833//252
f 1500//389 1554//389 1833//389
f 1833//389 1554//389 1832//389
f 1554//229 1553//229 1832//229
f 1832//229 1553//229 1831//229
f 1553//228 1552//228 1831//228
f 1831//228 1552//228 1830//228
f 1552//227 1551//227 1830//227
f 1830//227 1551//227 1824//227
f 1275//257 1274//257 1817//257
f 1275//257 1817//257 1541//257
f 1817//258 1818//258 1541//258
f 1541//258 1818//258 1542//258
f 1818//259 1819//259 1542//259
f 1542//259 1819//259 1544//259
f 1819//260 1820//260 1544//260
f 1544//260 1820//260 1545//260
f 1820//243 1821//243 1545//243
f 1545//243 1821//243 1536//243
f 1821//244 1822//244 1536//244
f 1536//244 1822//244 1537//244
f 1822//245 1823//245 1537//245
f 1537//245 1823//245 1539//245
f 1823//246 1748//246 1539//246
f 1539//246 1748//246 1676//246
f 1263//257 1262//257 1933//257
f 1263//257 1933//257 1915//257
f 1933//258 1934//258 1915//258
f 1915//258 1934//258 1922//258
f 1934//259 1935//259 1922//259
f 1922//259 1935//259 1921//259
f 1935//260 1936//260 1921//260
f 1921//260 1936//260 1920//260
f 1936//243 1937//243 1920//243
f 1920//243 1937//243 1919//243
f 1937//244 1938//244 1919//244
f 1919//244 1938//244 1918//244
f 1938//245 1939//245 1918//245
f 1918//245 1939//245 1917//245
f 1939//246 1744//246 1917//246
f 1917//246 1744//246 1743//246
f 1392//236 1359//236 1364//236
f 1392//236 1364//236 1940//236
f 1364//235 1367//235 1940//235
f 1940//235 1367//235 1946//235
f 1367//390 1369//390 1946//390
f 1946//390 1369//390 1945//390
f 1369//391 1371//391 1945//391
f 1945//233 1371//233 1944//233
f 1371//392 1373//392 1944//392
f 1944//392 1373//392 1943//392
f 1373//393 1375//393 1943//393
f 1943//393 1375//393 1942//393
f 1375//248 1377//248 1942//248
f 1942//248 1377//248 1941//248
f 1377//247 1337//247 1941//247
f 1941//247 1337//247 1746//247
f 1381//236 1380//236 1527//236
f 1381//236 1527//236 1473//236
f 1527//235 1532//235 1473//235
f 1473//235 1532//235 1471//235
f 1532//390 1531//390 1471//390
f 1471//390 1531//390 1469//390
f 1531//391 1529//391 1469//391
f 1469//233 1529//233 1467//233
f 1529//392 1528//392 1467//392
f 1467//392 1528//392 1465//392
f 1528//393 1533//393 1465//393
f 1465//393 1533//393 1463//393
f 1533//248 1535//248 1463//248
f 1463//248 1535//248 1461//248
f 1535//247 1681//247 1461//247
f 1461//247 1681//247 1454//247
f 1995//11 1996//11 1997//11
f 1996//11 1998//11 1997//11
f 1997//11 1998//11 1999//11
f 1995//11 2000//11 1996//11
f 2000//394 2001//394 1996//394
f 1996//11 2001//11 2002//11
f 2002//11 2003//11 1996//11
f 2003//394 2004//394 1996//394
f 1996//11 2004//11 2005//11
f 2004//395 2006//395 2005//395
f 2006//11 2007//11 2005//11
f 2005//394 2007//394 2008//394
f 2008//11 2009//11 2005//11
f 2009//11 2010//11 2005//11
f 2005//11 2010//11 2011//11
f 2012//11 2013//11 2014//11
f 2013//11 2015//11 2014//11
f 2011//11 2016//11 2005//11
f 2016//11 2017//11 2005//11
f 2005//11 2017//11 2014//11
f 2017//11 2018//11 2014//11
f 2014//11 2018//11 2012//11
f 2015//11 2019//11 2014//11
f 2019//11 2020//11 2014//11
f 2014//11 2020//11 2021//11
f 2020//11 2022//11 2021//11
f 2021//11 2022//11 2023//11
f 2023//11 2024//11 2021//11
f 2024//11 2025//11 2021//11
f 2021//11 2025//11 2026//11
f 2025//11 2027//11 2026//11
f 2027//396 2028//396 2026//396
f 2026//11 2028//11 1998//11
f 2028//396 2029//396 1998//396
f 1998//11 2029//11 1999//11
f 2030//21 2031//21 2032//21
f 2031//21 2033//21 2032//21
f 2032//21 2033//21 2034//21
f 2033//21 2035//21 2034//21
f 1998//2 1996//2 2030//2
f 1996//2 2031//2 2030//2
f 2014//20 2021//20 2035//20
f 2021//20 2034//20 2035//20
f 2036//11 2037//11 2038//11
f 2039//396 2040//396 2041//396
f 2040//11 2042//11 2041//11
f 2043//11 2044//11 2045//11
f 2046//11 2047//11 2048//11
f 2048//11 2049//11 2038//11
f 2049//11 2050//11 2038//11
f 2038//11 2050//11 2036//11
f 2037//11 2051//11 2038//11
f 2051//11 2052//11 2038//11
f 2038//11 2052//11 2053//11
f 2053//11 2054//11 2038//11
f 2054//394 2055//394 2038//394
f 2038//11 2055//11 2041//11
f 2055//396 2056//396 2041//396
f 2041//11 2056//11 2039//11
f 2042//11 2057//11 2041//11
f 2057//11 2058//11 2041//11
f 2041//11 2058//11 2059//11
f 2058//11 2060//11 2059//11
f 2061//11 2062//11 2063//11
f 2062//11 2059//11 2063//11
f 2063//11 2059//11 2064//11
f 2059//11 2060//11 2064//11
f 2043//11 2045//11 2048//11
f 2045//396 2065//396 2048//396
f 2048//11 2065//11 2046//11
f 2047//11 2066//11 2048//11
f 2066//11 2067//11 2048//11
f 2048//11 2067//11 2049//11
f 2061//11 2068//11 2062//11
f 2068//396 2069//396 2062//396
f 2062//11 2069//11 2043//11
f 2069//11 2070//11 2043//11
f 2043//11 2070//11 2044//11
f 2043//20 2048//20 2071//20
f 2048//20 2072//20 2071//20
f 2071//21 2072//21 2073//21
f 2072//21 2074//21 2073//21
f 2073//21 2074//21 2075//21
f 2074//21 2076//21 2075//21
f 2041//1 2059//1 2076//1
f 2059//1 2075//1 2076//1
f 2043//397 2071//397 2073//397
f 2043//397 2073//397 2062//397
f 2073//398 2075//398 2062//398
f 2062//398 2075//398 2059//398
f 2077//21 2078//21 2079//21
f 2078//21 2080//21 2079//21
f 2079//21 2080//21 2081//21
f 2080//21 2082//21 2081//21
f 2083//11 2084//11 2085//11
f 2084//11 2086//11 2085//11
f 2085//11 2086//11 2087//11
f 2088//11 2089//11 2090//11
f 2089//11 2091//11 2090//11
f 2090//11 2091//11 2092//11
f 2088//11 2093//11 2089//11
f 2093//11 2094//11 2089//11
f 2089//11 2094//11 2095//11
f 2095//11 2096//11 2089//11
f 2096//11 2097//11 2089//11
f 2089//11 2097//11 2086//11
f 2097//11 2098//11 2086//11
f 2086//11 2098//11 2087//11
f 2099//11 2100//11 2101//11
f 2100//11 2084//11 2101//11
f 2101//11 2084//11 2102//11
f 2084//11 2083//11 2102//11
f 2099//11 2103//11 2100//11
f 2103//11 2104//11 2100//11
f 2100//11 2104//11 2105//11
f 2104//11 2106//11 2105//11
f 2106//11 2107//11 2105//11
f 2107//394 2108//394 2105//394
f 2105//11 2108//11 2109//11
f 2109//394 2110//394 2105//394
f 2110//396 2111//396 2105//396
f 2105//11 2111//11 2091//11
f 2111//395 2112//395 2091//395
f 2112//396 2113//396 2091//396
f 2113//11 2114//11 2091//11
f 2091//11 2114//11 2115//11
f 2115//11 2116//11 2091//11
f 2116//11 2117//11 2091//11
f 2091//11 2117//11 2092//11
f 2100//1 2105//1 2077//1
f 2105//1 2078//1 2077//1
f 2118//399 2090//399 2119//399
f 2090//399 2092//399 2119//399
f 2119//400 2092//400 2120//400
f 2092//400 2117//400 2120//400
f 2120//401 2117//401 2121//401
f 2117//401 2116//401 2121//401
f 2121//402 2116//402 2122//402
f 2116//402 2115//402 2122//402
f 2122//403 2115//403 2123//403
f 2115//403 2114//403 2123//403
f 2123//404 2114//404 2124//404
f 2114//404 2113//404 2124//404
f 2124//405 2113//405 2125//405
f 2113//405 2112//405 2125//405
f 2125//406 2112//406 2126//406
f 2112//406 2111//406 2126//406
f 2126//407 2111//407 2127//407
f 2111//407 2110//407 2127//407
f 2127//408 2110//408 2128//408
f 2110//408 2109//408 2128//408
f 2128//398 2109//398 2129//398
f 2109//398 2108//398 2129//398
f 2129//409 2108//409 2130//409
f 2108//409 2107//409 2130//409
f 2130//410 2107//410 2131//410
f 2107//410 2106//410 2131//410
f 2131//411 2106//411 2132//411
f 2106//411 2104//411 2132//411
f 2132//1 2104//1 2133//1
f 2104//1 2103//1 2133//1
f 2133//412 2103//412 2134//412
f 2103//412 2099//412 2134//412
f 2134//413 2099//413 2135//413
f 2099//413 2101//413 2135//413
f 2135//414 2101//414 2136//414
f 2101//414 2102//414 2136//414
f 2136//415 2102//415 2137//415
f 2102//415 2083//415 2137//415
f 2137//416 2083//416 2138//416
f 2083//416 2085//416 2138//416
f 2138//417 2085//417 2139//417
f 2085//417 2087//417 2139//417
f 2139//418 2087//418 2140//418
f 2087//418 2098//418 2140//418
f 2140//419 2098//419 2141//419
f 2098//419 2097//419 2141//419
f 2141//420 2097//420 2142//420
f 2097//420 2096//420 2142//420
f 2142//421 2096//421 2143//421
f 2096//421 2095//421 2143//421
f 2143//422 2095//422 2144//422
f 2095//422 2094//422 2144//422
f 2144//423 2094//423 2145//423
f 2094//423 2093//423 2145//423
f 2145//424 2093//424 2146//424
f 2093//424 2088//424 2146//424
f 2146//425 2088//425 2118//425
f 2088//425 2090//425 2118//425
f 2100//415 2077//415 2079//415
f 2100//415 2079//415 2084//415
f 2079//426 2081//426 2084//426
f 2084//426 2081//426 2086//426
f 2147//11 2148//11 2149//11
f 2148//11 2150//11 2149//11
f 2151//427 2050//427 2152//427
f 2050//427 2049//427 2152//427
f 2152//400 2049//400 2153//400
f 2049//400 2067//400 2153//400
f 2153//428 2067//428 2154//428
f 2067//401 2066//401 2154//401
f 2154//402 2066//402 2155//402
f 2066//429 2047//429 2155//429
f 2155//403 2047//403 2156//403
f 2047//403 2046//403 2156//403
f 2156//404 2046//404 2157//404
f 2046//404 2065//404 2157//404
f 2157//405 2065//405 2158//405
f 2065//405 2045//405 2158//405
f 2158//406 2045//406 2159//406
f 2045//406 2044//406 2159//406
f 2159//407 2044//407 2160//407
f 2044//430 2070//430 2160//430
f 2160//408 2070//408 2161//408
f 2070//408 2069//408 2161//408
f 2161//398 2069//398 2162//398
f 2069//398 2068//398 2162//398
f 2162//409 2068//409 2163//409
f 2068//409 2061//409 2163//409
f 2163//410 2061//410 2164//410
f 2061//410 2063//410 2164//410
f 2164//411 2063//411 2165//411
f 2063//411 2064//411 2165//411
f 2165//1 2064//1 2166//1
f 2064//1 2060//1 2166//1
f 2166//412 2060//412 2167//412
f 2060//412 2058//412 2167//412
f 2167//413 2058//413 2168//413
f 2058//413 2057//413 2168//413
f 2168//414 2057//414 2169//414
f 2057//414 2042//414 2169//414
f 2169//415 2042//415 2170//415
f 2042//415 2040//415 2170//415
f 2170//416 2040//416 2171//416
f 2040//416 2039//416 2171//416
f 2171//417 2039//417 2172//417
f 2039//417 2056//417 2172//417
f 2172//418 2056//418 2173//418
f 2056//418 2055//418 2173//418
f 2173//419 2055//419 2174//419
f 2055//419 2054//419 2174//419
f 2174//420 2054//420 2175//420
f 2054//420 2053//420 2175//420
f 2175//421 2053//421 2176//421
f 2053//421 2052//421 2176//421
f 2176//431 2052//431 2177//431
f 2052//431 2051//431 2177//431
f 2177//432 2051//432 2178//432
f 2051//432 2037//432 2178//432
f 2178//424 2037//424 2179//424
f 2037//424 2036//424 2179//424
f 2179//425 2036//425 2151//425
f 2036//425 2050//425 2151//425
f 1998//433 2030//433 2032//433
f 1998//433 2032//433 2026//433
f 2032//434 2034//434 2026//434
f 2026//434 2034//434 2021//434
f 2074//20 2149//20 2076//20
f 2149//20 2150//20 2076//20
f 2005//20 2180//20 1996//20
f 2180//20 2181//20 1996//20
f 2181//20 2182//20 2041//20
f 2182//20 2038//20 2041//20
f 2181//20 2041//20 1996//20
f 2041//20 2076//20 1996//20
f 1996//20 2076//20 2031//20
f 2076//20 2150//20 2031//20
f 2031//20 2150//20 2033//20
f 2183//280 2184//280 2185//280
f 2185//279 2184//279 2186//279
f 2184//279 2187//279 2186//279
f 2187//302 2188//302 2186//302
f 2186//302 2188//302 2189//302
f 2188//301 2190//301 2189//301
f 2189//301 2190//301 2191//301
f 2190//276 2192//276 2191//276
f 2191//276 2192//276 2193//276
f 2192//274 2194//274 2193//274
f 2193//274 2194//274 2195//274
f 2194//272 2196//272 2195//272
f 2195//272 2196//272 2197//272
f 2196//271 2198//271 2197//271
f 2197//271 2198//271 2199//271
f 2198//270 2200//270 2199//270
f 2199//270 2200//270 2201//270
f 2200//269 2202//269 2201//269
f 2201//269 2202//269 2203//269
f 2202//268 2204//268 2203//268
f 2203//268 2204//268 2205//268
f 2204//267 2206//267 2205//267
f 2205//267 2206//267 2207//267
f 2206//266 2208//266 2207//266
f 2207//266 2208//266 2209//266
f 2208//264 2210//264 2209//264
f 2209//264 2210//264 2211//264
f 2210//263 2212//263 2211//263
f 2211//263 2212//263 2213//263
f 2212//262 2214//262 2213//262
f 2213//262 2214//262 2215//262
f 2214//297 2216//297 2215//297
f 2215//297 2216//297 2217//297
f 2216//296 2218//296 2217//296
f 2217//296 2218//296 2219//296
f 2218//294 2220//294 2219//294
f 2219//294 2220//294 2221//294
f 2220//293 2222//293 2221//293
f 2221//293 2222//293 2223//293
f 2222//292 2224//292 2223//292
f 2223//292 2224//292 2225//292
f 2224//291 2226//291 2225//291
f 2225//291 2226//291 2227//291
f 2226//290 2228//290 2227//290
f 2227//290 2228//290 2229//290
f 2228//289 2230//289 2229//289
f 2229//289 2230//289 2231//289
f 2230//316 2232//316 2231//316
f 2231//316 2232//316 2233//316
f 2232//287 2234//287 2233//287
f 2233//287 2234//287 2235//287
f 2234//286 2236//286 2235//286
f 2235//286 2236//286 2237//286
f 2236//283 2238//283 2237//283
f 2237//283 2238//283 2239//283
f 2238//306 2240//306 2239//306
f 2239//306 2240//306 2241//306
f 2240//305 2183//305 2241//305
f 2241//305 2183//305 2242//305
f 2183//280 2185//280 2242//280
f 2243//435 2244//435 2245//435
f 2244//435 2246//435 2245//435
f 2245//436 2246//436 2247//436
f 2246//436 2248//436 2247//436
f 2247//437 2248//437 2249//437
f 2248//438 2250//438 2249//438
f 2249//439 2250//439 2251//439
f 2250//439 2252//439 2251//439
f 2251//440 2252//440 2253//440
f 2252//440 2254//440 2253//440
f 2253//441 2254//441 2255//441
f 2254//441 2256//441 2255//441
f 2255//442 2256//442 2257//442
f 2256//442 2258//442 2257//442
f 2257//443 2258//443 2259//443
f 2258//443 2260//443 2259//443
f 2259//444 2260//444 2261//444
f 2260//444 2262//444 2261//444
f 2261//445 2262//445 2263//445
f 2262//445 2264//445 2263//445
f 2263//433 2264//433 2265//433
f 2264//433 2266//433 2265//433
f 2265//446 2266//446 2267//446
f 2266//446 2268//446 2267//446
f 2267//447 2268//447 2269//447
f 2268//447 2270//447 2269//447
f 2269//448 2270//448 2271//448
f 2270//448 2272//448 2271//448
f 2271//2 2272//2 2273//2
f 2272//2 2274//2 2273//2
f 2273//449 2274//449 2275//449
f 2274//449 2276//449 2275//449
f 2275//450 2276//450 2277//450
f 2276//451 2278//451 2277//451
f 2277//452 2278//452 2279//452
f 2278//452 2280//452 2279//452
f 2279//453 2280//453 2281//453
f 2280//453 2282//453 2281//453
f 2281//454 2282//454 2283//454
f 2282//454 2284//454 2283//454
f 2283//455 2284//455 2285//455
f 2284//455 2286//455 2285//455
f 2285//456 2286//456 2287//456
f 2286//456 2288//456 2287//456
f 2287//457 2288//457 2289//457
f 2288//457 2290//457 2289//457
f 2289//458 2290//458 2291//458
f 2290//458 2292//458 2291//458
f 2291//459 2292//459 2293//459
f 2292//459 2294//459 2293//459
f 2293//460 2294//460 2295//460
f 2294//460 2296//460 2295//460
f 2295//461 2296//461 2297//461
f 2296//461 2298//461 2297//461
f 2297//462 2298//462 2299//462
f 2298//462 2300//462 2299//462
f 2299//463 2300//463 2243//463
f 2300//463 2244//463 2243//463
f 2301//427 1997//427 2302//427
f 1997//427 1999//427 2302//427
f 2302//400 1999//400 2303//400
f 1999//400 2029//400 2303//400
f 2303//428 2029//428 2304//428
f 2029//401 2028//401 2304//401
f 2304//402 2028//402 2305//402
f 2028//429 2027//429 2305//429
f 2305//403 2027//403 2306//403
f 2027//403 2025//403 2306//403
f 2306//404 2025//404 2307//404
f 2025//404 2024//404 2307//404
f 2307//405 2024//405 2308//405
f 2024//405 2023//405 2308//405
f 2308//406 2023//406 2309//406
f 2023//406 2022//406 2309//406
f 2309//407 2022//407 2310//407
f 2022//430 2020//430 2310//430
f 2310//408 2020//408 2311//408
f 2020//408 2019//408 2311//408
f 2311//398 2019//398 2312//398
f 2019//398 2015//398 2312//398
f 2312//409 2015//409 2313//409
f 2015//409 2013//409 2313//409
f 2313//410 2013//410 2314//410
f 2013//410 2012//410 2314//410
f 2314//411 2012//411 2315//411
f 2012//411 2018//411 2315//411
f 2315//1 2018//1 2316//1
f 2018//1 2017//1 2316//1
f 2316//412 2017//412 2317//412
f 2017//412 2016//412 2317//412
f 2317//413 2016//413 2318//413
f 2016//413 2011//413 2318//413
f 2318//414 2011//414 2319//414
f 2011//414 2010//414 2319//414
f 2319//415 2010//415 2320//415
f 2010//415 2009//415 2320//415
f 2320//416 2009//416 2321//416
f 2009//416 2008//416 2321//416
f 2321//417 2008//417 2322//417
f 2008//417 2007//417 2322//417
f 2322//418 2007//418 2323//418
f 2007//418 2006//418 2323//418
f 2323//419 2006//419 2324//419
f 2006//419 2004//419 2324//419
f 2324//420 2004//420 2325//420
f 2004//420 2003//420 2325//420
f 2325//421 2003//421 2326//421
f 2003//421 2002//421 2326//421
f 2326//431 2002//431 2327//431
f 2002//431 2001//431 2327//431
f 2327//432 2001//432 2328//432
f 2001//432 2000//432 2328//432
f 2328//424 2000//424 2329//424
f 2000//424 1995//424 2329//424
f 2329//425 1995//425 2301//425
f 1995//425 1997//425 2301//425
f 2148//22 2147//22 2078//22
f 2147//22 2080//22 2078//22
f 2330//22 2331//22 2148//22
f 2091//22 2332//22 2105//22
f 2332//22 2333//22 2105//22
f 2334//22 2335//22 2333//22
f 2335//22 2336//22 2333//22
f 2242//22 2185//22 2330//22
f 2227//22 2229//22 2078//22
f 2330//22 2185//22 2336//22
f 2185//22 2186//22 2336//22
f 2186//22 2189//22 2336//22
f 2336//22 2189//22 2191//22
f 2148//22 2078//22 2330//22
f 2078//22 2229//22 2330//22
f 2330//22 2229//22 2231//22
f 2231//22 2233//22 2330//22
f 2233//22 2235//22 2330//22
f 2330//22 2235//22 2237//22
f 2237//22 2239//22 2330//22
f 2239//22 2241//22 2330//22
f 2330//22 2241//22 2242//22
f 2219//22 2221//22 2078//22
f 2191//22 2193//22 2336//22
f 2193//22 2195//22 2336//22
f 2336//22 2195//22 2333//22
f 2195//22 2197//22 2333//22
f 2221//22 2223//22 2078//22
f 2223//22 2225//22 2078//22
f 2078//22 2225//22 2227//22
f 2197//22 2199//22 2333//22
f 2199//22 2201//22 2333//22
f 2333//22 2201//22 2105//22
f 2201//22 2203//22 2105//22
f 2105//22 2203//22 2205//22
f 2205//22 2207//22 2105//22
f 2207//22 2209//22 2105//22
f 2105//22 2209//22 2211//22
f 2211//22 2213//22 2105//22
f 2213//22 2215//22 2105//22
f 2105//22 2215//22 2078//22
f 2215//22 2217//22 2078//22
f 2078//22 2217//22 2219//22
f 2188//22 2187//22 2337//22
f 2187//22 2184//22 2337//22
f 2337//22 2184//22 2183//22
f 2194//22 2192//22 2337//22
f 2192//22 2190//22 2337//22
f 2337//22 2190//22 2188//22
f 2200//22 2198//22 2337//22
f 2198//22 2196//22 2337//22
f 2337//22 2196//22 2194//22
f 2206//22 2204//22 2337//22
f 2204//22 2202//22 2337//22
f 2337//22 2202//22 2200//22
f 2212//22 2210//22 2337//22
f 2210//22 2208//22 2337//22
f 2337//22 2208//22 2206//22
f 2218//22 2216//22 2337//22
f 2216//22 2214//22 2337//22
f 2337//22 2214//22 2212//22
f 2224//22 2222//22 2337//22
f 2222//22 2220//22 2337//22
f 2337//22 2220//22 2218//22
f 2230//22 2228//22 2337//22
f 2228//22 2226//22 2337//22
f 2337//22 2226//22 2224//22
f 2236//22 2234//22 2337//22
f 2234//22 2232//22 2337//22
f 2337//22 2232//22 2230//22
f 2183//22 2240//22 2337//22
f 2240//22 2238//22 2337//22
f 2337//22 2238//22 2236//22
f 2338//21 2309//21 2310//21
f 2315//464 2180//464 2314//464
f 2180//21 2338//21 2314//21
f 2314//21 2338//21 2313//21
f 2315//21 2316//21 2180//21
f 2316//465 2317//465 2180//465
f 2180//21 2317//21 2318//21
f 2318//21 2319//21 2180//21
f 2319//21 2320//21 2180//21
f 2180//21 2320//21 2321//21
f 2310//21 2311//21 2338//21
f 2311//21 2312//21 2338//21
f 2338//21 2312//21 2313//21
f 2321//21 2322//21 2180//21
f 2322//464 2323//464 2180//464
f 2180//21 2323//21 2181//21
f 2323//21 2324//21 2181//21
f 2181//21 2324//21 2325//21
f 2325//21 2326//21 2181//21
f 2326//21 2327//21 2181//21
f 2181//21 2327//21 2328//21
f 2328//21 2329//21 2181//21
f 2329//21 2301//21 2181//21
f 2181//464 2301//464 2302//464
f 2302//21 2303//21 2339//21
f 2303//21 2304//21 2339//21
f 2339//21 2304//21 2305//21
f 2305//21 2306//21 2339//21
f 2306//21 2307//21 2339//21
f 2339//21 2307//21 2338//21
f 2307//21 2308//21 2338//21
f 2338//21 2308//21 2309//21
f 2334//21 2340//21 2341//21
f 2334//21 2342//21 2343//21
f 2344//21 2345//21 2338//21
f 2345//21 2346//21 2338//21
f 2338//21 2346//21 2347//21
f 2343//21 2348//21 2334//21
f 2348//21 2349//21 2334//21
f 2334//21 2349//21 2340//21
f 2341//464 2350//464 2334//464
f 2350//21 2351//21 2334//21
f 2334//21 2351//21 2338//21
f 2351//21 2352//21 2338//21
f 2338//21 2352//21 2344//21
f 2353//21 2339//21 2354//21
f 2339//21 2338//21 2354//21
f 2354//21 2338//21 2355//21
f 2338//21 2347//21 2355//21
f 2353//21 2356//21 2339//21
f 2356//21 2357//21 2339//21
f 2339//21 2357//21 2358//21
f 2358//21 2359//21 2339//21
f 2359//21 2360//21 2339//21
f 2339//21 2360//21 2333//21
f 2360//465 2361//465 2333//465
f 2333//21 2361//21 2362//21
f 2362//21 2363//21 2333//21
f 2363//21 2364//21 2333//21
f 2333//21 2364//21 2365//21
f 2365//21 2366//21 2333//21
f 2366//21 2367//21 2333//21
f 2333//21 2367//21 2334//21
f 2367//21 2368//21 2334//21
f 2334//465 2368//465 2342//465
f 2167//21 2168//21 2181//21
f 2168//21 2169//21 2181//21
f 2181//21 2169//21 2170//21
f 2170//21 2171//21 2181//21
f 2171//466 2172//466 2181//466
f 2181//21 2172//21 2182//21
f 2172//21 2173//21 2182//21
f 2302//21 2339//21 2181//21
f 2339//21 2244//21 2181//21
f 2181//21 2244//21 2300//21
f 2173//21 2174//21 2182//21
f 2174//21 2175//21 2182//21
f 2182//21 2175//21 2176//21
f 2163//464 2294//464 2292//464
f 2288//21 2286//21 2162//21
f 2176//21 2177//21 2182//21
f 2177//21 2178//21 2182//21
f 2182//21 2178//21 2179//21
f 2256//21 2254//21 2339//21
f 2254//21 2252//21 2339//21
f 2339//21 2252//21 2250//21
f 2300//21 2298//21 2181//21
f 2298//21 2296//21 2181//21
f 2181//21 2296//21 2294//21
f 2179//21 2151//21 2182//21
f 2151//21 2152//21 2182//21
f 2182//21 2152//21 2369//21
f 2152//21 2153//21 2369//21
f 2369//21 2153//21 2154//21
f 2154//21 2155//21 2369//21
f 2155//21 2156//21 2369//21
f 2369//21 2156//21 2157//21
f 2163//465 2292//465 2162//465
f 2292//21 2290//21 2162//21
f 2162//21 2290//21 2288//21
f 2163//21 2164//21 2294//21
f 2164//21 2165//21 2294//21
f 2294//21 2165//21 2181//21
f 2165//21 2166//21 2181//21
f 2181//21 2166//21 2167//21
f 2286//21 2284//21 2162//21
f 2284//21 2282//21 2162//21
f 2162//465 2282//465 2161//465
f 2282//21 2280//21 2161//21
f 2161//464 2280//464 2160//464
f 2157//21 2158//21 2369//21
f 2158//21 2159//21 2369//21
f 2369//21 2159//21 2276//21
f 2250//21 2248//21 2339//21
f 2248//21 2246//21 2339//21
f 2339//21 2246//21 2244//21
f 2160//21 2280//21 2159//21
f 2280//21 2278//21 2159//21
f 2159//21 2278//21 2276//21
f 2276//21 2274//21 2369//21
f 2274//21 2272//21 2369//21
f 2369//21 2272//21 2270//21
f 2270//21 2268//21 2369//21
f 2268//21 2266//21 2369//21
f 2369//21 2266//21 2264//21
f 2264//21 2262//21 2369//21
f 2262//21 2260//21 2369//21
f 2369//21 2260//21 2339//21
f 2260//21 2258//21 2339//21
f 2339//21 2258//21 2256//21
f 2125//21 2126//21 2332//21
f 2129//21 2130//21 2333//21
f 2136//21 2339//21 2135//21
f 2339//21 2134//21 2135//21
f 2140//21 2141//21 2369//21
f 2129//465 2333//465 2128//465
f 2130//21 2131//21 2333//21
f 2131//21 2132//21 2333//21
f 2333//21 2132//21 2339//21
f 2132//21 2133//21 2339//21
f 2339//21 2133//21 2134//21
f 2136//464 2137//464 2339//464
f 2137//21 2138//21 2339//21
f 2339//21 2138//21 2369//21
f 2138//464 2139//464 2369//464
f 2369//21 2139//21 2140//21
f 2141//21 2142//21 2369//21
f 2142//21 2143//21 2369//21
f 2369//21 2143//21 2144//21
f 2332//21 2126//21 2333//21
f 2126//467 2127//467 2333//467
f 2333//21 2127//21 2128//21
f 2144//21 2145//21 2369//21
f 2145//21 2146//21 2369//21
f 2369//21 2146//21 2332//21
f 2146//21 2118//21 2332//21
f 2332//21 2118//21 2119//21
f 2119//21 2120//21 2332//21
f 2120//21 2121//21 2332//21
f 2332//21 2121//21 2122//21
f 2122//21 2123//21 2332//21
f 2123//21 2124//21 2332//21
f 2332//21 2124//21 2125//21
f 2370//468 2371//468 2372//468
f 2370//468 2372//468 2373//468
f 2372//453 2374//453 2373//453
f 2373//453 2374//453 2375//453
f 2033//2 2150//2 2035//2
f 2150//2 2148//2 2035//2
f 2335//2 2334//2 2376//2
f 2334//2 2338//2 2376//2
f 2338//2 2180//2 2014//2
f 2180//2 2005//2 2014//2
f 2338//2 2014//2 2376//2
f 2014//2 2035//2 2376//2
f 2376//2 2035//2 2377//2
f 2035//2 2148//2 2377//2
f 2377//2 2148//2 2331//2
f 2371//21 2377//21 2372//21
f 2377//21 2331//21 2372//21
f 2372//21 2331//21 2374//21
f 2331//21 2330//21 2374//21
f 2370//22 2376//22 2371//22
f 2376//22 2377//22 2371//22
f 2089//22 2086//22 2082//22
f 2086//22 2081//22 2082//22
f 2082//1 2080//1 2147//1
f 2048//1 2038//1 2182//1
f 2149//1 2074//1 2072//1
f 2332//1 2091//1 2369//1
f 2091//1 2089//1 2369//1
f 2147//1 2149//1 2082//1
f 2149//1 2072//1 2082//1
f 2082//1 2072//1 2089//1
f 2072//1 2048//1 2089//1
f 2089//1 2048//1 2369//1
f 2048//1 2182//1 2369//1
f 2361//399 2378//399 2362//399
f 2378//399 2379//399 2362//399
f 2362//400 2379//400 2363//400
f 2379//400 2380//400 2363//400
f 2363//401 2380//401 2364//401
f 2380//401 2381//401 2364//401
f 2364//402 2381//402 2365//402
f 2381//402 2382//402 2365//402
f 2365//403 2382//403 2366//403
f 2382//403 2383//403 2366//403
f 2366//404 2383//404 2367//404
f 2383//404 2384//404 2367//404
f 2367//405 2384//405 2368//405
f 2384//405 2385//405 2368//405
f 2368//406 2385//406 2342//406
f 2385//406 2386//406 2342//406
f 2342//407 2386//407 2343//407
f 2386//407 2387//407 2343//407
f 2343//408 2387//408 2348//408
f 2387//408 2388//408 2348//408
f 2348//398 2388//398 2349//398
f 2388//398 2389//398 2349//398
f 2349//409 2389//409 2340//409
f 2389//409 2390//409 2340//409
f 2340//410 2390//410 2341//410
f 2390//410 2391//410 2341//410
f 2341//411 2391//411 2350//411
f 2391//411 2392//411 2350//411
f 2350//1 2392//1 2351//1
f 2392//1 2393//1 2351//1
f 2351//412 2393//412 2352//412
f 2393//412 2394//412 2352//412
f 2352//413 2394//413 2344//413
f 2394//413 2395//413 2344//413
f 2344//414 2395//414 2345//414
f 2395//414 2396//414 2345//414
f 2345//415 2396//415 2346//415
f 2396//415 2397//415 2346//415
f 2346//416 2397//416 2347//416
f 2397//416 2398//416 2347//416
f 2347//417 2398//417 2355//417
f 2398//417 2399//417 2355//417
f 2355//418 2399//418 2354//418
f 2399//418 2400//418 2354//418
f 2354//419 2400//419 2353//419
f 2400//419 2401//419 2353//419
f 2353//420 2401//420 2356//420
f 2401//420 2402//420 2356//420
f 2356//421 2402//421 2357//421
f 2402//421 2403//421 2357//421
f 2357//422 2403//422 2358//422
f 2403//422 2404//422 2358//422
f 2358//423 2404//423 2359//423
f 2404//423 2405//423 2359//423
f 2359//424 2405//424 2360//424
f 2405//424 2406//424 2360//424
f 2360//425 2406//425 2361//425
f 2406//425 2378//425 2361//425
f 2243//21 2245//21 2407//21
f 2243//21 2407//21 2299//21
f 2293//21 2295//21 2407//21
f 2295//21 2297//21 2407//21
f 2407//21 2297//21 2299//21
f 2287//21 2289//21 2407//21
f 2289//21 2291//21 2407//21
f 2407//21 2291//21 2293//21
f 2281//21 2283//21 2407//21
f 2283//21 2285//21 2407//21
f 2407//21 2285//21 2287//21
f 2275//21 2277//21 2407//21
f 2277//21 2279//21 2407//21
f 2407//21 2279//21 2281//21
f 2269//21 2271//21 2407//21
f 2271//21 2273//21 2407//21
f 2407//21 2273//21 2275//21
f 2263//21 2265//21 2407//21
f 2265//21 2267//21 2407//21
f 2407//21 2267//21 2269//21
f 2257//21 2259//21 2407//21
f 2259//21 2261//21 2407//21
f 2407//21 2261//21 2263//21
f 2251//21 2253//21 2407//21
f 2253//21 2255//21 2407//21
f 2407//21 2255//21 2257//21
f 2245//21 2247//21 2407//21
f 2247//21 2249//21 2407//21
f 2407//21 2249//21 2251//21
f 2336//2 2375//2 2330//2
f 2375//2 2374//2 2330//2
f 2406//11 2405//11 2375//11
f 2375//11 2405//11 2373//11
f 2395//11 2376//11 2396//11
f 2376//11 2397//11 2396//11
f 2391//11 2390//11 2335//11
f 2390//11 2389//11 2335//11
f 2335//394 2386//394 2385//394
f 2383//11 2382//11 2336//11
f 2336//11 2379//11 2375//11
f 2379//11 2378//11 2375//11
f 2375//11 2378//11 2406//11
f 2405//11 2404//11 2373//11
f 2404//11 2403//11 2373//11
f 2373//11 2403//11 2370//11
f 2403//11 2402//11 2370//11
f 2370//11 2402//11 2401//11
f 2401//11 2400//11 2370//11
f 2400//11 2399//11 2370//11
f 2370//11 2399//11 2376//11
f 2399//11 2398//11 2376//11
f 2376//11 2398//11 2397//11
f 2335//11 2385//11 2336//11
f 2385//11 2384//11 2336//11
f 2336//396 2384//396 2383//396
f 2382//11 2381//11 2336//11
f 2381//396 2380//396 2336//396
f 2336//11 2380//11 2379//11
f 2395//11 2394//11 2376//11
f 2394//11 2393//11 2376//11
f 2376//11 2393//11 2335//11
f 2393//11 2392//11 2335//11
f 2335//11 2392//11 2391//11
f 2389//11 2388//11 2335//11
f 2388//11 2387//11 2335//11
f 2335//396 2387//396 2386//396
f 2408//20 2409//20 2410//20
f 2410//20 2411//20 2412//20
f 2412//20 2408//20 2410//20
f 2413//11 2414//11 2415//11
f 2415//11 2416//11 2417//11
f 2417//11 2413//11 2415//11
f 2410//469 2418//469 2419//469
f 2419//469 2411//469 2410//469
f 2418//470 2420//470 2421//470
f 2421//470 2419//470 2418//470
f 2420//471 2422//471 2423//471
f 2423//471 2421//471 2420//471
f 2422//472 2424//472 2425//472
f 2425//472 2423//472 2422//472
f 2424//473 2426//473 2427//473
f 2427//473 2425//473 2424//473
f 2426//474 2428//474 2429//474
f 2429//474 2427//474 2426//474
f 2428//475 2430//475 2431//475
f 2431//475 2429//475 2428//475
f 2431//476 2430//476 2416//476
f 2416//476 2415//476 2431//476
f 2432//2 2433//2 2412//2
f 2412//2 2411//2 2419//2
f 2431//2 2415//2 2414//2
f 2414//2 2434//2 2435//2
f 2435//2 2436//2 2437//2
f 2437//2 2438//2 2432//2
f 2432//2 2412//2 2419//2
f 2431//2 2414//2 2435//2
f 2432//2 2419//2 2421//2
f 2429//2 2431//2 2435//2
f 2432//2 2421//2 2423//2
f 2427//2 2429//2 2435//2
f 2437//2 2432//2 2423//2
f 2427//2 2435//2 2437//2
f 2437//2 2423//2 2425//2
f 2425//2 2427//2 2437//2
f 2412//477 2433//477 2439//477
f 2439//477 2408//477 2412//477
f 2433//478 2432//478 2440//478
f 2440//478 2439//478 2433//478
f 2432//479 2438//479 2441//479
f 2441//479 2440//479 2432//479
f 2438//480 2437//480 2442//480
f 2442//480 2441//480 2438//480
f 2437//481 2436//481 2443//481
f 2443//481 2442//481 2437//481
f 2436//482 2435//482 2444//482
f 2444//482 2443//482 2436//482
f 2435//483 2434//483 2445//483
f 2445//483 2444//483 2435//483
f 2445//484 2434//484 2414//484
f 2414//484 2413//484 2445//484
f 2446//485 2409//485 2439//485
f 2409//486 2408//486 2439//486
f 2447//487 2446//487 2440//487
f 2439//488 2440//488 2446//488
f 2448//489 2447//489 2441//489
f 2440//490 2441//490 2447//490
f 2449//491 2448//491 2442//491
f 2441//492 2442//492 2448//492
f 2450//493 2449//493 2443//493
f 2442//494 2443//494 2449//494
f 2451//495 2450//495 2444//495
f 2443//496 2444//496 2450//496
f 2452//497 2451//497 2445//497
f 2444//498 2445//498 2451//498
f 2413//499 2417//499 2452//499
f 2445//500 2413//500 2452//500
f 2418//1 2410//1 2409//1
f 2447//1 2448//1 2449//1
f 2449//1 2450//1 2451//1
f 2452//1 2417//1 2416//1
f 2418//1 2409//1 2446//1
f 2452//1 2416//1 2430//1
f 2420//1 2418//1 2446//1
f 2451//1 2452//1 2430//1
f 2420//1 2446//1 2447//1
f 2451//1 2430//1 2428//1
f 2422//1 2420//1 2447//1
f 2451//1 2428//1 2426//1
f 2422//1 2447//1 2449//1
f 2449//1 2451//1 2426//1
f 2424//1 2422//1 2449//1
f 2449//1 2426//1 2424//1
f 2453//20 2454//20 2455//20
f 2455//20 2456//20 2457//20
f 2457//20 2453//20 2455//20
f 2458//11 2459//11 2460//11
f 2460//11 2461//11 2462//11
f 2462//11 2458//11 2460//11
f 2463//501 2456//501 2455//501
f 2455//501 2464//501 2463//501
f 2465//502 2463//502 2464//502
f 2464//502 2466//502 2465//502
f 2467//479 2465//479 2466//479
f 2466//479 2468//479 2467//479
f 2469//503 2467//503 2468//503
f 2468//503 2470//503 2469//503
f 2471//504 2469//504 2470//504
f 2470//504 2472//504 2471//504
f 2473//482 2471//482 2472//482
f 2472//482 2474//482 2473//482
f 2475//505 2473//505 2474//505
f 2474//505 2476//505 2475//505
f 2475//506 2476//506 2461//506
f 2461//506 2460//506 2475//506
f 2477//1 2457//1 2456//1
f 2456//1 2463//1 2465//1
f 2465//1 2467//1 2469//1
f 2469//1 2471//1 2473//1
f 2473//1 2475//1 2460//1
f 2460//1 2459//1 2478//1
f 2477//1 2456//1 2465//1
f 2473//1 2460//1 2478//1
f 2479//1 2477//1 2465//1
f 2473//1 2478//1 2480//1
f 2481//1 2479//1 2465//1
f 2469//1 2473//1 2480//1
f 2481//1 2465//1 2469//1
f 2469//1 2480//1 2482//1
f 2483//1 2481//1 2469//1
f 2469//1 2482//1 2483//1
f 2457//507 2477//507 2484//507
f 2453//508 2457//508 2484//508
f 2477//509 2479//509 2485//509
f 2485//510 2484//510 2477//510
f 2479//511 2481//511 2486//511
f 2486//512 2485//512 2479//512
f 2481//513 2483//513 2487//513
f 2487//514 2486//514 2481//514
f 2483//515 2482//515 2488//515
f 2488//516 2487//516 2483//516
f 2482//517 2480//517 2489//517
f 2489//518 2488//518 2482//518
f 2480//519 2478//519 2490//519
f 2490//520 2489//520 2480//520
f 2459//521 2458//521 2478//521
f 2458//522 2490//522 2478//522
f 2491//523 2454//523 2453//523
f 2453//523 2484//523 2491//523
f 2492//524 2491//524 2484//524
f 2484//524 2485//524 2492//524
f 2493//525 2492//525 2485//525
f 2485//525 2486//525 2493//525
f 2494//526 2493//526 2486//526
f 2486//526 2487//526 2494//526
f 2495//527 2494//527 2487//527
f 2487//527 2488//527 2495//527
f 2496//528 2495//528 2488//528
f 2488//528 2489//528 2496//528
f 2497//529 2496//529 2489//529
f 2489//529 2490//529 2497//529
f 2497//530 2490//530 2458//530
f 2458//530 2462//530 2497//530
f 2466//2 2464//2 2455//2
f 2455//2 2454//2 2491//2
f 2497//2 2462//2 2461//2
f 2461//2 2476//2 2474//2
f 2474//2 2472//2 2470//2
f 2470//2 2468//2 2466//2
f 2466//2 2455//2 2491//2
f 2497//2 2461//2 2474//2
f 2466//2 2491//2 2492//2
f 2496//2 2497//2 2474//2
f 2470//2 2466//2 2492//2
f 2495//2 2496//2 2474//2
f 2470//2 2492//2 2493//2
f 2494//2 2495//2 2474//2
f 2470//2 2493//2 2494//2
f 2494//2 2474//2 2470//2
f 2498//2 2499//2 2500//2
f 2500//2 2501//2 2498//2
f 2502//1 2503//1 2504//1
f 2504//1 2505//1 2502//1
f 2505//531 2504//531 2501//531
f 2501//531 2500//531 2505//531
f 2502//532 2505//532 2500//532
f 2500//532 2499//532 2502//532
f 2503//533 2502//533 2499//533
f 2499//533 2498//533 2503//533
f 2504//534 2503//534 2498//534
f 2498//534 2501//534 2504//534
f 2506//535 2507//535 2508//535
f 2508//2 2509//2 2510//2
f 2510//2 2511//2 2512//2
f 2512//536 2513//536 2514//536
f 2514//535 2515//535 2516//535
f 2516//2 2517//2 2518//2
f 2518//2 2519//2 2520//2
f 2520//2 2521//2 2522//2
f 2522//537 2523//537 2524//537
f 2524//538 2525//538 2526//538
f 2526//2 2527//2 2528//2
f 2528//536 2529//536 2530//536
f 2530//2 2531//2 2532//2
f 2532//2 2533//2 2534//2
f 2534//539 2535//539 2536//539
f 2536//536 2537//536 2506//536
f 2506//160 2508//160 2510//160
f 2510//2 2512//2 2514//2
f 2514//2 2516//2 2518//2
f 2518//2 2520//2 2522//2
f 2522//160 2524//160 2526//160
f 2526//2 2528//2 2530//2
f 2530//2 2532//2 2534//2
f 2534//2 2536//2 2506//2
f 2506//2 2510//2 2514//2
f 2514//2 2518//2 2522//2
f 2522//2 2526//2 2530//2
f 2530//2 2534//2 2506//2
f 2506//2 2514//2 2522//2
f 2522//2 2530//2 2506//2
f 2538//1 2539//1 2540//1
f 2540//540 2541//540 2542//540
f 2542//1 2543//1 2544//1
f 2544//541 2545//541 2546//541
f 2546//1 2547//1 2548//1
f 2548//540 2549//540 2550//540
f 2550//542 2551//542 2552//542
f 2552//543 2553//543 2554//543
f 2554//542 2555//542 2556//542
f 2556//1 2557//1 2558//1
f 2558//1 2559//1 2560//1
f 2560//134 2561//134 2562//134
f 2562//1 2563//1 2564//1
f 2564//1 2565//1 2566//1
f 2566//540 2567//540 2568//540
f 2568//544 2569//544 2538//544
f 2538//158 2540//158 2542//158
f 2542//1 2544//1 2546//1
f 2546//1 2548//1 2550//1
f 2550//1 2552//1 2554//1
f 2554//134 2556//134 2558//134
f 2558//1 2560//1 2562//1
f 2562//1 2564//1 2566//1
f 2566//158 2568//158 2538//158
f 2538//1 2542//1 2546//1
f 2546//1 2550//1 2554//1
f 2554//1 2558//1 2562//1
f 2562//1 2566//1 2538//1
f 2538//1 2546//1 2554//1
f 2554//1 2562//1 2538//1
f 2541//545 2540//545 2509//545
f 2509//545 2508//545 2541//545
f 2542//546 2541//546 2508//546
f 2508//546 2507//546 2542//546
f 2543//547 2542//547 2507//547
f 2507//548 2506//548 2543//548
f 2544//549 2543//549 2506//549
f 2506//550 2537//550 2544//550
f 2545//551 2544//551 2537//551
f 2537//552 2536//552 2545//552
f 2546//553 2545//553 2536//553
f 2536//554 2535//554 2546//554
f 2547//555 2546//555 2535//555
f 2535//555 2534//555 2547//555
f 2547//556 2534//556 2533//556
f 2533//556 2548//556 2547//556
f 2549//557 2548//557 2533//557
f 2533//557 2532//557 2549//557
f 2550//558 2549//558 2532//558
f 2532//558 2531//558 2550//558
f 2551//559 2550//559 2531//559
f 2531//559 2530//559 2551//559
f 2552//560 2551//560 2530//560
f 2530//560 2529//560 2552//560
f 2553//561 2552//561 2529//561
f 2529//562 2528//562 2553//562
f 2554//563 2553//563 2528//563
f 2528//564 2527//564 2554//564
f 2555//565 2554//565 2527//565
f 2527//565 2526//565 2555//565
f 2555//21 2526//21 2525//21
f 2525//21 2556//21 2555//21
f 2557//566 2556//566 2525//566
f 2525//566 2524//566 2557//566
f 2558//567 2557//567 2524//567
f 2524//567 2523//567 2558//567
f 2559//568 2558//568 2523//568
f 2523//568 2522//568 2559//568
f 2560//569 2559//569 2522//569
f 2522//569 2521//569 2560//569
f 2561//570 2560//570 2521//570
f 2521//570 2520//570 2561//570
f 2562//571 2561//571 2520//571
f 2520//572 2519//572 2562//572
f 2563//573 2562//573 2519//573
f 2519//574 2518//574 2563//574
f 2563//22 2518//22 2517//22
f 2517//22 2564//22 2563//22
f 2565//575 2564//575 2517//575
f 2517//575 2516//575 2565//575
f 2566//576 2565//576 2516//576
f 2516//576 2515//576 2566//576
f 2567//577 2566//577 2515//577
f 2515//578 2514//578 2567//578
f 2568//579 2567//579 2514//579
f 2514//580 2513//580 2568//580
f 2569//581 2568//581 2513//581
f 2513//582 2512//582 2569//582
f 2538//583 2569//583 2512//583
f 2512//584 2511//584 2538//584
f 2539//585 2538//585 2511//585
f 2511//586 2510//586 2539//586
f 2539//587 2510//587 2509//587
f 2509//588 2540//588 2539//588
f 2570//1 2571//1 2572//1
f 2572//1 2573//1 2570//1
f 2574//2 2575//2 2576//2
f 2576//2 2577//2 2574//2
f 2577//531 2576//531 2573//531
f 2573//531 2572//531 2577//531
f 2576//589 2575//589 2570//589
f 2570//589 2573//589 2576//589
f 2575//533 2574//533 2571//533
f 2571//533 2570//533 2575//533
f 2574//590 2577//590 2572//590
f 2572//590 2571//590 2574//590
f 2578//2 2570//2 2573//2
f 2572//2 2571//2 2579//2
f 2580//2 2578//2 2573//2
f 2572//2 2579//2 2581//2
f 2581//2 2580//2 2573//2
f 2573//2 2572//2 2581//2
f 2582//1 2583//1 2584//1
f 2585//1 2586//1 2587//1
f 2588//1 2582//1 2584//1
f 2585//1 2587//1 2589//1
f 2589//1 2588//1 2584//1
f 2584//1 2585//1 2589//1
f 2585//531 2584//531 2572//531
f 2572//531 2573//531 2585//531
f 2586//589 2585//589 2573//589
f 2573//589 2570//589 2586//589
f 2587//591 2586//591 2570//591
f 2570//591 2578//591 2587//591
f 2589//592 2587//592 2578//592
f 2578//592 2580//592 2589//592
f 2588//593 2589//593 2580//593
f 2580//593 2581//593 2588//593
f 2582//594 2588//594 2581//594
f 2581//594 2579//594 2582//594
f 2583//591 2582//591 2579//591
f 2579//591 2571//591 2583//591
f 2584//590 2583//590 2571//590
f 2571//590 2572//590 2584//590
f 2590//2 2591//2 2592//2
f 2592//2 2593//2 2590//2
f 2594//1 2595//1 2596//1
f 2596//1 2597//1 2594//1
f 2597//533 2596//533 2593//533
f 2593//533 2592//533 2597//533
f 2594//534 2597//534 2592//534
f 2592//534 2591//534 2594//534
f 2595//531 2594//531 2591//531
f 2591//531 2590//531 2595//531
f 2596//532 2595//532 2590//532
f 2590//532 2593//532 2596//532
f 2598//535 2599//535 2600//535
f 2600//595 2601//595 2602//595
f 2602//596 2603//596 2604//596
f 2604//2 2605//2 2606//2
f 2606//597 2607//597 2608//597
f 2608//2 2609//2 2610//2
f 2610//2 2611//2 2612//2
f 2612//2 2613//2 2614//2
f 2614//598 2615//598 2616//598
f 2616//599 2617//599 2618//599
f 2618//595 2619//595 2620//595
f 2620//2 2621//2 2622//2
f 2622//2 2623//2 2624//2
f 2624//2 2625//2 2626//2
f 2626//159 2627//159 2628//159
f 2628//2 2629//2 2598//2
f 2598//2 2600//2 2602//2
f 2602//159 2604//159 2606//159
f 2606//2 2608//2 2610//2
f 2610//159 2612//159 2614//159
f 2614//159 2616//159 2618//159
f 2618//159 2620//159 2622//159
f 2622//2 2624//2 2626//2
f 2626//2 2628//2 2598//2
f 2598//2 2602//2 2606//2
f 2606//2 2610//2 2614//2
f 2614//2 2618//2 2622//2
f 2622//2 2626//2 2598//2
f 2598//2 2606//2 2614//2
f 2614//2 2622//2 2598//2
f 2630//1 2631//1 2632//1
f 2632//541 2633//541 2634//541
f 2634//600 2635//600 2636//600
f 2636//541 2637//541 2638//541
f 2638//1 2639//1 2640//1
f 2640//1 2641//1 2642//1
f 2642//543 2643//543 2644//543
f 2644//544 2645//544 2646//544
f 2646//601 2647//601 2648//601
f 2648//542 2649//542 2650//542
f 2650//541 2651//541 2652//541
f 2652//134 2653//134 2654//134
f 2654//1 2655//1 2656//1
f 2656//1 2657//1 2658//1
f 2658//542 2659//542 2660//542
f 2660//542 2661//542 2630//542
f 2630//1 2632//1 2634//1
f 2634//158 2636//158 2638//158
f 2638//1 2640//1 2642//1
f 2642//134 2644//134 2646//134
f 2646//134 2648//134 2650//134
f 2650//1 2652//1 2654//1
f 2654//1 2656//1 2658//1
f 2658//134 2660//134 2630//134
f 2630//1 2634//1 2638//1
f 2638//1 2642//1 2646//1
f 2646//1 2650//1 2654//1
f 2654//1 2658//1 2630//1
f 2630//1 2638//1 2646//1
f 2646//1 2654//1 2630//1
f 2633//602 2632//602 2601//602
f 2601//602 2600//602 2633//602
f 2634//603 2633//603 2600//603
f 2600//603 2599//603 2634//603
f 2635//604 2634//604 2599//604
f 2599//604 2598//604 2635//604
f 2636//605 2635//605 2598//605
f 2598//605 2629//605 2636//605
f 2637//606 2636//606 2629//606
f 2629//606 2628//606 2637//606
f 2638//607 2637//607 2628//607
f 2628//607 2627//607 2638//607
f 2639//608 2638//608 2627//608
f 2627//608 2626//608 2639//608
f 2639//609 2626//609 2625//609
f 2625//609 2640//609 2639//609
f 2641//575 2640//575 2625//575
f 2625//575 2624//575 2641//575
f 2642//576 2641//576 2624//576
f 2624//576 2623//576 2642//576
f 2643//610 2642//610 2623//610
f 2623//610 2622//610 2643//610
f 2644//579 2643//579 2622//579
f 2622//579 2621//579 2644//579
f 2645//582 2644//582 2621//582
f 2621//582 2620//582 2645//582
f 2646//584 2645//584 2620//584
f 2620//584 2619//584 2646//584
f 2647//611 2646//611 2619//611
f 2619//612 2618//612 2647//612
f 2647//613 2618//613 2617//613
f 2617//613 2648//613 2647//613
f 2649//545 2648//545 2617//545
f 2617//545 2616//545 2649//545
f 2650//614 2649//614 2616//614
f 2616//614 2615//614 2650//614
f 2651//615 2650//615 2615//615
f 2615//615 2614//615 2651//615
f 2652//550 2651//550 2614//550
f 2614//550 2613//550 2652//550
f 2653//616 2652//616 2613//616
f 2613//616 2612//616 2653//616
f 2654//617 2653//617 2612//617
f 2612//617 2611//617 2654//617
f 2655//618 2654//618 2611//618
f 2611//619 2610//619 2655//619
f 2655//20 2610//20 2609//20
f 2609//20 2656//20 2655//20
f 2657//620 2656//620 2609//620
f 2609//620 2608//620 2657//620
f 2658//621 2657//621 2608//621
f 2608//621 2607//621 2658//621
f 2659//559 2658//559 2607//559
f 2607//559 2606//559 2659//559
f 2660//560 2659//560 2606//560
f 2606//560 2605//560 2660//560
f 2661//561 2660//561 2605//561
f 2605//561 2604//561 2661//561
f 2630//622 2661//622 2604//622
f 2604//622 2603//622 2630//622
f 2631//623 2630//623 2603//623
f 2603//623 2602//623 2631//623
f 2631//21 2602//21 2601//21
f 2601//21 2632//21 2631//21
f 2662//1 2663//1 2664//1
f 2664//1 2665//1 2662//1
f 2666//2 2667//2 2668//2
f 2668//2 2669//2 2666//2
f 2669//533 2668//533 2665//533
f 2665//533 2664//533 2669//533
f 2668//590 2667//590 2662//590
f 2662//590 2665//590 2668//590
f 2667//531 2666//531 2663//531
f 2663//531 2662//531 2667//531
f 2666//589 2669//589 2664//589
f 2664//589 2663//589 2666//589
f 2670//2 2662//2 2665//2
f 2664//2 2663//2 2671//2
f 2672//2 2670//2 2665//2
f 2664//2 2671//2 2673//2
f 2673//2 2672//2 2665//2
f 2665//2 2664//2 2673//2
f 2674//1 2675//1 2676//1
f 2677//1 2678//1 2679//1
f 2680//1 2674//1 2676//1
f 2677//1 2679//1 2681//1
f 2681//1 2680//1 2676//1
f 2676//1 2677//1 2681//1
f 2677//533 2676//533 2664//533
f 2664//533 2665//533 2677//533
f 2678//590 2677//590 2665//590
f 2665//590 2662//590 2678//590
f 2679//624 2678//624 2662//624
f 2662//624 2670//624 2679//624
f 2681//594 2679//594 2670//594
f 2670//594 2672//594 2681//594
f 2680//625 2681//625 2672//625
f 2672//625 2673//625 2680//625
f 2674//626 2680//626 2673//626
f 2673//626 2671//626 2674//626
f 2675//627 2674//627 2671//627
f 2671//627 2663//627 2675//627
f 2676//589 2675//589 2663//589
f 2663//589 2664//589 2676//589
f 2682//628 2683//628 2684//628
f 2685//628 2686//628 2687//628
f 2688//628 2682//628 2684//628
f 2685//628 2687//628 2689//628
f 2689//629 2688//629 2684//629
f 2684//630 2685//630 2689//630
f 2690//631 2691//631 2692//631
f 2693//631 2694//631 2695//631
f 2696//631 2690//631 2692//631
f 2693//631 2695//631 2697//631
f 2697//632 2696//632 2692//632
f 2692//633 2693//633 2697//633
f 2698//2 2699//2 2685//2
f 2685//2 2684//2 2700//2
f 2701//2 2693//2 2692//2
f 2692//2 2702//2 2703//2
f 2703//2 2704//2 2705//2
f 2705//2 2706//2 2698//2
f 2698//2 2685//2 2700//2
f 2707//2 2701//2 2692//2
f 2692//2 2703//2 2705//2
f 2705//2 2698//2 2700//2
f 2708//2 2707//2 2692//2
f 2705//2 2700//2 2709//2
f 2710//2 2708//2 2692//2
f 2705//2 2709//2 2711//2
f 2710//2 2692//2 2705//2
f 2705//2 2711//2 2710//2
f 2712//634 2686//634 2685//634
f 2685//634 2699//634 2712//634
f 2713//635 2712//635 2699//635
f 2699//635 2698//635 2713//635
f 2714//636 2713//636 2698//636
f 2698//636 2706//636 2714//636
f 2715//637 2714//637 2706//637
f 2706//637 2705//637 2715//637
f 2716//638 2715//638 2705//638
f 2705//638 2704//638 2716//638
f 2717//639 2716//639 2704//639
f 2704//639 2703//639 2717//639
f 2718//640 2717//640 2703//640
f 2703//640 2702//640 2718//640
f 2718//641 2702//641 2692//641
f 2692//641 2691//641 2718//641
f 2719//1 2687//1 2686//1
f 2686//1 2712//1 2713//1
f 2713//1 2714//1 2715//1
f 2715//1 2716//1 2717//1
f 2717//1 2718//1 2691//1
f 2691//1 2690//1 2720//1
f 2719//1 2686//1 2713//1
f 2717//1 2691//1 2720//1
f 2721//1 2719//1 2713//1
f 2717//1 2720//1 2722//1
f 2723//1 2721//1 2713//1
f 2717//1 2722//1 2724//1
f 2723//1 2713//1 2715//1
f 2715//1 2717//1 2724//1
f 2725//1 2723//1 2715//1
f 2715//1 2724//1 2725//1
f 2726//642 2689//642 2687//642
f 2687//642 2719//642 2726//642
f 2727//643 2726//643 2719//643
f 2719//643 2721//643 2727//643
f 2728//644 2727//644 2721//644
f 2721//644 2723//644 2728//644
f 2729//645 2728//645 2723//645
f 2723//645 2725//645 2729//645
f 2730//646 2729//646 2725//646
f 2725//646 2724//646 2730//646
f 2731//647 2730//647 2724//647
f 2724//647 2722//647 2731//647
f 2732//648 2731//648 2722//648
f 2722//648 2720//648 2732//648
f 2732//649 2720//649 2690//649
f 2690//649 2696//649 2732//649
f 2733//1 2688//1 2689//1
f 2689//1 2726//1 2727//1
f 2727//1 2728//1 2729//1
f 2729//1 2730//1 2731//1
f 2731//1 2732//1 2696//1
f 2696//1 2697//1 2734//1
f 2735//1 2733//1 2689//1
f 2689//1 2727//1 2729//1
f 2729//1 2731//1 2696//1
f 2696//1 2734//1 2736//1
f 2737//1 2735//1 2689//1
f 2729//1 2696//1 2736//1
f 2738//541 2737//541 2689//541
f 2729//1 2736//1 2739//1
f 2738//1 2689//1 2729//1
f 2729//1 2739//1 2738//1
f 2740//650 2682//650 2688//650
f 2688//650 2733//650 2740//650
f 2741//651 2740//651 2733//651
f 2733//651 2735//651 2741//651
f 2742//652 2741//652 2735//652
f 2735//652 2737//652 2742//652
f 2743//653 2742//653 2737//653
f 2737//653 2738//653 2743//653
f 2744//654 2743//654 2738//654
f 2738//654 2739//654 2744//654
f 2745//655 2744//655 2739//655
f 2739//655 2736//655 2745//655
f 2746//656 2745//656 2736//656
f 2736//656 2734//656 2746//656
f 2746//657 2734//657 2697//657
f 2697//657 2695//657 2746//657
f 2747//1 2683//1 2682//1
f 2682//1 2740//1 2741//1
f 2741//1 2742//1 2743//1
f 2743//1 2744//1 2745//1
f 2745//1 2746//1 2695//1
f 2695//1 2694//1 2748//1
f 2747//158 2682//158 2741//158
f 2745//1 2695//1 2748//1
f 2749//1 2747//1 2741//1
f 2745//1 2748//1 2750//1
f 2751//1 2749//1 2741//1
f 2745//1 2750//1 2752//1
f 2751//1 2741//1 2743//1
f 2743//1 2745//1 2752//1
f 2753//1 2751//1 2743//1
f 2743//1 2752//1 2753//1
f 2700//658 2684//658 2683//658
f 2683//658 2747//658 2700//658
f 2709//659 2700//659 2747//659
f 2747//659 2749//659 2709//659
f 2711//660 2709//660 2749//660
f 2749//660 2751//660 2711//660
f 2710//661 2711//661 2751//661
f 2751//661 2753//661 2710//661
f 2708//662 2710//662 2753//662
f 2753//662 2752//662 2708//662
f 2707//663 2708//663 2752//663
f 2752//663 2750//663 2707//663
f 2701//664 2707//664 2750//664
f 2750//664 2748//664 2701//664
f 2701//665 2748//665 2694//665
f 2694//665 2693//665 2701//665
f 2754//666 2755//666 2756//666
f 2757//667 2758//667 2759//667
f 2760//666 2754//666 2756//666
f 2757//667 2759//667 2761//667
f 2761//668 2760//668 2756//668
f 2756//669 2757//669 2761//669
f 2762//670 2763//670 2764//670
f 2765//670 2766//670 2767//670
f 2768//671 2762//671 2764//671
f 2765//670 2767//670 2769//670
f 2769//672 2768//672 2764//672
f 2764//673 2765//673 2769//673
f 2765//2 2764//2 2757//2
f 2757//2 2756//2 2765//2
f 2766//674 2765//674 2756//674
f 2756//674 2755//674 2766//674
f 2767//1 2766//1 2755//1
f 2755//1 2754//1 2767//1
f 2769//534 2767//534 2754//534
f 2754//534 2760//534 2769//534
f 2768//1 2769//1 2760//1
f 2760//1 2761//1 2768//1
f 2762//675 2768//675 2761//675
f 2761//675 2759//675 2762//675
f 2763//1 2762//1 2759//1
f 2759//1 2758//1 2763//1
f 2764//676 2763//676 2758//676
f 2758//676 2757//676 2764//676
f 2765//1 2770//1 2771//1
f 2771//1 2764//1 2765//1
f 2772//531 2765//531 2764//531
f 2764//531 2773//531 2772//531
f 2764//677 2771//677 2774//677
f 2774//678 2775//678 2773//678
f 2773//677 2764//677 2774//677
f 2776//679 2777//679 2778//679
f 2779//680 2777//680 2776//680
f 2776//680 2780//680 2779//680
f 2781//2 2778//2 2777//2
f 2777//2 2779//2 2781//2
f 2782//2 2772//2 2773//2
f 2773//2 2775//2 2780//2
f 2780//2 2776//2 2782//2
f 2782//2 2773//2 2780//2
f 2776//681 2778//681 2783//681
f 2783//682 2782//682 2776//682
f 2781//683 2774//683 2771//683
f 2771//684 2770//684 2783//684
f 2778//685 2781//685 2771//685
f 2771//686 2783//686 2778//686
f 2779//687 2780//687 2781//687
f 2781//688 2780//688 2775//688
f 2775//689 2774//689 2781//689
f 2765//690 2772//690 2782//690
f 2782//691 2783//691 2770//691
f 2770//692 2765//692 2782//692
f 2757//1 2784//1 2785//1
f 2785//1 2756//1 2757//1
f 2786//533 2757//533 2756//533
f 2756//533 2787//533 2786//533
f 2756//674 2785//674 2788//674
f 2788//693 2789//693 2787//693
f 2787//674 2756//674 2788//674
f 2790//687 2791//687 2792//687
f 2793//694 2791//694 2790//694
f 2790//694 2794//694 2793//694
f 2795//2 2792//2 2791//2
f 2791//2 2793//2 2795//2
f 2796//2 2786//2 2787//2
f 2787//2 2789//2 2794//2
f 2794//2 2790//2 2796//2
f 2796//2 2787//2 2794//2
f 2790//695 2792//695 2797//695
f 2797//695 2796//695 2790//695
f 2795//696 2788//696 2785//696
f 2785//531 2784//531 2797//531
f 2792//697 2795//697 2785//697
f 2785//698 2797//698 2792//698
f 2793//699 2794//699 2795//699
f 2795//700 2794//700 2789//700
f 2789//695 2788//695 2795//695
f 2757//701 2786//701 2796//701
f 2796//592 2797//592 2784//592
f 2784//702 2757//702 2796//702
f 2798//703 2799//703 2800//703
f 2800//704 2801//704 2802//704
f 2802//705 2803//705 2798//705
f 2798//706 2800//706 2802//706
f 2804//707 2805//707 2806//707
f 2806//531 2807//531 2808//531
f 2808//708 2809//708 2804//708
f 2804//709 2806//709 2808//709
f 2807//1 2806//1 2801//1
f 2801//1 2800//1 2807//1
f 2808//710 2807//710 2800//710
f 2800//710 2799//710 2808//710
f 2809//711 2808//711 2799//711
f 2799//712 2798//712 2809//712
f 2804//2 2809//2 2798//2
f 2798//2 2803//2 2804//2
f 2805//713 2804//713 2803//713
f 2803//713 2802//713 2805//713
f 2806//690 2805//690 2802//690
f 2802//690 2801//690 2806//690
f 2810//707 2811//707 2812//707
f 2812//531 2813//531 2814//531
f 2814//708 2815//708 2810//708
f 2810//709 2812//709 2814//709
f 2816//714 2817//714 2818//714
f 2818//533 2819//533 2820//533
f 2820//705 2821//705 2816//705
f 2816//715 2818//715 2820//715
f 2819//1 2818//1 2813//1
f 2813//1 2812//1 2819//1
f 2820//690 2819//690 2812//690
f 2812//690 2811//690 2820//690
f 2821//713 2820//713 2811//713
f 2811//713 2810//713 2821//713
f 2816//2 2821//2 2810//2
f 2810//2 2815//2 2816//2
f 2817//716 2816//716 2815//716
f 2815//717 2814//717 2817//717
f 2818//718 2817//718 2814//718
f 2814//718 2813//718 2818//718
f 2822//2 2823//2 2824//2
f 2824//2 2825//2 2822//2
f 2826//1 2827//1 2828//1
f 2828//1 2829//1 2826//1
f 2829//569 2828//569 2825//569
f 2825//569 2824//569 2829//569
f 2826//579 2829//579 2824//579
f 2824//579 2823//579 2826//579
f 2827//550 2826//550 2823//550
f 2823//550 2822//550 2827//550
f 2828//560 2827//560 2822//560
f 2822//560 2825//560 2828//560
f 2830//539 2831//539 2832//539
f 2832//2 2833//2 2834//2
f 2834//2 2835//2 2836//2
f 2836//2 2837//2 2838//2
f 2838//2 2839//2 2840//2
f 2840//538 2841//538 2842//538
f 2842//160 2843//160 2844//160
f 2844//2 2845//2 2846//2
f 2846//539 2847//539 2848//539
f 2848//535 2849//535 2850//535
f 2850//2 2851//2 2852//2
f 2852//2 2853//2 2854//2
f 2854//2 2855//2 2856//2
f 2856//2 2857//2 2858//2
f 2858//160 2859//160 2860//160
f 2860//2 2861//2 2830//2
f 2830//2 2832//2 2834//2
f 2834//2 2836//2 2838//2
f 2838//2 2840//2 2842//2
f 2842//2 2844//2 2846//2
f 2846//2 2848//2 2850//2
f 2850//2 2852//2 2854//2
f 2854//2 2856//2 2858//2
f 2858//2 2860//2 2830//2
f 2830//2 2834//2 2838//2
f 2838//2 2842//2 2846//2
f 2846//2 2850//2 2854//2
f 2854//2 2858//2 2830//2
f 2830//2 2838//2 2846//2
f 2846//2 2854//2 2830//2
f 2862//543 2863//543 2864//543
f 2864//1 2865//1 2866//1
f 2866//158 2867//158 2868//158
f 2868//540 2869//540 2870//540
f 2870//1 2871//1 2872//1
f 2872//541 2873//541 2874//541
f 2874//1 2875//1 2876//1
f 2876//1 2877//1 2878//1
f 2878//542 2879//542 2880//542
f 2880//1 2881//1 2882//1
f 2882//158 2883//158 2884//158
f 2884//1 2885//1 2886//1
f 2886//1 2887//1 2888//1
f 2888//540 2889//540 2890//540
f 2890//1 2891//1 2892//1
f 2892//1 2893//1 2862//1
f 2862//1 2864//1 2866//1
f 2866//1 2868//1 2870//1
f 2870//158 2872//158 2874//158
f 2874//1 2876//1 2878//1
f 2878//1 2880//1 2882//1
f 2882//1 2884//1 2886//1
f 2886//158 2888//158 2890//158
f 2890//1 2892//1 2862//1
f 2862//1 2866//1 2870//1
f 2870//1 2874//1 2878//1
f 2878//1 2882//1 2886//1
f 2886//1 2890//1 2862//1
f 2862//1 2870//1 2878//1
f 2878//1 2886//1 2862//1
f 2865//719 2864//719 2833//719
f 2833//720 2832//720 2865//720
f 2866//554 2865//554 2832//554
f 2832//554 2831//554 2866//554
f 2867//721 2866//721 2831//721
f 2831//721 2830//721 2867//721
f 2868//722 2867//722 2830//722
f 2830//722 2861//722 2868//722
f 2869//723 2868//723 2861//723
f 2861//723 2860//723 2869//723
f 2870//724 2869//724 2860//724
f 2860//725 2859//725 2870//725
f 2871//726 2870//726 2859//726
f 2859//726 2858//726 2871//726
f 2871//727 2858//727 2857//727
f 2857//727 2872//727 2871//727
f 2873//728 2872//728 2857//728
f 2857//729 2856//729 2873//729
f 2874//730 2873//730 2856//730
f 2856//730 2855//730 2874//730
f 2875//731 2874//731 2855//731
f 2855//731 2854//731 2875//731
f 2876//732 2875//732 2854//732
f 2854//733 2853//733 2876//733
f 2877//734 2876//734 2853//734
f 2853//735 2852//735 2877//735
f 2878//736 2877//736 2852//736
f 2852//736 2851//736 2878//736
f 2879//603 2878//603 2851//603
f 2851//603 2850//603 2879//603
f 2879//737 2850//737 2849//737
f 2849//737 2880//737 2879//737
f 2881//738 2880//738 2849//738
f 2849//738 2848//738 2881//738
f 2882//739 2881//739 2848//739
f 2848//739 2847//739 2882//739
f 2883//740 2882//740 2847//740
f 2847//740 2846//740 2883//740
f 2884//741 2883//741 2846//741
f 2846//741 2845//741 2884//741
f 2885//742 2884//742 2845//742
f 2845//742 2844//742 2885//742
f 2886//743 2885//743 2844//743
f 2844//743 2843//743 2886//743
f 2887//744 2886//744 2843//744
f 2843//744 2842//744 2887//744
f 2887//745 2842//745 2841//745
f 2841//746 2888//746 2887//746
f 2889//747 2888//747 2841//747
f 2841//747 2840//747 2889//747
f 2890//748 2889//748 2840//748
f 2840//748 2839//748 2890//748
f 2891//749 2890//749 2839//749
f 2839//749 2838//749 2891//749
f 2892//750 2891//750 2838//750
f 2838//750 2837//750 2892//750
f 2893//751 2892//751 2837//751
f 2837//751 2836//751 2893//751
f 2862//752 2893//752 2836//752
f 2836//752 2835//752 2862//752
f 2863//614 2862//614 2835//614
f 2835//614 2834//614 2863//614
f 2863//753 2834//753 2833//753
f 2833//754 2864//754 2863//754
f 2894//1 2895//1 2896//1
f 2896//1 2897//1 2894//1
f 2898//2 2899//2 2900//2
f 2900//2 2901//2 2898//2
f 2901//569 2900//569 2897//569
f 2897//569 2896//569 2901//569
f 2900//579 2899//579 2894//579
f 2894//579 2897//579 2900//579
f 2899//550 2898//550 2895//550
f 2895//550 2894//550 2899//550
f 2898//560 2901//560 2896//560
f 2896//560 2895//560 2898//560
f 2902//2 2894//2 2897//2
f 2896//2 2895//2 2903//2
f 2904//2 2902//2 2897//2
f 2896//2 2903//2 2905//2
f 2905//2 2904//2 2897//2
f 2897//2 2896//2 2905//2
f 2906//1 2907//1 2908//1
f 2909//1 2910//1 2911//1
f 2912//1 2906//1 2908//1
f 2909//1 2911//1 2913//1
f 2913//1 2912//1 2908//1
f 2908//1 2909//1 2913//1
f 2909//569 2908//569 2896//569
f 2896//569 2897//569 2909//569
f 2910//579 2909//579 2897//579
f 2897//579 2894//579 2910//579
f 2911//550 2910//550 2894//550
f 2894//550 2902//550 2911//550
f 2913//755 2911//755 2902//755
f 2902//755 2904//755 2913//755
f 2912//550 2913//550 2904//550
f 2904//550 2905//550 2912//550
f 2906//756 2912//756 2905//756
f 2905//756 2903//756 2906//756
f 2907//550 2906//550 2903//550
f 2903//550 2895//550 2907//550
f 2908//560 2907//560 2895//560
f 2895//560 2896//560 2908//560
f 2914//2 2915//2 2916//2
f 2916//2 2917//2 2914//2
f 2918//1 2919//1 2920//1
f 2920//1 2921//1 2918//1
f 2921//550 2920//550 2917//550
f 2917//550 2916//550 2921//550
f 2918//560 2921//560 2916//560
f 2916//560 2915//560 2918//560
f 2919//569 2918//569 2915//569
f 2915//569 2914//569 2919//569
f 2920//579 2919//579 2914//579
f 2914//579 2917//579 2920//579
f 2922//599 2923//599 2924//599
f 2924//2 2925//2 2926//2
f 2926//597 2927//597 2928//597
f 2928//535 2929//535 2930//535
f 2930//2 2931//2 2932//2
f 2932//2 2933//2 2934//2
f 2934//2 2935//2 2936//2
f 2936//2 2937//2 2938//2
f 2938//2 2939//2 2940//2
f 2940//2 2941//2 2942//2
f 2942//2 2943//2 2944//2
f 2944//597 2945//597 2946//597
f 2946//535 2947//535 2948//535
f 2948//2 2949//2 2950//2
f 2950//159 2951//159 2952//159
f 2952//2 2953//2 2922//2
f 2922//2 2924//2 2926//2
f 2926//160 2928//160 2930//160
f 2930//160 2932//160 2934//160
f 2934//2 2936//2 2938//2
f 2938//160 2940//160 2942//160
f 2942//159 2944//159 2946//159
f 2946//160 2948//160 2950//160
f 2950//2 2952//2 2922//2
f 2922//2 2926//2 2930//2
f 2930//2 2934//2 2938//2
f 2938//2 2942//2 2946//2
f 2946//2 2950//2 2922//2
f 2922//2 2930//2 2938//2
f 2938//2 2946//2 2922//2
f 2954//540 2955//540 2956//540
f 2956//134 2957//134 2958//134
f 2958//1 2959//1 2960//1
f 2960//1 2961//1 2962//1
f 2962//542 2963//542 2964//542
f 2964//542 2965//542 2966//542
f 2966//1 2967//1 2968//1
f 2968//1 2969//1 2970//1
f 2970//543 2971//543 2972//543
f 2972//542 2973//542 2974//542
f 2974//1 2975//1 2976//1
f 2976//1 2977//1 2978//1
f 2978//134 2979//134 2980//134
f 2980//541 2981//541 2982//541
f 2982//1 2983//1 2984//1
f 2984//1 2985//1 2954//1
f 2954//1 2956//1 2958//1
f 2958//1 2960//1 2962//1
f 2962//134 2964//134 2966//134
f 2966//134 2968//134 2970//134
f 2970//1 2972//1 2974//1
f 2974//1 2976//1 2978//1
f 2978//158 2980//158 2982//158
f 2982//158 2984//158 2954//158
f 2954//1 2958//1 2962//1
f 2962//1 2966//1 2970//1
f 2970//1 2974//1 2978//1
f 2978//1 2982//1 2954//1
f 2954//1 2962//1 2970//1
f 2970//1 2978//1 2954//1
f 2957//738 2956//738 2925//738
f 2925//738 2924//738 2957//738
f 2958//739 2957//739 2924//739
f 2924//739 2923//739 2958//739
f 2959//740 2958//740 2923//740
f 2923//740 2922//740 2959//740
f 2960//741 2959//741 2922//741
f 2922//741 2953//741 2960//741
f 2961//742 2960//742 2953//742
f 2953//742 2952//742 2961//742
f 2962//743 2961//743 2952//743
f 2952//743 2951//743 2962//743
f 2963//744 2962//744 2951//744
f 2951//744 2950//744 2963//744
f 2963//746 2950//746 2949//746
f 2949//746 2964//746 2963//746
f 2965//747 2964//747 2949//747
f 2949//747 2948//747 2965//747
f 2966//757 2965//757 2948//757
f 2948//748 2947//748 2966//748
f 2967//749 2966//749 2947//749
f 2947//749 2946//749 2967//749
f 2968//750 2967//750 2946//750
f 2946//750 2945//750 2968//750
f 2969//758 2968//758 2945//758
f 2945//751 2944//751 2969//751
f 2970//752 2969//752 2944//752
f 2944//752 2943//752 2970//752
f 2971//614 2970//614 2943//614
f 2943//614 2942//614 2971//614
f 2971//759 2942//759 2941//759
f 2941//759 2972//759 2971//759
f 2973//719 2972//719 2941//719
f 2941//719 2940//719 2973//719
f 2974//554 2973//554 2940//554
f 2940//554 2939//554 2974//554
f 2975//555 2974//555 2939//555
f 2939//555 2938//555 2975//555
f 2976//722 2975//722 2938//722
f 2938//722 2937//722 2976//722
f 2977//723 2976//723 2937//723
f 2937//723 2936//723 2977//723
f 2978//725 2977//725 2936//725
f 2936//725 2935//725 2978//725
f 2979//726 2978//726 2935//726
f 2935//726 2934//726 2979//726
f 2979//727 2934//727 2933//727
f 2933//727 2980//727 2979//727
f 2981//728 2980//728 2933//728
f 2933//728 2932//728 2981//728
f 2982//730 2981//730 2932//730
f 2932//730 2931//730 2982//730
f 2983//731 2982//731 2931//731
f 2931//731 2930//731 2983//731
f 2984//733 2983//733 2930//733
f 2930//733 2929//733 2984//733
f 2985//734 2984//734 2929//734
f 2929//734 2928//734 2985//734
f 2954//760 2985//760 2928//760
f 2928//760 2927//760 2954//760
f 2955//761 2954//761 2927//761
f 2927//603 2926//603 2955//603
f 2955//737 2926//737 2925//737
f 2925//737 2956//737 2955//737
f 2986//1 2987//1 2988//1
f 2988//1 2989//1 2986//1
f 2990//2 2991//2 2992//2
f 2992//2 2993//2 2990//2
f 2993//550 2992//550 2989//550
f 2989//550 2988//550 2993//550
f 2992//560 2991//560 2986//560
f 2986//560 2989//560 2992//560
f 2991//569 2990//569 2987//569
f 2987//569 2986//569 2991//569
f 2990//579 2993//579 2988//579
f 2988//579 2987//579 2990//579
f 2994//2 2986//2 2989//2
f 2988//2 2987//2 2995//2
f 2996//2 2994//2 2989//2
f 2988//2 2995//2 2997//2
f 2997//2 2996//2 2989//2
f 2989//2 2988//2 2997//2
f 2998//1 2999//1 3000//1
f 3001//1 3002//1 3003//1
f 3004//1 2998//1 3000//1
f 3001//1 3003//1 3005//1
f 3005//1 3004//1 3000//1
f 3000//1 3001//1 3005//1
f 3001//550 3000//550 2988//550
f 2988//550 2989//550 3001//550
f 3002//560 3001//560 2989//560
f 2989//560 2986//560 3002//560
f 3003//569 3002//569 2986//569
f 2986//569 2994//569 3003//569
f 3005//579 3003//579 2994//579
f 2994//579 2996//579 3005//579
f 3004//569 3005//569 2996//569
f 2996//569 2997//569 3004//569
f 2998//560 3004//560 2997//560
f 2997//560 2995//560 2998//560
f 2999//569 2998//569 2995//569
f 2995//569 2987//569 2999//569
f 3000//579 2999//579 2987//579
f 2987//579 2988//579 3000//579
f 3006//762 3007//762 3008//762
f 3009//560 3010//560 3011//560
f 3012//762 3006//762 3008//762
f 3009//560 3011//560 3013//560
f 3013//763 3012//763 3008//763
f 3008//560 3009//560 3013//560
f 3014//764 3015//764 3016//764
f 3017//764 3018//764 3019//764
f 3020//764 3014//764 3016//764
f 3017//764 3019//764 3021//764
f 3021//765 3020//765 3016//765
f 3016//766 3017//766 3021//766
f 3022//2 3023//2 3009//2
f 3009//2 3008//2 3024//2
f 3025//2 3017//2 3016//2
f 3016//2 3026//2 3027//2
f 3027//2 3028//2 3029//2
f 3029//2 3030//2 3022//2
f 3022//2 3009//2 3024//2
f 3031//2 3025//2 3016//2
f 3016//2 3027//2 3029//2
f 3029//2 3022//2 3024//2
f 3032//2 3031//2 3016//2
f 3029//2 3024//2 3033//2
f 3034//2 3032//2 3016//2
f 3029//2 3033//2 3035//2
f 3034//2 3016//2 3029//2
f 3029//2 3035//2 3034//2
f 3036//767 3010//767 3009//767
f 3009//767 3023//767 3036//767
f 3037//768 3036//768 3023//768
f 3023//768 3022//768 3037//768
f 3038//769 3037//769 3022//769
f 3022//769 3030//769 3038//769
f 3039//770 3038//770 3030//770
f 3030//770 3029//770 3039//770
f 3040//771 3039//771 3029//771
f 3029//771 3028//771 3040//771
f 3041//772 3040//772 3028//772
f 3028//772 3027//772 3041//772
f 3042//773 3041//773 3027//773
f 3027//773 3026//773 3042//773
f 3042//774 3026//774 3016//774
f 3016//774 3015//774 3042//774
f 3043//1 3011//1 3010//1
f 3010//1 3036//1 3037//1
f 3037//1 3038//1 3039//1
f 3039//1 3040//1 3041//1
f 3041//1 3042//1 3015//1
f 3015//1 3014//1 3044//1
f 3043//1 3010//1 3037//1
f 3041//1 3015//1 3044//1
f 3045//1 3043//1 3037//1
f 3041//1 3044//1 3046//1
f 3047//1 3045//1 3037//1
f 3041//1 3046//1 3048//1
f 3047//1 3037//1 3039//1
f 3039//1 3041//1 3048//1
f 3049//1 3047//1 3039//1
f 3039//1 3048//1 3049//1
f 3050//775 3013//775 3011//775
f 3011//775 3043//775 3050//775
f 3051//776 3050//776 3043//776
f 3043//776 3045//776 3051//776
f 3052//777 3051//777 3045//777
f 3045//777 3047//777 3052//777
f 3053//778 3052//778 3047//778
f 3047//778 3049//778 3053//778
f 3054//779 3053//779 3049//779
f 3049//779 3048//779 3054//779
f 3055//780 3054//780 3048//780
f 3048//780 3046//780 3055//780
f 3056//781 3055//781 3046//781
f 3046//781 3044//781 3056//781
f 3056//782 3044//782 3014//782
f 3014//782 3020//782 3056//782
f 3057//1 3012//1 3013//1
f 3013//1 3050//1 3051//1
f 3051//1 3052//1 3053//1
f 3053//1 3054//1 3055//1
f 3055//1 3056//1 3020//1
f 3020//1 3021//1 3058//1
f 3059//1 3057//1 3013//1
f 3013//1 3051//1 3053//1
f 3053//1 3055//1 3020//1
f 3020//1 3058//1 3060//1
f 3061//1 3059//1 3013//1
f 3053//1 3020//1 3060//1
f 3062//540 3061//540 3013//540
f 3053//1 3060//1 3063//1
f 3062//1 3013//1 3053//1
f 3053//1 3063//1 3062//1
f 3064//783 3006//783 3012//783
f 3012//783 3057//783 3064//783
f 3065//784 3064//784 3057//784
f 3057//784 3059//784 3065//784
f 3066//785 3065//785 3059//785
f 3059//785 3061//785 3066//785
f 3067//786 3066//786 3061//786
f 3061//786 3062//786 3067//786
f 3068//787 3067//787 3062//787
f 3062//787 3063//787 3068//787
f 3069//788 3068//788 3063//788
f 3063//788 3060//788 3069//788
f 3070//789 3069//789 3060//789
f 3060//789 3058//789 3070//789
f 3070//790 3058//790 3021//790
f 3021//790 3019//790 3070//790
f 3071//1 3007//1 3006//1
f 3006//1 3064//1 3065//1
f 3065//1 3066//1 3067//1
f 3067//1 3068//1 3069//1
f 3069//1 3070//1 3019//1
f 3019//1 3018//1 3072//1
f 3071//1 3006//1 3065//1
f 3069//1 3019//1 3072//1
f 3073//1 3071//1 3065//1
f 3069//1 3072//1 3074//1
f 3075//1 3073//1 3065//1
f 3069//1 3074//1 3076//1
f 3075//1 3065//1 3067//1
f 3067//1 3069//1 3076//1
f 3077//1 3075//1 3067//1
f 3067//1 3076//1 3077//1
f 3024//791 3008//791 3007//791
f 3007//791 3071//791 3024//791
f 3033//776 3024//776 3071//776
f 3071//776 3073//776 3033//776
f 3035//792 3033//792 3073//792
f 3073//792 3075//792 3035//792
f 3034//793 3035//793 3075//793
f 3075//793 3077//793 3034//793
f 3032//794 3034//794 3077//794
f 3077//794 3076//794 3032//794
f 3031//795 3032//795 3076//795
f 3076//795 3074//795 3031//795
f 3025//796 3031//796 3074//796
f 3074//796 3072//796 3025//796
f 3025//797 3072//797 3018//797
f 3018//797 3017//797 3025//797
f 3078//550 3079//550 3080//550
f 3081//550 3082//550 3083//550
f 3084//550 3078//550 3080//550
f 3081//550 3083//550 3085//550
f 3085//550 3084//550 3080//550
f 3080//550 3081//550 3085//550
f 3086//569 3087//569 3088//569
f 3089//569 3090//569 3091//569
f 3092//569 3086//569 3088//569
f 3089//569 3091//569 3093//569
f 3093//569 3092//569 3088//569
f 3088//569 3089//569 3093//569
f 3089//2 3088//2 3081//2
f 3081//2 3080//2 3089//2
f 3090//579 3089//579 3080//579
f 3080//579 3079//579 3090//579
f 3091//1 3090//1 3079//1
f 3079//1 3078//1 3091//1
f 3093//560 3091//560 3078//560
f 3078//560 3084//560 3093//560
f 3092//1 3093//1 3084//1
f 3084//1 3085//1 3092//1
f 3086//579 3092//579 3085//579
f 3085//579 3083//579 3086//579
f 3087//1 3086//1 3083//1
f 3083//1 3082//1 3087//1
f 3088//560 3087//560 3082//560
f 3082//560 3081//560 3088//560
f 3094//1 3095//1 3096//1
f 3096//1 3097//1 3094//1
f 3098//569 3094//569 3097//569
f 3097//569 3099//569 3098//569
f 3097//798 3096//798 3100//798
f 3100//799 3101//799 3099//799
f 3099//798 3097//798 3100//798
f 3102//800 3103//800 3104//800
f 3105//550 3103//550 3102//550
f 3102//550 3106//550 3105//550
f 3107//2 3104//2 3103//2
f 3103//2 3105//2 3107//2
f 3108//2 3098//2 3099//2
f 3099//2 3101//2 3106//2
f 3102//2 3108//2 3099//2
f 3099//2 3106//2 3102//2
f 3102//801 3104//801 3109//801
f 3109//801 3108//801 3102//801
f 3107//550 3100//550 3096//550
f 3096//550 3095//550 3109//550
f 3104//550 3107//550 3096//550
f 3096//550 3109//550 3104//550
f 3105//802 3106//802 3107//802
f 3107//801 3106//801 3101//801
f 3101//801 3100//801 3107//801
f 3094//579 3098//579 3108//579
f 3108//802 3109//802 3095//802
f 3095//803 3094//803 3108//803
f 3081//1 3110//1 3111//1
f 3111//1 3080//1 3081//1
f 3112//550 3081//550 3080//550
f 3080//550 3113//550 3112//550
f 3080//579 3111//579 3114//579
f 3114//804 3115//804 3113//804
f 3113//579 3080//579 3114//579
f 3116//802 3117//802 3118//802
f 3119//569 3117//569 3116//569
f 3116//569 3120//569 3119//569
f 3121//2 3118//2 3117//2
f 3117//2 3119//2 3121//2
f 3122//2 3112//2 3113//2
f 3113//2 3115//2 3120//2
f 3120//805 3116//805 3122//805
f 3122//2 3113//2 3120//2
f 3116//806 3118//806 3123//806
f 3123//806 3122//806 3116//806
f 3121//569 3114//569 3111//569
f 3111//569 3110//569 3123//569
f 3118//569 3121//569 3111//569
f 3111//569 3123//569 3118//569
f 3119//800 3120//800 3121//800
f 3121//806 3120//806 3115//806
f 3115//806 3114//806 3121//806
f 3081//807 3112//807 3122//807
f 3122//800 3123//800 3110//800
f 3110//808 3081//808 3122//808
f 3124//550 3125//550 3126//550
f 3126//550 3127//550 3128//550
f 3128//550 3129//550 3124//550
f 3124//550 3126//550 3128//550
f 3130//809 3131//809 3132//809
f 3132//569 3133//569 3134//569
f 3134//810 3135//810 3130//810
f 3130//811 3132//811 3134//811
f 3133//1 3132//1 3127//1
f 3127//1 3126//1 3133//1
f 3134//560 3133//560 3126//560
f 3126//560 3125//560 3134//560
f 3135//812 3134//812 3125//812
f 3125//813 3124//813 3135//813
f 3130//2 3135//2 3124//2
f 3124//2 3129//2 3130//2
f 3131//814 3130//814 3129//814
f 3129//815 3128//815 3131//815
f 3132//579 3131//579 3128//579
f 3128//579 3127//579 3132//579
f 3136//569 3137//569 3138//569
f 3138//569 3139//569 3140//569
f 3140//569 3141//569 3136//569
f 3136//569 3138//569 3140//569
f 3142//816 3143//816 3144//816
f 3144//550 3145//550 3146//550
f 3146//817 3147//817 3142//817
f 3142//818 3144//818 3146//818
f 3145//1 3144//1 3139//1
f 3139//1 3138//1 3145//1
f 3146//819 3145//819 3138//819
f 3138//819 3137//819 3146//819
f 3147//814 3146//814 3137//814
f 3137//815 3136//815 3147//815
f 3142//2 3147//2 3136//2
f 3136//2 3141//2 3142//2
f 3143//812 3142//812 3141//812
f 3141//813 3140//813 3143//813
f 3144//820 3143//820 3140//820
f 3140//820 3139//820 3144//820
f 3148//2 3149//2 3150//2
f 3150//2 3151//2 3148//2
f 3152//1 3153//1 3154//1
f 3154//1 3155//1 3152//1
f 3155//821 3154//821 3151//821
f 3151//821 3150//821 3155//821
f 3152//822 3155//822 3150//822
f 3150//822 3149//822 3152//822
f 3153//823 3152//823 3149//823
f 3149//823 3148//823 3153//823
f 3154//824 3153//824 3148//824
f 3148//824 3151//824 3154//824
f 3156//159 3157//159 3158//159
f 3158//2 3159//2 3160//2
f 3160//2 3161//2 3162//2
f 3162//2 3163//2 3164//2
f 3164//2 3165//2 3166//2
f 3166//2 3167//2 3168//2
f 3168//2 3169//2 3170//2
f 3170//595 3171//595 3172//595
f 3172//2 3173//2 3174//2
f 3174//2 3175//2 3176//2
f 3176//2 3177//2 3178//2
f 3178//825 3179//825 3180//825
f 3180//825 3181//825 3182//825
f 3182//595 3183//595 3184//595
f 3184//537 3185//537 3186//537
f 3186//826 3187//826 3156//826
f 3156//2 3158//2 3160//2
f 3160//2 3162//2 3164//2
f 3164//2 3166//2 3168//2
f 3168//159 3170//159 3172//159
f 3172//2 3174//2 3176//2
f 3176//2 3178//2 3180//2
f 3180//159 3182//159 3184//159
f 3184//160 3186//160 3156//160
f 3156//2 3160//2 3164//2
f 3164//2 3168//2 3172//2
f 3172//2 3176//2 3180//2
f 3180//2 3184//2 3156//2
f 3156//2 3164//2 3172//2
f 3172//2 3180//2 3156//2
f 3188//1 3189//1 3190//1
f 3190//1 3191//1 3192//1
f 3192//543 3193//543 3194//543
f 3194//542 3195//542 3196//542
f 3196//542 3197//542 3198//542
f 3198//542 3199//542 3200//542
f 3200//1 3201//1 3202//1
f 3202//1 3203//1 3204//1
f 3204//1 3205//1 3206//1
f 3206//1 3207//1 3208//1
f 3208//542 3209//542 3210//542
f 3210//543 3211//543 3212//543
f 3212//827 3213//827 3214//827
f 3214//1 3215//1 3216//1
f 3216//601 3217//601 3218//601
f 3218//1 3219//1 3188//1
f 3188//1 3190//1 3192//1
f 3192//134 3194//134 3196//134
f 3196//1 3198//1 3200//1
f 3200//134 3202//134 3204//134
f 3204//1 3206//1 3208//1
f 3208//1 3210//1 3212//1
f 3212//1 3214//1 3216//1
f 3216//158 3218//158 3188//158
f 3188//1 3192//1 3196//1
f 3196//1 3200//1 3204//1
f 3204//1 3208//1 3212//1
f 3212//1 3216//1 3188//1
f 3188//1 3196//1 3204//1
f 3204//1 3212//1 3188//1
f 3191//701 3190//701 3159//701
f 3159//701 3158//701 3191//701
f 3192//828 3191//828 3158//828
f 3158//828 3157//828 3192//828
f 3193//829 3192//829 3157//829
f 3157//621 3156//621 3193//621
f 3194//830 3193//830 3156//830
f 3156//831 3187//831 3194//831
f 3195//560 3194//560 3187//560
f 3187//560 3186//560 3195//560
f 3196//832 3195//832 3186//832
f 3186//833 3185//833 3196//833
f 3197//834 3196//834 3185//834
f 3185//834 3184//834 3197//834
f 3197//835 3184//835 3183//835
f 3183//835 3198//835 3197//835
f 3199//21 3198//21 3183//21
f 3183//21 3182//21 3199//21
f 3200//836 3199//836 3182//836
f 3182//837 3181//837 3200//837
f 3201//838 3200//838 3181//838
f 3181//838 3180//838 3201//838
f 3202//605 3201//605 3180//605
f 3180//605 3179//605 3202//605
f 3203//569 3202//569 3179//569
f 3179//569 3178//569 3203//569
f 3204//839 3203//839 3178//839
f 3178//840 3177//840 3204//840
f 3205//607 3204//607 3177//607
f 3177//607 3176//607 3205//607
f 3205//841 3176//841 3175//841
f 3175//841 3206//841 3205//841
f 3207//22 3206//22 3175//22
f 3175//22 3174//22 3207//22
f 3208//842 3207//842 3174//842
f 3174//842 3173//842 3208//842
f 3209//843 3208//843 3173//843
f 3173//844 3172//844 3209//844
f 3210//845 3209//845 3172//845
f 3172//846 3171//846 3210//846
f 3211//579 3210//579 3171//579
f 3171//579 3170//579 3211//579
f 3212//847 3211//847 3170//847
f 3170//847 3169//847 3212//847
f 3213//848 3212//848 3169//848
f 3169//848 3168//848 3213//848
f 3213//849 3168//849 3167//849
f 3167//849 3214//849 3213//849
f 3215//850 3214//850 3167//850
f 3167//850 3166//850 3215//850
f 3216//851 3215//851 3166//851
f 3166//752 3165//752 3216//752
f 3217//614 3216//614 3165//614
f 3165//614 3164//614 3217//614
f 3218//548 3217//548 3164//548
f 3164//548 3163//548 3218//548
f 3219//550 3218//550 3163//550
f 3163//550 3162//550 3219//550
f 3188//552 3219//552 3162//552
f 3162//616 3161//616 3188//616
f 3189//852 3188//852 3161//852
f 3161//852 3160//852 3189//852
f 3189//853 3160//853 3159//853
f 3159//853 3190//853 3189//853
f 3220//1 3221//1 3222//1
f 3222//1 3223//1 3220//1
f 3224//2 3225//2 3226//2
f 3226//2 3227//2 3224//2
f 3227//821 3226//821 3223//821
f 3223//821 3222//821 3227//821
f 3226//854 3225//854 3220//854
f 3220//854 3223//854 3226//854
f 3225//823 3224//823 3221//823
f 3221//823 3220//823 3225//823
f 3224//855 3227//855 3222//855
f 3222//855 3221//855 3224//855
f 3228//2 3220//2 3223//2
f 3222//2 3221//2 3229//2
f 3230//2 3228//2 3223//2
f 3222//2 3229//2 3231//2
f 3231//2 3230//2 3223//2
f 3223//2 3222//2 3231//2
f 3232//1 3233//1 3234//1
f 3235//1 3236//1 3237//1
f 3238//1 3232//1 3234//1
f 3235//1 3237//1 3239//1
f 3239//1 3238//1 3234//1
f 3234//1 3235//1 3239//1
f 3235//821 3234//821 3222//821
f 3222//821 3223//821 3235//821
f 3236//854 3235//854 3223//854
f 3223//854 3220//854 3236//854
f 3237//856 3236//856 3220//856
f 3220//856 3228//856 3237//856
f 3239//857 3237//857 3228//857
f 3228//857 3230//857 3239//857
f 3238//858 3239//858 3230//858
f 3230//858 3231//858 3238//858
f 3232//859 3238//859 3231//859
f 3231//859 3229//859 3232//859
f 3233//856 3232//856 3229//856
f 3229//856 3221//856 3233//856
f 3234//855 3233//855 3221//855
f 3221//855 3222//855 3234//855
f 3240//2 3241//2 3242//2
f 3242//2 3243//2 3240//2
f 3244//1 3245//1 3246//1
f 3246//1 3247//1 3244//1
f 3247//823 3246//823 3243//823
f 3243//823 3242//823 3247//823
f 3244//824 3247//824 3242//824
f 3242//824 3241//824 3244//824
f 3245//821 3244//821 3241//821
f 3241//821 3240//821 3245//821
f 3246//822 3245//822 3240//822
f 3240//822 3243//822 3246//822
f 3248//2 3249//2 3250//2
f 3250//2 3251//2 3252//2
f 3252//539 3253//539 3254//539
f 3254//535 3255//535 3256//535
f 3256//2 3257//2 3258//2
f 3258//2 3259//2 3260//2
f 3260//535 3261//535 3262//535
f 3262//2 3263//2 3264//2
f 3264//159 3265//159 3266//159
f 3266//2 3267//2 3268//2
f 3268//2 3269//2 3270//2
f 3270//2 3271//2 3272//2
f 3272//2 3273//2 3274//2
f 3274//2 3275//2 3276//2
f 3276//2 3277//2 3278//2
f 3278//538 3279//538 3248//538
f 3248//2 3250//2 3252//2
f 3252//2 3254//2 3256//2
f 3256//159 3258//159 3260//159
f 3260//599 3262//599 3264//599
f 3264//2 3266//2 3268//2
f 3268//2 3270//2 3272//2
f 3272//160 3274//160 3276//160
f 3276//159 3278//159 3248//159
f 3248//2 3252//2 3256//2
f 3256//2 3260//2 3264//2
f 3264//2 3268//2 3272//2
f 3272//2 3276//2 3248//2
f 3248//2 3256//2 3264//2
f 3264//2 3272//2 3248//2
f 3280//134 3281//134 3282//134
f 3282//1 3283//1 3284//1
f 3284//1 3285//1 3286//1
f 3286//1 3287//1 3288//1
f 3288//1 3289//1 3290//1
f 3290//542 3291//542 3292//542
f 3292//542 3293//542 3294//542
f 3294//540 3295//540 3296//540
f 3296//1 3297//1 3298//1
f 3298//1 3299//1 3300//1
f 3300//1 3301//1 3302//1
f 3302//543 3303//543 3304//543
f 3304//540 3305//540 3306//540
f 3306//1 3307//1 3308//1
f 3308//1 3309//1 3310//1
f 3310//600 3311//600 3280//600
f 3280//1 3282//1 3284//1
f 3284//158 3286//158 3288//158
f 3288//134 3290//134 3292//134
f 3292//1 3294//1 3296//1
f 3296//1 3298//1 3300//1
f 3300//134 3302//134 3304//134
f 3304//1 3306//1 3308//1
f 3308//1 3310//1 3280//1
f 3280//1 3284//1 3288//1
f 3288//1 3292//1 3296//1
f 3296//1 3300//1 3304//1
f 3304//1 3308//1 3280//1
f 3280//1 3288//1 3296//1
f 3296//1 3304//1 3280//1
f 3283//22 3282//22 3251//22
f 3251//22 3250//22 3283//22
f 3284//860 3283//860 3250//860
f 3250//860 3249//860 3284//860
f 3285//861 3284//861 3249//861
f 3249//861 3248//861 3285//861
f 3286//610 3285//610 3248//610
f 3248//610 3279//610 3286//610
f 3287//579 3286//579 3279//579
f 3279//579 3278//579 3287//579
f 3288//847 3287//847 3278//847
f 3278//847 3277//847 3288//847
f 3289//584 3288//584 3277//584
f 3277//584 3276//584 3289//584
f 3289//862 3276//862 3275//862
f 3275//862 3290//862 3289//862
f 3291//11 3290//11 3275//11
f 3275//11 3274//11 3291//11
f 3292//863 3291//863 3274//863
f 3274//864 3273//864 3292//864
f 3293//865 3292//865 3273//865
f 3273//866 3272//866 3293//866
f 3294//548 3293//548 3272//548
f 3272//548 3271//548 3294//548
f 3295//550 3294//550 3271//550
f 3271//550 3270//550 3295//550
f 3296//867 3295//867 3270//867
f 3270//867 3269//867 3296//867
f 3297//554 3296//554 3269//554
f 3269//554 3268//554 3297//554
f 3297//853 3268//853 3267//853
f 3267//853 3298//853 3297//853
f 3299//868 3298//868 3267//868
f 3267//868 3266//868 3299//868
f 3300//869 3299//869 3266//869
f 3266//869 3265//869 3300//869
f 3301//621 3300//621 3265//621
f 3265//621 3264//621 3301//621
f 3302//830 3301//830 3264//830
f 3264//870 3263//870 3302//870
f 3303//560 3302//560 3263//560
f 3263//560 3262//560 3303//560
f 3304//562 3303//562 3262//562
f 3262//871 3261//871 3304//871
f 3305//872 3304//872 3261//872
f 3261//872 3260//872 3305//872
f 3305//835 3260//835 3259//835
f 3259//835 3306//835 3305//835
f 3307//873 3306//873 3259//873
f 3259//873 3258//873 3307//873
f 3308//602 3307//602 3258//602
f 3258//874 3257//874 3308//874
f 3309//567 3308//567 3257//567
f 3257//567 3256//567 3309//567
f 3310//604 3309//604 3256//604
f 3256//875 3255//875 3310//875
f 3311//570 3310//570 3255//570
f 3255//570 3254//570 3311//570
f 3280//876 3311//876 3254//876
f 3254//606 3253//606 3280//606
f 3281//739 3280//739 3253//739
f 3253//739 3252//739 3281//739
f 3281//608 3252//608 3251//608
f 3251//608 3282//608 3281//608
f 3312//1 3313//1 3314//1
f 3314//1 3315//1 3312//1
f 3316//2 3317//2 3318//2
f 3318//2 3319//2 3316//2
f 3319//823 3318//823 3315//823
f 3315//823 3314//823 3319//823
f 3318//855 3317//855 3312//855
f 3312//855 3315//855 3318//855
f 3317//821 3316//821 3313//821
f 3313//821 3312//821 3317//821
f 3316//854 3319//854 3314//854
f 3314//854 3313//854 3316//854
f 3320//2 3312//2 3315//2
f 3314//2 3313//2 3321//2
f 3322//2 3320//2 3315//2
f 3314//2 3321//2 3323//2
f 3323//2 3322//2 3315//2
f 3315//2 3314//2 3323//2
f 3324//1 3325//1 3326//1
f 3327//1 3328//1 3329//1
f 3330//1 3324//1 3326//1
f 3327//1 3329//1 3331//1
f 3331//1 3330//1 3326//1
f 3326//1 3327//1 3331//1
f 3327//823 3326//823 3314//823
f 3314//823 3315//823 3327//823
f 3328//855 3327//855 3315//855
f 3315//855 3312//855 3328//855
f 3329//877 3328//877 3312//877
f 3312//877 3320//877 3329//877
f 3331//878 3329//878 3320//878
f 3320//878 3322//878 3331//878
f 3330//879 3331//879 3322//879
f 3322//879 3323//879 3330//879
f 3324//857 3330//857 3323//857
f 3323//857 3321//857 3324//857
f 3325//880 3324//880 3321//880
f 3321//880 3313//880 3325//880
f 3326//854 3325//854 3313//854
f 3313//854 3314//854 3326//854
f 3332//881 3333//881 3334//881
f 3335//882 3336//882 3337//882
f 3338//881 3332//881 3334//881
f 3335//882 3337//882 3339//882
f 3339//883 3338//883 3334//883
f 3334//884 3335//884 3339//884
f 3340//885 3341//885 3342//885
f 3343//885 3344//885 3345//885
f 3346//885 3340//885 3342//885
f 3343//885 3345//885 3347//885
f 3347//886 3346//886 3342//886
f 3342//887 3343//887 3347//887
f 3343//2 3342//2 3335//2
f 3335//2 3334//2 3343//2
f 3344//888 3343//888 3334//888
f 3334//888 3333//888 3344//888
f 3345//1 3344//1 3333//1
f 3333//1 3332//1 3345//1
f 3347//889 3345//889 3332//889
f 3332//889 3338//889 3347//889
f 3346//1 3347//1 3338//1
f 3338//1 3339//1 3346//1
f 3340//822 3346//822 3339//822
f 3339//822 3337//822 3340//822
f 3341//1 3340//1 3337//1
f 3337//1 3336//1 3341//1
f 3342//890 3341//890 3336//890
f 3336//890 3335//890 3342//890
f 3348//1 3349//1 3350//1
f 3350//1 3342//1 3348//1
f 3351//821 3348//821 3342//821
f 3342//821 3352//821 3351//821
f 3342//890 3350//890 3353//890
f 3353//891 3354//891 3352//891
f 3352//890 3342//890 3353//890
f 3355//892 3356//892 3357//892
f 3358//893 3356//893 3355//893
f 3355//893 3359//893 3358//893
f 3360//2 3357//2 3356//2
f 3356//2 3358//2 3360//2
f 3361//2 3351//2 3352//2
f 3352//2 3354//2 3359//2
f 3355//2 3361//2 3352//2
f 3352//2 3359//2 3355//2
f 3355//894 3357//894 3362//894
f 3362//895 3361//895 3355//895
f 3360//896 3353//896 3350//896
f 3350//897 3349//897 3362//897
f 3357//898 3360//898 3350//898
f 3350//899 3362//899 3357//899
f 3358//900 3359//900 3360//900
f 3360//901 3359//901 3354//901
f 3354//894 3353//894 3360//894
f 3348//902 3351//902 3361//902
f 3361//903 3362//903 3349//903
f 3349//904 3348//904 3361//904
f 3335//1 3363//1 3364//1
f 3364//1 3334//1 3335//1
f 3365//823 3335//823 3334//823
f 3334//823 3366//823 3365//823
f 3334//888 3364//888 3367//888
f 3367//905 3368//905 3366//905
f 3366//888 3334//888 3367//888
f 3369//903 3370//903 3371//903
f 3372//906 3370//906 3369//906
f 3369//906 3373//906 3372//906
f 3374//2 3371//2 3370//2
f 3370//2 3372//2 3374//2
f 3375//2 3365//2 3366//2
f 3366//2 3368//2 3373//2
f 3373//2 3369//2 3375//2
f 3375//2 3366//2 3373//2
f 3369//907 3371//907 3376//907
f 3376//908 3375//908 3369//908
f 3374//909 3367//909 3364//909
f 3364//821 3363//821 3376//821
f 3371//910 3374//910 3364//910
f 3364//911 3376//911 3371//911
f 3372//892 3373//892 3374//892
f 3374//912 3373//912 3368//912
f 3368//912 3367//912 3374//912
f 3335//913 3365//913 3375//913
f 3375//892 3376//892 3363//892
f 3363//914 3335//914 3375//914
f 3377//915 3378//915 3379//915
f 3379//916 3380//916 3381//916
f 3381//917 3382//917 3377//917
f 3377//918 3379//918 3381//918
f 3383//919 3384//919 3385//919
f 3385//821 3386//821 3387//821
f 3387//920 3388//920 3383//920
f 3383//921 3385//921 3387//921
f 3386//1 3385//1 3380//1
f 3380//1 3379//1 3386//1
f 3387//922 3386//922 3379//922
f 3379//922 3378//922 3387//922
f 3388//923 3387//923 3378//923
f 3378//923 3377//923 3388//923
f 3383//2 3388//2 3377//2
f 3377//2 3382//2 3383//2
f 3384//924 3383//924 3382//924
f 3382//925 3381//925 3384//925
f 3385//926 3384//926 3381//926
f 3381//926 3380//926 3385//926
f 3389//919 3390//919 3391//919
f 3391//821 3392//821 3393//821
f 3393//920 3394//920 3389//920
f 3389//921 3391//921 3393//921
f 3395//915 3396//915 3397//915
f 3397//823 3398//823 3399//823
f 3399//927 3400//927 3395//927
f 3395//928 3397//928 3399//928
f 3398//1 3397//1 3392//1
f 3392//1 3391//1 3398//1
f 3399//929 3398//929 3391//929
f 3391//929 3390//929 3399//929
f 3400//930 3399//930 3390//930
f 3390//924 3389//924 3400//924
f 3395//2 3400//2 3389//2
f 3389//2 3394//2 3395//2
f 3396//923 3395//923 3394//923
f 3394//923 3393//923 3396//923
f 3397//922 3396//922 3393//922
f 3393//922 3392//922 3397//922
f 3401//931 3402//931 3403//931
f 3403//932 3402//932 3404//932
f 3402//933 3405//933 3404//933
f 3404//933 3405//933 3406//933
f 3405//934 3407//934 3406//934
f 3406//934 3407//934 3408//934
f 3407//935 3409//935 3408//935
f 3408//935 3409//935 3410//935
f 3409//936 3411//936 3410//936
f 3410//936 3411//936 3412//936
f 3411//937 3413//937 3412//937
f 3412//937 3413//937 3414//937
f 3413//938 3415//938 3414//938
f 3414//938 3415//938 3416//938
f 3415//939 3417//939 3416//939
f 3416//939 3417//939 3418//939
f 3417//22 3419//22 3418//22
f 3418//22 3419//22 3420//22
f 3419//940 3421//940 3420//940
f 3420//940 3421//940 3422//940
f 3421//941 3423//941 3422//941
f 3422//941 3423//941 3424//941
f 3423//942 3425//942 3424//942
f 3424//942 3425//942 3426//942
f 3403//943 3427//943 3401//943
f 3427//944 3428//944 3401//944
f 3401//944 3428//944 3429//944
f 3428//945 3430//945 3429//945
f 3429//945 3430//945 3431//945
f 3430//946 3432//946 3431//946
f 3431//946 3432//946 3433//946
f 3432//947 3434//947 3433//947
f 3433//947 3434//947 3435//947
f 3434//948 3436//948 3435//948
f 3435//948 3436//948 3437//948
f 3436//949 3438//949 3437//949
f 3437//949 3438//949 3439//949
f 3438//950 3440//950 3439//950
f 3439//950 3440//950 3441//950
f 3440//951 3442//951 3441//951
f 3441//951 3442//951 3443//951
f 3442//952 3444//952 3443//952
f 3443//952 3444//952 3445//952
f 3444//953 3446//953 3445//953
f 3445//953 3446//953 3447//953
f 3446//954 3448//954 3447//954
f 3447//954 3448//954 3449//954
f 3454//11 3435//11 3455//11
f 3435//11 3437//11 3455//11
f 3455//11 3437//11 3456//11
f 3437//11 3439//11 3456//11
f 3456//11 3439//11 3457//11
f 3439//11 3441//11 3457//11
f 3457//11 3441//11 3458//11
f 3441//11 3443//11 3458//11
f 3458//11 3443//11 3459//11
f 3443//11 3445//11 3459//11
f 3459//11 3445//11 3460//11
f 3445//11 3447//11 3460//11
f 3460//11 3447//11 3461//11
f 3447//11 3449//11 3461//11
f 3461//11 3449//11 3462//11
f 3449//11 3450//11 3462//11
f 3462//11 3450//11 3463//11
f 3450//11 3451//11 3463//11
f 3463//11 3451//11 3464//11
f 3451//11 3452//11 3464//11
f 3453//11 3425//11 3465//11
f 3425//11 3423//11 3465//11
f 3465//11 3423//11 3466//11
f 3423//11 3421//11 3466//11
f 3466//11 3421//11 3467//11
f 3421//11 3419//11 3467//11
f 3467//11 3419//11 3468//11
f 3419//11 3417//11 3468//11
f 3468//11 3417//11 3469//11
f 3417//11 3415//11 3469//11
f 3469//11 3415//11 3470//11
f 3415//11 3413//11 3470//11
f 3470//11 3413//11 3471//11
f 3413//11 3411//11 3471//11
f 3471//11 3411//11 3472//11
f 3411//11 3409//11 3472//11
f 3472//11 3409//11 3473//11
f 3409//11 3407//11 3473//11
f 3473//11 3407//11 3474//11
f 3407//11 3405//11 3474//11
f 3474//11 3405//11 3475//11
f 3405//11 3402//11 3475//11
f 3475//11 3402//11 3476//11
f 3402//11 3401//11 3476//11
f 3476//11 3401//11 3477//11
f 3401//11 3429//11 3477//11
f 3477//11 3429//11 3478//11
f 3429//11 3431//11 3478//11
f 3478//11 3431//11 3454//11
f 3431//11 3433//11 3454//11
f 3454//11 3433//11 3435//11
f 3479//21 3481//21 3480//21
f 3480//21 3481//21 3482//21
f 3481//21 3483//21 3482//21
f 3482//21 3483//21 3484//21
f 3483//21 3485//21 3484//21
f 3484//21 3485//21 3486//21
f 3485//21 3487//21 3486//21
f 3486//21 3487//21 3488//21
f 3487//21 3489//21 3488//21
f 3488//21 3489//21 3490//21
f 3489//21 3491//21 3490//21
f 3490//21 3491//21 3492//21
f 3491//21 3493//21 3492//21
f 3492//21 3493//21 3494//21
f 3493//21 3495//21 3494//21
f 3494//21 3495//21 3496//21
f 3495//21 3497//21 3496//21
f 3496//21 3497//21 3498//21
f 3497//21 3499//21 3498//21
f 3498//21 3499//21 3500//21
f 3499//21 3503//21 3500//21
f 3503//21 3504//21 3500//21
f 3500//21 3504//21 3505//21
f 3504//21 3506//21 3505//21
f 3505//21 3506//21 3507//21
f 3506//21 3508//21 3507//21
f 3507//21 3508//21 3509//21
f 3508//21 3510//21 3509//21
f 3509//21 3510//21 3511//21
f 3510//21 3512//21 3511//21
f 3511//21 3512//21 3513//21
f 3512//21 3514//21 3513//21
f 3513//21 3514//21 3515//21
f 3514//21 3516//21 3515//21
f 3515//21 3516//21 3517//21
f 3516//21 3518//21 3517//21
f 3517//21 3518//21 3519//21
f 3518//21 3520//21 3519//21
f 3519//21 3520//21 3521//21
f 3520//21 3522//21 3521//21
f 3521//21 3522//21 3523//21
f 3522//21 3524//21 3523//21
f 3523//21 3524//21 3525//21
f 3524//21 3526//21 3525//21
f 3525//21 3526//21 3527//21
f 3526//21 3528//21 3527//21
f 3527//21 3528//21 3529//21
f 3528//21 3530//21 3529//21
f 3529//21 3530//21 3531//21
f 3530//21 3532//21 3531//21
f 3531//21 3532//21 3501//21
f 3532//21 3533//21 3501//21
f 3534//955 3535//955 3536//955
f 3535//956 3537//956 3536//956
f 3536//956 3537//956 3538//956
f 3537//957 3539//957 3538//957
f 3538//957 3539//957 3540//957
f 3539//958 3541//958 3540//958
f 3540//958 3541//958 3542//958
f 3541//959 3543//959 3542//959
f 3542//959 3543//959 3544//959
f 3543//960 3545//960 3544//960
f 3544//960 3545//960 3546//960
f 3545//961 3547//961 3546//961
f 3546//961 3547//961 3548//961
f 3547//962 3549//962 3548//962
f 3548//962 3549//962 3550//962
f 3549//963 3551//963 3550//963
f 3550//963 3551//963 3552//963
f 3551//964 3553//964 3552//964
f 3552//964 3553//964 3554//964
f 3553//965 3555//965 3554//965
f 3554//965 3555//965 3556//965
f 3555//966 3557//966 3556//966
f 3556//966 3557//966 3558//966
f 3557//967 3559//967 3558//967
f 3558//967 3559//967 3560//967
f 3559//968 3561//968 3560//968
f 3562//969 3563//969 3534//969
f 3563//1 3564//1 3534//1
f 3534//955 3564//955 3535//955
f 3562//970 3565//970 3563//970
f 3565//971 3566//971 3563//971
f 3563//971 3566//971 3567//971
f 3566//972 3568//972 3567//972
f 3567//972 3568//972 3569//972
f 3568//973 3570//973 3569//973
f 3569//973 3570//973 3571//973
f 3570//974 3572//974 3571//974
f 3571//974 3572//974 3573//974
f 3572//975 3574//975 3573//975
f 3573//975 3574//975 3575//975
f 3574//976 3576//976 3575//976
f 3575//976 3576//976 3577//976
f 3576//977 3578//977 3577//977
f 3577//977 3578//977 3579//977
f 3578//978 3580//978 3579//978
f 3579//978 3580//978 3581//978
f 3580//979 3582//979 3581//979
f 3581//979 3582//979 3583//979
f 3582//980 3584//980 3583//980
f 3583//980 3584//980 3585//980
f 3584//981 3586//981 3585//981
f 3585//981 3586//981 3587//981
f 3586//982 3588//982 3587//982
f 3587//982 3588//982 3589//982
f 3588//983 3590//983 3589//983
f 3589//983 3590//983 3591//983
f 3590//984 3592//984 3591//984
f 3591//985 3592//985 3593//985
f 3592//986 3594//986 3593//986
f 3593//987 3594//987 3561//987
f 3594//988 3595//988 3561//988
f 3561//989 3595//989 3560//989
f 3596//11 3597//11 3598//11
f 3597//11 3599//11 3598//11
f 3598//11 3599//11 3600//11
f 3596//11 3601//11 3597//11
f 3601//11 3602//11 3597//11
f 3597//11 3602//11 3603//11
f 3603//11 3604//11 3597//11
f 3604//11 3605//11 3597//11
f 3597//11 3605//11 3606//11
f 3605//11 3607//11 3606//11
f 3600//11 3608//11 3598//11
f 3608//11 3609//11 3598//11
f 3598//11 3609//11 3610//11
f 3611//394 3612//394 3613//394
f 3612//11 3598//11 3613//11
f 3613//11 3598//11 3614//11
f 3598//11 3610//11 3614//11
f 3605//396 3615//396 3607//396
f 3615//11 3616//11 3607//11
f 3607//11 3616//11 3617//11
f 3617//11 3618//11 3607//11
f 3618//396 3619//396 3607//396
f 3607//11 3619//11 3620//11
f 3621//21 3622//21 3623//21
f 3623//21 3624//21 3621//21
f 3624//21 3625//21 3621//21
f 3621//21 3625//21 3626//21
f 3627//990 3611//990 3613//990
f 3598//991 3612//991 3628//991
f 3629//992 3627//992 3630//992
f 3630//993 3631//993 3629//993
f 3631//994 3632//994 3629//994
f 3629//994 3632//994 3633//994
f 3632//995 3634//995 3633//995
f 3633//995 3634//995 3635//995
f 3634//443 3636//443 3635//443
f 3635//996 3636//996 3637//996
f 3638//997 3639//997 3640//997
f 3639//998 3637//998 3640//998
f 3640//999 3637//999 3641//999
f 3637//406 3636//406 3641//406
f 3627//990 3613//990 3630//990
f 3613//1000 3614//1000 3630//1000
f 3630//1000 3614//1000 3642//1000
f 3614//1001 3610//1001 3642//1001
f 3642//1001 3610//1001 3643//1001
f 3610//1002 3609//1002 3643//1002
f 3643//1002 3609//1002 3644//1002
f 3609//1003 3608//1003 3644//1003
f 3644//1003 3608//1003 3645//1003
f 3608//1004 3600//1004 3645//1004
f 3645//1004 3600//1004 3646//1004
f 3600//1005 3599//1005 3646//1005
f 3646//1005 3599//1005 3647//1005
f 3599//1006 3597//1006 3647//1006
f 3647//1006 3597//1006 3648//1006
f 3597//1007 3606//1007 3648//1007
f 3648//1007 3606//1007 3649//1007
f 3606//1008 3607//1008 3649//1008
f 3649//1008 3607//1008 3650//1008
f 3607//1009 3620//1009 3650//1009
f 3650//1009 3620//1009 3651//1009
f 3620//1010 3619//1010 3651//1010
f 3651//1010 3619//1010 3652//1010
f 3619//1011 3618//1011 3652//1011
f 3652//1011 3618//1011 3653//1011
f 3618//1012 3617//1012 3653//1012
f 3653//1012 3617//1012 3654//1012
f 3617//1013 3616//1013 3654//1013
f 3654//1013 3616//1013 3655//1013
f 3616//1014 3615//1014 3655//1014
f 3655//1014 3615//1014 3656//1014
f 3615//1015 3605//1015 3656//1015
f 3656//1015 3605//1015 3657//1015
f 3605//1016 3604//1016 3657//1016
f 3657//1016 3604//1016 3658//1016
f 3604//1017 3603//1017 3658//1017
f 3658//1017 3603//1017 3659//1017
f 3603//1018 3602//1018 3659//1018
f 3659//1018 3602//1018 3660//1018
f 3602//1019 3601//1019 3660//1019
f 3660//1019 3601//1019 3661//1019
f 3601//1020 3596//1020 3661//1020
f 3661//1020 3596//1020 3662//1020
f 3596//1021 3598//1021 3662//1021
f 3662//1021 3598//1021 3663//1021
f 3598//991 3628//991 3663//991
f 3663//1022 3628//1022 3638//1022
f 3628//1023 3664//1023 3638//1023
f 3638//997 3664//997 3639//997
f 3665//2 3666//2 3667//2
f 3666//2 3668//2 3667//2
f 3669//2 2180//2 3670//2
f 2180//2 3671//2 3670//2
f 3670//2 3671//2 3672//2
f 3671//2 2334//2 3672//2
f 3673//1024 3674//1024 3675//1024
f 3676//1025 3677//1025 3678//1025
f 3675//1026 3674//1026 3670//1026
f 3676//1027 3678//1027 3679//1027
f 3674//1028 3680//1028 3670//1028
f 3680//1029 3681//1029 3670//1029
f 3670//1030 3681//1030 3678//1030
f 3681//1031 3682//1031 3678//1031
f 3678//1032 3682//1032 3679//1032
f 3677//1033 3683//1033 3678//1033
f 3683//1034 3684//1034 3678//1034
f 3678//1035 3684//1035 3685//1035
f 3686//1036 3687//1036 3512//1036
f 3510//1037 3685//1037 3688//1037
f 3510//1038 3688//1038 3512//1038
f 3688//1039 3689//1039 3512//1039
f 3512//1040 3689//1040 3690//1040
f 3690//1041 3691//1041 3512//1041
f 3691//1042 3692//1042 3512//1042
f 3512//1043 3692//1043 3686//1043
f 3693//1044 3694//1044 3695//1044
f 3696//1045 3693//1045 3514//1045
f 3696//1046 3514//1046 3697//1046
f 3687//1047 3698//1047 3512//1047
f 3698//1048 3699//1048 3512//1048
f 3512//933 3699//933 3514//933
f 3699//1049 3700//1049 3514//1049
f 3514//1050 3700//1050 3697//1050
f 3694//1051 3701//1051 3695//1051
f 3701//1052 3702//1052 3695//1052
f 3695//1053 3702//1053 3703//1053
f 3703//1054 3704//1054 3695//1054
f 3704//1055 3705//1055 3695//1055
f 3695//1056 3705//1056 3675//1056
f 3705//1057 3706//1057 3675//1057
f 3675//1048 3706//1048 3673//1048
f 3707//1058 3708//1058 3626//1058
f 3709//1059 3665//1059 3504//1059
f 3504//947 3503//947 3709//947
f 3503//948 3499//948 3709//948
f 3709//948 3499//948 3710//948
f 3499//949 3497//949 3710//949
f 3710//949 3497//949 3711//949
f 3497//950 3495//950 3711//950
f 3711//950 3495//950 3622//950
f 3495//951 3493//951 3622//951
f 3622//951 3493//951 3623//951
f 3493//952 3491//952 3623//952
f 3623//952 3491//952 3624//952
f 3491//953 3489//953 3624//953
f 3685//1060 3510//1060 3678//1060
f 3510//944 3508//944 3678//944
f 3678//944 3508//944 3712//944
f 3508//945 3506//945 3712//945
f 3712//945 3506//945 3713//945
f 3506//946 3504//946 3713//946
f 3713//946 3504//946 3714//946
f 3504//1061 3665//1061 3714//1061
f 3714//1061 3665//1061 3667//1061
f 3693//1062 3695//1062 3514//1062
f 3695//934 3715//934 3514//934
f 3514//934 3715//934 3516//934
f 3715//935 3716//935 3516//935
f 3516//935 3716//935 3518//935
f 3716//936 3717//936 3518//936
f 3518//936 3717//936 3520//936
f 3717//937 3718//937 3520//937
f 3520//937 3718//937 3522//937
f 3718//938 3719//938 3522//938
f 3522//938 3719//938 3524//938
f 3719//939 3720//939 3524//939
f 3524//939 3720//939 3526//939
f 3720//1063 3721//1063 3526//1063
f 3526//1064 3721//1064 3528//1064
f 3721//1065 3722//1065 3528//1065
f 3722//940 3723//940 3528//940
f 3528//940 3723//940 3530//940
f 3723//941 3724//941 3530//941
f 3530//941 3724//941 3532//941
f 3724//942 3725//942 3532//942
f 3532//942 3725//942 3533//942
f 3725//1066 3726//1066 3533//1066
f 3502//1067 3729//1067 3479//1067
f 3729//1067 3730//1067 3479//1067
f 3479//1068 3730//1068 3481//1068
f 3730//1068 3731//1068 3481//1068
f 3731//1069 3732//1069 3481//1069
f 3481//1069 3732//1069 3483//1069
f 3732//1070 3733//1070 3483//1070
f 3483//1070 3733//1070 3485//1070
f 3733//1071 3707//1071 3485//1071
f 3485//1071 3707//1071 3487//1071
f 3707//1058 3626//1058 3487//1058
f 3487//1072 3626//1072 3489//1072
f 3626//1073 3625//1073 3489//1073
f 3489//953 3625//953 3624//953
f 3734//1074 3735//1074 3403//1074
f 3403//1075 3735//1075 3427//1075
f 3735//1075 3736//1075 3427//1075
f 3736//1076 3737//1076 3427//1076
f 3427//1076 3737//1076 3428//1076
f 3737//1077 3738//1077 3428//1077
f 3428//1077 3738//1077 3430//1077
f 3738//1078 3739//1078 3430//1078
f 3430//1078 3739//1078 3432//1078
f 3739//1079 3740//1079 3432//1079
f 3432//1079 3740//1079 3434//1079
f 3740//1080 3741//1080 3434//1080
f 3434//1080 3741//1080 3436//1080
f 3741//1081 3742//1081 3436//1081
f 3436//1081 3742//1081 3438//1081
f 3742//1082 3743//1082 3438//1082
f 3438//1082 3743//1082 3440//1082
f 3743//1083 3744//1083 3440//1083
f 3440//1083 3744//1083 3442//1083
f 3744//1084 3745//1084 3442//1084
f 3442//1084 3745//1084 3444//1084
f 3745//1085 3746//1085 3444//1085
f 3444//1085 3746//1085 3446//1085
f 3746//1086 3747//1086 3446//1086
f 3446//1086 3747//1086 3448//1086
f 3747//1087 3748//1087 3448//1087
f 3756//1088 3757//1088 3426//1088
f 3426//1088 3757//1088 3424//1088
f 3757//1089 3758//1089 3424//1089
f 3424//1089 3758//1089 3422//1089
f 3758//1090 3759//1090 3422//1090
f 3422//1090 3759//1090 3420//1090
f 3759//1091 3760//1091 3420//1091
f 3420//1091 3760//1091 3418//1091
f 3760//1092 3761//1092 3418//1092
f 3418//1092 3761//1092 3416//1092
f 3761//1093 3762//1093 3416//1093
f 3416//1093 3762//1093 3414//1093
f 3762//1094 3763//1094 3414//1094
f 3414//1094 3763//1094 3412//1094
f 3763//1095 3764//1095 3412//1095
f 3412//1095 3764//1095 3410//1095
f 3764//1096 3765//1096 3410//1096
f 3410//1096 3765//1096 3408//1096
f 3765//1097 3766//1097 3408//1097
f 3408//1097 3766//1097 3406//1097
f 3766//1098 3734//1098 3406//1098
f 3406//1098 3734//1098 3404//1098
f 3734//1074 3403//1074 3404//1074
f 3636//11 3547//11 3641//11
f 3547//11 3545//11 3641//11
f 3641//11 3545//11 3640//11
f 3545//11 3543//11 3640//11
f 3640//11 3543//11 3638//11
f 3543//11 3541//11 3638//11
f 3638//11 3541//11 3663//11
f 3541//11 3539//11 3663//11
f 3663//11 3539//11 3662//11
f 3539//11 3537//11 3662//11
f 3662//11 3537//11 3661//11
f 3537//11 3535//11 3661//11
f 3661//11 3535//11 3660//11
f 3535//11 3564//11 3660//11
f 3660//11 3564//11 3659//11
f 3564//11 3563//11 3659//11
f 3659//11 3563//11 3658//11
f 3563//11 3567//11 3658//11
f 3658//11 3567//11 3657//11
f 3567//11 3569//11 3657//11
f 3657//11 3569//11 3656//11
f 3569//11 3571//11 3656//11
f 3656//11 3571//11 3655//11
f 3571//11 3573//11 3655//11
f 3655//11 3573//11 3654//11
f 3573//11 3575//11 3654//11
f 3654//11 3575//11 3653//11
f 3575//11 3577//11 3653//11
f 3653//11 3577//11 3652//11
f 3577//11 3579//11 3652//11
f 3652//11 3579//11 3651//11
f 3579//11 3581//11 3651//11
f 3651//11 3581//11 3650//11
f 3581//11 3583//11 3650//11
f 3650//11 3583//11 3649//11
f 3583//11 3585//11 3649//11
f 3649//11 3585//11 3648//11
f 3585//11 3587//11 3648//11
f 3648//11 3587//11 3647//11
f 3587//11 3589//11 3647//11
f 3647//11 3589//11 3646//11
f 3589//11 3591//11 3646//11
f 3646//11 3591//11 3645//11
f 3591//11 3593//11 3645//11
f 3645//11 3593//11 3644//11
f 3593//11 3561//11 3644//11
f 3644//11 3561//11 3643//11
f 3561//11 3559//11 3643//11
f 3643//11 3559//11 3642//11
f 3559//11 3557//11 3642//11
f 3642//11 3557//11 3630//11
f 3557//11 3555//11 3630//11
f 3630//11 3555//11 3631//11
f 3555//11 3553//11 3631//11
f 3631//11 3553//11 3632//11
f 3553//11 3551//11 3632//11
f 3632//11 3551//11 3634//11
f 3551//11 3549//11 3634//11
f 3634//11 3549//11 3636//11
f 3549//11 3547//11 3636//11
f 3767//21 3768//21 3669//21
f 3769//21 3770//21 3678//21
f 3771//465 3772//465 3668//465
f 3772//21 3773//21 3668//21
f 3768//21 3774//21 3669//21
f 3774//21 3775//21 3669//21
f 3669//21 3775//21 3776//21
f 3669//21 3670//21 3678//21
f 3773//21 3777//21 3668//21
f 3777//21 3778//21 3668//21
f 3668//21 3778//21 3667//21
f 3778//21 3779//21 3667//21
f 3667//21 3779//21 3780//21
f 3770//21 3781//21 3678//21
f 3781//21 3782//21 3678//21
f 3678//21 3782//21 3669//21
f 3782//21 3783//21 3669//21
f 3669//21 3783//21 3767//21
f 3776//464 3784//464 3669//464
f 3784//466 3785//466 3669//466
f 3669//21 3785//21 3668//21
f 3785//21 3786//21 3668//21
f 3668//464 3786//464 3771//464
f 3787//21 3714//21 3788//21
f 3714//21 3667//21 3788//21
f 3788//21 3667//21 3789//21
f 3667//21 3780//21 3789//21
f 3787//21 3790//21 3714//21
f 3790//21 3791//21 3714//21
f 3714//21 3791//21 3713//21
f 3791//21 3792//21 3713//21
f 3792//21 3793//21 3713//21
f 3793//21 3794//21 3713//21
f 3713//21 3794//21 3712//21
f 3794//21 3795//21 3712//21
f 3712//21 3795//21 3678//21
f 3795//21 3796//21 3678//21
f 3678//21 3796//21 3769//21
f 2332//22 3797//22 3798//22
f 3797//22 3721//22 3798//22
f 3798//22 3721//22 2334//22
f 3721//22 3672//22 2334//22
f 3475//425 3513//425 3474//425
f 3513//424 3515//424 3474//424
f 3474//424 3515//424 3473//424
f 3515//423 3517//423 3473//423
f 3473//423 3517//423 3472//423
f 3517//422 3519//422 3472//422
f 3472//422 3519//422 3471//422
f 3519//421 3521//421 3471//421
f 3471//421 3521//421 3470//421
f 3521//420 3523//420 3470//420
f 3470//420 3523//420 3469//420
f 3523//419 3525//419 3469//419
f 3469//419 3525//419 3468//419
f 3525//418 3527//418 3468//418
f 3468//418 3527//418 3467//418
f 3527//417 3529//417 3467//417
f 3467//417 3529//417 3466//417
f 3529//416 3531//416 3466//416
f 3466//416 3531//416 3465//416
f 3531//415 3501//415 3465//415
f 3465//415 3501//415 3453//415
f 3480//411 3482//411 3464//411
f 3464//411 3482//411 3463//411
f 3482//410 3484//410 3463//410
f 3463//410 3484//410 3462//410
f 3484//409 3486//409 3462//409
f 3462//409 3486//409 3461//409
f 3486//398 3488//398 3461//398
f 3461//398 3488//398 3460//398
f 3488//408 3490//408 3460//408
f 3460//408 3490//408 3459//408
f 3490//407 3492//407 3459//407
f 3459//407 3492//407 3458//407
f 3492//406 3494//406 3458//406
f 3458//406 3494//406 3457//406
f 3494//405 3496//405 3457//405
f 3457//405 3496//405 3456//405
f 3496//404 3498//404 3456//404
f 3456//404 3498//404 3455//404
f 3498//403 3500//403 3455//403
f 3455//403 3500//403 3454//403
f 3500//1099 3505//1099 3454//1099
f 3454//1099 3505//1099 3478//1099
f 3505//428 3507//428 3478//428
f 3478//428 3507//428 3477//428
f 3507//400 3509//400 3477//400
f 3477//400 3509//400 3476//400
f 3509//399 3511//399 3476//399
f 3476//399 3511//399 3475//399
f 3511//425 3513//425 3475//425
f 3799//394 3800//394 3801//394
f 2182//11 3802//11 3803//11
f 3804//11 3805//11 2182//11
f 3805//11 3806//11 2182//11
f 3800//396 3807//396 3801//396
f 3807//11 3808//11 3801//11
f 3801//11 3808//11 3809//11
f 3803//11 3810//11 2182//11
f 3810//11 3811//11 2182//11
f 2182//11 3811//11 3804//11
f 3806//11 3812//11 2182//11
f 3812//1100 3813//1100 2182//1100
f 2182//11 3813//11 3801//11
f 3813//11 3814//11 3801//11
f 3801//11 3814//11 3799//11
f 3815//11 3540//11 3816//11
f 3540//11 3542//11 3816//11
f 3816//394 3542//394 3817//394
f 3815//11 3818//11 3540//11
f 3818//11 3819//11 3540//11
f 3540//11 3819//11 3538//11
f 3820//11 3821//11 3822//11
f 3821//11 3823//11 3822//11
f 3820//11 3824//11 3821//11
f 3824//11 3825//11 3821//11
f 3821//11 3825//11 2182//11
f 3825//11 3826//11 2182//11
f 2182//11 3826//11 3802//11
f 3819//11 3827//11 3538//11
f 3827//11 3828//11 3538//11
f 3538//11 3828//11 3536//11
f 3828//11 3829//11 3536//11
f 3534//11 3536//11 3821//11
f 3536//11 3829//11 3821//11
f 3821//11 3829//11 3823//11
f 3830//394 3831//394 3572//394
f 2332//394 3832//394 3833//394
f 3834//11 3835//11 3821//11
f 3572//11 3831//11 3574//11
f 3836//11 3837//11 3798//11
f 3837//394 3838//394 3798//394
f 3798//11 3838//11 3839//11
f 2332//11 3833//11 3821//11
f 3833//11 3840//11 3821//11
f 3821//11 3840//11 3834//11
f 3839//396 3841//396 3798//396
f 3841//11 3842//11 3798//11
f 3798//11 3842//11 2332//11
f 3842//1101 3843//1101 2332//1101
f 2332//11 3843//11 3844//11
f 3844//11 3845//11 2332//11
f 3845//11 3846//11 2332//11
f 2332//11 3846//11 3847//11
f 3847//11 3848//11 2332//11
f 3848//11 3849//11 2332//11
f 2332//11 3849//11 3832//11
f 3850//11 3851//11 3568//11
f 3568//11 3851//11 3570//11
f 3851//11 3852//11 3570//11
f 3852//11 3853//11 3570//11
f 3570//11 3853//11 3572//11
f 3853//11 3854//11 3572//11
f 3572//11 3854//11 3830//11
f 3831//394 3855//394 3574//394
f 3855//396 3836//396 3574//396
f 3574//11 3836//11 3576//11
f 3836//11 3798//11 3576//11
f 3576//11 3798//11 3578//11
f 3566//11 3565//11 3821//11
f 3565//11 3562//11 3821//11
f 3821//11 3562//11 3534//11
f 3835//11 3856//11 3821//11
f 3856//11 3857//11 3821//11
f 3821//11 3857//11 3566//11
f 3857//11 3858//11 3566//11
f 3566//11 3858//11 3568//11
f 3858//11 3859//11 3568//11
f 3568//11 3859//11 3850//11
f 3860//11 3861//11 3671//11
f 3862//11 2334//11 3863//11
f 2334//11 3864//11 3863//11
f 3862//11 3865//11 2334//11
f 3865//11 3866//11 2334//11
f 2334//11 3866//11 3867//11
f 3868//11 3588//11 3869//11
f 3588//11 3586//11 3869//11
f 3869//11 3586//11 3870//11
f 3867//11 3871//11 2334//11
f 3871//1101 3872//1101 2334//1101
f 2334//11 3872//11 3798//11
f 3872//11 3873//11 3798//11
f 3798//396 3873//396 3874//396
f 3874//11 3875//11 3798//11
f 3875//394 3876//394 3798//394
f 3798//11 3876//11 3877//11
f 3870//11 3586//11 3878//11
f 3586//11 3584//11 3878//11
f 3878//396 3584//396 3879//396
f 3590//11 3880//11 3671//11
f 3880//11 3881//11 3671//11
f 3671//11 3881//11 3860//11
f 3861//11 3882//11 3671//11
f 3882//11 3883//11 3671//11
f 3671//11 3883//11 2334//11
f 3883//11 3884//11 2334//11
f 2334//11 3884//11 3864//11
f 3578//11 3798//11 3580//11
f 3798//11 3877//11 3580//11
f 3580//11 3877//11 3582//11
f 3877//396 3885//396 3582//396
f 3582//11 3885//11 3584//11
f 3885//11 3886//11 3584//11
f 3584//11 3886//11 3879//11
f 3868//11 3887//11 3588//11
f 3887//11 3888//11 3588//11
f 3588//11 3888//11 3590//11
f 3888//11 3889//11 3590//11
f 3590//11 3889//11 3880//11
f 3890//11 3891//11 2180//11
f 3892//394 3893//394 3801//394
f 3894//11 2180//11 3895//11
f 2180//11 3896//11 3895//11
f 3891//11 3897//11 2180//11
f 3897//11 3898//11 2180//11
f 2180//11 3898//11 3896//11
f 3817//11 3542//11 3899//11
f 3542//11 3544//11 3899//11
f 3899//394 3544//394 3809//394
f 3544//11 3546//11 3809//11
f 3809//11 3546//11 3801//11
f 3546//11 3548//11 3801//11
f 3801//11 3548//11 3550//11
f 3894//11 3900//11 2180//11
f 3900//11 3901//11 2180//11
f 2180//11 3901//11 3671//11
f 3901//11 3902//11 3671//11
f 3671//11 3902//11 3903//11
f 3595//11 3594//11 3671//11
f 3594//11 3592//11 3671//11
f 3671//11 3592//11 3590//11
f 3552//11 3904//11 3550//11
f 3904//11 3905//11 3550//11
f 3550//11 3905//11 3801//11
f 3905//11 3906//11 3801//11
f 3801//11 3906//11 3892//11
f 3893//11 3907//11 3801//11
f 3907//11 3908//11 3801//11
f 3801//11 3908//11 2180//11
f 3908//1100 3909//1100 2180//1100
f 2180//396 3909//396 3890//396
f 3903//11 3910//11 3671//11
f 3910//11 3911//11 3671//11
f 3671//11 3911//11 3912//11
f 3554//11 3913//11 3552//11
f 3913//396 3914//396 3552//396
f 3552//394 3914//394 3904//394
f 3915//11 3556//11 3916//11
f 3556//11 3558//11 3916//11
f 3915//11 3917//11 3556//11
f 3917//11 3918//11 3556//11
f 3556//11 3918//11 3554//11
f 3918//11 3919//11 3554//11
f 3554//11 3919//11 3913//11
f 3595//11 3671//11 3560//11
f 3671//11 3912//11 3560//11
f 3560//11 3912//11 3558//11
f 3912//11 3920//11 3558//11
f 3558//11 3920//11 3916//11
f 3797//21 3921//21 3922//21
f 3922//21 3923//21 3797//21
f 3923//21 3924//21 3797//21
f 3797//21 3924//21 3925//21
f 3925//21 3926//21 3797//21
f 3926//21 3927//21 3797//21
f 3797//21 3927//21 3928//21
f 3722//21 3721//21 3797//21
f 3929//465 3930//465 3722//465
f 3931//464 3932//464 3725//464
f 3932//465 3933//465 3725//465
f 3725//21 3933//21 3726//21
f 3933//21 3934//21 3726//21
f 3726//21 3934//21 3935//21
f 3722//1102 3930//1102 3723//1102
f 3936//21 3728//21 3727//21
f 3936//21 3937//21 3728//21
f 3937//21 3938//21 3728//21
f 3728//21 3938//21 3939//21
f 3928//21 3940//21 3797//21
f 3940//1103 3941//1103 3797//1103
f 3797//21 3941//21 3722//21
f 3941//21 3942//21 3722//21
f 3722//464 3942//464 3929//464
f 3930//21 3943//21 3723//21
f 3943//21 3944//21 3723//21
f 3723//21 3944//21 3724//21
f 3944//21 3945//21 3724//21
f 3724//21 3945//21 3725//21
f 3945//21 3946//21 3725//21
f 3725//21 3946//21 3931//21
f 3939//21 3947//21 3728//21
f 3947//21 3921//21 3728//21
f 3728//464 3921//464 3729//464
f 3921//21 3797//21 3729//21
f 3729//21 3797//21 3730//21
f 3935//21 3948//21 3726//21
f 3948//21 3949//21 3726//21
f 3726//21 3949//21 3727//21
f 3949//21 3950//21 3727//21
f 3727//21 3950//21 3936//21
f 3737//21 3736//21 3951//21
f 3736//21 3735//21 3951//21
f 3951//21 3735//21 3734//21
f 3740//21 3739//21 3951//21
f 3739//21 3738//21 3951//21
f 3951//21 3738//21 3737//21
f 3743//21 3742//21 3951//21
f 3742//21 3741//21 3951//21
f 3951//21 3741//21 3740//21
f 3746//21 3745//21 3951//21
f 3745//21 3744//21 3951//21
f 3951//21 3744//21 3743//21
f 3749//21 3748//21 3951//21
f 3748//21 3747//21 3951//21
f 3951//21 3747//21 3746//21
f 3752//21 3751//21 3951//21
f 3751//21 3750//21 3951//21
f 3951//21 3750//21 3749//21
f 3755//21 3754//21 3951//21
f 3754//21 3753//21 3951//21
f 3951//21 3753//21 3752//21
f 3758//21 3757//21 3951//21
f 3757//21 3756//21 3951//21
f 3951//21 3756//21 3755//21
f 3761//21 3760//21 3951//21
f 3760//21 3759//21 3951//21
f 3951//21 3759//21 3758//21
f 3764//21 3763//21 3951//21
f 3763//21 3762//21 3951//21
f 3951//21 3762//21 3761//21
f 3734//21 3766//21 3951//21
f 3766//21 3765//21 3951//21
f 3951//21 3765//21 3764//21
f 3699//1104 3952//1104 3953//1104
f 3699//1105 3953//1105 3700//1105
f 3953//140 3954//140 3700//140
f 3700//140 3954//140 3697//140
f 3954//114 3955//114 3697//114
f 3697//114 3955//114 3696//114
f 3955//115 3956//115 3696//115
f 3696//115 3956//115 3693//115
f 3956//71 3957//71 3693//71
f 3693//71 3957//71 3694//71
f 3957//72 3958//72 3694//72
f 3694//1106 3958//1106 3701//1106
f 3959//138 3704//138 3960//138
f 3704//78 3703//78 3960//78
f 3960//78 3703//78 3961//78
f 3703//77 3702//77 3961//77
f 3961//77 3702//77 3962//77
f 3702//75 3701//75 3962//75
f 3962//75 3701//75 3963//75
f 3701//74 3958//74 3963//74
f 3699//1107 3698//1107 3952//1107
f 3698//109 3687//109 3952//109
f 3952//109 3687//109 3964//109
f 3687//107 3686//107 3964//107
f 3964//106 3686//106 3965//106
f 3686//105 3692//105 3965//105
f 3965//105 3692//105 3966//105
f 3692//103 3691//103 3966//103
f 3966//102 3691//102 3967//102
f 3691//101 3690//101 3967//101
f 3967//101 3690//101 3968//101
f 3690//100 3689//100 3968//100
f 3968//100 3689//100 3969//100
f 3689//98 3688//98 3969//98
f 3969//99 3688//99 3970//99
f 3688//97 3685//97 3970//97
f 3970//97 3685//97 3971//97
f 3685//95 3684//95 3971//95
f 3971//95 3684//95 3972//95
f 3684//94 3683//94 3972//94
f 3972//94 3683//94 3973//94
f 3683//93 3677//93 3973//93
f 3973//93 3677//93 3974//93
f 3677//135 3676//135 3974//135
f 3974//135 3676//135 3975//135
f 3676//91 3679//91 3975//91
f 3975//91 3679//91 3976//91
f 3679//90 3682//90 3976//90
f 3976//90 3682//90 3977//90
f 3682//89 3681//89 3977//89
f 3977//89 3681//89 3978//89
f 3681//87 3680//87 3978//87
f 3978//87 3680//87 3979//87
f 3680//85 3674//85 3979//85
f 3979//85 3674//85 3980//85
f 3674//137 3673//137 3980//137
f 3980//83 3673//83 3981//83
f 3673//1108 3706//1108 3981//1108
f 3981//1109 3706//1109 3959//1109
f 3706//1110 3705//1110 3959//1110
f 3959//139 3705//139 3704//139
f 3635//11 3637//11 3639//11
f 3628//11 3627//11 3664//11
f 3627//11 3629//11 3664//11
f 3664//11 3629//11 3639//11
f 3629//11 3633//11 3639//11
f 3639//396 3633//396 3635//396
f 3982//21 3983//21 3984//21
f 3983//21 3985//21 3984//21
f 3984//21 3985//21 3986//21
f 3987//21 3988//21 3708//21
f 3988//21 3989//21 3708//21
f 3708//21 3989//21 3990//21
f 3989//21 3991//21 3990//21
f 3991//21 3992//21 3990//21
f 3992//21 3993//21 3990//21
f 3990//21 3993//21 3994//21
f 3731//21 3730//21 3984//21
f 3986//21 3995//21 3984//21
f 3995//21 3996//21 3984//21
f 3984//21 3996//21 3997//21
f 3998//21 3731//21 3999//21
f 3731//21 4000//21 3999//21
f 3994//21 4001//21 3990//21
f 4001//464 4002//464 3990//464
f 3990//21 4002//21 3984//21
f 4002//21 4003//21 3984//21
f 3984//1103 4003//1103 3982//1103
f 3997//21 4004//21 3984//21
f 4004//21 4005//21 3984//21
f 3984//21 4005//21 3731//21
f 4005//21 4006//21 3731//21
f 3731//21 4006//21 4000//21
f 4007//21 3707//21 4008//21
f 3707//21 3733//21 4008//21
f 4008//21 3733//21 4009//21
f 3733//21 4010//21 4009//21
f 4007//21 4011//21 3707//21
f 4011//21 4012//21 3707//21
f 3707//21 4012//21 3708//21
f 4012//464 4013//464 3708//464
f 3708//21 4013//21 3987//21
f 4010//21 3733//21 3998//21
f 3733//21 3732//21 3998//21
f 3998//21 3732//21 3731//21
f 3984//20 2182//20 3990//20
f 2182//20 3801//20 3990//20
f 3801//20 2180//20 3668//20
f 2180//20 3669//20 3668//20
f 3621//20 3990//20 3622//20
f 3990//20 3801//20 3622//20
f 3622//20 3801//20 3666//20
f 3801//20 3668//20 3666//20
f 3920//1111 3793//1111 3916//1111
f 3793//1111 3792//1111 3916//1111
f 3916//1112 3792//1112 3915//1112
f 3792//1112 3791//1112 3915//1112
f 3915//1113 3791//1113 3917//1113
f 3791//1113 3790//1113 3917//1113
f 3917//1114 3790//1114 3918//1114
f 3790//1115 3787//1115 3918//1115
f 3918//1116 3787//1116 3919//1116
f 3787//1116 3788//1116 3919//1116
f 3919//1117 3788//1117 3913//1117
f 3788//1117 3789//1117 3913//1117
f 3913//1118 3789//1118 3914//1118
f 3789//1118 3780//1118 3914//1118
f 3914//1119 3780//1119 3904//1119
f 3780//1119 3779//1119 3904//1119
f 3904//1120 3779//1120 3905//1120
f 3779//1120 3778//1120 3905//1120
f 3905//1121 3778//1121 3906//1121
f 3778//1121 3777//1121 3906//1121
f 3906//1122 3777//1122 3892//1122
f 3777//1122 3773//1122 3892//1122
f 3892//1123 3773//1123 3893//1123
f 3773//1123 3772//1123 3893//1123
f 3893//1124 3772//1124 3907//1124
f 3772//1124 3771//1124 3907//1124
f 3907//1125 3771//1125 3908//1125
f 3771//1125 3786//1125 3908//1125
f 3908//456 3786//456 3909//456
f 3786//456 3785//456 3909//456
f 3909//418 3785//418 3890//418
f 3785//418 3784//418 3890//418
f 3890//1126 3784//1126 3891//1126
f 3784//1126 3776//1126 3891//1126
f 3891//1127 3776//1127 3897//1127
f 3776//1127 3775//1127 3897//1127
f 3897//1128 3775//1128 3898//1128
f 3775//1128 3774//1128 3898//1128
f 3898//1129 3774//1129 3896//1129
f 3774//1129 3768//1129 3896//1129
f 3896//1130 3768//1130 3895//1130
f 3768//1130 3767//1130 3895//1130
f 3895//1131 3767//1131 3894//1131
f 3767//1131 3783//1131 3894//1131
f 3894//1132 3783//1132 3900//1132
f 3783//1132 3782//1132 3900//1132
f 3900//1133 3782//1133 3901//1133
f 3782//1133 3781//1133 3901//1133
f 3901//1134 3781//1134 3902//1134
f 3781//1134 3770//1134 3902//1134
f 3902//1135 3770//1135 3903//1135
f 3770//1135 3769//1135 3903//1135
f 3903//1136 3769//1136 3910//1136
f 3769//1137 3796//1137 3910//1137
f 3910//1138 3796//1138 3911//1138
f 3796//1138 3795//1138 3911//1138
f 3911//1139 3795//1139 3912//1139
f 3795//1139 3794//1139 3912//1139
f 3912//1140 3794//1140 3920//1140
f 3794//1140 3793//1140 3920//1140
f 3843//1111 3940//1111 3844//1111
f 3940//1111 3928//1111 3844//1111
f 3844//1112 3928//1112 3845//1112
f 3928//1112 3927//1112 3845//1112
f 3845//1113 3927//1113 3846//1113
f 3927//1113 3926//1113 3846//1113
f 3846//1114 3926//1114 3847//1114
f 3926//1114 3925//1114 3847//1114
f 3847//1116 3925//1116 3848//1116
f 3925//1116 3924//1116 3848//1116
f 3848//1117 3924//1117 3849//1117
f 3924//1117 3923//1117 3849//1117
f 3849//1118 3923//1118 3832//1118
f 3923//1118 3922//1118 3832//1118
f 3832//1119 3922//1119 3833//1119
f 3922//1119 3921//1119 3833//1119
f 3833//1120 3921//1120 3840//1120
f 3921//1120 3947//1120 3840//1120
f 3840//1121 3947//1121 3834//1121
f 3947//1121 3939//1121 3834//1121
f 3834//1122 3939//1122 3835//1122
f 3939//1122 3938//1122 3835//1122
f 3835//1123 3938//1123 3856//1123
f 3938//1123 3937//1123 3856//1123
f 3856//1124 3937//1124 3857//1124
f 3937//1124 3936//1124 3857//1124
f 3857//1125 3936//1125 3858//1125
f 3936//1125 3950//1125 3858//1125
f 3858//456 3950//456 3859//456
f 3950//456 3949//456 3859//456
f 3859//418 3949//418 3850//418
f 3949//418 3948//418 3850//418
f 3850//1141 3948//1141 3851//1141
f 3948//1141 3935//1141 3851//1141
f 3851//1127 3935//1127 3852//1127
f 3935//1127 3934//1127 3852//1127
f 3852//1128 3934//1128 3853//1128
f 3934//1128 3933//1128 3853//1128
f 3853//426 3933//426 3854//426
f 3933//1129 3932//1129 3854//1129
f 3854//1142 3932//1142 3830//1142
f 3932//1142 3931//1142 3830//1142
f 3830//1131 3931//1131 3831//1131
f 3931//1131 3946//1131 3831//1131
f 3831//1132 3946//1132 3855//1132
f 3946//1132 3945//1132 3855//1132
f 3855//1143 3945//1143 3836//1143
f 3945//1143 3944//1143 3836//1143
f 3836//1134 3944//1134 3837//1134
f 3944//1134 3943//1134 3837//1134
f 3837//1135 3943//1135 3838//1135
f 3943//1135 3930//1135 3838//1135
f 3838//1137 3930//1137 3839//1137
f 3930//1137 3929//1137 3839//1137
f 3839//1138 3929//1138 3841//1138
f 3929//1138 3942//1138 3841//1138
f 3841//1139 3942//1139 3842//1139
f 3942//1139 3941//1139 3842//1139
f 3842//1140 3941//1140 3843//1140
f 3941//1140 3940//1140 3843//1140
f 2182//1 3984//1 3821//1
f 3984//1 3730//1 3821//1
f 3821//1 3730//1 2332//1
f 3730//1 3797//1 2332//1
f 3871//1111 4014//1111 3872//1111
f 4014//1111 4015//1111 3872//1111
f 3872//1112 4015//1112 3873//1112
f 4015//1112 4016//1112 3873//1112
f 3873//1113 4016//1113 3874//1113
f 4016//1113 4017//1113 3874//1113
f 3874//1114 4017//1114 3875//1114
f 4017//1114 4018//1114 3875//1114
f 3875//1116 4018//1116 3876//1116
f 4018//1116 4019//1116 3876//1116
f 3876//1117 4019//1117 3877//1117
f 4019//1117 4020//1117 3877//1117
f 3877//1118 4020//1118 3885//1118
f 4020//1118 4021//1118 3885//1118
f 3885//1119 4021//1119 3886//1119
f 4021//1119 4022//1119 3886//1119
f 3886//1120 4022//1120 3879//1120
f 4022//1120 4023//1120 3879//1120
f 3879//1121 4023//1121 3878//1121
f 4023//1121 4024//1121 3878//1121
f 3878//1122 4024//1122 3870//1122
f 4024//1122 4025//1122 3870//1122
f 3870//1123 4025//1123 3869//1123
f 4025//1123 4026//1123 3869//1123
f 3869//1124 4026//1124 3868//1124
f 4026//1124 4027//1124 3868//1124
f 3868//1144 4027//1144 3887//1144
f 4027//1144 4028//1144 3887//1144
f 3887//456 4028//456 3888//456
f 4028//456 4029//456 3888//456
f 3888//418 4029//418 3889//418
f 4029//418 4030//418 3889//418
f 3889//1141 4030//1141 3880//1141
f 4030//1141 4031//1141 3880//1141
f 3880//1127 4031//1127 3881//1127
f 4031//1127 4032//1127 3881//1127
f 3881//1128 4032//1128 3860//1128
f 4032//1128 4033//1128 3860//1128
f 3860//1129 4033//1129 3861//1129
f 4033//1129 4034//1129 3861//1129
f 3861//1130 4034//1130 3882//1130
f 4034//1130 4035//1130 3882//1130
f 3882//1131 4035//1131 3883//1131
f 4035//1131 4036//1131 3883//1131
f 3883//1132 4036//1132 3884//1132
f 4036//1132 4037//1132 3884//1132
f 3884//1133 4037//1133 3864//1133
f 4037//1133 4038//1133 3864//1133
f 3864//1134 4038//1134 3863//1134
f 4038//1134 4039//1134 3863//1134
f 3863//1135 4039//1135 3862//1135
f 4039//1135 4040//1135 3862//1135
f 3862//1137 4040//1137 3865//1137
f 4040//1137 4041//1137 3865//1137
f 3865//1138 4041//1138 3866//1138
f 4041//1138 4042//1138 3866//1138
f 3866//1139 4042//1139 3867//1139
f 4042//1139 4043//1139 3867//1139
f 3867//1140 4043//1140 3871//1140
f 4043//1140 4014//1140 3871//1140
f 3828//1111 4009//1111 3829//1111
f 4009//1111 4010//1111 3829//1111
f 3829//1112 4010//1112 3823//1112
f 4010//1112 3998//1112 3823//1112
f 3823//1113 3998//1113 3822//1113
f 3998//1113 3999//1113 3822//1113
f 3822//1114 3999//1114 3820//1114
f 3999//1115 4000//1115 3820//1115
f 3820//1116 4000//1116 3824//1116
f 4000//1116 4006//1116 3824//1116
f 3824//1117 4006//1117 3825//1117
f 4006//1117 4005//1117 3825//1117
f 3825//1118 4005//1118 3826//1118
f 4005//1118 4004//1118 3826//1118
f 3826//1119 4004//1119 3802//1119
f 4004//1119 3997//1119 3802//1119
f 3802//1120 3997//1120 3803//1120
f 3997//1120 3996//1120 3803//1120
f 3803//1121 3996//1121 3810//1121
f 3996//1121 3995//1121 3810//1121
f 3810//1122 3995//1122 3811//1122
f 3995//1122 3986//1122 3811//1122
f 3811//1123 3986//1123 3804//1123
f 3986//1123 3985//1123 3804//1123
f 3804//1124 3985//1124 3805//1124
f 3985//1124 3983//1124 3805//1124
f 3805//1125 3983//1125 3806//1125
f 3983//1125 3982//1125 3806//1125
f 3806//456 3982//456 3812//456
f 3982//456 4003//456 3812//456
f 3812//418 4003//418 3813//418
f 4003//418 4002//418 3813//418
f 3813//1126 4002//1126 3814//1126
f 4002//1126 4001//1126 3814//1126
f 3814//1127 4001//1127 3799//1127
f 4001//1127 3994//1127 3799//1127
f 3799//1128 3994//1128 3800//1128
f 3994//1128 3993//1128 3800//1128
f 3800//426 3993//426 3807//426
f 3993//1129 3992//1129 3807//1129
f 3807//1142 3992//1142 3808//1142
f 3992//1142 3991//1142 3808//1142
f 3808//1131 3991//1131 3809//1131
f 3991//1131 3989//1131 3809//1131
f 3809//1132 3989//1132 3899//1132
f 3989//1132 3988//1132 3899//1132
f 3899//1143 3988//1143 3817//1143
f 3988//1133 3987//1133 3817//1133
f 3817//1134 3987//1134 3816//1134
f 3987//1134 4013//1134 3816//1134
f 3816//1135 4013//1135 3815//1135
f 4013//1135 4012//1135 3815//1135
f 3815//1136 4012//1136 3818//1136
f 4012//1137 4011//1137 3818//1137
f 3818//1138 4011//1138 3819//1138
f 4011//1138 4007//1138 3819//1138
f 3819//1139 4007//1139 3827//1139
f 4007//1139 4008//1139 3827//1139
f 3827//1140 4008//1140 3828//1140
f 4008//1140 4009//1140 3828//1140
f 3675//21 3670//21 3672//21
f 3695//21 4034//21 4033//21
f 4020//21 3719//21 3718//21
f 3675//21 3672//21 3695//21
f 4024//464 4023//464 3717//464
f 4023//21 4022//21 3717//21
f 3717//21 4022//21 3718//21
f 4022//465 4021//465 3718//465
f 3718//21 4021//21 4020//21
f 4017//21 3720//21 4018//21
f 3720//1102 3719//1102 4018//1102
f 4018//21 3719//21 4019//21
f 3719//21 4020//21 4019//21
f 3672//464 3721//464 3720//464
f 4043//21 4042//21 3672//21
f 4042//21 4041//21 3672//21
f 4041//21 4040//21 3672//21
f 4040//21 4039//21 3672//21
f 3672//21 4039//21 4038//21
f 4028//21 4027//21 3716//21
f 4027//21 4026//21 3716//21
f 3716//21 4026//21 3717//21
f 4026//21 4025//21 3717//21
f 3717//21 4025//21 4024//21
f 4017//21 4016//21 3720//21
f 4016//21 4015//21 3720//21
f 3720//21 4015//21 3672//21
f 4015//1103 4014//1103 3672//1103
f 3672//21 4014//21 4043//21
f 4038//21 4037//21 3672//21
f 4037//21 4036//21 3672//21
f 3672//21 4036//21 3695//21
f 4036//21 4035//21 3695//21
f 3695//21 4035//21 4034//21
f 4033//21 4032//21 3695//21
f 4032//21 4031//21 3695//21
f 3695//21 4031//21 3715//21
f 4031//21 4030//21 3715//21
f 3715//21 4030//21 3716//21
f 4030//21 4029//21 3716//21
f 3716//21 4029//21 4028//21
f 3711//21 3622//21 3666//21
f 3665//21 3709//21 3666//21
f 3709//21 3710//21 3666//21
f 3666//21 3710//21 3711//21
f 3962//2 3963//2 4044//2
f 3963//2 3958//2 4044//2
f 4044//2 3958//2 3957//2
f 3959//2 3960//2 4044//2
f 3960//2 3961//2 4044//2
f 4044//2 3961//2 3962//2
f 3979//2 3980//2 4044//2
f 3980//2 3981//2 4044//2
f 4044//2 3981//2 3959//2
f 3976//2 3977//2 4044//2
f 3977//2 3978//2 4044//2
f 4044//2 3978//2 3979//2
f 3973//2 3974//2 4044//2
f 3974//2 3975//2 4044//2
f 4044//2 3975//2 3976//2
f 3970//2 3971//2 4044//2
f 3971//2 3972//2 4044//2
f 4044//2 3972//2 3973//2
f 3967//2 3968//2 4044//2
f 3968//2 3969//2 4044//2
f 4044//2 3969//2 3970//2
f 3964//2 3965//2 4044//2
f 3965//2 3966//2 4044//2
f 4044//2 3966//2 3967//2
f 3954//2 3953//2 4044//2
f 3953//2 3952//2 4044//2
f 4044//2 3952//2 3964//2
f 3957//2 3956//2 4044//2
f 3956//2 3955//2 4044//2
f 4044//2 3955//2 3954//2
f 3627//20 3628//20 3611//20
f 3628//20 3612//20 3611//20
f 3990//1 3621//1 3708//1
f 3621//1 3626//1 3708//1
f 4045//1145 4046//1145 4047//1145
f 4047//1146 4048//1146 4049//1146
f 4049//1147 4050//1147 4045//1147
f 4045//1148 4047//1148 4049//1148
f 4051//1149 4052//1149 4053//1149
f 4053//1150 4054//1150 4055//1150
f 4055//1151 4056//1151 4051//1151
f 4051//1152 4053//1152 4055//1152
f 4054//1 4053//1 4048//1
f 4048//1 4047//1 4054//1
f 4053//1153 4052//1153 4049//1153
f 4049//1154 4048//1154 4053//1154
f 4052//1155 4051//1155 4050//1155
f 4050//1156 4049//1156 4052//1156
f 4051//2 4056//2 4045//2
f 4045//2 4050//2 4051//2
f 4056//1157 4055//1157 4046//1157
f 4046//1158 4045//1158 4056//1158
f 4055//1159 4054//1159 4047//1159
f 4047//1160 4046//1160 4055//1160
f 4057//1161 4058//1161 4059//1161
f 4059//1162 4060//1162 4061//1162
f 4061//1163 4062//1163 4057//1163
f 4057//1152 4059//1152 4061//1152
f 4063//1164 4064//1164 4065//1164
f 4065//1165 4066//1165 4067//1165
f 4067//1166 4068//1166 4063//1166
f 4063//1148 4065//1148 4067//1148
f 4066//1 4065//1 4060//1
f 4060//1 4059//1 4066//1
f 4065//1159 4064//1159 4061//1159
f 4061//1160 4060//1160 4065//1160
f 4064//1157 4063//1157 4062//1157
f 4062//1167 4061//1167 4064//1167
f 4063//2 4068//2 4057//2
f 4057//2 4062//2 4063//2
f 4068//1168 4067//1168 4058//1168
f 4058//1169 4057//1169 4068//1169
f 4067//1170 4066//1170 4059//1170
f 4059//1154 4058//1154 4067//1154
f 4069//1171 4070//1171 4071//1171
f 4071//1146 4072//1146 4073//1146
f 4073//1147 4074//1147 4069//1147
f 4069//1148 4071//1148 4073//1148
f 4075//1149 4076//1149 4077//1149
f 4077//1150 4078//1150 4079//1150
f 4079//1151 4080//1151 4075//1151
f 4075//1152 4077//1152 4079//1152
f 4078//1 4077//1 4072//1
f 4072//1 4071//1 4078//1
f 4077//1153 4076//1153 4073//1153
f 4073//1154 4072//1154 4077//1154
f 4076//1155 4075//1155 4074//1155
f 4074//1156 4073//1156 4076//1156
f 4075//2 4080//2 4069//2
f 4069//2 4074//2 4075//2
f 4080//1157 4079//1157 4070//1157
f 4070//1158 4069//1158 4080//1158
f 4079//1159 4078//1159 4071//1159
f 4071//1160 4070//1160 4079//1160
f 4081//1161 4082//1161 4083//1161
f 4083//1162 4084//1162 4085//1162
f 4085//1163 4086//1163 4081//1163
f 4081//1152 4083//1152 4085//1152
f 4087//1164 4088//1164 4089//1164
f 4089//1165 4090//1165 4091//1165
f 4091//1166 4092//1166 4087//1166
f 4087//1148 4089//1148 4091//1148
f 4090//1 4089//1 4084//1
f 4084//1 4083//1 4090//1
f 4089//1159 4088//1159 4085//1159
f 4085//1160 4084//1160 4089//1160
f 4088//1157 4087//1157 4086//1157
f 4086//1167 4085//1167 4088//1167
f 4087//2 4092//2 4081//2
f 4081//2 4086//2 4087//2
f 4092//1168 4091//1168 4082//1168
f 4082//1169 4081//1169 4092//1169
f 4091//1170 4090//1170 4083//1170
f 4083//1154 4082//1154 4091//1154
f 4093//604 4094//604 4095//604
f 4095//1172 4096//1172 4097//1172
f 4097//1173 4098//1173 4093//1173
f 4093//1174 4095//1174 4097//1174
f 4099//1175 4100//1175 4101//1175
f 4101//1176 4102//1176 4103//1176
f 4103//1177 4104//1177 4099//1177
f 4099//1178 4101//1178 4103//1178
f 4102//1 4101//1 4096//1
f 4096//1 4095//1 4102//1
f 4101//1179 4100//1179 4097//1179
f 4097//1179 4096//1179 4101//1179
f 4100//1180 4099//1180 4098//1180
f 4098//1180 4097//1180 4100//1180
f 4099//2 4104//2 4093//2
f 4093//2 4098//2 4099//2
f 4104//1181 4103//1181 4094//1181
f 4094//1182 4093//1182 4104//1182
f 4103//1183 4102//1183 4095//1183
f 4095//1184 4094//1184 4103//1184
f 4105//548 4106//548 4107//548
f 4107//1176 4108//1176 4109//1176
f 4109//1177 4110//1177 4105//1177
f 4105//1178 4107//1178 4109//1178
f 4111//604 4112//604 4113//604
f 4113//1185 4114//1185 4115//1185
f 4115//1186 4116//1186 4111//1186
f 4111//1187 4113//1187 4115//1187
f 4114//1 4113//1 4108//1
f 4108//1 4107//1 4114//1
f 4113//1184 4112//1184 4109//1184
f 4109//1183 4108//1183 4113//1183
f 4112//1182 4111//1182 4110//1182
f 4110//1181 4109//1181 4112//1181
f 4111//2 4116//2 4105//2
f 4105//2 4110//2 4111//2
f 4116//1188 4115//1188 4106//1188
f 4106//1188 4105//1188 4116//1188
f 4115//1189 4114//1189 4107//1189
f 4107//1189 4106//1189 4115//1189
f 4117//604 4118//604 4119//604
f 4119//1190 4120//1190 4121//1190
f 4121//1173 4122//1173 4117//1173
f 4117//1174 4119//1174 4121//1174
f 4123//1175 4124//1175 4125//1175
f 4125//1176 4126//1176 4127//1176
f 4127//1177 4128//1177 4123//1177
f 4123//1178 4125//1178 4127//1178
f 4126//1 4125//1 4120//1
f 4120//1 4119//1 4126//1
f 4125//1179 4124//1179 4121//1179
f 4121//1179 4120//1179 4125//1179
f 4124//1180 4123//1180 4122//1180
f 4122//1180 4121//1180 4124//1180
f 4123//2 4128//2 4117//2
f 4117//2 4122//2 4123//2
f 4128//1181 4127//1181 4118//1181
f 4118//1182 4117//1182 4128//1182
f 4127//1183 4126//1183 4119//1183
f 4119//1184 4118//1184 4127//1184
f 4129//548 4130//548 4131//548
f 4131//1176 4132//1176 4133//1176
f 4133//1177 4134//1177 4129//1177
f 4129//1178 4131//1178 4133//1178
f 4135//604 4136//604 4137//604
f 4137//1185 4138//1185 4139//1185
f 4139//1186 4140//1186 4135//1186
f 4135//1187 4137//1187 4139//1187
f 4138//1 4137//1 4132//1
f 4132//1 4131//1 4138//1
f 4137//1184 4136//1184 4133//1184
f 4133//1183 4132//1183 4137//1183
f 4136//1182 4135//1182 4134//1182
f 4134//1181 4133//1181 4136//1181
f 4135//2 4140//2 4129//2
f 4129//2 4134//2 4135//2
f 4140//1188 4139//1188 4130//1188
f 4130//1188 4129//1188 4140//1188
f 4139//1189 4138//1189 4131//1189
f 4131//1189 4130//1189 4139//1189
f 4141//1191 4142//1191 4143//1191
f 4143//1192 4144//1192 4145//1192
f 4145//1193 4146//1193 4141//1193
f 4141//1194 4143//1194 4145//1194
f 4147//1195 4148//1195 4149//1195
f 4149//1196 4150//1196 4151//1196
f 4151//1197 4152//1197 4147//1197
f 4147//1198 4149//1198 4151//1198
f 4150//1 4149//1 4144//1
f 4144//1 4143//1 4150//1
f 4149//1199 4148//1199 4145//1199
f 4145//1200 4144//1200 4149//1200
f 4148//1201 4147//1201 4146//1201
f 4146//1202 4145//1202 4148//1202
f 4147//2 4152//2 4141//2
f 4141//2 4146//2 4147//2
f 4152//1203 4151//1203 4142//1203
f 4142//1203 4141//1203 4152//1203
f 4151//1204 4150//1204 4143//1204
f 4143//1204 4142//1204 4151//1204
f 4153//1195 4154//1195 4155//1195
f 4155//1205 4156//1205 4157//1205
f 4157//1206 4158//1206 4153//1206
f 4153//1207 4155//1207 4157//1207
f 4159//876 4160//876 4161//876
f 4161//1192 4162//1192 4163//1192
f 4163//1193 4164//1193 4159//1193
f 4159//1194 4161//1194 4163//1194
f 4162//1 4161//1 4156//1
f 4156//1 4155//1 4162//1
f 4161//1208 4160//1208 4157//1208
f 4157//1209 4156//1209 4161//1209
f 4160//1210 4159//1210 4158//1210
f 4158//1211 4157//1211 4160//1211
f 4159//2 4164//2 4153//2
f 4153//2 4158//2 4159//2
f 4164//1202 4163//1202 4154//1202
f 4154//1201 4153//1201 4164//1201
f 4163//1212 4162//1212 4155//1212
f 4155//1199 4154//1199 4163//1199
f 4165//1191 4166//1191 4167//1191
f 4167//1192 4168//1192 4169//1192
f 4169//1193 4170//1193 4165//1193
f 4165//1194 4167//1194 4169//1194
f 4171//1195 4172//1195 4173//1195
f 4173//1196 4174//1196 4175//1196
f 4175//1197 4176//1197 4171//1197
f 4171//1198 4173//1198 4175//1198
f 4174//1 4173//1 4168//1
f 4168//1 4167//1 4174//1
f 4173//1199 4172//1199 4169//1199
f 4169//1200 4168//1200 4173//1200
f 4172//1201 4171//1201 4170//1201
f 4170//1202 4169//1202 4172//1202
f 4171//2 4176//2 4165//2
f 4165//2 4170//2 4171//2
f 4176//1203 4175//1203 4166//1203
f 4166//1203 4165//1203 4176//1203
f 4175//1204 4174//1204 4167//1204
f 4167//1204 4166//1204 4175//1204
f 4177//1213 4178//1213 4179//1213
f 4179//1205 4180//1205 4181//1205
f 4181//1206 4182//1206 4177//1206
f 4177//1207 4179//1207 4181//1207
f 4183//876 4184//876 4185//876
f 4185//1192 4186//1192 4187//1192
f 4187//1193 4188//1193 4183//1193
f 4183//1194 4185//1194 4187//1194
f 4186//1 4185//1 4180//1
f 4180//1 4179//1 4186//1
f 4185//1208 4184//1208 4181//1208
f 4181//1209 4180//1209 4185//1209
f 4184//1210 4183//1210 4182//1210
f 4182//1211 4181//1211 4184//1211
f 4183//2 4188//2 4177//2
f 4177//2 4182//2 4183//2
f 4188//1202 4187//1202 4178//1202
f 4178//1201 4177//1201 4188//1201
f 4187//1212 4186//1212 4179//1212
f 4179//1199 4178//1199 4187//1199
f 4189//1214 4190//1214 4191//1214
f 4191//1215 4192//1215 4193//1215
f 4193//1216 4194//1216 4189//1216
f 4189//1217 4191//1217 4193//1217
f 4195//1218 4196//1218 4197//1218
f 4197//1219 4198//1219 4199//1219
f 4199//1220 4200//1220 4195//1220
f 4195//1221 4197//1221 4199//1221
f 4198//1 4197//1 4192//1
f 4192//1 4191//1 4198//1
f 4197//1222 4196//1222 4193//1222
f 4193//1223 4192//1223 4197//1223
f 4196//1224 4195//1224 4194//1224
f 4194//1225 4193//1225 4196//1225
f 4195//2 4200//2 4189//2
f 4189//2 4194//2 4195//2
f 4200//1226 4199//1226 4190//1226
f 4190//1227 4189//1227 4200//1227
f 4199//1228 4198//1228 4191//1228
f 4191//1229 4190//1229 4199//1229
f 4201//1230 4202//1230 4203//1230
f 4203//1231 4204//1231 4205//1231
f 4205//1232 4206//1232 4201//1232
f 4201//1233 4203//1233 4205//1233
f 4207//1234 4208//1234 4209//1234
f 4209//1235 4210//1235 4211//1235
f 4211//1236 4212//1236 4207//1236
f 4207//1217 4209//1217 4211//1217
f 4210//1 4209//1 4204//1
f 4204//1 4203//1 4210//1
f 4209//1237 4208//1237 4205//1237
f 4205//1238 4204//1238 4209//1238
f 4208//1239 4207//1239 4206//1239
f 4206//1227 4205//1227 4208//1227
f 4207//2 4212//2 4201//2
f 4201//2 4206//2 4207//2
f 4212//1224 4211//1224 4202//1224
f 4202//1225 4201//1225 4212//1225
f 4211//1240 4210//1240 4203//1240
f 4203//1241 4202//1241 4211//1241
f 4213//1214 4214//1214 4215//1214
f 4215//1215 4216//1215 4217//1215
f 4217//1216 4218//1216 4213//1216
f 4213//1217 4215//1217 4217//1217
f 4219//1218 4220//1218 4221//1218
f 4221//1219 4222//1219 4223//1219
f 4223//1220 4224//1220 4219//1220
f 4219//1221 4221//1221 4223//1221
f 4222//1 4221//1 4216//1
f 4216//1 4215//1 4222//1
f 4221//1222 4220//1222 4217//1222
f 4217//1223 4216//1223 4221//1223
f 4220//1224 4219//1224 4218//1224
f 4218//1225 4217//1225 4220//1225
f 4219//2 4224//2 4213//2
f 4213//2 4218//2 4219//2
f 4224//1226 4223//1226 4214//1226
f 4214//1227 4213//1227 4224//1227
f 4223//1228 4222//1228 4215//1228
f 4215//1229 4214//1229 4223//1229
f 4225//1230 4226//1230 4227//1230
f 4227//1231 4228//1231 4229//1231
f 4229//1232 4230//1232 4225//1232
f 4225//1233 4227//1233 4229//1233
f 4231//1234 4232//1234 4233//1234
f 4233//1235 4234//1235 4235//1235
f 4235//1236 4236//1236 4231//1236
f 4231//1217 4233//1217 4235//1217
f 4234//1 4233//1 4228//1
f 4228//1 4227//1 4234//1
f 4233//1237 4232//1237 4229//1237
f 4229//1238 4228//1238 4233//1238
f 4232//1239 4231//1239 4230//1239
f 4230//1227 4229//1227 4232//1227
f 4231//2 4236//2 4225//2
f 4225//2 4230//2 4231//2
f 4236//1224 4235//1224 4226//1224
f 4226//1225 4225//1225 4236//1225
f 4235//1240 4234//1240 4227//1240
f 4227//1241 4226//1241 4235//1241
f 4237//1242 4238//1242 4239//1242
f 4239//1243 4240//1243 4241//1243
f 4241//1244 4242//1244 4237//1244
f 4237//531 4239//531 4241//531
f 4243//1245 4244//1245 4245//1245
f 4245//1246 4246//1246 4247//1246
f 4247//1247 4248//1247 4243//1247
f 4243//533 4245//533 4247//533
f 4246//1 4245//1 4240//1
f 4240//1 4239//1 4246//1
f 4245//1248 4244//1248 4241//1248
f 4241//1249 4240//1249 4245//1249
f 4244//1250 4243//1250 4242//1250
f 4242//1251 4241//1251 4244//1251
f 4243//2 4248//2 4237//2
f 4237//2 4242//2 4243//2
f 4248//1252 4247//1252 4238//1252
f 4238//1253 4237//1253 4248//1253
f 4247//1254 4246//1254 4239//1254
f 4239//1255 4238//1255 4247//1255
f 4249//1256 4250//1256 4251//1256
f 4251//1257 4252//1257 4253//1257
f 4253//1258 4254//1258 4249//1258
f 4249//533 4251//533 4253//533
f 4255//1242 4256//1242 4257//1242
f 4257//1243 4258//1243 4259//1243
f 4259//1244 4260//1244 4255//1244
f 4255//531 4257//531 4259//531
f 4258//1 4257//1 4252//1
f 4252//1 4251//1 4258//1
f 4257//1259 4256//1259 4253//1259
f 4253//1259 4252//1259 4257//1259
f 4256//1260 4255//1260 4254//1260
f 4254//1260 4253//1260 4256//1260
f 4255//2 4260//2 4249//2
f 4249//2 4254//2 4255//2
f 4260//1261 4259//1261 4250//1261
f 4250//1261 4249//1261 4260//1261
f 4259//1249 4258//1249 4251//1249
f 4251//1249 4250//1249 4259//1249
f 4261//1242 4262//1242 4263//1242
f 4263//1243 4264//1243 4265//1243
f 4265//1244 4266//1244 4261//1244
f 4261//531 4263//531 4265//531
f 4267//1245 4268//1245 4269//1245
f 4269//1246 4270//1246 4271//1246
f 4271//1247 4272//1247 4267//1247
f 4267//533 4269//533 4271//533
f 4270//1 4269//1 4264//1
f 4264//1 4263//1 4270//1
f 4269//1248 4268//1248 4265//1248
f 4265//1249 4264//1249 4269//1249
f 4268//1250 4267//1250 4266//1250
f 4266//1251 4265//1251 4268//1251
f 4267//2 4272//2 4261//2
f 4261//2 4266//2 4267//2
f 4272//1252 4271//1252 4262//1252
f 4262//1253 4261//1253 4272//1253
f 4271//1254 4270//1254 4263//1254
f 4263//1255 4262//1255 4271//1255
f 4273//1256 4274//1256 4275//1256
f 4275//1257 4276//1257 4277//1257
f 4277//1258 4278//1258 4273//1258
f 4273//533 4275//533 4277//533
f 4279//1242 4280//1242 4281//1242
f 4281//1243 4282//1243 4283//1243
f 4283//1244 4284//1244 4279//1244
f 4279//531 4281//531 4283//531
f 4282//1 4281//1 4276//1
f 4276//1 4275//1 4282//1
f 4281//1259 4280//1259 4277//1259
f 4277//1259 4276//1259 4281//1259
f 4280//1260 4279//1260 4278//1260
f 4278//1260 4277//1260 4280//1260
f 4279//2 4284//2 4273//2
f 4273//2 4278//2 4279//2
f 4284//1261 4283//1261 4274//1261
f 4274//1261 4273//1261 4284//1261
f 4283//1249 4282//1249 4275//1249
f 4275//1249 4274//1249 4283//1249
f 4285//1262 4286//1262 4287//1262
f 4287//1263 4288//1263 4289//1263
f 4289//1264 4290//1264 4285//1264
f 4285//1265 4287//1265 4289//1265
f 4291//550 4292//550 4293//550
f 4293//550 4294//550 4295//550
f 4295//550 4296//550 4291//550
f 4291//550 4293//550 4295//550
f 4294//1 4293//1 4288//1
f 4288//1 4287//1 4294//1
f 4293//1266 4292//1266 4289//1266
f 4289//1267 4288//1267 4293//1267
f 4292//1268 4291//1268 4290//1268
f 4290//1269 4289//1269 4292//1269
f 4291//2 4296//2 4285//2
f 4285//2 4290//2 4291//2
f 4296//1270 4295//1270 4286//1270
f 4286//1271 4285//1271 4296//1271
f 4295//1272 4294//1272 4287//1272
f 4287//1273 4286//1273 4295//1273
f 4297//1274 4298//1274 4299//1274
f 4299//1275 4300//1275 4301//1275
f 4301//1276 4302//1276 4297//1276
f 4297//1277 4299//1277 4301//1277
f 4303//569 4304//569 4305//569
f 4305//569 4306//569 4307//569
f 4307//569 4308//569 4303//569
f 4303//569 4305//569 4307//569
f 4306//1 4305//1 4300//1
f 4300//1 4299//1 4306//1
f 4305//1278 4304//1278 4301//1278
f 4301//1279 4300//1279 4305//1279
f 4304//1280 4303//1280 4302//1280
f 4302//1281 4301//1281 4304//1281
f 4303//2 4308//2 4297//2
f 4297//2 4302//2 4303//2
f 4308//1282 4307//1282 4298//1282
f 4298//1283 4297//1283 4308//1283
f 4307//1284 4306//1284 4299//1284
f 4299//1285 4298//1285 4307//1285
f 4309//1262 4310//1262 4311//1262
f 4311//1263 4312//1263 4313//1263
f 4313//1264 4314//1264 4309//1264
f 4309//1265 4311//1265 4313//1265
f 4315//550 4316//550 4317//550
f 4317//550 4318//550 4319//550
f 4319//550 4320//550 4315//550
f 4315//550 4317//550 4319//550
f 4318//1 4317//1 4312//1
f 4312//1 4311//1 4318//1
f 4317//1286 4316//1286 4313//1286
f 4313//1267 4312//1267 4317//1267
f 4316//1268 4315//1268 4314//1268
f 4314//1269 4313//1269 4316//1269
f 4315//2 4320//2 4309//2
f 4309//2 4314//2 4315//2
f 4320//1270 4319//1270 4310//1270
f 4310//1271 4309//1271 4320//1271
f 4319//1272 4318//1272 4311//1272
f 4311//1273 4310//1273 4319//1273
f 4321//1274 4322//1274 4323//1274
f 4323//1275 4324//1275 4325//1275
f 4325//1276 4326//1276 4321//1276
f 4321//1277 4323//1277 4325//1277
f 4327//569 4328//569 4329//569
f 4329//569 4330//569 4331//569
f 4331//569 4332//569 4327//569
f 4327//569 4329//569 4331//569
f 4330//1 4329//1 4324//1
f 4324//1 4323//1 4330//1
f 4329//1278 4328//1278 4325//1278
f 4325//1279 4324//1279 4329//1279
f 4328//1280 4327//1280 4326//1280
f 4326//1281 4325//1281 4328//1281
f 4327//2 4332//2 4321//2
f 4321//2 4326//2 4327//2
f 4332//1282 4331//1282 4322//1282
f 4322//1283 4321//1283 4332//1283
f 4331//1284 4330//1284 4323//1284
f 4323//1285 4322//1285 4331//1285
f 4333//1287 4334//1287 4335//1287
f 4335//1288 4336//1288 4337//1288
f 4337//1289 4338//1289 4333//1289
f 4333//821 4335//821 4337//821
f 4339//1290 4340//1290 4341//1290
f 4341//1291 4342//1291 4343//1291
f 4343//1292 4344//1292 4339//1292
f 4339//823 4341//823 4343//823
f 4342//1 4341//1 4336//1
f 4336//1 4335//1 4342//1
f 4341//1293 4340//1293 4337//1293
f 4337//1294 4336//1294 4341//1294
f 4340//1295 4339//1295 4338//1295
f 4338//1296 4337//1296 4340//1296
f 4339//2 4344//2 4333//2
f 4333//2 4338//2 4339//2
f 4344//1297 4343//1297 4334//1297
f 4334//1298 4333//1298 4344//1298
f 4343//1299 4342//1299 4335//1299
f 4335//1300 4334//1300 4343//1300
f 4345//1301 4346//1301 4347//1301
f 4347//1302 4348//1302 4349//1302
f 4349//1303 4350//1303 4345//1303
f 4345//823 4347//823 4349//823
f 4351//1287 4352//1287 4353//1287
f 4353//1288 4354//1288 4355//1288
f 4355//1289 4356//1289 4351//1289
f 4351//821 4353//821 4355//821
f 4354//1 4353//1 4348//1
f 4348//1 4347//1 4354//1
f 4353//1304 4352//1304 4349//1304
f 4349//1305 4348//1305 4353//1305
f 4352//1306 4351//1306 4350//1306
f 4350//1307 4349//1307 4352//1307
f 4351//2 4356//2 4345//2
f 4345//2 4350//2 4351//2
f 4356//1308 4355//1308 4346//1308
f 4346//1309 4345//1309 4356//1309
f 4355//1310 4354//1310 4347//1310
f 4347//1311 4346//1311 4355//1311
f 4357//1287 4358//1287 4359//1287
f 4359//1288 4360//1288 4361//1288
f 4361//1289 4362//1289 4357//1289
f 4357//821 4359//821 4361//821
f 4363//1290 4364//1290 4365//1290
f 4365//1291 4366//1291 4367//1291
f 4367//1292 4368//1292 4363//1292
f 4363//823 4365//823 4367//823
f 4366//1 4365//1 4360//1
f 4360//1 4359//1 4366//1
f 4365//1293 4364//1293 4361//1293
f 4361//1294 4360//1294 4365//1294
f 4364//1295 4363//1295 4362//1295
f 4362//1296 4361//1296 4364//1296
f 4363//2 4368//2 4357//2
f 4357//2 4362//2 4363//2
f 4368//1297 4367//1297 4358//1297
f 4358//1298 4357//1298 4368//1298
f 4367//1299 4366//1299 4359//1299
f 4359//1300 4358//1300 4367//1300
f 4369//1301 4370//1301 4371//1301
f 4371//1302 4372//1302 4373//1302
f 4373//1303 4374//1303 4369//1303
f 4369//823 4371//823 4373//823
f 4375//1287 4376//1287 4377//1287
f 4377//1288 4378//1288 4379//1288
f 4379//1289 4380//1289 4375//1289
f 4375//821 4377//821 4379//821
f 4378//1 4377//1 4372//1
f 4372//1 4371//1 4378//1
f 4377//1304 4376//1304 4373//1304
f 4373//1305 4372//1305 4377//1305
f 4376//1306 4375//1306 4374//1306
f 4374//1307 4373//1307 4376//1307
f 4375//2 4380//2 4369//2
f 4369//2 4374//2 4375//2
f 4380//1308 4379//1308 4370//1308
f 4370//1309 4369//1309 4380//1309
f 4379//1310 4378//1310 4371//1310
f 4371//1311 4370//1311 4379//1311
f 4381//1312 4382//1312 4383//1312
f 4382//1313 4384//1313 4383//1313
f 4385//1314 4386//1314 4387//1314
f 4386//1314 4388//1314 4387//1314
f 4387//1315 4389//1315 4385//1315
f 4381//1316 4390//1316 4382//1316
f 4390//1316 4391//1316 4382//1316
f 4388//1317 4386//1317 4392//1317
f 4393//1318 4384//1318 4382//1318
f 4388//1319 4392//1319 4394//1319
f 4392//1320 4395//1320 4394//1320
f 4394//1321 4395//1321 4396//1321
f 4395//1322 4397//1322 4396//1322
f 4396//1323 4397//1323 4398//1323
f 4397//1324 4399//1324 4398//1324
f 4398//1325 4399//1325 4400//1325
f 4399//1326 4401//1326 4400//1326
f 4400//1327 4401//1327 4402//1327
f 4401//1328 4403//1328 4402//1328
f 4402//1329 4403//1329 4404//1329
f 4403//1330 4405//1330 4404//1330
f 4404//1331 4405//1331 4406//1331
f 4405//1332 4393//1332 4406//1332
f 4406//1333 4393//1333 4407//1333
f 4393//1334 4382//1334 4407//1334
f 4407//1335 4382//1335 4391//1335
f 4407//1336 4391//1336 4390//1336
f 4407//1337 4390//1337 4406//1337
f 4390//1338 4408//1338 4406//1338
f 4406//1339 4408//1339 4404//1339
f 4408//1340 4409//1340 4404//1340
f 4404//1341 4409//1341 4402//1341
f 4409//1342 4410//1342 4402//1342
f 4402//1343 4410//1343 4400//1343
f 4410//1344 4411//1344 4400//1344
f 4400//1345 4411//1345 4398//1345
f 4389//1346 4387//1346 4412//1346
f 4387//1347 4413//1347 4412//1347
f 4411//1348 4414//1348 4398//1348
f 4414//1349 4415//1349 4398//1349
f 4398//1350 4415//1350 4396//1350
f 4415//1351 4413//1351 4396//1351
f 4396//1352 4413//1352 4394//1352
f 4413//1353 4387//1353 4394//1353
f 4394//1354 4387//1354 4388//1354
f 4416//1355 4417//1355 4418//1355
f 4417//1356 4419//1356 4418//1356
f 4420//1357 4421//1357 4422//1357
f 4421//1358 4423//1358 4422//1358
f 4422//1358 4423//1358 4424//1358
f 4422//1359 4425//1359 4420//1359
f 4416//1360 4426//1360 4417//1360
f 4426//1360 4427//1360 4417//1360
f 4424//1361 4423//1361 4428//1361
f 4424//1362 4428//1362 4429//1362
f 4428//1363 4430//1363 4429//1363
f 4429//1364 4430//1364 4431//1364
f 4430//1365 4432//1365 4431//1365
f 4431//1366 4432//1366 4433//1366
f 4434//1367 4419//1367 4417//1367
f 4432//1368 4435//1368 4433//1368
f 4435//1369 4436//1369 4433//1369
f 4433//1370 4436//1370 4437//1370
f 4436//1371 4438//1371 4437//1371
f 4437//1372 4438//1372 4439//1372
f 4438//1373 4440//1373 4439//1373
f 4439//1374 4440//1374 4441//1374
f 4440//1375 4434//1375 4441//1375
f 4441//1376 4434//1376 4442//1376
f 4434//1377 4417//1377 4442//1377
f 4442//1378 4417//1378 4427//1378
f 4442//1379 4427//1379 4426//1379
f 4442//1380 4426//1380 4441//1380
f 4426//1381 4443//1381 4441//1381
f 4443//1382 4444//1382 4441//1382
f 4441//1383 4444//1383 4439//1383
f 4444//1384 4445//1384 4439//1384
f 4446//1385 4433//1385 4445//1385
f 4433//1386 4437//1386 4445//1386
f 4445//1387 4437//1387 4439//1387
f 4446//1388 4447//1388 4433//1388
f 4447//1389 4448//1389 4433//1389
f 4433//1390 4448//1390 4431//1390
f 4448//1391 4449//1391 4431//1391
f 4431//1392 4449//1392 4429//1392
f 4429//1393 4449//1393 4424//1393
f 4449//1394 4450//1394 4424//1394
f 4424//1395 4450//1395 4422//1395
f 4450//1396 4451//1396 4422//1396
f 4422//1397 4451//1397 4425//1397
f 4452//1398 4453//1398 4454//1398
f 4453//1399 4455//1399 4454//1399
f 4456//1400 4457//1400 4458//1400
f 4457//1400 4459//1400 4458//1400
f 4458//1401 4459//1401 4460//1401
f 4459//1402 4461//1402 4460//1402
f 4452//1403 4462//1403 4453//1403
f 4462//1403 4463//1403 4453//1403
f 4453//1404 4463//1404 4464//1404
f 4457//1405 4456//1405 4465//1405
f 4457//1406 4465//1406 4466//1406
f 4465//1407 4467//1407 4466//1407
f 4466//1408 4467//1408 4468//1408
f 4467//1409 4469//1409 4468//1409
f 4468//1410 4469//1410 4470//1410
f 4469//1411 4471//1411 4470//1411
f 4471//1412 4472//1412 4470//1412
f 4470//1413 4472//1413 4473//1413
f 4472//1414 4474//1414 4473//1414
f 4455//1415 4453//1415 4475//1415
f 4453//1416 4464//1416 4475//1416
f 4475//1417 4464//1417 4476//1417
f 4464//1418 4477//1418 4476//1418
f 4476//1419 4477//1419 4474//1419
f 4477//1420 4478//1420 4474//1420
f 4474//1421 4478//1421 4473//1421
f 4463//1422 4462//1422 4464//1422
f 4462//1423 4479//1423 4464//1423
f 4464//1424 4479//1424 4477//1424
f 4479//1425 4480//1425 4477//1425
f 4477//1426 4480//1426 4478//1426
f 4480//1427 4481//1427 4478//1427
f 4478//1428 4481//1428 4473//1428
f 4481//1429 4482//1429 4473//1429
f 4473//1430 4482//1430 4470//1430
f 4461//1431 4459//1431 4483//1431
f 4459//1432 4484//1432 4483//1432
f 4482//1433 4485//1433 4470//1433
f 4485//1434 4486//1434 4470//1434
f 4470//1435 4486//1435 4468//1435
f 4486//1436 4484//1436 4468//1436
f 4468//1437 4484//1437 4466//1437
f 4484//1438 4459//1438 4466//1438
f 4466//1439 4459//1439 4457//1439
f 4487//1440 4488//1440 4489//1440
f 4488//1441 4490//1441 4489//1441
f 4491//1442 4492//1442 4493//1442
f 4492//1442 4494//1442 4493//1442
f 4493//1443 4495//1443 4491//1443
f 4496//1444 4497//1444 4498//1444
f 4497//1445 4499//1445 4498//1445
f 4500//1446 4501//1446 4502//1446
f 4501//1446 4503//1446 4502//1446
f 4502//1447 4504//1447 4500//1447
f 4496//1448 4505//1448 4497//1448
f 4505//1448 4506//1448 4497//1448
f 4497//1449 4506//1449 4507//1449
f 4501//1450 4508//1450 4503//1450
f 4508//1451 4509//1451 4503//1451
f 4503//1452 4509//1452 4510//1452
f 4509//1453 4511//1453 4510//1453
f 4510//1454 4511//1454 4512//1454
f 4511//1455 4513//1455 4512//1455
f 4512//1456 4513//1456 4514//1456
f 4513//1457 4515//1457 4514//1457
f 4514//1458 4515//1458 4516//1458
f 4515//1459 4517//1459 4516//1459
f 4499//1460 4497//1460 4518//1460
f 4497//1461 4507//1461 4518//1461
f 4518//1462 4507//1462 4519//1462
f 4507//1463 4520//1463 4519//1463
f 4519//1464 4520//1464 4517//1464
f 4520//1465 4521//1465 4517//1465
f 4517//1466 4521//1466 4516//1466
f 4506//1467 4505//1467 4507//1467
f 4505//1468 4522//1468 4507//1468
f 4507//1469 4522//1469 4520//1469
f 4522//1470 4523//1470 4520//1470
f 4520//1471 4523//1471 4521//1471
f 4523//1472 4524//1472 4521//1472
f 4521//1473 4524//1473 4516//1473
f 4524//1474 4525//1474 4516//1474
f 4516//1475 4525//1475 4514//1475
f 4525//1476 4526//1476 4514//1476
f 4526//1477 4527//1477 4514//1477
f 4514//1478 4527//1478 4512//1478
f 4527//1479 4528//1479 4512//1479
f 4512//1480 4528//1480 4510//1480
f 4528//1481 4529//1481 4510//1481
f 4510//1482 4529//1482 4503//1482
f 4529//1483 4530//1483 4503//1483
f 4503//1484 4530//1484 4502//1484
f 4530//1485 4504//1485 4502//1485
f 4531//1486 4532//1486 4533//1486
f 4532//1487 4534//1487 4533//1487
f 4535//1488 4536//1488 4537//1488
f 4536//1488 4538//1488 4537//1488
f 4537//1489 4539//1489 4535//1489
f 4540//20 4541//20 4542//20
f 4540//20 4542//20 4543//20
f 4544//20 4545//20 4542//20
f 4545//20 4546//20 4542//20
f 4542//20 4546//20 4543//20
f 4547//20 4548//20 4542//20
f 4548//20 4549//20 4542//20
f 4542//20 4549//20 4544//20
f 4550//20 4551//20 4542//20
f 4551//20 4552//20 4542//20
f 4542//20 4552//20 4547//20
f 4553//20 4554//20 4542//20
f 4554//20 4555//20 4542//20
f 4542//20 4555//20 4550//20
f 4556//20 4557//20 4542//20
f 4557//20 4558//20 4542//20
f 4542//20 4558//20 4553//20
f 4559//20 4560//20 4542//20
f 4560//20 4561//20 4542//20
f 4542//20 4561//20 4556//20
f 4562//20 4563//20 4542//20
f 4563//20 4564//20 4542//20
f 4542//20 4564//20 4559//20
f 4565//20 4566//20 4542//20
f 4566//20 4567//20 4542//20
f 4542//20 4567//20 4562//20
f 4541//20 4568//20 4542//20
f 4568//20 4569//20 4542//20
f 4542//20 4569//20 4565//20
f 4493//1490 4494//1490 4570//1490
f 4571//1491 4572//1491 4573//1491
f 4571//1492 4573//1492 4574//1492
f 4573//1493 4575//1493 4574//1493
f 4574//1494 4575//1494 4576//1494
f 4575//1495 4577//1495 4576//1495
f 4576//1496 4577//1496 4578//1496
f 4577//1497 4579//1497 4578//1497
f 4578//1498 4579//1498 4580//1498
f 4579//1499 4581//1499 4580//1499
f 4581//1500 4582//1500 4580//1500
f 4580//1501 4582//1501 4583//1501
f 4582//1502 4584//1502 4583//1502
f 4583//1503 4584//1503 4570//1503
f 4584//1504 4585//1504 4570//1504
f 4570//1505 4585//1505 4493//1505
f 4585//1506 4586//1506 4493//1506
f 4493//1507 4586//1507 4495//1507
f 4537//1508 4538//1508 4587//1508
f 4588//1509 4589//1509 4590//1509
f 4588//1510 4590//1510 4591//1510
f 4590//1511 4592//1511 4591//1511
f 4591//1512 4592//1512 4593//1512
f 4592//1513 4594//1513 4593//1513
f 4593//1514 4594//1514 4595//1514
f 4594//1515 4596//1515 4595//1515
f 4595//1516 4596//1516 4597//1516
f 4596//1517 4598//1517 4597//1517
f 4598//1518 4599//1518 4597//1518
f 4597//1519 4599//1519 4600//1519
f 4599//1520 4601//1520 4600//1520
f 4600//1521 4601//1521 4587//1521
f 4601//1522 4602//1522 4587//1522
f 4587//1523 4602//1523 4537//1523
f 4602//1524 4603//1524 4537//1524
f 4537//1525 4603//1525 4539//1525
f 4604//1526 4605//1526 4536//1526
f 4536//1527 4535//1527 4604//1527
f 4535//1528 4539//1528 4604//1528
f 4604//1529 4539//1529 4545//1529
f 4606//1530 4607//1530 4608//1530
f 4608//1531 4609//1531 4606//1531
f 4609//1532 4610//1532 4606//1532
f 4606//1533 4610//1533 4605//1533
f 4610//1534 4611//1534 4605//1534
f 4605//1535 4611//1535 4536//1535
f 4612//1536 4613//1536 4614//1536
f 4613//1537 4615//1537 4614//1537
f 4614//1538 4615//1538 4606//1538
f 4615//1539 4616//1539 4606//1539
f 4606//1540 4616//1540 4607//1540
f 4614//1541 4504//1541 4612//1541
f 4504//1542 4530//1542 4612//1542
f 4612//1543 4530//1543 4534//1543
f 4530//1544 4529//1544 4534//1544
f 4534//1545 4529//1545 4533//1545
f 4531//1546 4541//1546 4617//1546
f 4541//25 4540//25 4617//25
f 4617//1547 4540//1547 4590//1547
f 4540//1548 4543//1548 4590//1548
f 4590//1549 4543//1549 4592//1549
f 4539//1550 4603//1550 4545//1550
f 4603//1551 4602//1551 4545//1551
f 4545//1552 4602//1552 4546//1552
f 4602//1553 4601//1553 4546//1553
f 4546//1554 4601//1554 4599//1554
f 4599//1555 4598//1555 4546//1555
f 4598//1556 4596//1556 4546//1556
f 4546//1557 4596//1557 4543//1557
f 4596//1558 4594//1558 4543//1558
f 4543//1559 4594//1559 4592//1559
f 4618//1560 4513//1560 4511//1560
f 4511//1561 4509//1561 4618//1561
f 4509//1562 4508//1562 4618//1562
f 4618//1563 4508//1563 4619//1563
f 4508//1564 4501//1564 4619//1564
f 4619//1565 4501//1565 4614//1565
f 4501//1566 4500//1566 4614//1566
f 4614//1567 4500//1567 4504//1567
f 4620//1568 4517//1568 4618//1568
f 4517//1569 4515//1569 4618//1569
f 4618//1570 4515//1570 4513//1570
f 4496//1571 4565//1571 4505//1571
f 4565//1572 4569//1572 4505//1572
f 4505//1573 4569//1573 4522//1573
f 4496//1574 4498//1574 4621//1574
f 4622//1575 4623//1575 4620//1575
f 4623//1576 4624//1576 4620//1576
f 4620//1577 4624//1577 4621//1577
f 4498//1578 4499//1578 4621//1578
f 4499//1579 4518//1579 4621//1579
f 4621//1580 4518//1580 4620//1580
f 4518//1581 4519//1581 4620//1581
f 4620//1582 4519//1582 4517//1582
f 4522//1583 4569//1583 4523//1583
f 4569//1584 4568//1584 4523//1584
f 4523//1585 4568//1585 4524//1585
f 4528//1586 4541//1586 4529//1586
f 4541//1587 4531//1587 4529//1587
f 4529//1588 4531//1588 4533//1588
f 4528//1589 4527//1589 4541//1589
f 4527//1590 4526//1590 4541//1590
f 4541//1591 4526//1591 4568//1591
f 4526//1592 4525//1592 4568//1592
f 4568//1593 4525//1593 4524//1593
f 4625//1594 4626//1594 4627//1594
f 4626//1595 4628//1595 4627//1595
f 4627//1596 4628//1596 4622//1596
f 4628//1597 4629//1597 4622//1597
f 4622//1598 4629//1598 4623//1598
f 4630//1599 4631//1599 4632//1599
f 4631//1600 4633//1600 4632//1600
f 4632//1601 4633//1601 4627//1601
f 4633//1602 4634//1602 4627//1602
f 4627//1603 4634//1603 4625//1603
f 4635//1604 4562//1604 4636//1604
f 4562//1605 4567//1605 4636//1605
f 4636//1606 4567//1606 4637//1606
f 4638//1607 4639//1607 4640//1607
f 4639//1608 4641//1608 4640//1608
f 4640//1609 4641//1609 4632//1609
f 4641//1610 4642//1610 4632//1610
f 4632//1611 4642//1611 4630//1611
f 4637//1612 4567//1612 4643//1612
f 4567//1613 4566//1613 4643//1613
f 4643//1614 4566//1614 4644//1614
f 4496//1615 4621//1615 4565//1615
f 4621//1616 4645//1616 4565//1616
f 4565//1617 4645//1617 4646//1617
f 4646//1618 4647//1618 4565//1618
f 4647//1619 4648//1619 4565//1619
f 4565//1620 4648//1620 4566//1620
f 4648//1621 4649//1621 4566//1621
f 4566//1622 4649//1622 4644//1622
f 4635//1623 4638//1623 4562//1623
f 4638//1624 4640//1624 4562//1624
f 4562//1625 4640//1625 4650//1625
f 4651//1626 4652//1626 4653//1626
f 4652//1627 4654//1627 4653//1627
f 4653//1628 4654//1628 4640//1628
f 4654//1629 4655//1629 4640//1629
f 4640//1630 4655//1630 4650//1630
f 4656//1631 4563//1631 4657//1631
f 4563//1632 4562//1632 4657//1632
f 4657//1633 4562//1633 4658//1633
f 4562//1634 4650//1634 4658//1634
f 4659//1635 4660//1635 4661//1635
f 4660//1636 4662//1636 4661//1636
f 4661//1637 4662//1637 4653//1637
f 4662//1638 4663//1638 4653//1638
f 4653//1639 4663//1639 4651//1639
f 4664//1640 4665//1640 4564//1640
f 4564//1641 4665//1641 4559//1641
f 4666//1642 4667//1642 4668//1642
f 4667//1643 4669//1643 4668//1643
f 4669//1644 4670//1644 4668//1644
f 4668//1645 4670//1645 4661//1645
f 4670//1646 4671//1646 4661//1646
f 4661//1647 4671//1647 4659//1647
f 4656//1648 4672//1648 4563//1648
f 4672//1649 4673//1649 4563//1649
f 4563//1650 4673//1650 4564//1650
f 4673//1651 4674//1651 4564//1651
f 4564//1652 4674//1652 4664//1652
f 4675//1653 4668//1653 4676//1653
f 4668//1654 4677//1654 4676//1654
f 4675//1655 4678//1655 4668//1655
f 4678//1656 4559//1656 4668//1656
f 4668//1657 4559//1657 4666//1657
f 4559//1658 4665//1658 4666//1658
f 4679//1659 4680//1659 4681//1659
f 4680//1660 4682//1660 4681//1660
f 4682//1661 4683//1661 4681//1661
f 4683//1662 4684//1662 4681//1662
f 4681//1663 4684//1663 4677//1663
f 4684//1664 4685//1664 4677//1664
f 4677//1665 4685//1665 4676//1665
f 4686//1666 4687//1666 4681//1666
f 4687//1667 4688//1667 4681//1667
f 4681//1668 4688//1668 4679//1668
f 4686//1669 4681//1669 4689//1669
f 4681//39 4690//39 4689//39
f 4689//1670 4690//1670 4495//1670
f 4495//1671 4586//1671 4689//1671
f 4586//1672 4585//1672 4689//1672
f 4689//1673 4585//1673 4691//1673
f 4678//1674 4692//1674 4559//1674
f 4692//1675 4693//1675 4559//1675
f 4559//1676 4693//1676 4560//1676
f 4693//1677 4694//1677 4560//1677
f 4560//1678 4694//1678 4695//1678
f 4696//1679 4561//1679 4697//1679
f 4561//1680 4560//1680 4697//1680
f 4697//1681 4560//1681 4698//1681
f 4560//1682 4695//1682 4698//1682
f 4699//1683 4700//1683 4701//1683
f 4700//1684 4702//1684 4701//1684
f 4702//1685 4703//1685 4701//1685
f 4703//1686 4704//1686 4701//1686
f 4701//1687 4704//1687 4705//1687
f 4704//1688 4492//1688 4705//1688
f 4705//1689 4492//1689 4690//1689
f 4492//1690 4491//1690 4690//1690
f 4690//1691 4491//1691 4495//1691
f 4706//1692 4707//1692 4701//1692
f 4707//1693 4708//1693 4701//1693
f 4701//1694 4708//1694 4699//1694
f 4487//1695 4554//1695 4709//1695
f 4554//44 4553//44 4709//44
f 4709//1696 4553//1696 4573//1696
f 4706//1697 4461//1697 4483//1697
f 4489//1698 4490//1698 4483//1698
f 4490//1699 4710//1699 4483//1699
f 4483//1700 4710//1700 4706//1700
f 4710//1701 4711//1701 4706//1701
f 4706//1702 4711//1702 4707//1702
f 4573//1703 4553//1703 4575//1703
f 4553//1704 4558//1704 4575//1704
f 4575//1705 4558//1705 4577//1705
f 4696//1706 4712//1706 4561//1706
f 4712//1707 4713//1707 4561//1707
f 4561//1708 4713//1708 4556//1708
f 4713//1709 4691//1709 4556//1709
f 4556//1710 4691//1710 4557//1710
f 4691//1711 4585//1711 4557//1711
f 4557//1712 4585//1712 4584//1712
f 4584//1713 4582//1713 4557//1713
f 4582//1714 4581//1714 4557//1714
f 4557//1715 4581//1715 4558//1715
f 4581//1716 4579//1716 4558//1716
f 4558//1717 4579//1717 4577//1717
f 4471//1718 4469//1718 4714//1718
f 4469//1719 4467//1719 4714//1719
f 4467//1720 4465//1720 4714//1720
f 4465//1721 4456//1721 4714//1721
f 4714//1722 4456//1722 4715//1722
f 4456//1723 4458//1723 4715//1723
f 4715//44 4458//44 4706//44
f 4458//1724 4460//1724 4706//1724
f 4706//1725 4460//1725 4461//1725
f 4471//1726 4714//1726 4472//1726
f 4714//1727 4716//1727 4472//1727
f 4472//1728 4716//1728 4474//1728
f 4452//1729 4551//1729 4462//1729
f 4551//1730 4550//1730 4462//1730
f 4462//1731 4550//1731 4479//1731
f 4717//1732 4420//1732 4716//1732
f 4420//1733 4425//1733 4716//1733
f 4716//1734 4425//1734 4451//1734
f 4454//1735 4455//1735 4451//1735
f 4455//1736 4475//1736 4451//1736
f 4451//1737 4475//1737 4716//1737
f 4475//1738 4476//1738 4716//1738
f 4716//1739 4476//1739 4474//1739
f 4479//1740 4550//1740 4480//1740
f 4550//1741 4555//1741 4480//1741
f 4480//1742 4555//1742 4481//1742
f 4484//1743 4554//1743 4483//1743
f 4554//1744 4487//1744 4483//1744
f 4483//1745 4487//1745 4489//1745
f 4484//1746 4486//1746 4554//1746
f 4486//1747 4485//1747 4554//1747
f 4554//1748 4485//1748 4555//1748
f 4485//1749 4482//1749 4555//1749
f 4555//1750 4482//1750 4481//1750
f 4430//1751 4428//1751 4718//1751
f 4428//1752 4423//1752 4718//1752
f 4718//1753 4423//1753 4717//1753
f 4423//1754 4421//1754 4717//1754
f 4717//1755 4421//1755 4420//1755
f 4438//1756 4436//1756 4719//1756
f 4436//1757 4435//1757 4719//1757
f 4719//1758 4435//1758 4718//1758
f 4435//1759 4432//1759 4718//1759
f 4718//1760 4432//1760 4430//1760
f 4548//1761 4547//1761 4426//1761
f 4426//1762 4416//1762 4548//1762
f 4416//1763 4418//1763 4548//1763
f 4548//1764 4418//1764 4720//1764
f 4418//1765 4419//1765 4720//1765
f 4419//1766 4434//1766 4720//1766
f 4720//1767 4434//1767 4719//1767
f 4434//1768 4440//1768 4719//1768
f 4719//1769 4440//1769 4438//1769
f 4446//1770 4445//1770 4552//1770
f 4445//1771 4444//1771 4552//1771
f 4552//1772 4444//1772 4547//1772
f 4444//1773 4443//1773 4547//1773
f 4547//1774 4443//1774 4426//1774
f 4450//1775 4551//1775 4451//1775
f 4551//1776 4452//1776 4451//1776
f 4451//1777 4452//1777 4454//1777
f 4450//1778 4449//1778 4551//1778
f 4449//1779 4448//1779 4551//1779
f 4551//1780 4448//1780 4552//1780
f 4448//1781 4447//1781 4552//1781
f 4552//1782 4447//1782 4446//1782
f 4385//1783 4720//1783 4386//1783
f 4720//1784 4721//1784 4386//1784
f 4386//1785 4721//1785 4392//1785
f 4722//1786 4403//1786 4401//1786
f 4401//1787 4399//1787 4722//1787
f 4399//1788 4397//1788 4722//1788
f 4722//1789 4397//1789 4721//1789
f 4397//1790 4395//1790 4721//1790
f 4721//1791 4395//1791 4392//1791
f 4383//1792 4604//1792 4381//1792
f 4604//1793 4545//1793 4381//1793
f 4381//1794 4545//1794 4390//1794
f 4545//1795 4544//1795 4390//1795
f 4390//1796 4544//1796 4408//1796
f 4383//1797 4384//1797 4604//1797
f 4384//1798 4393//1798 4604//1798
f 4604//1799 4393//1799 4722//1799
f 4393//1800 4405//1800 4722//1800
f 4722//1801 4405//1801 4403//1801
f 4385//1802 4389//1802 4720//1802
f 4389//1803 4412//1803 4720//1803
f 4720//1804 4412//1804 4548//1804
f 4412//1805 4413//1805 4548//1805
f 4548//1806 4413//1806 4549//1806
f 4413//1807 4415//1807 4549//1807
f 4549//1808 4415//1808 4414//1808
f 4414//1809 4411//1809 4549//1809
f 4411//1810 4410//1810 4549//1810
f 4549//1811 4410//1811 4544//1811
f 4410//1812 4409//1812 4544//1812
f 4544//1813 4409//1813 4408//1813
f 4614//22 4606//22 4723//22
f 4614//22 4723//22 4619//22
f 4622//22 4620//22 4723//22
f 4620//22 4618//22 4723//22
f 4723//22 4618//22 4619//22
f 4640//22 4632//22 4723//22
f 4632//22 4627//22 4723//22
f 4723//22 4627//22 4622//22
f 4668//22 4661//22 4723//22
f 4661//22 4653//22 4723//22
f 4723//22 4653//22 4640//22
f 4690//22 4681//22 4723//22
f 4681//22 4677//22 4723//22
f 4723//22 4677//22 4668//22
f 4706//22 4701//22 4723//22
f 4701//22 4705//22 4723//22
f 4723//22 4705//22 4690//22
f 4716//22 4714//22 4723//22
f 4714//22 4715//22 4723//22
f 4723//22 4715//22 4706//22
f 4719//22 4718//22 4723//22
f 4718//22 4717//22 4723//22
f 4723//22 4717//22 4716//22
f 4722//22 4721//22 4723//22
f 4721//22 4720//22 4723//22
f 4723//22 4720//22 4719//22
f 4606//22 4605//22 4723//22
f 4605//22 4604//22 4723//22
f 4723//22 4604//22 4722//22
f 4488//1814 4572//1814 4571//1814
f 4492//1815 4704//1815 4494//1815
f 4704//1816 4703//1816 4494//1816
f 4494//1817 4703//1817 4570//1817
f 4703//1818 4702//1818 4570//1818
f 4570//1819 4702//1819 4583//1819
f 4702//1820 4700//1820 4583//1820
f 4583//1821 4700//1821 4580//1821
f 4700//1822 4699//1822 4580//1822
f 4699//1823 4708//1823 4580//1823
f 4580//1824 4708//1824 4578//1824
f 4708//1825 4707//1825 4578//1825
f 4490//1826 4488//1826 4710//1826
f 4488//1827 4571//1827 4710//1827
f 4710//1828 4571//1828 4711//1828
f 4571//1829 4574//1829 4711//1829
f 4711//1830 4574//1830 4707//1830
f 4574//1831 4576//1831 4707//1831
f 4707//1832 4576//1832 4578//1832
f 4536//1833 4611//1833 4538//1833
f 4611//1834 4610//1834 4538//1834
f 4538//1835 4610//1835 4587//1835
f 4610//1836 4609//1836 4587//1836
f 4587//1837 4609//1837 4600//1837
f 4609//1838 4608//1838 4600//1838
f 4600//1839 4608//1839 4597//1839
f 4608//1840 4607//1840 4597//1840
f 4607//1841 4616//1841 4597//1841
f 4597//1842 4616//1842 4595//1842
f 4616//1843 4615//1843 4595//1843
f 4613//1844 4591//1844 4615//1844
f 4591//1845 4593//1845 4615//1845
f 4615//1846 4593//1846 4595//1846
f 4534//1847 4532//1847 4612//1847
f 4532//1848 4589//1848 4612//1848
f 4612//1849 4589//1849 4613//1849
f 4589//1850 4588//1850 4613//1850
f 4613//1851 4588//1851 4591//1851
f 4724//1852 4636//1852 4725//1852
f 4636//1853 4637//1853 4725//1853
f 4725//1854 4637//1854 4726//1854
f 4637//1855 4643//1855 4726//1855
f 4726//1856 4643//1856 4727//1856
f 4643//1857 4644//1857 4727//1857
f 4649//1858 4728//1858 4644//1858
f 4728//1859 4729//1859 4644//1859
f 4644//1860 4729//1860 4727//1860
f 4649//1861 4648//1861 4728//1861
f 4648//1862 4647//1862 4728//1862
f 4728//1863 4647//1863 4730//1863
f 4647//1864 4646//1864 4730//1864
f 4730//1865 4646//1865 4731//1865
f 4646//1866 4645//1866 4731//1866
f 4731//1867 4645//1867 4732//1867
f 4645//1868 4621//1868 4732//1868
f 4732//1869 4621//1869 4733//1869
f 4621//1870 4624//1870 4733//1870
f 4590//1871 4589//1871 4617//1871
f 4589//1871 4532//1871 4617//1871
f 4617//1871 4532//1871 4531//1871
f 4732//1872 4628//1872 4626//1872
f 4732//1873 4626//1873 4731//1873
f 4626//1874 4625//1874 4731//1874
f 4731//1875 4625//1875 4730//1875
f 4625//1876 4634//1876 4730//1876
f 4730//1877 4634//1877 4728//1877
f 4641//1878 4639//1878 4734//1878
f 4634//1879 4633//1879 4728//1879
f 4633//1880 4631//1880 4728//1880
f 4728//1881 4631//1881 4729//1881
f 4631//1882 4630//1882 4729//1882
f 4729//1883 4630//1883 4727//1883
f 4630//1884 4642//1884 4727//1884
f 4727//1885 4642//1885 4726//1885
f 4642//1886 4641//1886 4726//1886
f 4726//1887 4641//1887 4725//1887
f 4641//1888 4734//1888 4725//1888
f 4725//1889 4734//1889 4724//1889
f 4635//1890 4636//1890 4734//1890
f 4636//1890 4724//1890 4734//1890
f 4733//1891 4624//1891 4623//1891
f 4623//1892 4629//1892 4733//1892
f 4629//1893 4628//1893 4733//1893
f 4733//1893 4628//1893 4732//1893
f 4635//1894 4734//1894 4638//1894
f 4734//1895 4639//1895 4638//1895
f 4735//1896 4736//1896 4665//1896
f 4735//1897 4665//1897 4737//1897
f 4665//1898 4664//1898 4737//1898
f 4664//1899 4674//1899 4737//1899
f 4737//1900 4674//1900 4738//1900
f 4674//1901 4673//1901 4738//1901
f 4738//1902 4673//1902 4739//1902
f 4673//1903 4740//1903 4739//1903
f 4650//1904 4741//1904 4658//1904
f 4741//1905 4657//1905 4658//1905
f 4673//1906 4672//1906 4740//1906
f 4672//1907 4656//1907 4740//1907
f 4740//1908 4656//1908 4742//1908
f 4656//1909 4657//1909 4742//1909
f 4742//1910 4657//1910 4743//1910
f 4657//1911 4741//1911 4743//1911
f 4743//1912 4741//1912 4744//1912
f 4744//1913 4654//1913 4652//1913
f 4744//1914 4652//1914 4743//1914
f 4652//1915 4651//1915 4743//1915
f 4743//1916 4651//1916 4742//1916
f 4651//1917 4663//1917 4742//1917
f 4742//1918 4663//1918 4740//1918
f 4670//1919 4669//1919 4745//1919
f 4663//1920 4662//1920 4740//1920
f 4662//1921 4660//1921 4740//1921
f 4740//1922 4660//1922 4739//1922
f 4660//1923 4659//1923 4739//1923
f 4739//1924 4659//1924 4738//1924
f 4659//1925 4671//1925 4738//1925
f 4738//1926 4671//1926 4737//1926
f 4671//1927 4670//1927 4737//1927
f 4737//1928 4670//1928 4735//1928
f 4670//1929 4745//1929 4735//1929
f 4735//1930 4745//1930 4736//1930
f 4666//1931 4665//1931 4745//1931
f 4665//1931 4736//1931 4745//1931
f 4741//1932 4650//1932 4655//1932
f 4655//1933 4654//1933 4741//1933
f 4654//1933 4744//1933 4741//1933
f 4666//1934 4745//1934 4667//1934
f 4745//1935 4669//1935 4667//1935
f 4696//1936 4746//1936 4712//1936
f 4746//1937 4747//1937 4712//1937
f 4712//1938 4747//1938 4713//1938
f 4747//1939 4748//1939 4713//1939
f 4713//1940 4748//1940 4749//1940
f 4698//1941 4750//1941 4697//1941
f 4750//1942 4751//1942 4697//1942
f 4697//1943 4751//1943 4696//1943
f 4751//1944 4752//1944 4696//1944
f 4696//1945 4752//1945 4746//1945
f 4678//1946 4753//1946 4692//1946
f 4753//1947 4693//1947 4692//1947
f 4698//1948 4695//1948 4750//1948
f 4695//1949 4694//1949 4750//1949
f 4750//1950 4694//1950 4754//1950
f 4694//1951 4693//1951 4754//1951
f 4754//1952 4693//1952 4755//1952
f 4693//1953 4753//1953 4755//1953
f 4755//1954 4753//1954 4756//1954
f 4756//1955 4676//1955 4685//1955
f 4756//1956 4685//1956 4755//1956
f 4685//1957 4684//1957 4755//1957
f 4755//1958 4684//1958 4754//1958
f 4684//1959 4683//1959 4754//1959
f 4754//1960 4683//1960 4750//1960
f 4683//1961 4682//1961 4750//1961
f 4682//1962 4680//1962 4750//1962
f 4750//1963 4680//1963 4751//1963
f 4680//1964 4679//1964 4751//1964
f 4751//1965 4679//1965 4752//1965
f 4679//1966 4688//1966 4752//1966
f 4752//1967 4688//1967 4746//1967
f 4687//1968 4686//1968 4757//1968
f 4746//1969 4688//1969 4747//1969
f 4688//1970 4687//1970 4747//1970
f 4747//1971 4687//1971 4748//1971
f 4687//1972 4757//1972 4748//1972
f 4748//1973 4757//1973 4749//1973
f 4691//1974 4713//1974 4757//1974
f 4713//1974 4749//1974 4757//1974
f 4753//1975 4678//1975 4675//1975
f 4675//1976 4676//1976 4753//1976
f 4676//1976 4756//1976 4753//1976
f 4691//1977 4757//1977 4689//1977
f 4757//1978 4686//1978 4689//1978
f 4573//1979 4572//1979 4709//1979
f 4572//1980 4488//1980 4709//1980
f 4709//1980 4488//1980 4487//1980
usemtl Belt
f 1//1 2//1 3//1
f 3//1 4//1 5//1
f 5//1 6//1 7//1
f 7//1 8//1 9//1
f 9//1 10//1 11//1
f 11//1 12//1 13//1
f 14//1 1//1 3//1
f 3//1 5//1 7//1
f 7//1 9//1 11//1
f 11//1 13//1 15//1
f 16//1 14//1 3//1
f 3//1 7//1 11//1
f 11//1 15//1 17//1
f 18//1 16//1 3//1
f 3//1 11//1 17//1
f 17//1 18//1 3//1
f 19//2 20//2 21//2
f 21//2 22//2 23//2
f 24//2 25//2 26//2
f 26//2 27//2 28//2
f 28//2 29//2 30//2
f 30//2 19//2 21//2
f 21//2 23//2 31//2
f 32//2 24//2 26//2
f 26//2 28//2 30//2
f 30//2 21//2 31//2
f 33//2 32//2 26//2
f 30//2 31//2 34//2
f 35//2 33//2 26//2
f 30//2 34//2 36//2
f 36//2 35//2 26//2
f 26//2 30//2 36//2
f 19//6 30//6 7//6
f 30//7 29//7 8//7
f 8//7 7//7 30//7
f 10//10 27//10 26//10
f 26//10 11//10 10//10
f 26//11 25//11 12//11
f 12//11 11//11 26//11
f 2//12 1//12 31//12
f 34//13 31//13 1//13
f 1//13 14//13 34//13
f 36//14 34//14 14//14
f 14//14 16//14 36//14
f 35//15 36//15 16//15
f 16//15 18//15 35//15
f 33//16 35//16 18//16
f 18//16 17//16 33//16
f 32//17 33//17 17//17
f 17//17 15//17 32//17
f 24//18 32//18 15//18
f 15//18 13//18 24//18
f 24//19 13//19 12//19
f 23//20 22//20 3//20
f 3//20 2//20 23//20
