# Blender 5.2.0 LTS
# www.blender.org
mtllib straight_1m.mtl
o Straight_1m
v -0.444488 0.295634 -0.032072
v -0.469488 0.295634 -0.007072
v -0.469488 0.295634 0.033928
v -0.423988 0.295634 -0.036572
v -0.435155 0.295634 -0.035239
v -0.452488 0.295634 -0.027572
v -0.459322 0.295634 -0.021906
v -0.464988 0.295634 -0.015072
v -0.472655 0.295634 0.002261
v -0.473988 0.295634 0.013428
v -0.464988 0.295634 0.041928
v -0.459322 0.295634 0.048761
v -0.452488 0.295634 0.054428
v -0.444488 0.295634 0.058928
v -0.435155 0.295634 0.062094
v -0.423988 0.295634 0.063428
v -0.472655 0.295634 0.024594
v -0.423988 -0.225954 -0.036572
v -0.435155 -0.225954 -0.035239
v -0.459322 -0.225954 -0.021906
v -0.464988 -0.225954 -0.015072
v -0.452488 -0.225954 -0.027572
v -0.444488 -0.225954 -0.032072
v -0.472655 -0.225954 0.002261
v -0.473988 -0.225954 0.013428
v -0.469488 -0.225954 -0.007072
v -0.469488 -0.225954 0.033928
v -0.464988 -0.225954 0.041928
v -0.472655 -0.225954 0.024594
v -0.452488 -0.225954 0.054428
v -0.459322 -0.225954 0.048761
v -0.444488 -0.225954 0.058928
v -0.435155 -0.225954 0.062094
v -0.423988 -0.225954 0.063428
v 0.487178 0.295634 0.062094
v 0.487178 0.295634 -0.035239
v -0.370495 -0.141196 -0.016396
v -0.373738 -0.141196 -0.016572
v -0.373738 -0.141196 0.013428
v -0.389205 -0.141196 -0.012278
v -0.394369 -0.141196 -0.008352
v -0.383317 -0.141196 -0.015002
v -0.376982 -0.141196 -0.016396
v -0.401608 -0.141196 0.002324
v -0.403343 -0.141196 0.008574
v -0.398569 -0.141196 -0.003408
v -0.403694 -0.141196 0.015052
v -0.402645 -0.141196 0.021454
v -0.400244 -0.141196 0.027480
v -0.386335 -0.141196 0.040655
v -0.380187 -0.141196 0.042726
v -0.391894 -0.141196 0.037311
v -0.396603 -0.141196 0.032849
v -0.373738 -0.141196 0.043428
v -0.367289 -0.141196 0.042726
v -0.403694 -0.271593 0.015052
v -0.403343 -0.271593 0.008574
v -0.401608 -0.271593 0.002324
v -0.398569 -0.271593 -0.003408
v -0.394369 -0.271593 -0.008352
v -0.389205 -0.271593 -0.012278
v -0.373738 -0.271593 -0.016572
v -0.370495 -0.271593 -0.016396
v -0.383317 -0.271593 -0.015002
v -0.376982 -0.271593 -0.016396
v -0.402645 -0.271593 0.021454
v -0.400244 -0.271593 0.027480
v -0.396603 -0.271593 0.032849
v -0.391894 -0.271593 0.037311
v -0.386335 -0.271593 0.040655
v -0.380187 -0.271593 0.042726
v -0.367289 -0.271593 0.042726
v -0.373738 -0.271593 0.043428
v -0.438988 -0.271593 -0.054072
v -0.438988 -0.271593 0.080928
v -0.420988 -0.271593 0.050178
v -0.420988 -0.271593 -0.023322
v -0.420988 -0.271593 -0.054072
v -0.420988 -0.285788 -0.023322
v -0.420988 -0.291546 -0.031120
v -0.326488 -0.271593 -0.023322
v -0.326488 -0.285788 -0.023322
v -0.420988 -0.271593 0.080928
v -0.420988 -0.285788 0.050178
v -0.420988 -0.291546 0.057975
v -0.326488 -0.271593 0.050178
v -0.326488 -0.285788 0.050178
v -0.364159 -0.141196 -0.015002
v -0.348908 -0.141196 -0.003408
v -0.353107 -0.141196 -0.008352
v -0.358272 -0.141196 -0.012278
v -0.343782 -0.141196 0.015052
v -0.344134 -0.141196 0.008574
v -0.345869 -0.141196 0.002324
v -0.350874 -0.141196 0.032849
v -0.347233 -0.141196 0.027480
v -0.344832 -0.141196 0.021454
v -0.361142 -0.141196 0.040655
v -0.355583 -0.141196 0.037311
v -0.364159 -0.271593 -0.015002
v -0.358272 -0.271593 -0.012278
v -0.353107 -0.271593 -0.008352
v -0.348908 -0.271593 -0.003408
v -0.345869 -0.271593 0.002324
v -0.344134 -0.271593 0.008574
v -0.343782 -0.271593 0.015052
v -0.344832 -0.271593 0.021454
v -0.347233 -0.271593 0.027480
v -0.350874 -0.271593 0.032849
v -0.355583 -0.271593 0.037311
v -0.361142 -0.271593 0.040655
v -0.326488 -0.271593 -0.054072
v -0.326488 -0.278388 -0.043531
v -0.326488 -0.278143 -0.042515
v -0.326488 -0.278818 -0.044462
v -0.326488 -0.279411 -0.045266
v -0.326488 -0.281867 -0.046573
v -0.326488 -0.280972 -0.046346
v -0.326488 -0.282783 -0.046573
v -0.326488 -0.280140 -0.045904
v -0.326488 -0.278094 -0.041463
v -0.311488 -0.278388 -0.043531
v -0.311488 -0.278818 -0.044462
v -0.311488 -0.271593 -0.054072
v -0.311488 -0.279411 -0.045266
v -0.311488 -0.278143 -0.042515
v -0.311488 -0.280140 -0.045904
v -0.311488 -0.280972 -0.046346
v -0.311488 -0.278094 -0.041463
v -0.311488 -0.278242 -0.040422
v -0.311488 -0.281867 -0.046573
v -0.311488 -0.282783 -0.046573
v -0.311488 -0.279095 -0.038571
v -0.326488 -0.279095 -0.038571
v -0.311488 -0.278581 -0.039443
v -0.326488 -0.278581 -0.039443
v -0.326488 -0.278242 -0.040422
v -0.326488 -0.280546 -0.037302
v -0.326488 -0.281414 -0.036966
v -0.326488 -0.279761 -0.037846
v -0.311488 -0.281414 -0.036966
v -0.311488 -0.280546 -0.037302
v -0.311488 -0.279761 -0.037846
v -0.311488 -0.271593 -0.016212
v -0.311488 -0.282325 -0.036852
v -0.311488 -0.283236 -0.036966
v -0.282613 -0.269035 -0.013602
v -0.282613 -0.274281 -0.025870
v -0.282613 -0.282086 -0.025876
v -0.282613 -0.276213 -0.013961
v -0.267613 -0.282086 -0.025876
v -0.267613 -0.276213 -0.013961
v -0.267613 -0.269035 -0.013602
v -0.267613 -0.274281 -0.025870
v -0.267613 -0.281365 -0.036848
v -0.282613 -0.281365 -0.036848
v -0.276838 -0.252410 -0.000447
v -0.277897 -0.252836 -0.000447
v -0.282613 -0.250338 -0.000447
v -0.279583 -0.254224 -0.000447
v -0.280130 -0.255121 -0.000447
v -0.274530 -0.252191 -0.000447
v -0.275697 -0.252191 -0.000447
v -0.278827 -0.253450 0.004053
v -0.278827 -0.253450 -0.000447
v -0.277897 -0.252836 0.004053
v -0.280442 -0.256099 -0.000447
v -0.275697 -0.252191 0.004053
v -0.274530 -0.252191 0.004053
v -0.276838 -0.252410 0.004053
v -0.267613 -0.250338 -0.000447
v -0.274773 -0.254136 0.004053
v -0.275454 -0.254136 0.004053
v -0.282613 -0.250338 0.012678
v -0.267613 -0.250338 0.012678
v -0.280505 -0.257112 -0.000447
v -0.280130 -0.255121 0.004053
v -0.280442 -0.256099 0.004053
v -0.279583 -0.254224 0.004053
v -0.278040 -0.255845 0.004053
v -0.278222 -0.256415 0.004053
v -0.277721 -0.255321 0.004053
v -0.276119 -0.254263 0.004053
v -0.277280 -0.254870 0.004053
v -0.276737 -0.254512 0.004053
v -0.277721 -0.255321 0.012678
v -0.277280 -0.254870 0.012678
v -0.278040 -0.255845 0.012678
v -0.276737 -0.254512 0.012678
v -0.278149 -0.257591 0.012678
v -0.278259 -0.257006 0.012678
v -0.276119 -0.254263 0.012678
v -0.275454 -0.254136 0.012678
v -0.278222 -0.256415 0.012678
v -0.274773 -0.254136 0.012678
v -0.280505 -0.257112 0.004053
v -0.282613 -0.265801 -0.000447
v -0.279884 -0.259057 0.004053
v -0.279884 -0.259057 -0.000447
v -0.280317 -0.258114 0.004053
v -0.280317 -0.258114 -0.000447
v -0.279229 -0.259897 -0.000447
v -0.279229 -0.259897 0.004053
v -0.278259 -0.257006 0.004053
v -0.282613 -0.271205 0.012678
v -0.278149 -0.257591 0.004053
v -0.277020 -0.259038 0.004053
v -0.278381 -0.260595 0.004053
v -0.277514 -0.258631 0.004053
v -0.277896 -0.258141 0.004053
v -0.278381 -0.260595 -0.000447
v -0.277381 -0.261119 -0.000447
v -0.277381 -0.261119 0.004053
v -0.276436 -0.259343 0.004053
v -0.275113 -0.261552 -0.000447
v -0.276274 -0.261443 -0.000447
v -0.276274 -0.261443 0.004053
v -0.275113 -0.261552 0.004053
v -0.275113 -0.259596 0.004053
v -0.275791 -0.259532 0.004053
v -0.277896 -0.258141 0.012678
v -0.277020 -0.259038 0.012678
v -0.277514 -0.258631 0.012678
v -0.276436 -0.259343 0.012678
v -0.275791 -0.259532 0.012678
v -0.275113 -0.259596 0.012678
v -0.273389 -0.252410 0.004053
v -0.273389 -0.252410 -0.000447
v -0.274108 -0.254263 0.004053
v -0.273489 -0.254512 0.004053
v -0.272329 -0.252836 -0.000447
v -0.272329 -0.252836 0.004053
v -0.271400 -0.253450 0.004053
v -0.272947 -0.254870 0.004053
v -0.271400 -0.253450 -0.000447
v -0.269721 -0.257112 -0.000447
v -0.269785 -0.256099 -0.000447
v -0.270644 -0.254224 0.004053
v -0.270097 -0.255121 -0.000447
v -0.270644 -0.254224 -0.000447
v -0.272506 -0.255321 0.004053
v -0.270097 -0.255121 0.004053
v -0.272187 -0.255845 0.004053
v -0.269785 -0.256099 0.004053
v -0.272005 -0.256415 0.004053
v -0.269721 -0.257112 0.004053
v -0.271968 -0.257006 0.004053
v -0.272713 -0.258631 0.004053
v -0.270998 -0.259897 0.004053
v -0.273207 -0.259038 0.004053
v -0.270342 -0.259057 0.004053
v -0.272330 -0.258141 0.004053
v -0.269910 -0.258114 0.004053
v -0.272078 -0.257591 0.004053
v -0.273953 -0.261443 0.004053
v -0.273791 -0.259343 0.004053
v -0.272846 -0.261119 0.004053
v -0.274436 -0.259532 0.004053
v -0.272846 -0.261119 -0.000447
v -0.273953 -0.261443 -0.000447
v -0.271845 -0.260595 -0.000447
v -0.271845 -0.260595 0.004053
v -0.270998 -0.259897 -0.000447
v -0.270342 -0.259057 -0.000447
v -0.269910 -0.258114 -0.000447
v -0.267613 -0.265801 -0.000447
v -0.267613 -0.271205 0.012678
v -0.274108 -0.254263 0.012678
v -0.273489 -0.254512 0.012678
v -0.272506 -0.255321 0.012678
v -0.272187 -0.255845 0.012678
v -0.272947 -0.254870 0.012678
v -0.272005 -0.256415 0.012678
v -0.271968 -0.257006 0.012678
v -0.272713 -0.258631 0.012678
v -0.273207 -0.259038 0.012678
v -0.272330 -0.258141 0.012678
v -0.274436 -0.259532 0.012678
v -0.273791 -0.259343 0.012678
v -0.272078 -0.257591 0.012678
v -0.282613 -0.272536 -0.000933
v -0.267613 -0.272536 -0.000933
v -0.311488 -0.271593 0.080928
v -0.311488 -0.278388 0.066778
v -0.311488 -0.278818 0.065846
v -0.311488 -0.278143 0.067793
v -0.311488 -0.280972 0.063962
v -0.311488 -0.281867 0.063736
v -0.311488 -0.280140 0.064405
v -0.311488 -0.279411 0.065043
v -0.326488 -0.271593 0.080928
v -0.326488 -0.280972 0.063962
v -0.326488 -0.280140 0.064405
v -0.326488 -0.278143 0.067793
v -0.326488 -0.278388 0.066778
v -0.326488 -0.278818 0.065846
v -0.326488 -0.279411 0.065043
v -0.326488 -0.281867 0.063736
v -0.326488 -0.280546 0.073006
v -0.326488 -0.281414 0.073343
v -0.326488 -0.279761 0.072463
v -0.326488 -0.279095 0.071738
v -0.326488 -0.278581 0.070866
v -0.326488 -0.278242 0.069886
v -0.326488 -0.278094 0.068846
v -0.326488 -0.282325 0.073457
v -0.311488 -0.278242 0.069886
v -0.311488 -0.278094 0.068846
v -0.311488 -0.278581 0.070866
v -0.311488 -0.279761 0.072463
v -0.311488 -0.279095 0.071738
v -0.311488 -0.280546 0.073006
v -0.311488 -0.281414 0.073343
v -0.311488 -0.282325 0.073457
v -0.311488 -0.283236 0.073343
v -0.282613 -0.250338 0.014178
v -0.277721 -0.255321 0.014178
v -0.278040 -0.255845 0.014178
v -0.277280 -0.254870 0.014178
v -0.276737 -0.254512 0.014178
v -0.275454 -0.254136 0.014178
v -0.276119 -0.254263 0.014178
v -0.274773 -0.254136 0.014178
v -0.278222 -0.256415 0.014178
v -0.278259 -0.257006 0.014178
v -0.267613 -0.250338 0.014178
v -0.282613 -0.250338 0.027303
v -0.267613 -0.250338 0.027303
v -0.275454 -0.254136 0.022503
v -0.276119 -0.254263 0.022503
v -0.276737 -0.254512 0.022503
v -0.277280 -0.254870 0.022503
v -0.277721 -0.255321 0.022503
v -0.275113 -0.254120 0.022503
v -0.282613 -0.271205 0.014178
v -0.282613 -0.265801 0.027303
v -0.278259 -0.257006 0.022503
v -0.278149 -0.257591 0.022503
v -0.278149 -0.257591 0.014178
v -0.278222 -0.256415 0.022503
v -0.278040 -0.255845 0.022503
v -0.277896 -0.258141 0.014178
v -0.277896 -0.258141 0.022503
v -0.277514 -0.258631 0.014178
v -0.277514 -0.258631 0.022503
v -0.277020 -0.259038 0.014178
v -0.277020 -0.259038 0.022503
v -0.276436 -0.259343 0.014178
v -0.276436 -0.259343 0.022503
v -0.275791 -0.259532 0.022503
v -0.275113 -0.259596 0.022503
v -0.275113 -0.259596 0.014178
v -0.275791 -0.259532 0.014178
v -0.278144 -0.252294 0.022503
v -0.272082 -0.252294 0.022503
v -0.272082 -0.252294 0.027303
v -0.278144 -0.252294 0.027303
v -0.281176 -0.256858 0.027303
v -0.281176 -0.256858 0.022503
v -0.278144 -0.261422 0.027303
v -0.278144 -0.261422 0.022503
v -0.272082 -0.261422 0.022503
v -0.272082 -0.261422 0.027303
v -0.274108 -0.254263 0.022503
v -0.274773 -0.254136 0.022503
v -0.273489 -0.254512 0.014178
v -0.273489 -0.254512 0.022503
v -0.274108 -0.254263 0.014178
v -0.272506 -0.255321 0.014178
v -0.272506 -0.255321 0.022503
v -0.272947 -0.254870 0.014178
v -0.272947 -0.254870 0.022503
v -0.272187 -0.255845 0.014178
v -0.272005 -0.256415 0.014178
v -0.271968 -0.257006 0.014178
v -0.272078 -0.257591 0.014178
v -0.272005 -0.256415 0.022503
v -0.272187 -0.255845 0.022503
v -0.272078 -0.257591 0.022503
v -0.271968 -0.257006 0.022503
v -0.272330 -0.258141 0.022503
v -0.272330 -0.258141 0.014178
v -0.273791 -0.259343 0.014178
v -0.273791 -0.259343 0.022503
v -0.273207 -0.259038 0.014178
v -0.273207 -0.259038 0.022503
v -0.272713 -0.258631 0.014178
v -0.272713 -0.258631 0.022503
v -0.274436 -0.259532 0.014178
v -0.274436 -0.259532 0.022503
v -0.267613 -0.265801 0.027303
v -0.267613 -0.271205 0.014178
v -0.269051 -0.256858 0.027303
v -0.269051 -0.256858 0.022503
v -0.282613 -0.272536 0.027789
v -0.267613 -0.272536 0.027789
v -0.282613 -0.276213 0.040816
v -0.267613 -0.269035 0.040458
v -0.282613 -0.269035 0.040458
v -0.267613 -0.276213 0.040816
v -0.267613 -0.281365 0.063703
v -0.267613 -0.274281 0.052725
v -0.282613 -0.281365 0.063703
v -0.282613 -0.274281 0.052725
v -0.282613 -0.282086 0.052731
v -0.267613 -0.282086 0.052731
v -0.438988 -0.388950 -0.054072
v -0.420988 -0.362219 -0.054072
v -0.420988 -0.298324 -0.054072
v -0.420988 -0.298324 -0.037743
v -0.326488 -0.298324 -0.037743
v -0.326488 -0.291546 -0.031120
v -0.326488 -0.298324 -0.054072
v -0.326488 -0.362219 -0.054072
v -0.363988 -0.326987 0.005260
v -0.363988 -0.325537 0.006263
v -0.363988 -0.330272 0.013428
v -0.363988 -0.324309 0.007601
v -0.363988 -0.330272 0.004428
v -0.363988 -0.328590 0.004638
v -0.363988 -0.322733 0.011020
v -0.363988 -0.322459 0.012940
v -0.363988 -0.323359 0.009212
v -0.363988 -0.331954 0.004638
v -0.363988 -0.337184 0.009212
v -0.363988 -0.336235 0.007601
v -0.363988 -0.337810 0.011020
v -0.363988 -0.338084 0.012940
v -0.363988 -0.333557 0.005260
v -0.363988 -0.335006 0.006263
v -0.311488 -0.322733 0.011020
v -0.311488 -0.322459 0.012940
v -0.311488 -0.324309 0.007601
v -0.311488 -0.323359 0.009212
v -0.311488 -0.325537 0.006263
v -0.311488 -0.326987 0.005260
v -0.311488 -0.328590 0.004638
v -0.311488 -0.330272 0.004428
v -0.311488 -0.335006 0.006263
v -0.311488 -0.336235 0.007601
v -0.311488 -0.337184 0.009212
v -0.311488 -0.333557 0.005260
v -0.311488 -0.331954 0.004638
v -0.420988 -0.388950 -0.054072
v -0.420988 -0.374755 -0.023322
v -0.420988 -0.388950 -0.023322
v -0.420988 -0.368998 -0.031120
v -0.420988 -0.388950 0.050178
v -0.420988 -0.362219 -0.037743
v -0.326488 -0.374755 -0.023322
v -0.326488 -0.368998 -0.031120
v -0.326488 -0.362219 -0.037743
v -0.326488 -0.388950 -0.023322
v -0.311488 -0.337810 0.011020
v -0.311488 -0.338084 0.012940
v -0.438988 -0.388950 0.080928
v -0.420988 -0.298324 0.080928
v -0.420988 -0.298324 0.064598
v -0.363988 -0.324891 0.019962
v -0.363988 -0.326238 0.021139
v -0.363988 -0.323004 0.016759
v -0.363988 -0.323796 0.018478
v -0.363988 -0.322551 0.014884
v -0.363988 -0.327774 0.021957
v -0.363988 -0.329426 0.022375
v -0.363988 -0.335652 0.019962
v -0.363988 -0.336747 0.018478
v -0.363988 -0.337992 0.014884
v -0.363988 -0.334305 0.021139
v -0.363988 -0.332770 0.021957
v -0.363988 -0.331118 0.022375
v -0.363988 -0.337540 0.016759
v -0.311488 -0.323004 0.016759
v -0.311488 -0.323796 0.018478
v -0.311488 -0.322551 0.014884
v -0.311488 -0.327774 0.021957
v -0.311488 -0.329426 0.022375
v -0.311488 -0.326238 0.021139
v -0.311488 -0.324891 0.019962
v -0.311488 -0.335652 0.019962
v -0.311488 -0.336747 0.018478
v -0.311488 -0.334305 0.021139
v -0.311488 -0.332770 0.021957
v -0.311488 -0.331118 0.022375
v -0.326488 -0.298324 0.064598
v -0.326488 -0.298324 0.080928
v -0.326488 -0.291546 0.057975
v -0.420988 -0.362219 0.080928
v -0.326488 -0.362219 0.080928
v -0.420988 -0.388950 0.080928
v -0.420988 -0.362219 0.064598
v -0.420988 -0.368998 0.057975
v -0.420988 -0.374755 0.050178
v -0.326488 -0.362219 0.064598
v -0.311488 -0.337540 0.016759
v -0.311488 -0.337992 0.014884
v -0.326488 -0.368998 0.057975
v -0.326488 -0.374755 0.050178
v -0.326488 -0.388950 0.050178
v -0.311488 -0.304506 -0.054072
v -0.311488 -0.285240 -0.045266
v -0.326488 -0.285240 -0.045266
v -0.311488 -0.285833 -0.044462
v -0.326488 -0.285833 -0.044462
v -0.326488 -0.284510 -0.045904
v -0.311488 -0.284510 -0.045904
v -0.326488 -0.283678 -0.046346
v -0.311488 -0.283678 -0.046346
v -0.326488 -0.286507 -0.042515
v -0.326488 -0.286262 -0.043531
v -0.311488 -0.286557 -0.041463
v -0.311488 -0.286507 -0.042515
v -0.311488 -0.286262 -0.043531
v -0.326488 -0.286557 -0.041463
v -0.311488 -0.286409 -0.040422
v -0.326488 -0.286409 -0.040422
v -0.311488 -0.286069 -0.039443
v -0.326488 -0.286069 -0.039443
v -0.326488 -0.284105 -0.037302
v -0.326488 -0.284890 -0.037846
v -0.326488 -0.285555 -0.038571
v -0.326488 -0.282325 -0.036852
v -0.326488 -0.283236 -0.036966
v -0.311488 -0.284105 -0.037302
v -0.311488 -0.285555 -0.038571
v -0.311488 -0.284890 -0.037846
v -0.311488 -0.304506 -0.016212
v -0.267613 -0.290054 -0.046174
v -0.267613 -0.289917 -0.036193
v -0.267613 -0.300064 -0.053544
v -0.267613 -0.299388 -0.044495
v -0.282613 -0.290054 -0.046174
v -0.282613 -0.300064 -0.053544
v -0.282613 -0.289917 -0.036193
v -0.282613 -0.299388 -0.044495
v -0.267613 -0.311066 -0.058715
v -0.282613 -0.311066 -0.058715
v -0.282613 -0.310113 -0.050443
v -0.267613 -0.310113 -0.050443
v -0.267613 -0.321658 -0.053796
v -0.267613 -0.322698 -0.061518
v -0.282613 -0.322698 -0.061518
v -0.282613 -0.321658 -0.053796
v -0.311488 -0.373986 -0.041463
v -0.311488 -0.374036 -0.042515
v -0.311488 -0.388950 -0.054072
v -0.311488 -0.376865 -0.046346
v -0.311488 -0.376033 -0.045904
v -0.311488 -0.374135 -0.040422
v -0.311488 -0.374281 -0.043531
v -0.311488 -0.375304 -0.045266
v -0.311488 -0.374710 -0.044462
v -0.282613 -0.345314 -0.052282
v -0.267613 -0.345314 -0.052282
v -0.282613 -0.333552 -0.054417
v -0.267613 -0.333552 -0.054417
v -0.267613 -0.334579 -0.061859
v -0.282613 -0.334579 -0.061859
v -0.282613 -0.346319 -0.059729
v -0.267613 -0.357531 -0.055197
v -0.282613 -0.357531 -0.055197
v -0.267613 -0.346319 -0.059729
v -0.282613 -0.356464 -0.047477
v -0.267613 -0.356464 -0.047477
v -0.311488 -0.374474 -0.039443
v -0.311488 -0.374988 -0.038571
v -0.311488 -0.375653 -0.037846
v -0.311488 -0.388950 -0.016212
v -0.311488 -0.377307 -0.036966
v -0.311488 -0.376439 -0.037302
v -0.311488 -0.285240 0.065043
v -0.311488 -0.284510 0.064405
v -0.311488 -0.283678 0.063962
v -0.311488 -0.286262 0.066778
v -0.311488 -0.304506 0.080928
v -0.311488 -0.282783 0.063736
v -0.311488 -0.285833 0.065846
v -0.326488 -0.283678 0.063962
v -0.326488 -0.284510 0.064405
v -0.326488 -0.282783 0.063736
v -0.326488 -0.285833 0.065846
v -0.326488 -0.286262 0.066778
v -0.326488 -0.286507 0.067793
v -0.311488 -0.286507 0.067793
v -0.311488 -0.286557 0.068846
v -0.326488 -0.286557 0.068846
v -0.326488 -0.285240 0.065043
v -0.326488 -0.286409 0.069886
v -0.311488 -0.284105 0.073006
v -0.326488 -0.284105 0.073006
v -0.326488 -0.283236 0.073343
v -0.311488 -0.285555 0.071738
v -0.326488 -0.285555 0.071738
v -0.311488 -0.284890 0.072463
v -0.326488 -0.284890 0.072463
v -0.311488 -0.286409 0.069886
v -0.311488 -0.286069 0.070866
v -0.326488 -0.286069 0.070866
v -0.282613 -0.289917 0.063049
v -0.267613 -0.289917 0.063049
v -0.267613 -0.299388 0.071350
v -0.282613 -0.299388 0.071350
v -0.282613 -0.300064 0.080400
v -0.282613 -0.290054 0.073030
v -0.267613 -0.290054 0.073030
v -0.267613 -0.300064 0.080400
v -0.282613 -0.311066 0.085571
v -0.267613 -0.311066 0.085571
v -0.267613 -0.310113 0.077298
v -0.282613 -0.310113 0.077298
v -0.282613 -0.322698 0.088373
v -0.282613 -0.321658 0.080651
v -0.267613 -0.321658 0.080651
v -0.267613 -0.322698 0.088373
v -0.311488 -0.377307 0.073343
v -0.311488 -0.376439 0.073006
v -0.311488 -0.375653 0.072463
v -0.311488 -0.374988 0.071738
v -0.311488 -0.374474 0.070866
v -0.311488 -0.388950 0.080928
v -0.311488 -0.374135 0.069886
v -0.311488 -0.373986 0.068846
v -0.311488 -0.374036 0.067793
v -0.267613 -0.334579 0.088715
v -0.282613 -0.334579 0.088715
v -0.282613 -0.333552 0.081273
v -0.267613 -0.333552 0.081273
v -0.267613 -0.345314 0.079138
v -0.282613 -0.345314 0.079138
v -0.282613 -0.346319 0.086585
v -0.267613 -0.346319 0.086585
v -0.282613 -0.357531 0.082053
v -0.282613 -0.356464 0.074332
v -0.267613 -0.357531 0.082053
v -0.267613 -0.356464 0.074332
v -0.326488 -0.374710 -0.044462
v -0.326488 -0.374281 -0.043531
v -0.326488 -0.375304 -0.045266
v -0.326488 -0.377760 -0.046573
v -0.326488 -0.376865 -0.046346
v -0.326488 -0.378676 -0.046573
v -0.326488 -0.388950 -0.054072
v -0.326488 -0.376033 -0.045904
v -0.326488 -0.374036 -0.042515
v -0.326488 -0.373986 -0.041463
v -0.326488 -0.374135 -0.040422
v -0.326488 -0.382301 -0.040422
v -0.326488 -0.382450 -0.041463
v -0.326488 -0.382400 -0.042515
v -0.326488 -0.382155 -0.043531
v -0.326488 -0.381726 -0.044462
v -0.326488 -0.381132 -0.045266
v -0.326488 -0.380403 -0.045904
v -0.326488 -0.379571 -0.046346
v -0.311488 -0.377760 -0.046573
v -0.311488 -0.379571 -0.046346
v -0.311488 -0.378676 -0.046573
v -0.311488 -0.381726 -0.044462
v -0.311488 -0.381132 -0.045266
v -0.311488 -0.380403 -0.045904
v -0.311488 -0.382155 -0.043531
v -0.311488 -0.382400 -0.042515
v -0.311488 -0.382450 -0.041463
v -0.311488 -0.382301 -0.040422
v -0.326488 -0.374474 -0.039443
v -0.326488 -0.375653 -0.037846
v -0.326488 -0.374988 -0.038571
v -0.326488 -0.377307 -0.036966
v -0.326488 -0.376439 -0.037302
v -0.326488 -0.378218 -0.036852
v -0.311488 -0.378218 -0.036852
v -0.326488 -0.379129 -0.036966
v -0.326488 -0.379997 -0.037302
v -0.326488 -0.380783 -0.037846
v -0.326488 -0.381448 -0.038571
v -0.326488 -0.381962 -0.039443
v -0.311488 -0.379129 -0.036966
v -0.311488 -0.379997 -0.037302
v -0.311488 -0.380783 -0.037846
v -0.311488 -0.381448 -0.038571
v -0.311488 -0.381962 -0.039443
v -0.282613 -0.366550 -0.040197
v -0.282613 -0.388950 -0.055197
v -0.277584 -0.369391 -0.048273
v -0.277584 -0.379040 -0.048273
v -0.277546 -0.369391 -0.048969
v -0.277546 -0.379040 -0.048969
v -0.277033 -0.379040 -0.050257
v -0.276581 -0.379040 -0.050789
v -0.276581 -0.369391 -0.050789
v -0.277359 -0.369391 -0.049641
v -0.277359 -0.379040 -0.049641
v -0.277033 -0.369391 -0.050257
v -0.277471 -0.369391 -0.047585
v -0.277471 -0.379040 -0.047585
v -0.277213 -0.379040 -0.046937
v -0.277213 -0.369391 -0.046937
v -0.276821 -0.379040 -0.046359
v -0.276821 -0.369391 -0.046359
v -0.274015 -0.379040 -0.051653
v -0.274712 -0.379040 -0.051653
v -0.281113 -0.379040 -0.053697
v -0.275393 -0.379040 -0.051504
v -0.276026 -0.379040 -0.051211
v -0.281113 -0.383213 -0.053697
v -0.276026 -0.383213 -0.051211
v -0.275393 -0.383213 -0.051504
v -0.274712 -0.383213 -0.051653
v -0.277584 -0.383213 -0.048273
v -0.277546 -0.383213 -0.048969
v -0.277359 -0.383213 -0.049641
v -0.277033 -0.383213 -0.050257
v -0.276581 -0.383213 -0.050789
v -0.281113 -0.379040 -0.043197
v -0.282613 -0.388950 -0.040197
v -0.277213 -0.383213 -0.046937
v -0.277471 -0.383213 -0.047585
v -0.281113 -0.383213 -0.043197
v -0.276821 -0.383213 -0.046359
v -0.279538 -0.388950 -0.052122
v -0.279280 -0.388950 -0.053933
v -0.280417 -0.388950 -0.053001
v -0.277359 -0.388950 -0.049641
v -0.277546 -0.388950 -0.048969
v -0.277033 -0.388950 -0.050257
v -0.276581 -0.388950 -0.050789
v -0.281349 -0.388950 -0.051864
v -0.276026 -0.388950 -0.051211
v -0.274015 -0.388950 -0.051653
v -0.274712 -0.388950 -0.051653
v -0.277218 -0.388950 -0.051374
v -0.276557 -0.388950 -0.051597
v -0.277815 -0.388950 -0.051015
v -0.275393 -0.388950 -0.051504
v -0.277983 -0.388950 -0.054626
v -0.275863 -0.388950 -0.051672
v -0.279084 -0.388950 -0.048622
v -0.278971 -0.388950 -0.049310
v -0.278713 -0.388950 -0.049958
v -0.278321 -0.388950 -0.050535
v -0.279538 -0.388950 -0.044520
v -0.278859 -0.388950 -0.047254
v -0.279046 -0.388950 -0.047926
v -0.282042 -0.388950 -0.050567
v -0.282469 -0.388950 -0.049160
v -0.282613 -0.388950 -0.047697
v -0.282613 -0.388950 -0.044520
v -0.277584 -0.388950 -0.048273
v -0.277213 -0.388950 -0.046937
v -0.277471 -0.388950 -0.047585
v -0.277526 -0.388950 -0.045684
v -0.278081 -0.388950 -0.046106
v -0.275863 -0.388950 -0.045222
v -0.276212 -0.388950 -0.045241
v -0.276821 -0.388950 -0.046359
v -0.276893 -0.388950 -0.045391
v -0.278533 -0.388950 -0.046637
v -0.274363 -0.383213 -0.045222
v -0.275057 -0.383213 -0.045298
v -0.275717 -0.383213 -0.045520
v -0.276315 -0.383213 -0.045880
v -0.276315 -0.379040 -0.045880
v -0.275717 -0.379040 -0.045520
v -0.275057 -0.379040 -0.045298
v -0.274363 -0.379040 -0.045222
v -0.282613 -0.388950 -0.028076
v -0.279538 -0.388950 -0.028076
v -0.276315 -0.388950 -0.045880
v -0.275717 -0.388950 -0.045520
v -0.275057 -0.388950 -0.045298
v -0.279227 -0.388950 0.003433
v -0.282613 -0.388950 0.013428
v -0.279904 -0.388950 0.016771
v -0.275880 -0.388950 -0.009494
v -0.281349 -0.393514 -0.051864
v -0.278713 -0.393514 -0.049958
v -0.282042 -0.393514 -0.050567
v -0.279280 -0.393514 -0.053933
v -0.280417 -0.393514 -0.053001
v -0.278321 -0.393514 -0.050535
v -0.276557 -0.393514 -0.051597
v -0.277218 -0.393514 -0.051374
v -0.277983 -0.393514 -0.054626
v -0.276577 -0.393514 -0.055053
v -0.276577 -0.388950 -0.055053
v -0.277815 -0.393514 -0.051015
v -0.278971 -0.393514 -0.049310
v -0.282469 -0.393514 -0.049160
v -0.279084 -0.393514 -0.048622
v -0.282613 -0.393514 -0.047697
v -0.279046 -0.393514 -0.047926
v -0.278859 -0.393514 -0.047254
v -0.278533 -0.393514 -0.046637
v -0.278081 -0.393514 -0.046106
v -0.277526 -0.393514 -0.045684
v -0.276893 -0.393514 -0.045391
v -0.282613 -0.393514 -0.010721
v -0.276212 -0.393514 -0.045241
v -0.277224 -0.393514 -0.022542
v -0.278971 -0.417638 -0.049310
v -0.278713 -0.417638 -0.049958
v -0.281349 -0.417638 -0.051864
v -0.282042 -0.417638 -0.050567
v -0.280417 -0.417638 -0.053001
v -0.277815 -0.417638 -0.051015
v -0.277218 -0.417638 -0.051374
v -0.277983 -0.417638 -0.054626
v -0.276577 -0.417638 -0.055053
v -0.276557 -0.417638 -0.051597
v -0.278321 -0.417638 -0.050535
v -0.279280 -0.417638 -0.053933
v -0.281349 -0.422202 -0.051864
v -0.278713 -0.422202 -0.049958
v -0.282042 -0.422202 -0.050567
v -0.278321 -0.422202 -0.050535
v -0.280417 -0.422202 -0.053001
v -0.279280 -0.422202 -0.053933
v -0.277983 -0.422202 -0.054626
v -0.276577 -0.422202 -0.055053
v -0.277218 -0.422202 -0.051374
v -0.276557 -0.422202 -0.051597
v -0.277815 -0.422202 -0.051015
v -0.282469 -0.417638 -0.049160
v -0.279084 -0.417638 -0.048622
v -0.278859 -0.417638 -0.047254
v -0.279046 -0.417638 -0.047926
v -0.282613 -0.417638 -0.047697
v -0.278081 -0.417638 -0.046106
v -0.278533 -0.417638 -0.046637
v -0.278971 -0.422202 -0.049310
v -0.279084 -0.422202 -0.048622
v -0.282469 -0.422202 -0.049160
v -0.282613 -0.422202 -0.047697
v -0.279046 -0.422202 -0.047926
v -0.278859 -0.422202 -0.047254
v -0.278533 -0.422202 -0.046637
v -0.278081 -0.422202 -0.046106
v -0.277526 -0.422202 -0.045684
v -0.277526 -0.417638 -0.045684
v -0.276893 -0.422202 -0.045391
v -0.276893 -0.417638 -0.045391
v -0.282613 -0.417638 -0.010721
v -0.276212 -0.417638 -0.045241
v -0.277224 -0.417638 -0.022542
v -0.279988 -0.422202 0.013415
v -0.279227 -0.422202 0.003433
v -0.275880 -0.422202 -0.009494
v -0.282613 -0.422202 0.013428
v -0.276212 -0.422202 -0.045241
v -0.267613 -0.366550 -0.040197
v -0.267613 -0.379040 -0.043197
v -0.267613 -0.388950 -0.055197
v -0.276026 -0.369391 -0.051211
v -0.275393 -0.369391 -0.051504
v -0.274712 -0.369391 -0.051653
v -0.274015 -0.369391 -0.051653
v -0.273334 -0.369391 -0.051504
v -0.273334 -0.379040 -0.051504
v -0.272701 -0.369391 -0.051211
v -0.272701 -0.379040 -0.051211
v -0.272146 -0.369391 -0.050789
v -0.272146 -0.379040 -0.050789
v -0.271694 -0.379040 -0.050257
v -0.271694 -0.369391 -0.050257
v -0.267613 -0.379040 -0.053697
v -0.274363 -0.369391 -0.048447
v -0.274363 -0.369391 -0.045222
v -0.275057 -0.369391 -0.045298
v -0.276315 -0.369391 -0.045880
v -0.275717 -0.369391 -0.045520
v -0.271181 -0.369391 -0.048969
v -0.271143 -0.369391 -0.048273
v -0.271367 -0.369391 -0.049641
v -0.272412 -0.369391 -0.045880
v -0.273009 -0.369391 -0.045520
v -0.271905 -0.369391 -0.046359
v -0.273670 -0.369391 -0.045298
v -0.271256 -0.369391 -0.047585
v -0.271514 -0.369391 -0.046937
v -0.271905 -0.379040 -0.046359
v -0.272412 -0.379040 -0.045880
v -0.273009 -0.379040 -0.045520
v -0.273670 -0.379040 -0.045298
v -0.271367 -0.379040 -0.049641
v -0.271181 -0.379040 -0.048969
v -0.271143 -0.379040 -0.048273
v -0.271256 -0.379040 -0.047585
v -0.271514 -0.379040 -0.046937
v -0.267613 -0.383213 -0.053697
v -0.274015 -0.383213 -0.051653
v -0.273334 -0.383213 -0.051504
v -0.272701 -0.383213 -0.051211
v -0.272146 -0.383213 -0.050789
v -0.271694 -0.383213 -0.050257
v -0.271367 -0.383213 -0.049641
v -0.271181 -0.383213 -0.048969
v -0.267613 -0.383213 -0.043197
v -0.267613 -0.388950 -0.040197
v -0.273670 -0.383213 -0.045298
v -0.271143 -0.383213 -0.048273
v -0.271256 -0.383213 -0.047585
v -0.273009 -0.383213 -0.045520
v -0.272412 -0.383213 -0.045880
v -0.271905 -0.383213 -0.046359
v -0.271514 -0.383213 -0.046937
v -0.273334 -0.388950 -0.051504
v -0.272701 -0.388950 -0.051211
v -0.275113 -0.388950 -0.055197
v -0.271936 -0.388950 -0.052122
v -0.275113 -0.393514 -0.055197
v -0.271936 -0.388950 -0.055197
v -0.275170 -0.388950 -0.051597
v -0.275863 -0.393514 -0.051672
v -0.274509 -0.393514 -0.051374
v -0.274509 -0.388950 -0.051374
v -0.275170 -0.393514 -0.051597
v -0.273912 -0.388950 -0.051015
v -0.273405 -0.388950 -0.050535
v -0.273912 -0.393514 -0.051015
v -0.273405 -0.393514 -0.050535
v -0.272756 -0.388950 -0.049310
v -0.273014 -0.388950 -0.049958
v -0.273014 -0.393514 -0.049958
v -0.272756 -0.393514 -0.049310
v -0.271367 -0.388950 -0.049641
v -0.271694 -0.388950 -0.050257
v -0.271181 -0.388950 -0.048969
v -0.271143 -0.388950 -0.048273
v -0.272146 -0.388950 -0.050789
v -0.272643 -0.388950 -0.048622
v -0.271905 -0.388950 -0.046359
v -0.272412 -0.388950 -0.045880
v -0.271936 -0.388950 -0.044520
v -0.272643 -0.393514 -0.048622
v -0.272681 -0.388950 -0.047926
v -0.272681 -0.393514 -0.047926
v -0.272867 -0.388950 -0.047254
v -0.272867 -0.393514 -0.047254
v -0.273194 -0.388950 -0.046637
v -0.273194 -0.393514 -0.046637
v -0.274201 -0.393514 -0.045684
v -0.274201 -0.388950 -0.045684
v -0.273646 -0.393514 -0.046106
v -0.273646 -0.388950 -0.046106
v -0.274363 -0.388950 -0.045222
v -0.273670 -0.388950 -0.045298
v -0.273009 -0.388950 -0.045520
v -0.275515 -0.388950 -0.045241
v -0.274834 -0.388950 -0.045391
v -0.274834 -0.393514 -0.045391
v -0.275515 -0.393514 -0.045241
v -0.275863 -0.393514 -0.045222
v -0.271256 -0.388950 -0.047585
v -0.271514 -0.388950 -0.046937
v -0.236934 -0.388950 -0.044520
v -0.239751 -0.388950 -0.047337
v -0.251692 -0.388950 -0.040743
v -0.246838 -0.388950 -0.043817
v -0.238137 -0.393514 -0.055197
v -0.269999 -0.388950 -0.021484
v -0.261825 -0.388950 -0.032044
v -0.271936 -0.388950 -0.028076
v -0.227274 -0.388950 -0.051221
v -0.213988 -0.388950 -0.052572
v -0.239751 -0.392862 -0.047337
v -0.213988 -0.388950 -0.055197
v -0.246838 -0.392862 -0.043817
v -0.220490 -0.388950 -0.028076
v -0.224595 -0.388950 -0.021574
v -0.224595 -0.392862 -0.021574
v -0.213988 -0.388950 -0.021574
v -0.247854 -0.388950 0.023102
v -0.224595 -0.388950 -0.010967
v -0.248990 -0.388950 0.024034
v -0.246557 -0.388950 0.022409
v -0.245150 -0.388950 0.021982
v -0.243687 -0.388950 0.021838
v -0.213988 -0.388950 0.013428
v -0.239520 -0.388950 0.023102
v -0.242224 -0.388950 0.021982
v -0.240817 -0.388950 0.022409
v -0.260632 -0.393514 -0.042402
v -0.249958 -0.393514 -0.049808
v -0.260632 -0.417638 -0.042402
v -0.249958 -0.417638 -0.049808
v -0.269818 -0.393514 -0.033216
v -0.269818 -0.417638 -0.033216
v -0.251692 -0.422202 -0.040743
v -0.261825 -0.422202 -0.032044
v -0.269999 -0.422202 -0.021484
v -0.275863 -0.417638 -0.051672
v -0.275170 -0.417638 -0.051597
v -0.274509 -0.417638 -0.051374
v -0.275113 -0.417638 -0.055197
v -0.275113 -0.422202 -0.055197
v -0.273912 -0.422202 -0.051015
v -0.274509 -0.422202 -0.051374
v -0.275170 -0.422202 -0.051597
v -0.275863 -0.422202 -0.051672
v -0.273912 -0.417638 -0.051015
v -0.273405 -0.417638 -0.050535
v -0.273405 -0.422202 -0.050535
v -0.273014 -0.417638 -0.049958
v -0.273014 -0.422202 -0.049958
v -0.272867 -0.417638 -0.047254
v -0.272681 -0.417638 -0.047926
v -0.272681 -0.422202 -0.047926
v -0.272643 -0.422202 -0.048622
v -0.272643 -0.417638 -0.048622
v -0.272756 -0.417638 -0.049310
v -0.272756 -0.422202 -0.049310
v -0.272867 -0.422202 -0.047254
v -0.275863 -0.417638 -0.045222
v -0.275515 -0.417638 -0.045241
v -0.275515 -0.422202 -0.045241
v -0.275863 -0.422202 -0.045222
v -0.274834 -0.422202 -0.045391
v -0.274834 -0.417638 -0.045391
v -0.274201 -0.417638 -0.045684
v -0.274201 -0.422202 -0.045684
v -0.273646 -0.422202 -0.046106
v -0.273194 -0.417638 -0.046637
v -0.273646 -0.417638 -0.046106
v -0.273194 -0.422202 -0.046637
v -0.238137 -0.417638 -0.055197
v -0.240016 -0.422202 -0.047224
v -0.240016 -0.392862 -0.047224
v -0.227274 -0.422202 -0.051221
v -0.223662 -0.392862 -0.020438
v -0.213988 -0.422202 -0.055197
v -0.240817 -0.392862 0.022409
v -0.242224 -0.392862 0.021982
v -0.224595 -0.392862 -0.010967
v -0.243687 -0.392862 0.021838
v -0.245150 -0.392862 0.021982
v -0.246557 -0.392862 0.022409
v -0.248990 -0.392862 0.024034
v -0.247854 -0.392862 0.023102
v -0.311488 -0.377760 0.063736
v -0.311488 -0.376033 0.064405
v -0.311488 -0.375304 0.065043
v -0.311488 -0.376865 0.063962
v -0.311488 -0.374710 0.065846
v -0.311488 -0.374281 0.066778
v -0.311488 -0.379571 0.063962
v -0.311488 -0.380403 0.064405
v -0.311488 -0.381132 0.065043
v -0.311488 -0.381726 0.065846
v -0.311488 -0.378676 0.063736
v -0.311488 -0.382155 0.066778
v -0.311488 -0.382400 0.067793
v -0.326488 -0.376033 0.064405
v -0.326488 -0.376865 0.063962
v -0.326488 -0.374710 0.065846
v -0.326488 -0.377760 0.063736
v -0.326488 -0.378676 0.063736
v -0.326488 -0.375304 0.065043
v -0.326488 -0.374036 0.067793
v -0.326488 -0.373986 0.068846
v -0.326488 -0.374281 0.066778
v -0.326488 -0.380403 0.064405
v -0.326488 -0.379571 0.063962
v -0.326488 -0.381132 0.065043
v -0.326488 -0.382155 0.066778
v -0.326488 -0.381726 0.065846
v -0.326488 -0.382400 0.067793
v -0.326488 -0.382450 0.068846
v -0.326488 -0.388950 0.080928
v -0.311488 -0.382450 0.068846
v -0.326488 -0.374135 0.069886
v -0.326488 -0.374474 0.070866
v -0.326488 -0.377307 0.073343
v -0.326488 -0.376439 0.073006
v -0.326488 -0.374988 0.071738
v -0.326488 -0.375653 0.072463
v -0.326488 -0.379129 0.073343
v -0.326488 -0.379997 0.073006
v -0.326488 -0.382301 0.069886
v -0.326488 -0.381962 0.070866
v -0.326488 -0.378218 0.073457
v -0.326488 -0.380783 0.072463
v -0.326488 -0.381448 0.071738
v -0.311488 -0.379997 0.073006
v -0.311488 -0.379129 0.073343
v -0.311488 -0.378218 0.073457
v -0.311488 -0.381448 0.071738
v -0.311488 -0.380783 0.072463
v -0.311488 -0.381962 0.070866
v -0.311488 -0.382301 0.069886
v -0.282613 -0.366550 0.067053
v -0.282613 -0.388950 0.082053
v -0.282613 -0.388950 0.067053
v -0.277546 -0.379040 0.074781
v -0.277359 -0.379040 0.074109
v -0.277359 -0.369391 0.074109
v -0.277033 -0.369391 0.073493
v -0.277546 -0.369391 0.074781
v -0.277584 -0.369391 0.075477
v -0.277584 -0.379040 0.075477
v -0.277033 -0.379040 0.073493
v -0.276581 -0.369391 0.072961
v -0.276581 -0.379040 0.072961
v -0.281113 -0.379040 0.070053
v -0.281113 -0.379040 0.080553
v -0.274712 -0.379040 0.072097
v -0.275393 -0.379040 0.072247
v -0.276026 -0.379040 0.072539
v -0.277471 -0.379040 0.076165
v -0.277471 -0.369391 0.076165
v -0.277213 -0.379040 0.076813
v -0.277213 -0.369391 0.076813
v -0.276821 -0.379040 0.077391
v -0.276821 -0.369391 0.077391
v -0.276315 -0.379040 0.077870
v -0.275717 -0.379040 0.078230
v -0.275057 -0.379040 0.078452
v -0.274363 -0.379040 0.078528
v -0.281113 -0.383213 0.070053
v -0.276581 -0.383213 0.072961
v -0.276026 -0.383213 0.072539
v -0.277033 -0.383213 0.073493
v -0.277359 -0.383213 0.074109
v -0.277546 -0.383213 0.074781
v -0.277584 -0.383213 0.075477
v -0.281113 -0.383213 0.080553
v -0.274712 -0.383213 0.072097
v -0.275393 -0.383213 0.072247
v -0.277033 -0.388950 0.073493
v -0.277359 -0.388950 0.074109
v -0.277546 -0.388950 0.074781
v -0.276581 -0.388950 0.072961
v -0.277584 -0.388950 0.075477
v -0.277213 -0.383213 0.076813
v -0.277213 -0.388950 0.076813
v -0.277471 -0.383213 0.076165
v -0.277471 -0.388950 0.076165
v -0.276821 -0.388950 0.077391
v -0.276821 -0.383213 0.077391
v -0.274363 -0.383213 0.078528
v -0.275057 -0.383213 0.078452
v -0.275717 -0.383213 0.078230
v -0.276315 -0.383213 0.077870
v -0.282613 -0.388950 0.071375
v -0.282613 -0.393514 0.037577
v -0.279538 -0.388950 0.071375
v -0.277881 -0.388950 0.029971
v -0.277881 -0.422202 0.029971
v -0.282613 -0.417638 0.037577
v -0.279904 -0.422202 0.016771
v -0.282613 -0.422202 0.074553
v -0.278321 -0.422202 0.073215
v -0.277815 -0.422202 0.072735
v -0.276557 -0.422202 0.072153
v -0.277218 -0.422202 0.072376
v -0.277224 -0.417638 0.049397
v -0.277224 -0.393514 0.049397
v -0.276557 -0.393514 0.072153
v -0.277218 -0.393514 0.072376
v -0.275863 -0.393514 0.072078
v -0.277815 -0.393514 0.072735
v -0.278321 -0.393514 0.073215
v -0.282613 -0.393514 0.074553
v -0.274753 -0.388950 0.039190
v -0.276026 -0.388950 0.072539
v -0.275393 -0.388950 0.072247
v -0.274712 -0.388950 0.072097
v -0.277815 -0.388950 0.072735
v -0.278321 -0.388950 0.073215
v -0.277218 -0.388950 0.072376
v -0.274015 -0.388950 0.072097
v -0.276557 -0.388950 0.072153
v -0.275863 -0.388950 0.072078
v -0.282613 -0.388950 0.074553
v -0.282469 -0.388950 0.076016
v -0.279538 -0.388950 0.078978
v -0.279084 -0.388950 0.075128
v -0.282042 -0.388950 0.077423
v -0.278971 -0.388950 0.074440
v -0.278713 -0.388950 0.073792
v -0.282469 -0.393514 0.076016
v -0.279084 -0.393514 0.075128
v -0.279046 -0.393514 0.075824
v -0.278713 -0.393514 0.073792
v -0.278971 -0.393514 0.074440
v -0.279046 -0.388950 0.075824
v -0.281349 -0.388950 0.078719
v -0.278533 -0.388950 0.077113
v -0.278859 -0.388950 0.076496
v -0.276893 -0.388950 0.078359
v -0.277526 -0.388950 0.078066
v -0.278081 -0.388950 0.077644
v -0.275863 -0.388950 0.078528
v -0.276212 -0.388950 0.078509
v -0.282042 -0.393514 0.077423
v -0.281349 -0.393514 0.078719
v -0.278859 -0.393514 0.076496
v -0.278533 -0.393514 0.077113
v -0.280417 -0.393514 0.079856
v -0.278081 -0.393514 0.077644
v -0.277526 -0.393514 0.078066
v -0.276893 -0.393514 0.078359
v -0.276315 -0.388950 0.077870
v -0.275717 -0.388950 0.078230
v -0.275057 -0.388950 0.078452
v -0.280417 -0.388950 0.079856
v -0.279280 -0.388950 0.080789
v -0.279280 -0.393514 0.080789
v -0.276577 -0.388950 0.081909
v -0.277983 -0.388950 0.081482
v -0.276577 -0.393514 0.081909
v -0.277983 -0.393514 0.081482
v -0.277815 -0.417638 0.072735
v -0.277218 -0.417638 0.072376
v -0.276557 -0.417638 0.072153
v -0.278321 -0.417638 0.073215
v -0.278713 -0.417638 0.073792
v -0.282613 -0.417638 0.074553
v -0.275863 -0.422202 0.072078
v -0.278971 -0.417638 0.074440
v -0.279046 -0.417638 0.075824
v -0.279084 -0.417638 0.075128
v -0.282469 -0.417638 0.076016
v -0.278859 -0.417638 0.076496
v -0.282042 -0.417638 0.077423
v -0.278533 -0.417638 0.077113
v -0.282469 -0.422202 0.076016
v -0.278713 -0.422202 0.073792
v -0.279084 -0.422202 0.075128
v -0.278971 -0.422202 0.074440
v -0.282042 -0.422202 0.077423
v -0.279046 -0.422202 0.075824
v -0.278859 -0.422202 0.076496
v -0.278533 -0.422202 0.077113
v -0.281349 -0.417638 0.078719
v -0.278081 -0.417638 0.077644
v -0.280417 -0.417638 0.079856
v -0.277526 -0.417638 0.078066
v -0.279280 -0.417638 0.080789
v -0.276893 -0.417638 0.078359
v -0.277983 -0.417638 0.081482
v -0.276212 -0.417638 0.078509
v -0.276577 -0.417638 0.081909
v -0.281349 -0.422202 0.078719
v -0.280417 -0.422202 0.079856
v -0.279280 -0.422202 0.080789
v -0.276893 -0.422202 0.078359
v -0.277526 -0.422202 0.078066
v -0.278081 -0.422202 0.077644
v -0.277983 -0.422202 0.081482
v -0.276577 -0.422202 0.081909
v -0.274753 -0.392862 0.039190
v -0.271233 -0.388950 0.046277
v -0.271233 -0.392862 0.046277
v -0.239520 -0.392862 0.023102
v -0.238384 -0.388950 0.024034
v -0.238384 -0.392862 0.024034
v -0.267613 -0.366550 0.067053
v -0.274363 -0.369391 0.075303
v -0.275393 -0.369391 0.072247
v -0.274712 -0.369391 0.072097
v -0.276026 -0.369391 0.072539
v -0.276315 -0.369391 0.077870
v -0.274363 -0.369391 0.078528
v -0.275057 -0.369391 0.078452
v -0.275717 -0.369391 0.078230
v -0.271181 -0.369391 0.074781
v -0.271143 -0.369391 0.075477
v -0.273334 -0.369391 0.072247
v -0.272701 -0.369391 0.072539
v -0.271367 -0.369391 0.074109
v -0.271694 -0.369391 0.073493
v -0.272146 -0.369391 0.072961
v -0.274015 -0.369391 0.072097
v -0.273670 -0.369391 0.078452
v -0.271905 -0.369391 0.077391
v -0.272412 -0.369391 0.077870
v -0.271514 -0.369391 0.076813
v -0.273009 -0.369391 0.078230
v -0.271256 -0.369391 0.076165
v -0.272701 -0.379040 0.072539
v -0.272146 -0.379040 0.072961
v -0.274015 -0.379040 0.072097
v -0.273334 -0.379040 0.072247
v -0.267613 -0.379040 0.080553
v -0.271367 -0.379040 0.074109
v -0.271181 -0.379040 0.074781
v -0.271694 -0.379040 0.073493
v -0.271256 -0.379040 0.076165
v -0.271514 -0.379040 0.076813
v -0.271143 -0.379040 0.075477
v -0.267613 -0.379040 0.070053
v -0.271905 -0.379040 0.077391
v -0.272412 -0.379040 0.077870
v -0.273670 -0.379040 0.078452
v -0.273009 -0.379040 0.078230
v -0.267613 -0.388950 0.082053
v -0.271936 -0.388950 0.071375
v -0.266180 -0.388950 0.053827
v -0.256979 -0.388950 0.063506
v -0.267613 -0.383213 0.070053
v -0.267613 -0.388950 0.067053
v -0.272701 -0.383213 0.072539
v -0.272146 -0.383213 0.072961
v -0.271367 -0.383213 0.074109
v -0.271181 -0.383213 0.074781
v -0.271694 -0.383213 0.073493
v -0.274015 -0.383213 0.072097
v -0.273334 -0.383213 0.072247
v -0.267613 -0.383213 0.080553
v -0.273670 -0.383213 0.078452
v -0.271143 -0.383213 0.075477
v -0.271256 -0.383213 0.076165
v -0.273009 -0.383213 0.078230
v -0.271514 -0.383213 0.076813
v -0.271905 -0.383213 0.077391
v -0.272412 -0.383213 0.077870
v -0.273334 -0.388950 0.072247
v -0.272701 -0.388950 0.072539
v -0.272146 -0.388950 0.072961
v -0.275170 -0.393514 0.072153
v -0.275170 -0.388950 0.072153
v -0.274509 -0.388950 0.072376
v -0.274509 -0.393514 0.072376
v -0.273912 -0.388950 0.072735
v -0.273405 -0.388950 0.073215
v -0.273014 -0.393514 0.073792
v -0.273014 -0.388950 0.073792
v -0.273405 -0.393514 0.073215
v -0.273912 -0.393514 0.072735
v -0.272756 -0.388950 0.074440
v -0.272643 -0.388950 0.075128
v -0.272756 -0.393514 0.074440
v -0.272643 -0.393514 0.075128
v -0.271936 -0.388950 0.078978
v -0.272681 -0.388950 0.075824
v -0.272681 -0.393514 0.075824
v -0.271694 -0.388950 0.073493
v -0.271367 -0.388950 0.074109
v -0.271181 -0.388950 0.074781
v -0.271143 -0.388950 0.075477
v -0.274363 -0.388950 0.078528
v -0.272412 -0.388950 0.077870
v -0.273009 -0.388950 0.078230
v -0.271905 -0.388950 0.077391
v -0.273670 -0.388950 0.078452
v -0.275863 -0.393514 0.078528
v -0.275515 -0.393514 0.078509
v -0.274834 -0.388950 0.078359
v -0.274201 -0.388950 0.078066
v -0.274201 -0.393514 0.078066
v -0.276212 -0.393514 0.078509
v -0.275515 -0.388950 0.078509
v -0.274834 -0.393514 0.078359
v -0.273646 -0.388950 0.077644
v -0.272867 -0.388950 0.076496
v -0.273194 -0.388950 0.077113
v -0.272867 -0.393514 0.076496
v -0.273194 -0.393514 0.077113
v -0.273646 -0.393514 0.077644
v -0.275113 -0.393514 0.082053
v -0.275113 -0.388950 0.082053
v -0.271936 -0.388950 0.082053
v -0.271256 -0.388950 0.076165
v -0.271514 -0.388950 0.076813
v -0.238137 -0.393514 0.082053
v -0.213988 -0.388950 0.082053
v -0.246018 -0.388950 0.071135
v -0.233746 -0.388950 0.076401
v -0.220665 -0.388950 0.079089
v -0.273243 -0.392862 0.042494
v -0.273243 -0.422202 0.042494
v -0.269818 -0.417638 0.060071
v -0.269818 -0.393514 0.060071
v -0.266180 -0.422202 0.053827
v -0.260632 -0.393514 0.069257
v -0.260632 -0.417638 0.069257
v -0.256979 -0.422202 0.063506
v -0.274509 -0.422202 0.072376
v -0.273912 -0.422202 0.072735
v -0.273405 -0.422202 0.073215
v -0.275170 -0.422202 0.072153
v -0.275863 -0.417638 0.072078
v -0.249958 -0.393514 0.076663
v -0.249958 -0.417638 0.076663
v -0.275170 -0.417638 0.072153
v -0.274509 -0.417638 0.072376
v -0.273912 -0.417638 0.072735
v -0.273014 -0.422202 0.073792
v -0.273014 -0.417638 0.073792
v -0.273405 -0.417638 0.073215
v -0.272756 -0.417638 0.074440
v -0.272756 -0.422202 0.074440
v -0.272643 -0.422202 0.075128
v -0.272643 -0.417638 0.075128
v -0.272681 -0.417638 0.075824
v -0.272681 -0.422202 0.075824
v -0.272867 -0.417638 0.076496
v -0.272867 -0.422202 0.076496
v -0.273194 -0.417638 0.077113
v -0.273194 -0.422202 0.077113
v -0.273646 -0.417638 0.077644
v -0.273646 -0.422202 0.077644
v -0.274201 -0.417638 0.078066
v -0.274201 -0.422202 0.078066
v -0.274834 -0.417638 0.078359
v -0.275515 -0.417638 0.078509
v -0.275113 -0.417638 0.082053
v -0.275863 -0.417638 0.078528
v -0.275863 -0.422202 0.078528
v -0.276212 -0.422202 0.078509
v -0.275515 -0.422202 0.078509
v -0.274834 -0.422202 0.078359
v -0.275113 -0.422202 0.082053
v -0.246018 -0.422202 0.071135
v -0.233746 -0.422202 0.076401
v -0.238137 -0.417638 0.082053
v -0.213988 -0.422202 0.082053
v -0.220665 -0.422202 0.079089
v -0.160363 -0.284421 -0.038406
v -0.145363 -0.294073 -0.047685
v -0.160363 -0.294073 -0.047685
v -0.145363 -0.284421 -0.038406
v -0.160363 -0.276524 -0.027143
v -0.145363 -0.276524 -0.027143
v -0.145363 -0.290363 -0.034614
v -0.145363 -0.282888 -0.024579
v -0.160363 -0.299417 -0.042749
v -0.160363 -0.290363 -0.034614
v -0.160363 -0.270685 -0.014326
v -0.160363 -0.282888 -0.024579
v -0.160363 -0.277286 -0.013041
v -0.145363 -0.270685 -0.014326
v -0.145363 -0.277286 -0.013041
v -0.160363 -0.250338 -0.000447
v -0.153447 -0.252191 -0.000447
v -0.154588 -0.252410 -0.000447
v -0.155647 -0.252836 -0.000447
v -0.156577 -0.253450 -0.000447
v -0.158192 -0.256099 -0.000447
v -0.158255 -0.257112 -0.000447
v -0.157880 -0.255121 -0.000447
v -0.157333 -0.254224 -0.000447
v -0.152279 -0.252191 -0.000447
v -0.157333 -0.254224 0.004053
v -0.156577 -0.253450 0.004053
v -0.155647 -0.252836 0.004053
v -0.154588 -0.252410 0.004053
v -0.154487 -0.254512 0.004053
v -0.153869 -0.254263 0.004053
v -0.153447 -0.252191 0.004053
v -0.153204 -0.254136 0.004053
v -0.152523 -0.254136 0.004053
v -0.155030 -0.254870 0.004053
v -0.155471 -0.255321 0.004053
v -0.157880 -0.255121 0.004053
v -0.155790 -0.255845 0.004053
v -0.158192 -0.256099 0.004053
v -0.158255 -0.257112 0.004053
v -0.156009 -0.257006 0.004053
v -0.155972 -0.256415 0.004053
v -0.158067 -0.258114 -0.000447
v -0.158067 -0.258114 0.004053
v -0.160363 -0.267128 -0.000447
v -0.157634 -0.259057 -0.000447
v -0.157634 -0.259057 0.004053
v -0.156979 -0.259897 -0.000447
v -0.156979 -0.259897 0.004053
v -0.155899 -0.257591 0.004053
v -0.160363 -0.272509 0.012678
v -0.160363 -0.250338 0.012678
v -0.154770 -0.259038 0.004053
v -0.156131 -0.260595 0.004053
v -0.155264 -0.258631 0.004053
v -0.155646 -0.258141 0.004053
v -0.155131 -0.261119 -0.000447
v -0.156131 -0.260595 -0.000447
v -0.155131 -0.261119 0.004053
v -0.154024 -0.261443 0.004053
v -0.154186 -0.259343 0.004053
v -0.153540 -0.259532 0.004053
v -0.152863 -0.261552 0.004053
v -0.152863 -0.259596 0.004053
v -0.154024 -0.261443 -0.000447
v -0.152863 -0.261552 -0.000447
v -0.155471 -0.255321 0.012678
v -0.155030 -0.254870 0.012678
v -0.155790 -0.255845 0.012678
v -0.155972 -0.256415 0.012678
v -0.156009 -0.257006 0.012678
v -0.155899 -0.257591 0.012678
v -0.153204 -0.254136 0.012678
v -0.152863 -0.254120 0.012678
v -0.153869 -0.254263 0.012678
v -0.154487 -0.254512 0.012678
v -0.155646 -0.258141 0.012678
v -0.154770 -0.259038 0.012678
v -0.155264 -0.258631 0.012678
v -0.153540 -0.259532 0.012678
v -0.152863 -0.259596 0.012678
v -0.154186 -0.259343 0.012678
v -0.151139 -0.252410 0.004053
v -0.151139 -0.252410 -0.000447
v -0.150079 -0.252836 0.004053
v -0.145363 -0.250338 -0.000447
v -0.152279 -0.252191 0.004053
v -0.150079 -0.252836 -0.000447
v -0.149150 -0.253450 -0.000447
v -0.149150 -0.253450 0.004053
v -0.147534 -0.256099 -0.000447
v -0.147847 -0.255121 -0.000447
v -0.148394 -0.254224 -0.000447
v -0.147847 -0.255121 0.004053
v -0.148394 -0.254224 0.004053
v -0.147534 -0.256099 0.004053
v -0.147471 -0.257112 -0.000447
v -0.145363 -0.250338 0.012678
v -0.151858 -0.254263 0.004053
v -0.151239 -0.254512 0.004053
v -0.150697 -0.254870 0.004053
v -0.149755 -0.256415 0.004053
v -0.150256 -0.255321 0.004053
v -0.149937 -0.255845 0.004053
v -0.150697 -0.254870 0.012678
v -0.150256 -0.255321 0.012678
v -0.151239 -0.254512 0.012678
v -0.151858 -0.254263 0.012678
v -0.152523 -0.254136 0.012678
v -0.149755 -0.256415 0.012678
v -0.149718 -0.257006 0.012678
v -0.149937 -0.255845 0.012678
v -0.147471 -0.257112 0.004053
v -0.147660 -0.258114 0.004053
v -0.147660 -0.258114 -0.000447
v -0.148092 -0.259057 -0.000447
v -0.148748 -0.259897 -0.000447
v -0.148748 -0.259897 0.004053
v -0.148092 -0.259057 0.004053
v -0.145363 -0.267128 -0.000447
v -0.150080 -0.258141 0.004053
v -0.149828 -0.257591 0.004053
v -0.150463 -0.258631 0.004053
v -0.150957 -0.259038 0.004053
v -0.149718 -0.257006 0.004053
v -0.151703 -0.261443 0.004053
v -0.151703 -0.261443 -0.000447
v -0.150596 -0.261119 -0.000447
v -0.150596 -0.261119 0.004053
v -0.151541 -0.259343 0.004053
v -0.152186 -0.259532 0.004053
v -0.149595 -0.260595 -0.000447
v -0.149595 -0.260595 0.004053
v -0.145363 -0.272509 0.012678
v -0.149828 -0.257591 0.012678
v -0.150463 -0.258631 0.012678
v -0.150080 -0.258141 0.012678
v -0.150957 -0.259038 0.012678
v -0.152186 -0.259532 0.012678
v -0.151541 -0.259343 0.012678
v -0.160363 -0.273781 -0.000456
v -0.145363 -0.273781 -0.000456
v -0.160363 -0.305112 -0.054623
v -0.160363 -0.309691 -0.048662
v -0.145363 -0.299417 -0.042749
v -0.145363 -0.309691 -0.048662
v -0.145363 -0.305112 -0.054623
v -0.160363 -0.320779 -0.052119
v -0.160363 -0.317113 -0.058957
v -0.145363 -0.320779 -0.052119
v -0.145363 -0.317113 -0.058957
v -0.160363 -0.332243 -0.052984
v -0.160363 -0.329619 -0.060518
v -0.145363 -0.332243 -0.052984
v -0.145363 -0.329619 -0.060518
v -0.145363 -0.342149 -0.059249
v -0.160363 -0.342149 -0.059249
v -0.160363 -0.250338 0.014178
v -0.155972 -0.256415 0.014178
v -0.156009 -0.257006 0.014178
v -0.155790 -0.255845 0.014178
v -0.155471 -0.255321 0.014178
v -0.155030 -0.254870 0.014178
v -0.153204 -0.254136 0.014178
v -0.153869 -0.254263 0.014178
v -0.152863 -0.254120 0.014178
v -0.154487 -0.254512 0.014178
v -0.152523 -0.254136 0.014178
v -0.153869 -0.254263 0.022503
v -0.153204 -0.254136 0.022503
v -0.154487 -0.254512 0.022503
v -0.152863 -0.254120 0.022503
v -0.155972 -0.256415 0.022503
v -0.155030 -0.254870 0.022503
v -0.155471 -0.255321 0.022503
v -0.155790 -0.255845 0.022503
v -0.156009 -0.257006 0.022503
v -0.160363 -0.272509 0.014178
v -0.160363 -0.267128 0.027303
v -0.160363 -0.250338 0.027303
v -0.155899 -0.257591 0.014178
v -0.155899 -0.257591 0.022503
v -0.155646 -0.258141 0.014178
v -0.155646 -0.258141 0.022503
v -0.155264 -0.258631 0.014178
v -0.155264 -0.258631 0.022503
v -0.154770 -0.259038 0.014178
v -0.154770 -0.259038 0.022503
v -0.153540 -0.259532 0.022503
v -0.153540 -0.259532 0.014178
v -0.154186 -0.259343 0.022503
v -0.154186 -0.259343 0.014178
v -0.152863 -0.259596 0.014178
v -0.152863 -0.259596 0.022503
v -0.155894 -0.252294 0.022503
v -0.155894 -0.252294 0.027303
v -0.158926 -0.256858 0.027303
v -0.158926 -0.256858 0.022503
v -0.155894 -0.261422 0.022503
v -0.155894 -0.261422 0.027303
v -0.145363 -0.250338 0.014178
v -0.151858 -0.254263 0.014178
v -0.151239 -0.254512 0.014178
v -0.149937 -0.255845 0.014178
v -0.150256 -0.255321 0.014178
v -0.150697 -0.254870 0.014178
v -0.145363 -0.250338 0.027303
v -0.152523 -0.254136 0.022503
v -0.151858 -0.254263 0.022503
v -0.150256 -0.255321 0.022503
v -0.150697 -0.254870 0.022503
v -0.151239 -0.254512 0.022503
v -0.149755 -0.256415 0.014178
v -0.149755 -0.256415 0.022503
v -0.149937 -0.255845 0.022503
v -0.149828 -0.257591 0.014178
v -0.149718 -0.257006 0.014178
v -0.149832 -0.252294 0.027303
v -0.146801 -0.256858 0.027303
v -0.149832 -0.252294 0.022503
v -0.146801 -0.256858 0.022503
v -0.149718 -0.257006 0.022503
v -0.150080 -0.258141 0.014178
v -0.150080 -0.258141 0.022503
v -0.149828 -0.257591 0.022503
v -0.150957 -0.259038 0.014178
v -0.151541 -0.259343 0.014178
v -0.151541 -0.259343 0.022503
v -0.150957 -0.259038 0.022503
v -0.150463 -0.258631 0.022503
v -0.150463 -0.258631 0.014178
v -0.152186 -0.259532 0.022503
v -0.152186 -0.259532 0.014178
v -0.145363 -0.272509 0.014178
v -0.145363 -0.267128 0.027303
v -0.149832 -0.261422 0.022503
v -0.149832 -0.261422 0.027303
v -0.160363 -0.273781 0.027312
v -0.145363 -0.273781 0.027312
v -0.145363 -0.277286 0.039897
v -0.160363 -0.277286 0.039897
v -0.160363 -0.270685 0.041182
v -0.145363 -0.270685 0.041182
v -0.160363 -0.276524 0.053998
v -0.160363 -0.282888 0.051435
v -0.145363 -0.282888 0.051435
v -0.145363 -0.276524 0.053998
v -0.145363 -0.290363 0.061470
v -0.160363 -0.290363 0.061470
v -0.160363 -0.284421 0.065261
v -0.145363 -0.284421 0.065261
v -0.160363 -0.294073 0.074540
v -0.145363 -0.294073 0.074540
v -0.145363 -0.299417 0.069604
v -0.160363 -0.299417 0.069604
v -0.160363 -0.309691 0.075517
v -0.160363 -0.305112 0.081479
v -0.145363 -0.309691 0.075517
v -0.145363 -0.305112 0.081479
v -0.160363 -0.317113 0.085812
v -0.160363 -0.320779 0.078974
v -0.145363 -0.320779 0.078974
v -0.145363 -0.317113 0.085812
v -0.160363 -0.329619 0.087374
v -0.145363 -0.329619 0.087374
v -0.160363 -0.342149 0.086105
v -0.145363 -0.342149 0.086105
v -0.160363 -0.332243 0.079839
v -0.145363 -0.332243 0.079839
v -0.160363 -0.354225 -0.055197
v -0.160363 -0.354486 -0.046903
v -0.160363 -0.343629 -0.051222
v -0.145363 -0.343629 -0.051222
v -0.145363 -0.354486 -0.046903
v -0.145363 -0.354225 -0.055197
v -0.160363 -0.364386 -0.040197
v -0.145363 -0.364386 -0.040197
v -0.160363 -0.379040 -0.053697
v -0.160363 -0.388950 -0.055197
v -0.152113 -0.369391 -0.048447
v -0.155109 -0.369391 -0.049641
v -0.154783 -0.369391 -0.050257
v -0.155296 -0.369391 -0.048969
v -0.155334 -0.369391 -0.048273
v -0.153776 -0.369391 -0.051211
v -0.153143 -0.369391 -0.051504
v -0.154331 -0.369391 -0.050789
v -0.153776 -0.379040 -0.051211
v -0.154331 -0.379040 -0.050789
v -0.153143 -0.379040 -0.051504
v -0.154783 -0.379040 -0.050257
v -0.155334 -0.379040 -0.048273
v -0.155109 -0.379040 -0.049641
v -0.155296 -0.379040 -0.048969
v -0.146863 -0.379040 -0.053697
v -0.152462 -0.379040 -0.051653
v -0.160363 -0.379040 -0.043197
v -0.154571 -0.369391 -0.046359
v -0.154963 -0.369391 -0.046937
v -0.155221 -0.369391 -0.047585
v -0.153468 -0.369391 -0.045520
v -0.154065 -0.369391 -0.045880
v -0.160363 -0.388950 -0.040197
v -0.154065 -0.379040 -0.045880
v -0.153468 -0.379040 -0.045520
v -0.154571 -0.379040 -0.046359
v -0.154963 -0.379040 -0.046937
v -0.155221 -0.379040 -0.047585
v -0.152807 -0.379040 -0.045298
v -0.152807 -0.369391 -0.045298
v -0.152113 -0.379040 -0.045222
v -0.146863 -0.379040 -0.043197
v -0.145363 -0.388950 -0.055197
v -0.152462 -0.369391 -0.051653
v -0.149896 -0.369391 -0.050789
v -0.149444 -0.369391 -0.050257
v -0.150451 -0.369391 -0.051211
v -0.151084 -0.369391 -0.051504
v -0.148931 -0.369391 -0.048969
v -0.148893 -0.369391 -0.048273
v -0.149117 -0.369391 -0.049641
v -0.151765 -0.369391 -0.051653
v -0.149006 -0.369391 -0.047585
v -0.151765 -0.379040 -0.051653
v -0.151084 -0.379040 -0.051504
v -0.149444 -0.379040 -0.050257
v -0.149117 -0.379040 -0.049641
v -0.150451 -0.379040 -0.051211
v -0.149896 -0.379040 -0.050789
v -0.148931 -0.379040 -0.048969
v -0.148893 -0.379040 -0.048273
v -0.149006 -0.379040 -0.047585
v -0.149264 -0.369391 -0.046937
v -0.149655 -0.369391 -0.046359
v -0.150759 -0.369391 -0.045520
v -0.151420 -0.369391 -0.045298
v -0.150162 -0.369391 -0.045880
v -0.152113 -0.369391 -0.045222
v -0.150759 -0.379040 -0.045520
v -0.151420 -0.379040 -0.045298
v -0.149264 -0.379040 -0.046937
v -0.150162 -0.379040 -0.045880
v -0.149655 -0.379040 -0.046359
v -0.145363 -0.388950 -0.040197
v -0.189593 -0.392862 0.002821
v -0.200703 -0.422202 -0.051221
v -0.200703 -0.388950 -0.051221
v -0.213988 -0.422202 -0.052572
v -0.172485 -0.388950 -0.052122
v -0.172485 -0.388950 -0.055197
v -0.187961 -0.388950 -0.047224
v -0.189839 -0.417638 -0.055197
v -0.187961 -0.422202 -0.047224
v -0.189839 -0.393514 -0.055197
v -0.223662 -0.388950 -0.020438
v -0.222969 -0.388950 -0.019141
v -0.222969 -0.392862 -0.019141
v -0.222398 -0.392862 -0.016271
v -0.222398 -0.388950 -0.016271
v -0.222542 -0.392862 -0.017734
v -0.222542 -0.388950 -0.017734
v -0.222542 -0.388950 -0.014808
v -0.223662 -0.392862 -0.012104
v -0.222542 -0.392862 -0.014808
v -0.223662 -0.388950 -0.012104
v -0.222969 -0.392862 -0.013401
v -0.222969 -0.388950 -0.013401
v -0.203382 -0.392862 0.037823
v -0.189593 -0.388950 0.002821
v -0.178987 -0.388950 0.013428
v -0.185753 -0.388950 0.004874
v -0.188457 -0.392862 0.003754
v -0.188457 -0.388950 0.003754
v -0.187160 -0.392862 0.004447
v -0.187160 -0.388950 0.004447
v -0.185753 -0.392862 0.004874
v -0.154963 -0.393514 -0.049958
v -0.155221 -0.393514 -0.049310
v -0.178019 -0.393514 -0.049808
v -0.172485 -0.388950 -0.044520
v -0.152863 -0.393514 -0.055197
v -0.154571 -0.393514 -0.050535
v -0.153468 -0.393514 -0.051374
v -0.154065 -0.393514 -0.051015
v -0.155334 -0.393514 -0.048622
v -0.155296 -0.393514 -0.047926
v -0.156041 -0.388950 -0.044520
v -0.156041 -0.388950 -0.052122
v -0.156041 -0.388950 -0.055197
v -0.167345 -0.393514 -0.042402
v -0.176285 -0.388950 -0.040743
v -0.166152 -0.388950 -0.032044
v -0.155109 -0.383213 -0.049641
v -0.154783 -0.383213 -0.050257
v -0.160363 -0.383213 -0.053697
v -0.154331 -0.383213 -0.050789
v -0.153776 -0.383213 -0.051211
v -0.153143 -0.383213 -0.051504
v -0.152462 -0.383213 -0.051653
v -0.155296 -0.383213 -0.048969
v -0.160363 -0.383213 -0.043197
v -0.155334 -0.383213 -0.048273
v -0.155109 -0.388950 -0.049641
v -0.154783 -0.388950 -0.050257
v -0.154331 -0.388950 -0.050789
v -0.153776 -0.388950 -0.051211
v -0.155296 -0.388950 -0.048969
v -0.155221 -0.383213 -0.047585
v -0.155221 -0.388950 -0.047585
v -0.155334 -0.388950 -0.048273
v -0.151765 -0.388950 -0.051653
v -0.152462 -0.388950 -0.051653
v -0.153143 -0.388950 -0.051504
v -0.152863 -0.388950 -0.055197
v -0.154065 -0.388950 -0.051015
v -0.153468 -0.388950 -0.051374
v -0.152807 -0.388950 -0.051597
v -0.152113 -0.388950 -0.051672
v -0.154571 -0.388950 -0.050535
v -0.154963 -0.388950 -0.049958
v -0.155221 -0.388950 -0.049310
v -0.155334 -0.388950 -0.048622
v -0.155296 -0.388950 -0.047926
v -0.155109 -0.393514 -0.047254
v -0.155109 -0.388950 -0.047254
v -0.154963 -0.383213 -0.046937
v -0.154571 -0.383213 -0.046359
v -0.154571 -0.388950 -0.046359
v -0.154963 -0.388950 -0.046937
v -0.152807 -0.383213 -0.045298
v -0.153468 -0.383213 -0.045520
v -0.152113 -0.383213 -0.045222
v -0.154065 -0.383213 -0.045880
v -0.154065 -0.388950 -0.045880
v -0.154783 -0.393514 -0.046637
v -0.154783 -0.388950 -0.046637
v -0.154331 -0.388950 -0.046106
v -0.152113 -0.388950 -0.045222
v -0.152462 -0.388950 -0.045241
v -0.153143 -0.388950 -0.045391
v -0.153776 -0.388950 -0.045684
v -0.153776 -0.393514 -0.045684
v -0.154331 -0.393514 -0.046106
v -0.158159 -0.393514 -0.033216
v -0.153468 -0.388950 -0.045520
v -0.152807 -0.388950 -0.045298
v -0.146863 -0.383213 -0.053697
v -0.151765 -0.383213 -0.051653
v -0.151084 -0.383213 -0.051504
v -0.151084 -0.388950 -0.051504
v -0.150451 -0.388950 -0.051211
v -0.150451 -0.383213 -0.051211
v -0.146863 -0.383213 -0.043197
v -0.149444 -0.383213 -0.050257
v -0.149117 -0.383213 -0.049641
v -0.149896 -0.383213 -0.050789
v -0.148931 -0.383213 -0.048969
v -0.149444 -0.388950 -0.050257
v -0.149117 -0.388950 -0.049641
v -0.148931 -0.388950 -0.048969
v -0.148893 -0.383213 -0.048273
v -0.149896 -0.388950 -0.050789
v -0.148893 -0.388950 -0.048273
v -0.151420 -0.388950 -0.045298
v -0.151420 -0.383213 -0.045298
v -0.150759 -0.388950 -0.045520
v -0.150759 -0.383213 -0.045520
v -0.149006 -0.383213 -0.047585
v -0.149006 -0.388950 -0.047585
v -0.149264 -0.383213 -0.046937
v -0.149264 -0.388950 -0.046937
v -0.149655 -0.383213 -0.046359
v -0.149655 -0.388950 -0.046359
v -0.150162 -0.388950 -0.045880
v -0.150162 -0.383213 -0.045880
v -0.149993 -0.388950 -0.054626
v -0.151400 -0.388950 -0.055053
v -0.148438 -0.388950 -0.052122
v -0.148697 -0.388950 -0.053933
v -0.151420 -0.388950 -0.051597
v -0.150759 -0.388950 -0.051374
v -0.152807 -0.393514 -0.051597
v -0.151400 -0.393514 -0.055053
v -0.149993 -0.393514 -0.054626
v -0.152113 -0.393514 -0.051672
v -0.151420 -0.393514 -0.051597
v -0.150759 -0.393514 -0.051374
v -0.149655 -0.388950 -0.050535
v -0.150162 -0.388950 -0.051015
v -0.150162 -0.393514 -0.051015
v -0.149655 -0.393514 -0.050535
v -0.146627 -0.388950 -0.051864
v -0.147560 -0.388950 -0.053001
v -0.148697 -0.393514 -0.053933
v -0.147560 -0.393514 -0.053001
v -0.146627 -0.393514 -0.051864
v -0.149006 -0.388950 -0.049310
v -0.148893 -0.388950 -0.048622
v -0.149264 -0.388950 -0.049958
v -0.145934 -0.388950 -0.050567
v -0.148893 -0.393514 -0.048622
v -0.149006 -0.393514 -0.049310
v -0.149264 -0.393514 -0.049958
v -0.145934 -0.393514 -0.050567
v -0.145507 -0.388950 -0.049160
v -0.145507 -0.393514 -0.049160
v -0.152462 -0.393514 -0.045241
v -0.153143 -0.393514 -0.045391
v -0.151765 -0.388950 -0.045241
v -0.151765 -0.393514 -0.045241
v -0.152113 -0.393514 -0.045222
v -0.148438 -0.388950 -0.044520
v -0.151084 -0.388950 -0.045391
v -0.150451 -0.388950 -0.045684
v -0.149896 -0.388950 -0.046106
v -0.150451 -0.393514 -0.045684
v -0.149896 -0.393514 -0.046106
v -0.149444 -0.393514 -0.046637
v -0.149444 -0.388950 -0.046637
v -0.151084 -0.393514 -0.045391
v -0.145363 -0.388950 -0.044520
v -0.145363 -0.388950 -0.047697
v -0.148931 -0.388950 -0.047926
v -0.149117 -0.388950 -0.047254
v -0.149117 -0.393514 -0.047254
v -0.145363 -0.393514 -0.047697
v -0.148931 -0.393514 -0.047926
v -0.156041 -0.388950 -0.028076
v -0.157978 -0.388950 -0.021484
v -0.156744 -0.388950 -0.019422
v -0.150753 -0.393514 -0.022542
v -0.148438 -0.388950 -0.028076
v -0.145363 -0.388950 -0.028076
v -0.145363 -0.393514 -0.010721
v -0.178019 -0.417638 -0.049808
v -0.167345 -0.417638 -0.042402
v -0.166152 -0.422202 -0.032044
v -0.176285 -0.422202 -0.040743
v -0.154963 -0.422202 -0.049958
v -0.155221 -0.422202 -0.049310
v -0.155334 -0.422202 -0.048622
v -0.152863 -0.422202 -0.055197
v -0.153468 -0.422202 -0.051374
v -0.154065 -0.422202 -0.051015
v -0.154571 -0.422202 -0.050535
v -0.155109 -0.417638 -0.047254
v -0.155296 -0.417638 -0.047926
v -0.155334 -0.417638 -0.048622
v -0.152863 -0.417638 -0.055197
v -0.155221 -0.417638 -0.049310
v -0.154963 -0.417638 -0.049958
v -0.155296 -0.422202 -0.047926
v -0.154065 -0.417638 -0.051015
v -0.154571 -0.417638 -0.050535
v -0.155109 -0.422202 -0.047254
v -0.153468 -0.417638 -0.051374
v -0.154331 -0.417638 -0.046106
v -0.154783 -0.417638 -0.046637
v -0.154783 -0.422202 -0.046637
v -0.154331 -0.422202 -0.046106
v -0.153776 -0.422202 -0.045684
v -0.153776 -0.417638 -0.045684
v -0.153143 -0.422202 -0.045391
v -0.153143 -0.417638 -0.045391
v -0.152807 -0.417638 -0.051597
v -0.151400 -0.417638 -0.055053
v -0.152113 -0.417638 -0.051672
v -0.151420 -0.417638 -0.051597
v -0.149993 -0.417638 -0.054626
v -0.150759 -0.417638 -0.051374
v -0.148697 -0.417638 -0.053933
v -0.150162 -0.417638 -0.051015
v -0.151400 -0.422202 -0.055053
v -0.150759 -0.422202 -0.051374
v -0.151420 -0.422202 -0.051597
v -0.149993 -0.422202 -0.054626
v -0.152113 -0.422202 -0.051672
v -0.152807 -0.422202 -0.051597
v -0.150162 -0.422202 -0.051015
v -0.149655 -0.422202 -0.050535
v -0.149655 -0.417638 -0.050535
v -0.147560 -0.417638 -0.053001
v -0.146627 -0.417638 -0.051864
v -0.149264 -0.417638 -0.049958
v -0.145934 -0.417638 -0.050567
v -0.147560 -0.422202 -0.053001
v -0.146627 -0.422202 -0.051864
v -0.148697 -0.422202 -0.053933
v -0.149264 -0.422202 -0.049958
v -0.145934 -0.422202 -0.050567
v -0.149006 -0.422202 -0.049310
v -0.149006 -0.417638 -0.049310
v -0.152462 -0.422202 -0.045241
v -0.152462 -0.417638 -0.045241
v -0.152113 -0.422202 -0.045222
v -0.152113 -0.417638 -0.045222
v -0.151765 -0.422202 -0.045241
v -0.151765 -0.417638 -0.045241
v -0.151084 -0.422202 -0.045391
v -0.151084 -0.417638 -0.045391
v -0.149896 -0.417638 -0.046106
v -0.149444 -0.417638 -0.046637
v -0.149444 -0.422202 -0.046637
v -0.149896 -0.422202 -0.046106
v -0.150451 -0.417638 -0.045684
v -0.150451 -0.422202 -0.045684
v -0.149117 -0.422202 -0.047254
v -0.149117 -0.417638 -0.047254
v -0.145363 -0.417638 -0.047697
v -0.145507 -0.417638 -0.049160
v -0.148893 -0.417638 -0.048622
v -0.148931 -0.417638 -0.047926
v -0.148893 -0.422202 -0.048622
v -0.148931 -0.422202 -0.047926
v -0.145363 -0.422202 -0.047697
v -0.145507 -0.422202 -0.049160
v -0.158159 -0.417638 -0.033216
v -0.150753 -0.417638 -0.022542
v -0.157978 -0.422202 -0.021484
v -0.152097 -0.422202 -0.009494
v -0.145363 -0.417638 -0.010721
v -0.172485 -0.388950 0.006926
v -0.153224 -0.392862 -0.012335
v -0.178987 -0.388950 0.002821
v -0.156744 -0.392862 -0.019422
v -0.178987 -0.392862 0.002821
v -0.184290 -0.392862 0.005018
v -0.184290 -0.388950 0.005018
v -0.182827 -0.392862 0.004874
v -0.182827 -0.388950 0.004874
v -0.181420 -0.392862 0.004447
v -0.181420 -0.388950 0.004447
v -0.180123 -0.392862 0.003754
v -0.180123 -0.388950 0.003754
v -0.156041 -0.388950 -0.009518
v -0.152097 -0.388950 -0.009494
v -0.148749 -0.388950 0.003433
v -0.153224 -0.388950 -0.012335
v -0.145363 -0.388950 0.013428
v -0.148073 -0.388950 0.016771
v -0.145363 -0.422202 0.013428
v -0.148749 -0.422202 0.003433
v -0.147988 -0.422202 0.013415
v -0.160363 -0.354225 0.082053
v -0.160363 -0.343629 0.078077
v -0.145363 -0.354225 0.082053
v -0.145363 -0.343629 0.078077
v -0.160363 -0.354486 0.073758
v -0.145363 -0.354486 0.073758
v -0.160363 -0.379040 0.070053
v -0.160363 -0.379040 0.080553
v -0.160363 -0.364386 0.067053
v -0.145363 -0.364386 0.067053
v -0.155296 -0.369391 0.074781
v -0.155109 -0.369391 0.074109
v -0.152113 -0.369391 0.075303
v -0.154783 -0.369391 0.073493
v -0.153776 -0.369391 0.072539
v -0.153143 -0.369391 0.072247
v -0.154331 -0.369391 0.072961
v -0.155109 -0.379040 0.074109
v -0.155296 -0.379040 0.074781
v -0.154783 -0.379040 0.073493
v -0.154331 -0.379040 0.072961
v -0.153776 -0.379040 0.072539
v -0.160363 -0.388950 0.067053
v -0.153143 -0.379040 0.072247
v -0.152462 -0.379040 0.072097
v -0.146863 -0.379040 0.070053
v -0.154571 -0.369391 0.077391
v -0.154963 -0.369391 0.076813
v -0.155221 -0.369391 0.076165
v -0.155334 -0.369391 0.075477
v -0.153468 -0.369391 0.078230
v -0.154065 -0.369391 0.077870
v -0.160363 -0.388950 0.082053
v -0.154963 -0.379040 0.076813
v -0.155221 -0.379040 0.076165
v -0.155334 -0.379040 0.075477
v -0.154065 -0.379040 0.077870
v -0.154571 -0.379040 0.077391
v -0.153468 -0.379040 0.078230
v -0.152807 -0.379040 0.078452
v -0.152807 -0.369391 0.078452
v -0.152113 -0.379040 0.078528
v -0.146863 -0.379040 0.080553
v -0.149444 -0.369391 0.073493
v -0.149117 -0.369391 0.074109
v -0.151084 -0.369391 0.072247
v -0.150451 -0.369391 0.072539
v -0.149896 -0.369391 0.072961
v -0.151765 -0.369391 0.072097
v -0.152462 -0.369391 0.072097
v -0.145363 -0.388950 0.067053
v -0.151765 -0.379040 0.072097
v -0.151084 -0.379040 0.072247
v -0.150451 -0.379040 0.072539
v -0.149896 -0.379040 0.072961
v -0.149444 -0.379040 0.073493
v -0.149117 -0.379040 0.074109
v -0.148931 -0.369391 0.074781
v -0.148931 -0.379040 0.074781
v -0.148893 -0.379040 0.075477
v -0.152113 -0.369391 0.078528
v -0.151420 -0.369391 0.078452
v -0.148893 -0.369391 0.075477
v -0.149264 -0.369391 0.076813
v -0.149655 -0.369391 0.077391
v -0.149006 -0.369391 0.076165
v -0.150759 -0.369391 0.078230
v -0.150162 -0.369391 0.077870
v -0.145363 -0.388950 0.082053
v -0.151420 -0.379040 0.078452
v -0.150759 -0.379040 0.078230
v -0.149006 -0.379040 0.076165
v -0.149264 -0.379040 0.076813
v -0.149655 -0.379040 0.077391
v -0.150162 -0.379040 0.077870
v -0.204314 -0.392862 0.038959
v -0.203382 -0.388950 0.037823
v -0.205578 -0.388950 0.043126
v -0.205434 -0.388950 0.041663
v -0.205008 -0.388950 0.040256
v -0.205434 -0.392862 0.041663
v -0.205578 -0.392862 0.043126
v -0.205008 -0.392862 0.040256
v -0.204314 -0.388950 0.038959
v -0.205008 -0.392862 0.045996
v -0.204314 -0.392862 0.047293
v -0.203382 -0.392862 0.048429
v -0.203382 -0.388950 0.048429
v -0.204314 -0.388950 0.047293
v -0.205434 -0.392862 0.044589
v -0.205434 -0.388950 0.044589
v -0.205008 -0.388950 0.045996
v -0.207311 -0.388950 0.079089
v -0.188226 -0.388950 0.074192
v -0.188226 -0.392862 0.074192
v -0.181139 -0.388950 0.070672
v -0.181139 -0.392862 0.070672
v -0.181958 -0.392862 0.071135
v -0.172485 -0.388950 0.082053
v -0.172485 -0.388950 0.078978
v -0.194230 -0.388950 0.076401
v -0.189839 -0.393514 0.082053
v -0.213988 -0.422202 0.079428
v -0.207311 -0.422202 0.079089
v -0.194230 -0.422202 0.076401
v -0.189839 -0.417638 0.082053
v -0.181958 -0.422202 0.071135
v -0.145363 -0.388950 0.071375
v -0.148438 -0.388950 0.071375
v -0.145363 -0.393514 0.037577
v -0.145363 -0.417638 0.037577
v -0.150095 -0.388950 0.029971
v -0.148073 -0.422202 0.016771
v -0.150095 -0.422202 0.029971
v -0.154733 -0.422202 0.042494
v -0.154733 -0.388950 0.042494
v -0.161797 -0.388950 0.053827
v -0.161797 -0.422202 0.053827
v -0.150753 -0.393514 0.049397
v -0.150753 -0.417638 0.049397
v -0.149264 -0.422202 0.073792
v -0.149655 -0.422202 0.073215
v -0.150162 -0.422202 0.072735
v -0.145363 -0.422202 0.074553
v -0.150759 -0.422202 0.072376
v -0.151420 -0.422202 0.072153
v -0.170998 -0.388950 0.063506
v -0.172485 -0.388950 0.071375
v -0.154783 -0.393514 0.077113
v -0.154331 -0.393514 0.077644
v -0.152863 -0.393514 0.082053
v -0.178019 -0.393514 0.076663
v -0.155334 -0.393514 0.075128
v -0.155109 -0.393514 0.076496
v -0.155221 -0.393514 0.074440
v -0.167345 -0.393514 0.069257
v -0.155296 -0.393514 0.075824
v -0.156041 -0.388950 0.071375
v -0.158159 -0.393514 0.060071
v -0.152807 -0.393514 0.072153
v -0.153468 -0.393514 0.072376
v -0.152113 -0.393514 0.072078
v -0.150162 -0.393514 0.072735
v -0.150759 -0.393514 0.072376
v -0.151420 -0.393514 0.072153
v -0.149655 -0.393514 0.073215
v -0.149264 -0.393514 0.073792
v -0.145363 -0.393514 0.074553
v -0.155334 -0.383213 0.075477
v -0.155296 -0.383213 0.074781
v -0.160363 -0.383213 0.070053
v -0.155109 -0.383213 0.074109
v -0.160363 -0.383213 0.080553
v -0.154783 -0.383213 0.073493
v -0.155109 -0.388950 0.074109
v -0.154783 -0.388950 0.073493
v -0.154331 -0.383213 0.072961
v -0.153143 -0.383213 0.072247
v -0.152462 -0.383213 0.072097
v -0.153776 -0.383213 0.072539
v -0.152462 -0.388950 0.072097
v -0.153143 -0.388950 0.072247
v -0.154065 -0.393514 0.072735
v -0.153776 -0.388950 0.072539
v -0.154331 -0.388950 0.072961
v -0.151765 -0.388950 0.072097
v -0.154571 -0.393514 0.073215
v -0.154963 -0.393514 0.073792
v -0.154963 -0.388950 0.073792
v -0.155221 -0.388950 0.074440
v -0.155334 -0.388950 0.075128
v -0.155296 -0.388950 0.074781
v -0.154571 -0.388950 0.073215
v -0.154065 -0.388950 0.072735
v -0.156041 -0.388950 0.078978
v -0.156041 -0.388950 0.082053
v -0.155334 -0.388950 0.075477
v -0.154963 -0.383213 0.076813
v -0.154963 -0.388950 0.076813
v -0.155221 -0.383213 0.076165
v -0.155221 -0.388950 0.076165
v -0.153468 -0.383213 0.078230
v -0.154065 -0.383213 0.077870
v -0.154571 -0.383213 0.077391
v -0.152113 -0.383213 0.078528
v -0.152807 -0.383213 0.078452
v -0.155296 -0.388950 0.075824
v -0.155109 -0.388950 0.076496
v -0.154783 -0.388950 0.077113
v -0.154571 -0.388950 0.077391
v -0.153468 -0.388950 0.078230
v -0.152807 -0.388950 0.078452
v -0.154065 -0.388950 0.077870
v -0.154331 -0.388950 0.077644
v -0.153776 -0.388950 0.078066
v -0.146863 -0.383213 0.070053
v -0.151765 -0.383213 0.072097
v -0.151084 -0.383213 0.072247
v -0.151084 -0.388950 0.072247
v -0.150451 -0.383213 0.072539
v -0.149896 -0.383213 0.072961
v -0.149444 -0.383213 0.073493
v -0.149117 -0.383213 0.074109
v -0.148931 -0.383213 0.074781
v -0.150451 -0.388950 0.072539
v -0.149896 -0.388950 0.072961
v -0.149444 -0.388950 0.073493
v -0.149117 -0.388950 0.074109
v -0.148931 -0.388950 0.074781
v -0.148893 -0.383213 0.075477
v -0.148893 -0.388950 0.075477
v -0.146863 -0.383213 0.080553
v -0.152113 -0.388950 0.078528
v -0.151420 -0.388950 0.078452
v -0.151420 -0.383213 0.078452
v -0.150759 -0.388950 0.078230
v -0.150759 -0.383213 0.078230
v -0.149264 -0.383213 0.076813
v -0.149655 -0.383213 0.077391
v -0.149006 -0.383213 0.076165
v -0.150162 -0.383213 0.077870
v -0.149264 -0.388950 0.076813
v -0.149655 -0.388950 0.077391
v -0.150162 -0.388950 0.077870
v -0.149006 -0.388950 0.076165
v -0.152807 -0.388950 0.072153
v -0.152113 -0.388950 0.072078
v -0.153468 -0.388950 0.072376
v -0.150162 -0.388950 0.072735
v -0.150759 -0.388950 0.072376
v -0.151420 -0.388950 0.072153
v -0.149655 -0.388950 0.073215
v -0.146627 -0.388950 0.078719
v -0.145934 -0.388950 0.077423
v -0.145363 -0.388950 0.074553
v -0.145507 -0.388950 0.076016
v -0.148438 -0.388950 0.078978
v -0.149264 -0.388950 0.073792
v -0.148893 -0.388950 0.075128
v -0.149006 -0.388950 0.074440
v -0.148931 -0.393514 0.075824
v -0.148931 -0.388950 0.075824
v -0.148893 -0.393514 0.075128
v -0.149006 -0.393514 0.074440
v -0.145507 -0.393514 0.076016
v -0.152462 -0.388950 0.078509
v -0.153143 -0.388950 0.078359
v -0.152863 -0.388950 0.082053
v -0.151400 -0.388950 0.081909
v -0.149993 -0.388950 0.081482
v -0.151765 -0.388950 0.078509
v -0.153776 -0.393514 0.078066
v -0.153143 -0.393514 0.078359
v -0.152462 -0.393514 0.078509
v -0.152113 -0.393514 0.078528
v -0.151084 -0.388950 0.078359
v -0.150451 -0.388950 0.078066
v -0.150451 -0.393514 0.078066
v -0.151765 -0.393514 0.078509
v -0.149896 -0.388950 0.077644
v -0.149896 -0.393514 0.077644
v -0.151084 -0.393514 0.078359
v -0.151400 -0.393514 0.081909
v -0.149993 -0.393514 0.081482
v -0.149117 -0.388950 0.076496
v -0.149444 -0.388950 0.077113
v -0.148697 -0.388950 0.080789
v -0.147560 -0.388950 0.079856
v -0.149444 -0.393514 0.077113
v -0.149117 -0.393514 0.076496
v -0.146627 -0.393514 0.078719
v -0.145934 -0.393514 0.077423
v -0.148697 -0.393514 0.080789
v -0.147560 -0.393514 0.079856
v -0.170998 -0.422202 0.063506
v -0.154963 -0.422202 0.073792
v -0.167345 -0.417638 0.069257
v -0.178019 -0.417638 0.076663
v -0.152863 -0.422202 0.082053
v -0.155296 -0.422202 0.075824
v -0.155109 -0.422202 0.076496
v -0.154783 -0.422202 0.077113
v -0.154331 -0.422202 0.077644
v -0.155334 -0.417638 0.075128
v -0.155221 -0.422202 0.074440
v -0.155334 -0.422202 0.075128
v -0.155296 -0.417638 0.075824
v -0.154783 -0.417638 0.077113
v -0.155109 -0.417638 0.076496
v -0.152863 -0.417638 0.082053
v -0.154331 -0.417638 0.077644
v -0.153776 -0.417638 0.078066
v -0.158159 -0.417638 0.060071
v -0.154065 -0.422202 0.072735
v -0.154065 -0.417638 0.072735
v -0.153468 -0.417638 0.072376
v -0.152807 -0.417638 0.072153
v -0.152807 -0.422202 0.072153
v -0.153468 -0.422202 0.072376
v -0.152113 -0.417638 0.072078
v -0.150162 -0.417638 0.072735
v -0.149655 -0.417638 0.073215
v -0.152113 -0.422202 0.072078
v -0.150759 -0.417638 0.072376
v -0.151420 -0.417638 0.072153
v -0.145363 -0.417638 0.074553
v -0.154571 -0.417638 0.073215
v -0.154963 -0.417638 0.073792
v -0.155221 -0.417638 0.074440
v -0.154571 -0.422202 0.073215
v -0.149264 -0.417638 0.073792
v -0.149006 -0.417638 0.074440
v -0.148931 -0.417638 0.075824
v -0.149117 -0.417638 0.076496
v -0.145934 -0.417638 0.077423
v -0.148893 -0.417638 0.075128
v -0.145507 -0.417638 0.076016
v -0.149006 -0.422202 0.074440
v -0.148893 -0.422202 0.075128
v -0.149117 -0.422202 0.076496
v -0.145934 -0.422202 0.077423
v -0.149444 -0.422202 0.077113
v -0.148931 -0.422202 0.075824
v -0.149444 -0.417638 0.077113
v -0.145507 -0.422202 0.076016
v -0.152113 -0.417638 0.078528
v -0.152462 -0.417638 0.078509
v -0.151400 -0.417638 0.081909
v -0.151765 -0.417638 0.078509
v -0.151084 -0.417638 0.078359
v -0.149993 -0.417638 0.081482
v -0.150451 -0.417638 0.078066
v -0.153143 -0.417638 0.078359
v -0.153776 -0.422202 0.078066
v -0.152113 -0.422202 0.078528
v -0.152462 -0.422202 0.078509
v -0.153143 -0.422202 0.078359
v -0.150451 -0.422202 0.078066
v -0.149896 -0.422202 0.077644
v -0.151765 -0.422202 0.078509
v -0.151084 -0.422202 0.078359
v -0.149896 -0.417638 0.077644
v -0.151400 -0.422202 0.081909
v -0.149993 -0.422202 0.081482
v -0.146627 -0.417638 0.078719
v -0.148697 -0.417638 0.080789
v -0.147560 -0.417638 0.079856
v -0.147560 -0.422202 0.079856
v -0.146627 -0.422202 0.078719
v -0.148697 -0.422202 0.080789
v 0.476012 -0.225954 -0.036572
v 0.476012 -0.225954 0.063428
v 0.476012 0.295634 -0.036572
v 0.476012 0.295634 0.063428
v 0.524678 0.295634 0.002261
v 0.504512 0.295634 -0.027572
v 0.517012 0.295634 -0.015072
v 0.521512 0.295634 -0.007072
v 0.511345 0.295634 -0.021906
v 0.496512 0.295634 -0.032072
v 0.504512 0.295634 0.054428
v 0.517012 0.295634 0.041928
v 0.524678 0.295634 0.024594
v 0.526012 0.295634 0.013428
v 0.521512 0.295634 0.033928
v 0.511345 0.295634 0.048761
v 0.496512 0.295634 0.058928
v 0.487178 -0.225954 -0.035239
v 0.496512 -0.225954 -0.032072
v 0.517012 -0.225954 -0.015072
v 0.511345 -0.225954 -0.021906
v 0.504512 -0.225954 -0.027572
v 0.521512 -0.225954 -0.007072
v 0.524678 -0.225954 0.002261
v 0.526012 -0.225954 0.013428
v 0.524678 -0.225954 0.024594
v 0.521512 -0.225954 0.033928
v 0.517012 -0.225954 0.041928
v 0.496512 -0.225954 0.058928
v 0.504512 -0.225954 0.054428
v 0.511345 -0.225954 0.048761
v 0.487178 -0.225954 0.062094
v -0.379822 0.260861 -0.321572
v -0.376822 0.260861 -0.326572
v -0.371155 0.260861 -0.326572
v -0.368155 0.262600 -0.321572
v -0.371155 0.262600 -0.326572
v -0.376822 0.262600 -0.326572
v -0.368155 0.260861 -0.321572
v -0.379822 0.262600 -0.321572
v -0.376822 0.260861 -0.316572
v -0.376822 0.262600 -0.316572
v -0.371155 0.260861 -0.316572
v -0.371155 0.262600 -0.316572
v -0.379822 0.301719 -0.161572
v -0.376822 0.301719 -0.166572
v -0.376822 0.299981 -0.166572
v -0.379822 0.299981 -0.161572
v -0.371155 0.299981 -0.166572
v -0.371155 0.299981 -0.156572
v -0.376822 0.301719 -0.156572
v -0.371155 0.301719 -0.166572
v -0.368155 0.301719 -0.161572
v -0.368155 0.299981 -0.161572
v -0.376822 0.299981 -0.156572
v -0.371155 0.301719 -0.156572
v -0.368155 0.299981 -0.136572
v -0.371155 0.299981 -0.141572
v -0.371155 0.301719 -0.141572
v -0.368155 0.301719 -0.136572
v -0.379822 0.299981 -0.136572
v -0.376822 0.299981 -0.141572
v -0.376822 0.301719 -0.141572
v -0.379822 0.301719 -0.136572
v -0.371155 0.299981 -0.131572
v -0.376822 0.299981 -0.131572
v -0.376822 0.301719 -0.131572
v -0.371155 0.301719 -0.131572
v -0.226822 0.327799 -0.021572
v -0.229822 0.327799 -0.016572
v -0.226822 0.327799 -0.011572
v -0.229822 0.326060 -0.016572
v -0.226822 0.326060 -0.021572
v -0.221155 0.326060 -0.021572
v -0.221155 0.326060 -0.011572
v -0.221155 0.327799 -0.021572
v -0.218155 0.327799 -0.016572
v -0.218155 0.326060 -0.016572
v -0.221155 0.327799 -0.011572
v -0.226822 0.326060 -0.011572
v -0.229822 0.326060 0.023428
v -0.226822 0.326060 0.018428
v -0.221155 0.326060 0.018428
v -0.218155 0.327799 0.023428
v -0.221155 0.327799 0.018428
v -0.226822 0.327799 0.018428
v -0.218155 0.326060 0.023428
v -0.229822 0.327799 0.023428
v -0.226822 0.326060 0.028428
v -0.226822 0.327799 0.028428
v -0.221155 0.326060 0.028428
v -0.221155 0.327799 0.028428
v 0.431845 0.260861 -0.321572
v 0.428845 0.260861 -0.326572
v 0.428845 0.262600 -0.326572
v 0.431845 0.262600 -0.321572
v 0.420178 0.260861 -0.321572
v 0.423178 0.260861 -0.326572
v 0.423178 0.262600 -0.326572
v 0.420178 0.262600 -0.321572
v 0.428845 0.260861 -0.316572
v 0.423178 0.260861 -0.316572
v 0.423178 0.262600 -0.316572
v 0.428845 0.262600 -0.316572
v 0.420178 0.301719 -0.161572
v 0.423178 0.301719 -0.166572
v 0.423178 0.299981 -0.166572
v 0.420178 0.299981 -0.161572
v 0.428845 0.299981 -0.166572
v 0.428845 0.299981 -0.156572
v 0.423178 0.301719 -0.156572
v 0.428845 0.301719 -0.166572
v 0.431845 0.301719 -0.161572
v 0.431845 0.299981 -0.161572
v 0.423178 0.299981 -0.156572
v 0.428845 0.301719 -0.156572
v 0.420178 0.299981 -0.136572
v 0.423178 0.299981 -0.141572
v 0.428845 0.299981 -0.141572
v 0.431845 0.301719 -0.136572
v 0.428845 0.301719 -0.141572
v 0.423178 0.301719 -0.141572
v 0.431845 0.299981 -0.136572
v 0.420178 0.301719 -0.136572
v 0.423178 0.299981 -0.131572
v 0.423178 0.301719 -0.131572
v 0.428845 0.299981 -0.131572
v 0.428845 0.301719 -0.131572
v 0.270178 0.327799 -0.016572
v 0.273178 0.327799 -0.021572
v 0.273178 0.326060 -0.021572
v 0.270178 0.326060 -0.016572
v 0.278845 0.326060 -0.021572
v 0.278845 0.326060 -0.011572
v 0.273178 0.327799 -0.011572
v 0.278845 0.327799 -0.021572
v 0.281845 0.327799 -0.016572
v 0.281845 0.326060 -0.016572
v 0.273178 0.326060 -0.011572
v 0.278845 0.327799 -0.011572
v 0.270178 0.326060 0.023428
v 0.273178 0.326060 0.018428
v 0.278845 0.326060 0.018428
v 0.281845 0.327799 0.023428
v 0.278845 0.327799 0.018428
v 0.273178 0.327799 0.018428
v 0.281845 0.326060 0.023428
v 0.270178 0.327799 0.023428
v 0.273178 0.326060 0.028428
v 0.273178 0.327799 0.028428
v 0.278845 0.326060 0.028428
v 0.278845 0.327799 0.028428
v -0.379822 -0.191181 -0.321572
v -0.376822 -0.191181 -0.326572
v -0.371155 -0.191181 -0.326572
v -0.368155 -0.189443 -0.321572
v -0.371155 -0.189443 -0.326572
v -0.376822 -0.189443 -0.326572
v -0.368155 -0.191181 -0.321572
v -0.379822 -0.189443 -0.321572
v -0.376822 -0.191181 -0.316572
v -0.376822 -0.189443 -0.316572
v -0.371155 -0.191181 -0.316572
v -0.371155 -0.189443 -0.316572
v -0.376822 -0.230301 -0.166572
v -0.379822 -0.230301 -0.161572
v -0.376822 -0.230301 -0.156572
v -0.379822 -0.232039 -0.161572
v -0.376822 -0.232039 -0.166572
v -0.371155 -0.232039 -0.166572
v -0.371155 -0.232039 -0.156572
v -0.371155 -0.230301 -0.166572
v -0.368155 -0.230301 -0.161572
v -0.368155 -0.232039 -0.161572
v -0.371155 -0.230301 -0.156572
v -0.376822 -0.232039 -0.156572
v -0.376822 -0.232039 -0.141572
v -0.379822 -0.232039 -0.136572
v -0.379822 -0.230301 -0.136572
v -0.371155 -0.232039 -0.131572
v -0.376822 -0.232039 -0.131572
v -0.371155 -0.232039 -0.141572
v -0.376822 -0.230301 -0.141572
v -0.376822 -0.230301 -0.131572
v -0.368155 -0.232039 -0.136572
v -0.368155 -0.230301 -0.136572
v -0.371155 -0.230301 -0.131572
v -0.371155 -0.230301 -0.141572
v -0.226822 -0.256380 -0.021572
v -0.229822 -0.256380 -0.016572
v -0.226822 -0.256380 -0.011572
v -0.229822 -0.258119 -0.016572
v -0.226822 -0.258119 -0.021572
v -0.221155 -0.258119 -0.021572
v -0.221155 -0.258119 -0.011572
v -0.221155 -0.256380 -0.021572
v -0.218155 -0.256380 -0.016572
v -0.218155 -0.258119 -0.016572
v -0.221155 -0.256380 -0.011572
v -0.226822 -0.258119 -0.011572
v -0.229822 -0.258119 0.023428
v -0.226822 -0.258119 0.018428
v -0.221155 -0.258119 0.018428
v -0.218155 -0.256380 0.023428
v -0.221155 -0.256380 0.018428
v -0.226822 -0.256380 0.018428
v -0.218155 -0.258119 0.023428
v -0.229822 -0.256380 0.023428
v -0.226822 -0.258119 0.028428
v -0.226822 -0.256380 0.028428
v -0.221155 -0.258119 0.028428
v -0.221155 -0.256380 0.028428
v -0.236950 -0.394854 0.004191
v -0.263537 -0.395470 -0.026542
v -0.239922 -0.394899 0.002785
v -0.262641 -0.400835 -0.027294
v -0.236459 -0.400196 0.003053
v -0.236467 -0.404910 0.003070
v -0.235865 -0.404314 0.001852
v -0.261604 -0.405153 -0.028164
v -0.235785 -0.404764 0.001702
v -0.260587 -0.408381 -0.029017
v -0.234823 -0.409025 0.000069
v -0.235879 -0.407959 0.001879
v -0.260208 -0.409414 -0.029335
v -0.234303 -0.410746 -0.000710
v -0.259474 -0.411212 -0.029950
v -0.235013 -0.411223 0.000370
v -0.235571 -0.409248 0.001313
v -0.233089 -0.413846 -0.002312
v -0.257726 -0.414694 -0.031416
v -0.233816 -0.414434 -0.001386
v -0.232879 -0.416321 -0.002563
v -0.255323 -0.418229 -0.033433
v -0.237927 -0.419319 -0.015565
v -0.254729 -0.418942 -0.033932
v -0.257329 -0.415363 -0.031749
v -0.232289 -0.417319 -0.003235
v -0.232868 -0.414310 -0.002577
v -0.231559 -0.416624 -0.004003
v -0.230680 -0.419514 -0.004846
v -0.276882 -0.409414 0.010379
v -0.238308 -0.409248 0.018021
v -0.277199 -0.405153 0.012174
v -0.238410 -0.410331 0.017446
v -0.238536 -0.409025 0.016586
v -0.238638 -0.410746 0.015656
v -0.238403 -0.407124 0.017490
v -0.238699 -0.414434 0.014825
v -0.276715 -0.411212 0.009436
v -0.276318 -0.414694 0.007190
v -0.238488 -0.411223 0.016939
v -0.238737 -0.413846 0.013648
v -0.275774 -0.418229 0.004099
v -0.250963 -0.419319 0.006606
v -0.275640 -0.418942 0.003335
v -0.238704 -0.415771 0.012127
v -0.238653 -0.416624 0.011369
v -0.276228 -0.415363 0.006679
v -0.238718 -0.417319 0.012427
v -0.238703 -0.417659 0.012104
v -0.238521 -0.419514 0.010158
v -0.238280 -0.419177 0.008686
v -0.238241 -0.419514 0.008489
v -0.238246 -0.419420 0.008513
v -0.224533 -0.400196 -0.008964
v -0.224400 -0.400711 -0.009026
v -0.226253 -0.395470 -0.049040
v -0.225641 -0.394854 -0.008408
v -0.227014 -0.394899 -0.011395
v -0.225084 -0.400835 -0.049040
v -0.224550 -0.404910 -0.008955
v -0.224398 -0.405328 -0.009027
v -0.223730 -0.405153 -0.049040
v -0.222735 -0.409248 -0.009725
v -0.223148 -0.404764 -0.009565
v -0.221362 -0.409025 -0.010198
v -0.221907 -0.409414 -0.049040
v -0.228966 -0.393514 -0.006276
v -0.224381 -0.393514 -0.009035
v -0.227087 -0.394841 -0.007572
v -0.227080 -0.394907 -0.007577
v -0.219309 -0.393514 -0.010744
v -0.225959 -0.400275 -0.008235
v -0.216244 -0.416624 -0.011219
v -0.218503 -0.413846 -0.010907
v -0.213988 -0.393514 -0.011322
v -0.219351 -0.412599 -0.010734
v -0.214017 -0.418774 -0.011322
v -0.220463 -0.410746 -0.010460
v -0.221701 -0.411223 -0.010090
v -0.220950 -0.411212 -0.049039
v -0.219655 -0.414434 -0.010665
v -0.219331 -0.414875 -0.010739
v -0.218668 -0.414694 -0.049039
v -0.218150 -0.415363 -0.049039
v -0.215531 -0.418229 -0.049039
v -0.217297 -0.417319 -0.011100
v -0.215029 -0.419514 -0.011300
v -0.213691 -0.419319 -0.024170
v -0.214755 -0.418942 -0.049039
v -0.213988 -0.419514 -0.011322
v -0.228966 -0.422202 -0.006276
v -0.224381 -0.422202 -0.009035
v -0.229392 -0.419514 -0.005944
v -0.229412 -0.419420 -0.005929
v -0.229549 -0.419177 -0.005819
v -0.213988 -0.422202 -0.011322
v -0.219309 -0.422202 -0.010744
v -0.235855 -0.393514 0.001835
v -0.237083 -0.400275 0.004528
v -0.232852 -0.393514 -0.002595
v -0.213988 -0.393514 0.013428
v -0.237518 -0.394907 0.005753
v -0.237836 -0.393514 0.006806
v -0.237521 -0.394841 0.005760
v -0.238702 -0.393514 0.012088
v -0.238412 -0.393514 0.017432
v -0.235855 -0.422202 0.001835
v -0.232852 -0.422202 -0.002595
v -0.213988 -0.422202 0.013428
v -0.237836 -0.422202 0.006806
v -0.238702 -0.422202 0.012088
v -0.238412 -0.422202 0.017432
v -0.238222 -0.404764 0.018456
v -0.237866 -0.404910 0.019942
v -0.277434 -0.400835 0.013507
v -0.277637 -0.395470 0.014659
v -0.237871 -0.400196 0.019924
v -0.237515 -0.394854 0.021112
v -0.240696 -0.394899 0.021945
v -0.237400 -0.400275 0.021455
v -0.236947 -0.394907 0.022673
v -0.236944 -0.394841 0.022680
v -0.236981 -0.394842 0.022589
v -0.236975 -0.395285 0.022603
v -0.236981 -0.393514 0.022589
v -0.236981 -0.422202 0.022589
v -0.246698 -0.419319 0.031969
v -0.267315 -0.418229 0.045997
v -0.234458 -0.417090 0.027341
v -0.234457 -0.418818 0.027342
v -0.233576 -0.417319 0.028557
v -0.266005 -0.415363 0.048265
v -0.234883 -0.419514 0.026693
v -0.267703 -0.418942 0.045325
v -0.234206 -0.416624 0.027704
v -0.232806 -0.413846 0.029505
v -0.235741 -0.419514 0.025234
v -0.235729 -0.419420 0.025255
v -0.235645 -0.419177 0.025410
v -0.234474 -0.393514 0.027317
v -0.221891 -0.393514 0.036882
v -0.216664 -0.393514 0.038033
v -0.231009 -0.393514 0.031396
v -0.226748 -0.393514 0.034635
v -0.227072 -0.394854 0.034437
v -0.226748 -0.394851 0.034635
v -0.228973 -0.394899 0.037119
v -0.225633 -0.394907 0.035267
v -0.225626 -0.394841 0.035271
v -0.228107 -0.400196 0.033755
v -0.229321 -0.404764 0.032857
v -0.226763 -0.400275 0.034626
v -0.231001 -0.409649 0.031403
v -0.230762 -0.409025 0.031626
v -0.228092 -0.404910 0.033766
v -0.231439 -0.410746 0.030979
v -0.221846 -0.418229 0.036897
v -0.220299 -0.416624 0.037360
v -0.218069 -0.413846 0.037839
v -0.216628 -0.411677 0.038037
v -0.234474 -0.422202 0.027317
v -0.216664 -0.422202 0.038033
v -0.221891 -0.422202 0.036882
v -0.231009 -0.422202 0.031396
v -0.226748 -0.422202 0.034635
v -0.229666 -0.409248 0.032579
v -0.230981 -0.412290 0.031423
v -0.232020 -0.414434 0.030381
v -0.230499 -0.411223 0.031866
v -0.223063 -0.419514 0.036454
v -0.221891 -0.419514 0.036882
v -0.223040 -0.419420 0.036463
v -0.222876 -0.419177 0.036527
v -0.219268 -0.417319 0.037608
v -0.216904 -0.414434 0.038005
v -0.221468 -0.419514 0.037020
v -0.263217 -0.405153 0.053098
v -0.262540 -0.400835 0.054270
v -0.261954 -0.395470 0.055283
v -0.264127 -0.409414 0.051519
v -0.264606 -0.411212 0.050690
v -0.265746 -0.414694 0.048714
v -0.216074 -0.410746 0.038090
v -0.213245 -0.404764 0.038167
v -0.211738 -0.400196 0.038075
v -0.215140 -0.409025 0.038151
v -0.210507 -0.394854 0.037932
v -0.211257 -0.398364 0.038027
v -0.223828 -0.395470 0.076323
v -0.224927 -0.400835 0.075923
v -0.210238 -0.394899 0.041208
v -0.211270 -0.403725 0.038028
v -0.226200 -0.405153 0.075460
v -0.227912 -0.409414 0.074836
v -0.213688 -0.409248 0.038176
v -0.211719 -0.404910 0.038073
v -0.227127 -0.419319 0.048656
v -0.214784 -0.411223 0.038165
v -0.216646 -0.414079 0.038035
v -0.230955 -0.414694 0.073727
v -0.228812 -0.411212 0.074508
v -0.234633 -0.418942 0.072390
v -0.233904 -0.418229 0.072655
v -0.231442 -0.415363 0.073550
v -0.206226 -0.404764 -0.010073
v -0.207673 -0.400196 -0.010503
v -0.203596 -0.393514 -0.009035
v -0.208701 -0.395792 -0.010751
v -0.208668 -0.393514 -0.010744
v -0.208879 -0.394854 -0.010789
v -0.210524 -0.394841 -0.011079
v -0.210516 -0.394907 -0.011077
v -0.208011 -0.394899 -0.013960
v -0.209234 -0.400275 -0.010861
v -0.203593 -0.410746 -0.009034
v -0.204450 -0.409025 -0.009410
v -0.201805 -0.413846 -0.008116
v -0.183230 -0.395470 -0.042309
v -0.182334 -0.400835 -0.041557
v -0.208717 -0.401982 -0.010754
v -0.205806 -0.409248 -0.009931
v -0.207692 -0.404910 -0.010508
v -0.181297 -0.405153 -0.040687
v -0.179901 -0.409414 -0.039515
v -0.199010 -0.393514 -0.006276
v -0.199873 -0.416624 -0.006903
v -0.199048 -0.417667 -0.006304
v -0.213537 -0.419177 -0.011318
v -0.208668 -0.422202 -0.010744
v -0.213336 -0.419514 -0.011314
v -0.213361 -0.419420 -0.011314
v -0.200757 -0.417319 -0.007489
v -0.203596 -0.422202 -0.009035
v -0.202843 -0.414434 -0.008671
v -0.203635 -0.413191 -0.009053
v -0.204780 -0.411223 -0.009545
v -0.179168 -0.411212 -0.038900
v -0.177421 -0.414694 -0.037433
v -0.177024 -0.415363 -0.037100
v -0.197585 -0.419514 -0.005106
v -0.189593 -0.419319 -0.015182
v -0.197604 -0.419420 -0.005122
v -0.198890 -0.419514 -0.006184
v -0.199010 -0.422202 -0.006276
v -0.199017 -0.419375 -0.006281
v -0.197736 -0.419177 -0.005238
v -0.189564 -0.393514 0.017432
v -0.189275 -0.393514 0.012088
v -0.192121 -0.393514 0.001835
v -0.195125 -0.393514 -0.002595
v -0.190140 -0.393514 0.006806
v -0.195577 -0.394907 -0.003112
v -0.195165 -0.397754 -0.002642
v -0.195582 -0.394841 -0.003118
v -0.195125 -0.394846 -0.002595
v -0.194508 -0.394854 -0.001840
v -0.191805 -0.394899 -0.003710
v -0.192936 -0.404764 0.000414
v -0.193768 -0.400196 -0.000845
v -0.192001 -0.409025 0.002064
v -0.192135 -0.408453 0.001809
v -0.190143 -0.416478 0.006797
v -0.190807 -0.413846 0.004756
v -0.191588 -0.410746 0.002903
v -0.189513 -0.419420 0.009749
v -0.189540 -0.419177 0.009575
v -0.190107 -0.416624 0.006927
v -0.189252 -0.394854 0.014254
v -0.189324 -0.400196 0.015491
v -0.189496 -0.404764 0.016991
v -0.189275 -0.422202 0.012088
v -0.189564 -0.422202 0.017432
v -0.195125 -0.422202 -0.002595
v -0.190140 -0.422202 0.006806
v -0.192121 -0.422202 0.001835
v -0.194734 -0.400275 -0.002123
v -0.193779 -0.404910 -0.000861
v -0.192706 -0.409248 0.000794
v -0.192167 -0.411223 0.001749
v -0.192125 -0.411374 0.001828
v -0.190408 -0.417319 0.005910
v -0.191246 -0.414434 0.003664
v -0.189510 -0.419514 0.009774
v -0.189817 -0.419514 0.008109
v -0.189323 -0.404910 0.015472
v -0.189243 -0.400275 0.013892
v -0.189564 -0.409248 0.017430
v -0.190149 -0.418246 0.006775
v -0.154600 -0.395470 -0.009498
v -0.154396 -0.400835 -0.008346
v -0.174422 -0.418942 -0.034918
v -0.175017 -0.418229 -0.035416
v -0.154161 -0.405153 -0.007013
v -0.189253 -0.394841 0.012584
v -0.185979 -0.394899 0.014559
v -0.189252 -0.394907 0.012592
v -0.176910 -0.419319 0.007192
v -0.153845 -0.409414 -0.005218
v -0.153679 -0.411212 -0.004275
v -0.153284 -0.414694 -0.002028
v -0.152738 -0.418229 0.001061
v -0.153194 -0.415363 -0.001518
v -0.152603 -0.418942 0.001826
v -0.211312 -0.393514 0.038033
v -0.206086 -0.393514 0.036882
v -0.201228 -0.393514 0.034635
v -0.196968 -0.393514 0.031396
v -0.193503 -0.393514 0.027317
v -0.208862 -0.394841 0.037641
v -0.208870 -0.394907 0.037643
v -0.205949 -0.419177 0.036836
v -0.206086 -0.419350 0.036882
v -0.203439 -0.416624 0.035817
v -0.210148 -0.400275 0.037878
v -0.190996 -0.393514 0.022589
v -0.191516 -0.416624 0.023798
v -0.192784 -0.419177 0.026192
v -0.194498 -0.394841 0.028681
v -0.195570 -0.394854 0.029961
v -0.193259 -0.394899 0.032298
v -0.196421 -0.400196 0.030862
v -0.194503 -0.394907 0.028688
v -0.196928 -0.402521 0.031359
v -0.196408 -0.404910 0.030849
v -0.195330 -0.400275 0.029689
v -0.197517 -0.404764 0.031901
v -0.192875 -0.419420 0.026342
v -0.192888 -0.419514 0.026363
v -0.199734 -0.410746 0.033661
v -0.198979 -0.409025 0.033107
v -0.201213 -0.413505 0.034626
v -0.201423 -0.413846 0.034751
v -0.206086 -0.422202 0.036882
v -0.211312 -0.422202 0.038033
v -0.201228 -0.422202 0.034635
v -0.193503 -0.422202 0.027317
v -0.196968 -0.422202 0.031396
v -0.206139 -0.419514 0.036900
v -0.204553 -0.419514 0.036309
v -0.192053 -0.419514 0.024891
v -0.190996 -0.422202 0.022589
v -0.196927 -0.406651 0.031358
v -0.201191 -0.415605 0.034612
v -0.200423 -0.414434 0.034129
v -0.197851 -0.409248 0.032193
v -0.202490 -0.417319 0.035345
v -0.198697 -0.411223 0.032889
v -0.185182 -0.409414 0.069420
v -0.201409 -0.419319 0.048860
v -0.188226 -0.414694 0.070526
v -0.188713 -0.415363 0.070703
v -0.187490 -0.413606 0.070259
v -0.186082 -0.411212 0.069747
v -0.191174 -0.418229 0.071600
v -0.191903 -0.418942 0.071866
v -0.190657 -0.413846 0.021685
v -0.190063 -0.410746 0.019764
v -0.189841 -0.409025 0.018855
v -0.189558 -0.405779 0.017391
v -0.190980 -0.415048 0.022548
v -0.153758 -0.395470 0.034040
v -0.154342 -0.400835 0.035053
v -0.155019 -0.405153 0.036225
v -0.155931 -0.409414 0.037803
v -0.189765 -0.411223 0.018507
v -0.190290 -0.414434 0.020567
v -0.190990 -0.417022 0.022572
v -0.191092 -0.417319 0.022826
v -0.181577 -0.419319 0.032484
v -0.156410 -0.411212 0.038632
v -0.157551 -0.414694 0.040608
v -0.157810 -0.415363 0.041056
v -0.159119 -0.418229 0.043325
v -0.181098 -0.395470 0.067933
v -0.182197 -0.400835 0.068333
v -0.183469 -0.405153 0.068797
v -0.159507 -0.418942 0.043998
v 0.420178 -0.191181 -0.321572
v 0.423178 -0.191181 -0.326572
v 0.428845 -0.191181 -0.326572
v 0.431845 -0.189443 -0.321572
v 0.428845 -0.189443 -0.326572
v 0.423178 -0.189443 -0.326572
v 0.431845 -0.191181 -0.321572
v 0.420178 -0.189443 -0.321572
v 0.423178 -0.191181 -0.316572
v 0.423178 -0.189443 -0.316572
v 0.428845 -0.191181 -0.316572
v 0.428845 -0.189443 -0.316572
v 0.420178 -0.230301 -0.161572
v 0.423178 -0.230301 -0.166572
v 0.423178 -0.232039 -0.166572
v 0.420178 -0.232039 -0.161572
v 0.428845 -0.232039 -0.166572
v 0.428845 -0.232039 -0.156572
v 0.423178 -0.230301 -0.156572
v 0.428845 -0.230301 -0.166572
v 0.431845 -0.230301 -0.161572
v 0.431845 -0.232039 -0.161572
v 0.423178 -0.232039 -0.156572
v 0.428845 -0.230301 -0.156572
v 0.431845 -0.232039 -0.136572
v 0.428845 -0.232039 -0.141572
v 0.428845 -0.230301 -0.141572
v 0.431845 -0.230301 -0.136572
v 0.420178 -0.232039 -0.136572
v 0.423178 -0.232039 -0.141572
v 0.423178 -0.230301 -0.141572
v 0.420178 -0.230301 -0.136572
v 0.428845 -0.232039 -0.131572
v 0.423178 -0.232039 -0.131572
v 0.423178 -0.230301 -0.131572
v 0.428845 -0.230301 -0.131572
v 0.273178 -0.256380 -0.021572
v 0.270178 -0.256380 -0.016572
v 0.273178 -0.256380 -0.011572
v 0.270178 -0.258119 -0.016572
v 0.273178 -0.258119 -0.021572
v 0.278845 -0.258119 -0.021572
v 0.278845 -0.258119 -0.011572
v 0.278845 -0.256380 -0.021572
v 0.281845 -0.256380 -0.016572
v 0.281845 -0.258119 -0.016572
v 0.278845 -0.256380 -0.011572
v 0.273178 -0.258119 -0.011572
v 0.270178 -0.258119 0.023428
v 0.273178 -0.258119 0.018428
v 0.278845 -0.258119 0.018428
v 0.281845 -0.256380 0.023428
v 0.278845 -0.256380 0.018428
v 0.273178 -0.256380 0.018428
v 0.281845 -0.258119 0.023428
v 0.270178 -0.256380 0.023428
v 0.273178 -0.258119 0.028428
v 0.273178 -0.256380 0.028428
v 0.278845 -0.258119 0.028428
v 0.278845 -0.256380 0.028428
v -0.372155 0.287231 -0.676572
v -0.369488 0.286072 -0.676572
v -0.367488 0.284333 -0.676572
v -0.378488 0.286072 -0.676572
v -0.375822 0.287231 -0.676572
v -0.368322 0.285347 -0.676572
v -0.370655 0.286796 -0.676572
v -0.373988 0.287375 -0.676572
v -0.377322 0.286796 -0.676572
v -0.380488 0.284333 -0.676572
v -0.379655 0.285347 -0.676572
v -0.398988 0.295634 -0.676572
v -0.348988 0.295634 -0.676572
v -0.348988 0.295634 -0.686572
v -0.398988 0.295634 -0.686572
v -0.369488 0.274770 -0.676572
v -0.380488 0.276509 -0.676572
v -0.381822 0.282015 -0.676572
v -0.381822 0.278827 -0.676572
v -0.381322 0.283319 -0.676572
v -0.381988 0.280421 -0.676572
v -0.375822 0.273611 -0.676572
v -0.378488 0.274770 -0.676572
v -0.372155 0.273611 -0.676572
v -0.373988 0.273466 -0.676572
v -0.377322 0.274046 -0.676572
v -0.381322 0.277523 -0.676572
v -0.379655 0.275495 -0.676572
v -0.366155 0.278827 -0.676572
v -0.367488 0.276509 -0.676572
v -0.368322 0.275495 -0.676572
v -0.366655 0.277523 -0.676572
v -0.370655 0.274046 -0.676572
v -0.366655 0.283319 -0.676572
v -0.366155 0.282015 -0.676572
v -0.365988 0.280421 -0.676572
v -0.398988 0.208703 -0.676572
v -0.348988 0.208703 -0.676572
v -0.398988 0.208703 -0.686572
v -0.348988 0.208703 -0.686572
v -0.380488 0.284333 -0.546572
v -0.379655 0.285347 -0.546572
v -0.381322 0.283319 -0.546572
v -0.381822 0.282015 -0.546572
v -0.378488 0.286072 -0.546572
v -0.381988 0.280421 -0.546572
v -0.377322 0.286796 -0.546572
v -0.375822 0.287231 -0.546572
v -0.373988 0.287375 -0.546572
v -0.372155 0.287231 -0.546572
v -0.370655 0.286796 -0.546572
v -0.369488 0.286072 -0.546572
v -0.368322 0.285347 -0.546572
v -0.367488 0.284333 -0.546572
v -0.366655 0.283319 -0.546572
v -0.366155 0.282015 -0.546572
v -0.365988 0.280421 -0.546572
v -0.380488 0.276509 -0.546572
v -0.381322 0.277523 -0.546572
v -0.379655 0.275495 -0.546572
v -0.381822 0.278827 -0.546572
v -0.378488 0.274770 -0.546572
v -0.377322 0.274046 -0.546572
v -0.375822 0.273611 -0.546572
v -0.373988 0.273466 -0.546572
v -0.369488 0.274770 -0.546572
v -0.372155 0.273611 -0.546572
v -0.370655 0.274046 -0.546572
v -0.366155 0.278827 -0.546572
v -0.368322 0.275495 -0.546572
v -0.367488 0.276509 -0.546572
v -0.366655 0.277523 -0.546572
v -0.352988 0.292157 -0.536572
v -0.394988 0.292157 -0.536572
v -0.398988 0.295634 -0.536572
v -0.348988 0.295634 -0.536572
v -0.348988 0.295634 -0.546572
v -0.398988 0.295634 -0.546572
v -0.394988 0.265208 -0.536572
v -0.398988 0.265208 -0.536572
v -0.398988 0.265208 -0.546572
v -0.348988 0.265208 -0.546572
v -0.348988 0.265208 -0.536572
v -0.352988 0.265208 -0.536572
v -0.398988 0.265208 -0.361572
v -0.398988 0.265208 -0.281572
v -0.348988 0.265208 -0.281572
v -0.348988 0.265208 -0.361572
v -0.393988 0.260861 -0.361572
v -0.398988 0.260861 -0.361572
v -0.353988 0.260861 -0.286572
v -0.393988 0.260861 -0.286572
v -0.353988 0.260861 -0.361572
v -0.393988 0.195663 -0.286572
v -0.398988 0.195663 -0.286572
v -0.398988 0.195663 -0.281572
v -0.353988 0.195663 -0.286572
v -0.348988 0.260861 -0.361572
v -0.348988 0.195663 -0.286572
v -0.352988 0.292157 -0.056572
v -0.398988 0.295634 -0.056572
v -0.394988 0.292157 -0.056572
v -0.348988 0.295634 -0.056572
v -0.394988 0.265208 -0.277572
v -0.398988 0.265208 -0.246572
v -0.394988 0.265208 -0.246572
v -0.398988 0.265208 -0.056572
v -0.394988 0.265208 -0.056572
v -0.352988 0.265208 -0.246572
v -0.348988 0.265208 -0.246572
v -0.352988 0.265208 -0.277572
v -0.352988 0.265208 -0.056572
v -0.348988 0.265208 -0.056572
v -0.423988 0.297373 -0.211572
v -0.323988 0.297373 -0.211572
v -0.323988 0.293026 -0.211572
v -0.423988 0.293026 -0.211572
v -0.348988 0.195663 -0.281572
v -0.448988 0.297373 -0.161572
v -0.448988 0.297373 -0.111572
v -0.473988 0.321713 -0.111572
v -0.473988 0.295634 -0.111572
v -0.473988 0.299111 -0.107572
v -0.473988 0.318236 -0.107572
v -0.448988 0.293026 -0.161572
v -0.448988 0.293026 -0.111572
v -0.298988 0.293026 -0.111572
v -0.298988 0.297373 -0.111572
v -0.298988 0.297373 -0.161572
v -0.298988 0.293026 -0.161572
v -0.398988 -0.195528 -0.246572
v -0.394988 -0.195528 -0.246572
v -0.394988 -0.195528 -0.277572
v -0.352988 -0.195528 -0.277572
v -0.398988 -0.195528 -0.281572
v -0.348988 -0.195528 -0.281572
v -0.347655 0.053096 -0.246572
v -0.347655 0.056573 -0.246572
v -0.347655 0.056573 -0.281572
v -0.347655 0.053096 -0.277572
v -0.347655 0.016584 -0.277572
v -0.352988 -0.195528 -0.246572
v -0.347655 0.013107 -0.281572
v -0.348988 -0.195528 -0.246572
v -0.347655 0.016584 -0.246572
v -0.347655 0.013107 -0.246572
v -0.473988 0.295634 0.088428
v -0.473988 0.299111 0.084428
v -0.473988 0.321713 0.080928
v -0.473988 0.318236 0.079261
v -0.473988 0.315194 0.088428
v -0.473988 0.313745 0.084428
v 0.526012 0.318236 -0.107572
v 0.526012 0.318236 0.079261
v 0.526012 0.321713 -0.111572
v 0.526012 0.295634 -0.111572
v 0.526012 0.321713 0.080928
v 0.526012 0.299111 -0.107572
v 0.526012 0.295634 0.088428
v 0.526012 0.299111 0.084428
v 0.526012 0.315194 0.088428
v 0.526012 0.313745 0.084428
v -0.398988 -0.139023 -0.676572
v -0.348988 -0.139023 -0.676572
v -0.348988 -0.139023 -0.686572
v -0.398988 -0.139023 -0.686572
v -0.398988 -0.225954 -0.676572
v -0.348988 -0.225954 -0.686572
v -0.398988 -0.225954 -0.686572
v -0.348988 -0.225954 -0.676572
v -0.375822 -0.203931 -0.676572
v -0.373988 -0.203787 -0.676572
v -0.372155 -0.203931 -0.676572
v -0.369488 -0.216392 -0.676572
v -0.380488 -0.214653 -0.676572
v -0.378488 -0.205090 -0.676572
v -0.377322 -0.204366 -0.676572
v -0.380488 -0.206829 -0.676572
v -0.379655 -0.205815 -0.676572
v -0.381822 -0.209147 -0.676572
v -0.381322 -0.207843 -0.676572
v -0.381822 -0.212335 -0.676572
v -0.381988 -0.210741 -0.676572
v -0.381322 -0.213639 -0.676572
v -0.369488 -0.205090 -0.676572
v -0.367488 -0.206829 -0.676572
v -0.366655 -0.207843 -0.676572
v -0.366155 -0.209147 -0.676572
v -0.368322 -0.205815 -0.676572
v -0.370655 -0.204366 -0.676572
v -0.366155 -0.212335 -0.676572
v -0.366655 -0.213639 -0.676572
v -0.367488 -0.214653 -0.676572
v -0.365988 -0.210741 -0.676572
v -0.372155 -0.217551 -0.676572
v -0.375822 -0.217551 -0.676572
v -0.378488 -0.216392 -0.676572
v -0.379655 -0.215667 -0.676572
v -0.377322 -0.217116 -0.676572
v -0.373988 -0.217696 -0.676572
v -0.370655 -0.217116 -0.676572
v -0.368322 -0.215667 -0.676572
v -0.381988 -0.210741 -0.546572
v -0.381822 -0.209147 -0.546572
v -0.381322 -0.207843 -0.546572
v -0.380488 -0.206829 -0.546572
v -0.379655 -0.205815 -0.546572
v -0.378488 -0.205090 -0.546572
v -0.377322 -0.204366 -0.546572
v -0.375822 -0.203931 -0.546572
v -0.373988 -0.203787 -0.546572
v -0.381822 -0.212335 -0.546572
v -0.381322 -0.213639 -0.546572
v -0.380488 -0.214653 -0.546572
v -0.379655 -0.215667 -0.546572
v -0.378488 -0.216392 -0.546572
v -0.377322 -0.217116 -0.546572
v -0.375822 -0.217551 -0.546572
v -0.373988 -0.217696 -0.546572
v -0.372155 -0.203931 -0.546572
v -0.370655 -0.204366 -0.546572
v -0.369488 -0.205090 -0.546572
v -0.368322 -0.205815 -0.546572
v -0.367488 -0.206829 -0.546572
v -0.366655 -0.207843 -0.546572
v -0.366155 -0.209147 -0.546572
v -0.365988 -0.210741 -0.546572
v -0.372155 -0.217551 -0.546572
v -0.370655 -0.217116 -0.546572
v -0.369488 -0.216392 -0.546572
v -0.367488 -0.214653 -0.546572
v -0.368322 -0.215667 -0.546572
v -0.366655 -0.213639 -0.546572
v -0.366155 -0.212335 -0.546572
v -0.398988 -0.195528 -0.546572
v -0.398988 -0.225954 -0.546572
v -0.398988 -0.225954 -0.536572
v -0.394988 -0.195528 -0.536572
v -0.394988 -0.222477 -0.536572
v -0.398988 -0.195528 -0.536572
v -0.348988 -0.195528 -0.546572
v -0.348988 -0.195528 -0.536572
v -0.348988 -0.225954 -0.546572
v -0.348988 -0.225954 -0.536572
v -0.352988 -0.222477 -0.536572
v -0.352988 -0.195528 -0.536572
v -0.393988 -0.191181 -0.286572
v -0.393988 -0.191181 -0.361572
v -0.393988 -0.125983 -0.286572
v -0.398988 -0.191181 -0.361572
v -0.398988 -0.125983 -0.286572
v -0.398988 -0.195528 -0.361572
v -0.353988 -0.191181 -0.286572
v -0.353988 -0.191181 -0.361572
v -0.348988 -0.191181 -0.361572
v -0.348988 -0.195528 -0.361572
v -0.348988 -0.125983 -0.286572
v -0.353988 -0.125983 -0.286572
v -0.348988 -0.125983 -0.281572
v -0.398988 -0.125983 -0.281572
v -0.398988 -0.195528 -0.056572
v -0.398988 -0.225954 -0.056572
v -0.394988 -0.195528 -0.056572
v -0.394988 -0.222477 -0.056572
v -0.352988 -0.222477 -0.056572
v -0.348988 -0.225954 -0.056572
v -0.352988 -0.195528 -0.056572
v -0.348988 -0.195528 -0.056572
v -0.423988 -0.225954 -0.211572
v -0.323988 -0.225954 -0.211572
v -0.323988 -0.230301 -0.211572
v -0.423988 -0.230301 -0.211572
v -0.448988 -0.225954 -0.161572
v -0.448988 -0.225954 -0.111572
v -0.473988 -0.248556 -0.107572
v -0.473988 -0.229431 -0.107572
v -0.473988 -0.225954 -0.111572
v -0.473988 -0.252033 -0.111572
v -0.448988 -0.230301 -0.161572
v -0.448988 -0.230301 -0.111572
v -0.298988 -0.230301 -0.111572
v -0.298988 -0.225954 -0.111572
v -0.298988 -0.225954 -0.161572
v -0.298988 -0.230301 -0.161572
v -0.473988 -0.229431 0.084428
v -0.473988 -0.225954 0.088428
v -0.473988 -0.248556 0.079261
v -0.473988 -0.252033 0.080928
v -0.473988 -0.245514 0.088428
v -0.473988 -0.244065 0.084428
v -0.311488 -0.281191 -0.046424
v -0.311488 -0.280340 -0.046034
v -0.311488 -0.279582 -0.045442
v -0.311488 -0.283011 -0.046537
v -0.311488 -0.282096 -0.046594
v -0.311488 -0.278951 -0.044677
v -0.311488 -0.278479 -0.043774
v -0.311488 -0.278087 -0.041727
v -0.311488 -0.278186 -0.040679
v -0.311488 -0.278186 -0.042775
v -0.303988 -0.280340 -0.046034
v -0.303988 -0.279582 -0.045442
v -0.303988 -0.278951 -0.044677
v -0.303988 -0.278186 -0.042775
v -0.303988 -0.278479 -0.043774
v -0.303988 -0.271593 -0.054072
v -0.303988 -0.278186 -0.040679
v -0.303988 -0.278087 -0.041727
v -0.303988 -0.282096 -0.046594
v -0.303988 -0.283011 -0.046537
v -0.303988 -0.281191 -0.046424
v -0.303988 -0.278479 -0.039680
v -0.303988 -0.278951 -0.038776
v -0.311488 -0.278951 -0.038776
v -0.311488 -0.279582 -0.038011
v -0.303988 -0.279582 -0.038011
v -0.311488 -0.278479 -0.039680
v -0.303988 -0.283894 -0.046255
v -0.311488 -0.283894 -0.046255
v -0.303988 -0.284703 -0.045762
v -0.311488 -0.284703 -0.045762
v -0.311488 -0.286538 -0.042254
v -0.303988 -0.286538 -0.042254
v -0.311488 -0.286341 -0.043283
v -0.303988 -0.286341 -0.043283
v -0.311488 -0.285957 -0.044240
v -0.303988 -0.285957 -0.044240
v -0.311488 -0.285402 -0.045079
v -0.303988 -0.285402 -0.045079
v -0.303988 -0.286563 -0.041727
v -0.311488 -0.286563 -0.041727
v -0.303988 -0.286538 -0.041200
v -0.311488 -0.286538 -0.041200
v -0.311488 -0.285402 -0.038374
v -0.303988 -0.285402 -0.038374
v -0.311488 -0.285957 -0.039213
v -0.303988 -0.285957 -0.039213
v -0.311488 -0.286341 -0.040170
v -0.303988 -0.286341 -0.040170
v -0.303988 -0.327300 -0.053986
v -0.303988 -0.315564 -0.051918
v -0.303988 -0.294354 -0.039950
v -0.303988 -0.304430 -0.047174
v -0.311488 -0.303214 -0.040482
v -0.311488 -0.280340 -0.037420
v -0.311488 -0.282096 -0.036859
v -0.303988 -0.282096 -0.036859
v -0.311488 -0.283011 -0.036916
v -0.303988 -0.281191 -0.037029
v -0.303988 -0.280340 -0.037420
v -0.311488 -0.281191 -0.037029
v -0.303988 -0.283011 -0.036916
v -0.303988 -0.283894 -0.037198
v -0.303988 -0.284703 -0.037692
v -0.311488 -0.284703 -0.037692
v -0.311488 -0.283894 -0.037198
v -0.303988 -0.285749 -0.030540
v -0.303988 -0.278966 -0.019330
v -0.311488 -0.280835 -0.011892
v -0.311488 -0.286492 -0.023162
v -0.303988 -0.271894 0.006599
v -0.311488 -0.294062 -0.032833
v -0.314488 -0.294062 -0.032833
v -0.314488 -0.303214 -0.040482
v -0.314488 -0.286492 -0.023162
v -0.303988 -0.271593 0.013428
v -0.311488 -0.271593 0.013428
v -0.303988 -0.274284 -0.006779
v -0.311488 -0.277339 0.000485
v -0.314488 -0.280835 -0.011892
v -0.314488 -0.277339 0.000485
v -0.314488 -0.276157 0.013428
v -0.311488 -0.276157 0.013428
v -0.314488 -0.322631 0.011493
v -0.314488 -0.277339 0.026370
v -0.311488 -0.277339 0.026370
v -0.314488 -0.322448 0.013428
v -0.314488 -0.280835 0.038747
v -0.311488 -0.280835 0.038747
v -0.303988 -0.271894 0.020257
v -0.303988 -0.279582 0.064866
v -0.303988 -0.274284 0.033635
v -0.311488 -0.281191 0.063885
v -0.311488 -0.280340 0.064275
v -0.311488 -0.279582 0.064866
v -0.311488 -0.278951 0.065632
v -0.311488 -0.278479 0.066535
v -0.311488 -0.278186 0.067534
v -0.303988 -0.278951 0.065632
v -0.303988 -0.278479 0.066535
v -0.303988 -0.278186 0.067534
v -0.311488 -0.286492 0.050017
v -0.314488 -0.286492 0.050017
v -0.303988 -0.280340 0.064275
v -0.303988 -0.281191 0.063885
v -0.303988 -0.271593 0.080928
v -0.303988 -0.278966 0.046186
v -0.311488 -0.282096 0.063714
v -0.311488 -0.283011 0.063771
v -0.303988 -0.282096 0.063714
v -0.303988 -0.283011 0.063771
v -0.303988 -0.285749 0.057395
v -0.311488 -0.285402 0.065230
v -0.311488 -0.284703 0.064547
v -0.311488 -0.283894 0.064053
v -0.303988 -0.283894 0.064053
v -0.303988 -0.284703 0.064547
v -0.311488 -0.278087 0.068582
v -0.303988 -0.278087 0.068582
v -0.303988 -0.278186 0.069630
v -0.311488 -0.278186 0.069630
v -0.303988 -0.285402 0.065230
v -0.311488 -0.278479 0.070629
v -0.303988 -0.278479 0.070629
v -0.303988 -0.278951 0.071532
v -0.311488 -0.278951 0.071532
v -0.311488 -0.279582 0.072298
v -0.303988 -0.279582 0.072298
v -0.311488 -0.280340 0.072889
v -0.303988 -0.280340 0.072889
v -0.311488 -0.281191 0.073279
v -0.311488 -0.282096 0.073450
v -0.311488 -0.283011 0.073393
v -0.303988 -0.281191 0.073279
v -0.303988 -0.282096 0.073450
v -0.303988 -0.283011 0.073393
v -0.311488 -0.284703 0.072617
v -0.303988 -0.284703 0.072617
v -0.311488 -0.285402 0.071935
v -0.303988 -0.283894 0.073111
v -0.311488 -0.283894 0.073111
v -0.303988 -0.285402 0.071935
v -0.303988 -0.294354 0.066805
v -0.311488 -0.294062 0.059688
v -0.311488 -0.285957 0.066069
v -0.311488 -0.286341 0.067025
v -0.303988 -0.285957 0.066069
v -0.314488 -0.294062 0.059688
v -0.314488 -0.303214 0.067338
v -0.311488 -0.303214 0.067338
v -0.311488 -0.286563 0.068582
v -0.303988 -0.286563 0.068582
v -0.311488 -0.286538 0.068055
v -0.303988 -0.286341 0.067025
v -0.303988 -0.286538 0.068055
v -0.311488 -0.285957 0.071095
v -0.303988 -0.285957 0.071095
v -0.311488 -0.286341 0.070139
v -0.303988 -0.286341 0.070139
v -0.311488 -0.286538 0.069109
v -0.303988 -0.286538 0.069109
v -0.303988 -0.304430 0.074030
v -0.303988 -0.327300 0.080841
v -0.303988 -0.315564 0.078773
v -0.366988 -0.323171 0.009649
v -0.366988 -0.322448 0.013428
v -0.366988 -0.322631 0.011493
v -0.366988 -0.322631 0.015362
v -0.366988 -0.323171 0.017207
v -0.366988 -0.335952 0.019617
v -0.366988 -0.326607 0.005476
v -0.366988 -0.328179 0.004756
v -0.366988 -0.329848 0.004441
v -0.366988 -0.331537 0.004546
v -0.366988 -0.333167 0.005067
v -0.366988 -0.336792 0.008453
v -0.366988 -0.336792 0.018403
v -0.366988 -0.335952 0.007238
v -0.366988 -0.334662 0.005978
v -0.366988 -0.325207 0.006568
v -0.321988 -0.336792 0.018403
v -0.321988 -0.336792 0.008453
v -0.314488 -0.326607 0.005476
v -0.314488 -0.325207 0.006568
v -0.366988 -0.324043 0.007981
v -0.314488 -0.328179 0.004756
v -0.314488 -0.329848 0.004441
v -0.314488 -0.324043 0.007981
v -0.314488 -0.323171 0.009649
v -0.314488 -0.334662 0.005978
v -0.314488 -0.333167 0.005067
v -0.314488 -0.331537 0.004546
v -0.314488 -0.335952 0.007238
v -0.321988 -0.336976 0.008788
v -0.314488 -0.336976 0.008788
v -0.314488 -0.337686 0.010554
v -0.321988 -0.337686 0.010554
v -0.314488 -0.338050 0.012455
v -0.314488 -0.338095 0.013428
v -0.321988 -0.338050 0.012455
v -0.321988 -0.336976 0.018068
v -0.321988 -0.337686 0.016301
v -0.311488 -0.330272 -0.054072
v -0.303988 -0.330272 -0.054072
v -0.311488 -0.313549 -0.045776
v -0.314488 -0.313549 -0.045776
v -0.295509 -0.324093 -0.053697
v -0.296981 -0.324685 -0.053766
v -0.298272 -0.325538 -0.053852
v -0.293925 -0.323790 -0.053659
v -0.292304 -0.323790 -0.053659
v -0.311488 -0.324615 -0.048481
v -0.290720 -0.324093 -0.053697
v -0.314488 -0.324615 -0.048481
v -0.311488 -0.330272 -0.048822
v -0.314488 -0.335928 -0.048481
v -0.299322 -0.326613 -0.053941
v -0.300603 -0.330625 -0.054071
v -0.300341 -0.332016 -0.054042
v -0.300516 -0.329217 -0.054061
v -0.299779 -0.327282 -0.053985
v -0.300082 -0.327858 -0.054015
v -0.300516 -0.329217 -0.016572
v -0.300603 -0.330625 -0.016572
v -0.300082 -0.327858 -0.016572
v -0.299322 -0.326613 -0.016572
v -0.311488 -0.335928 -0.048481
v -0.311488 -0.346994 -0.045776
v -0.314488 -0.346994 -0.045776
v -0.296264 -0.336189 -0.053728
v -0.294727 -0.336639 -0.053674
v -0.303988 -0.339157 -0.053294
v -0.297653 -0.335462 -0.053808
v -0.298831 -0.334493 -0.053897
v -0.299741 -0.333326 -0.053981
v -0.299741 -0.333326 -0.016572
v -0.300341 -0.332016 -0.016572
v -0.293114 -0.336792 -0.053654
v -0.291502 -0.336639 -0.053674
v -0.298272 -0.325538 -0.016572
v -0.296981 -0.324685 -0.016572
v -0.295509 -0.324093 -0.016572
v -0.293925 -0.323790 -0.016572
v -0.293114 -0.323752 -0.016572
v -0.292304 -0.323790 -0.016572
v -0.286907 -0.326613 -0.053941
v -0.287957 -0.325538 -0.016572
v -0.287957 -0.325538 -0.053852
v -0.286907 -0.326613 -0.016572
v -0.290720 -0.324093 -0.016572
v -0.289248 -0.324685 -0.016572
v -0.289248 -0.324685 -0.053766
v -0.286449 -0.327282 -0.053985
v -0.286147 -0.327858 -0.016572
v -0.286147 -0.327858 -0.054015
v -0.285713 -0.329217 -0.054061
v -0.285713 -0.329217 -0.016572
v -0.285625 -0.330625 -0.054071
v -0.285625 -0.330625 -0.016572
v -0.293114 -0.336792 -0.016572
v -0.298831 -0.334493 -0.016572
v -0.297653 -0.335462 -0.016572
v -0.296264 -0.336189 -0.016572
v -0.294727 -0.336639 -0.016572
v -0.291502 -0.336639 -0.016572
v -0.289965 -0.336189 -0.016572
v -0.289965 -0.336189 -0.053728
v -0.288576 -0.335462 -0.016572
v -0.288576 -0.335462 -0.053808
v -0.287398 -0.334493 -0.053897
v -0.287398 -0.334493 -0.016572
v -0.286488 -0.333326 -0.016572
v -0.285888 -0.332016 -0.054042
v -0.285888 -0.332016 -0.016572
v -0.286488 -0.333326 -0.053981
v -0.293114 -0.330272 -0.016572
v -0.311488 -0.376233 -0.046034
v -0.311488 -0.375474 -0.045442
v -0.311488 -0.377084 -0.046424
v -0.311488 -0.374844 -0.044677
v -0.311488 -0.374372 -0.043774
v -0.303988 -0.374844 -0.044677
v -0.303988 -0.375474 -0.045442
v -0.303988 -0.377084 -0.046424
v -0.303988 -0.377989 -0.046594
v -0.303988 -0.376233 -0.046034
v -0.303988 -0.388950 -0.054072
v -0.314488 -0.357329 -0.040482
v -0.311488 -0.357329 -0.040482
v -0.303988 -0.374372 -0.043774
v -0.303988 -0.350651 -0.049871
v -0.311488 -0.374079 -0.042775
v -0.311488 -0.373980 -0.041727
v -0.311488 -0.374079 -0.040679
v -0.303988 -0.374372 -0.039680
v -0.303988 -0.374079 -0.040679
v -0.303988 -0.361311 -0.043856
v -0.303988 -0.374079 -0.042775
v -0.303988 -0.373980 -0.041727
v -0.311488 -0.366481 -0.032833
v -0.314488 -0.366481 -0.032833
v -0.311488 -0.374051 -0.023162
v -0.303988 -0.370699 -0.035496
v -0.314488 -0.374051 -0.023162
v -0.311488 -0.374372 -0.039680
v -0.311488 -0.380596 -0.045762
v -0.303988 -0.380596 -0.045762
v -0.311488 -0.379787 -0.046255
v -0.303988 -0.378904 -0.046537
v -0.311488 -0.377989 -0.046594
v -0.303988 -0.379787 -0.046255
v -0.311488 -0.378904 -0.046537
v -0.303988 -0.374844 -0.038776
v -0.303988 -0.375474 -0.038011
v -0.311488 -0.375474 -0.038011
v -0.311488 -0.374844 -0.038776
v -0.311488 -0.376233 -0.037420
v -0.303988 -0.376233 -0.037420
v -0.303988 -0.379787 -0.037198
v -0.303988 -0.380596 -0.037692
v -0.311488 -0.380596 -0.037692
v -0.311488 -0.379787 -0.037198
v -0.311488 -0.382234 -0.043283
v -0.311488 -0.381849 -0.044240
v -0.311488 -0.381295 -0.045079
v -0.311488 -0.382431 -0.041200
v -0.311488 -0.382456 -0.041727
v -0.311488 -0.382431 -0.042254
v -0.303988 -0.381295 -0.045079
v -0.303988 -0.381849 -0.044240
v -0.303988 -0.382234 -0.043283
v -0.303988 -0.382431 -0.042254
v -0.303988 -0.382456 -0.041727
v -0.303988 -0.382431 -0.041200
v -0.303988 -0.382234 -0.040170
v -0.311488 -0.382234 -0.040170
v -0.303988 -0.381849 -0.039213
v -0.311488 -0.381849 -0.039213
v -0.303988 -0.381295 -0.038374
v -0.311488 -0.381295 -0.038374
v -0.303988 -0.388950 -0.027072
v -0.303988 -0.377215 -0.027072
v -0.311488 -0.377084 -0.037029
v -0.303988 -0.377084 -0.037029
v -0.311488 -0.377989 -0.036859
v -0.303988 -0.377989 -0.036859
v -0.303988 -0.378904 -0.036916
v -0.311488 -0.379708 -0.011892
v -0.311488 -0.378904 -0.036916
v -0.221488 -0.377215 -0.027072
v -0.221488 -0.388950 -0.027072
v -0.314488 -0.379708 -0.011892
v -0.314488 -0.383204 0.000485
v -0.314488 -0.384386 0.013428
v -0.311488 -0.383204 0.000485
v -0.311488 -0.388950 0.013428
v -0.311488 -0.384386 0.013428
v -0.221488 -0.388950 0.013428
v -0.366988 -0.324043 0.018874
v -0.366988 -0.325207 0.020287
v -0.366988 -0.326607 0.021379
v -0.366988 -0.328179 0.022100
v -0.366988 -0.329848 0.022415
v -0.366988 -0.331537 0.022309
v -0.366988 -0.333167 0.021788
v -0.366988 -0.334662 0.020877
v -0.314488 -0.322631 0.015362
v -0.314488 -0.323171 0.017207
v -0.314488 -0.324043 0.018874
v -0.314488 -0.325207 0.020287
v -0.314488 -0.326607 0.021379
v -0.314488 -0.328179 0.022100
v -0.314488 -0.329848 0.022415
v -0.314488 -0.335952 0.019617
v -0.314488 -0.334662 0.020877
v -0.314488 -0.333167 0.021788
v -0.314488 -0.331537 0.022309
v -0.321988 -0.338050 0.014401
v -0.314488 -0.336976 0.018068
v -0.314488 -0.337686 0.016301
v -0.314488 -0.338050 0.014401
v -0.314488 -0.313549 0.072631
v -0.314488 -0.335928 0.075337
v -0.314488 -0.324615 0.075337
v -0.314488 -0.346994 0.072631
v -0.311488 -0.313549 0.072631
v -0.303988 -0.330272 0.080928
v -0.311488 -0.330272 0.080928
v -0.311488 -0.324615 0.075337
v -0.311488 -0.330272 0.075678
v -0.311488 -0.335928 0.075337
v -0.311488 -0.346994 0.072631
v -0.314488 -0.379708 0.038747
v -0.314488 -0.383204 0.026370
v -0.314488 -0.366481 0.059688
v -0.314488 -0.357329 0.067338
v -0.314488 -0.374051 0.050017
v -0.311488 -0.379708 0.038747
v -0.311488 -0.383204 0.026370
v -0.311488 -0.374051 0.050017
v -0.311488 -0.378904 0.063771
v -0.311488 -0.382431 0.068055
v -0.311488 -0.382234 0.067025
v -0.311488 -0.381295 0.065230
v -0.311488 -0.380596 0.064547
v -0.311488 -0.381849 0.066069
v -0.311488 -0.379787 0.064053
v -0.303988 -0.388950 0.053928
v -0.221488 -0.388950 0.053928
v -0.311488 -0.357329 0.067338
v -0.311488 -0.374372 0.066535
v -0.311488 -0.374079 0.067534
v -0.311488 -0.366481 0.059688
v -0.303988 -0.370699 0.062351
v -0.303988 -0.361311 0.070711
v -0.303988 -0.374079 0.067534
v -0.303988 -0.374372 0.070629
v -0.303988 -0.350651 0.076726
v -0.303988 -0.339157 0.080149
v -0.311488 -0.374079 0.069630
v -0.303988 -0.374844 0.071532
v -0.311488 -0.374372 0.070629
v -0.311488 -0.376233 0.072889
v -0.311488 -0.377084 0.073279
v -0.311488 -0.375474 0.072298
v -0.311488 -0.374844 0.071532
v -0.303988 -0.388950 0.080928
v -0.303988 -0.375474 0.072298
v -0.303988 -0.376233 0.072889
v -0.303988 -0.377084 0.073279
v -0.303988 -0.374079 0.069630
v -0.303988 -0.373980 0.068582
v -0.311488 -0.373980 0.068582
v -0.311488 -0.376233 0.064275
v -0.311488 -0.377084 0.063885
v -0.311488 -0.377989 0.063714
v -0.311488 -0.375474 0.064866
v -0.303988 -0.374844 0.065632
v -0.303988 -0.375474 0.064866
v -0.303988 -0.377215 0.053928
v -0.311488 -0.374844 0.065632
v -0.303988 -0.376233 0.064275
v -0.303988 -0.377084 0.063885
v -0.303988 -0.377989 0.063714
v -0.303988 -0.378904 0.063771
v -0.303988 -0.379787 0.064053
v -0.303988 -0.381295 0.065230
v -0.303988 -0.381849 0.066069
v -0.303988 -0.380596 0.064547
v -0.303988 -0.382234 0.067025
v -0.303988 -0.382431 0.068055
v -0.303988 -0.374372 0.066535
v -0.311488 -0.377989 0.073450
v -0.303988 -0.379787 0.073111
v -0.303988 -0.380596 0.072617
v -0.311488 -0.380596 0.072617
v -0.303988 -0.377989 0.073450
v -0.311488 -0.378904 0.073393
v -0.311488 -0.379787 0.073111
v -0.303988 -0.378904 0.073393
v -0.311488 -0.381849 0.071095
v -0.303988 -0.381849 0.071095
v -0.311488 -0.382234 0.070139
v -0.303988 -0.382431 0.069109
v -0.303988 -0.382456 0.068582
v -0.311488 -0.382456 0.068582
v -0.303988 -0.382234 0.070139
v -0.311488 -0.382431 0.069109
v -0.303988 -0.381295 0.071935
v -0.311488 -0.381295 0.071935
v -0.221488 -0.377215 0.053928
v -0.091275 -0.294354 -0.039950
v -0.091275 -0.285749 -0.030540
v -0.091275 -0.278966 -0.019330
v -0.091275 -0.304430 -0.047174
v -0.091275 -0.315564 -0.051918
v -0.091275 -0.327300 -0.053986
v -0.091275 -0.274284 -0.006779
v -0.091275 -0.271894 0.006599
v -0.091275 -0.271894 0.020257
v -0.091275 -0.339157 -0.053294
v -0.091275 -0.350651 -0.049871
v -0.091275 -0.361311 -0.043856
v -0.221488 -0.387749 -0.000160
v -0.221488 -0.378433 -0.025133
v -0.221488 -0.384195 -0.013191
v -0.091275 -0.370699 -0.035496
v -0.091275 -0.388950 0.013428
v -0.091275 -0.387749 -0.000160
v -0.091275 -0.378433 -0.025133
v -0.091275 -0.384195 -0.013191
v -0.091275 -0.274284 0.033635
v -0.091275 -0.278966 0.046186
v -0.091275 -0.285749 0.057395
v -0.091275 -0.294354 0.066805
v -0.091275 -0.304430 0.074030
v -0.091275 -0.330272 0.080928
v -0.091275 -0.327300 0.080841
v -0.091275 -0.315564 0.078773
v -0.091275 -0.339157 0.080149
v -0.091275 -0.350651 0.076726
v -0.091275 -0.361311 0.070711
v -0.221488 -0.378433 0.051988
v -0.091275 -0.370699 0.062351
v -0.221488 -0.384195 0.040047
v -0.221488 -0.387749 0.027015
v -0.091275 -0.378433 0.051988
v -0.091275 -0.384195 0.040047
v -0.091275 -0.387749 0.027015
v -0.075880 -0.274284 -0.006779
v -0.075880 -0.278966 -0.019330
v -0.075880 -0.284909 -0.014238
v -0.075880 -0.291139 -0.024809
v -0.075880 -0.285749 -0.030540
v -0.075880 -0.294354 -0.039950
v -0.075880 -0.299200 -0.033592
v -0.091275 -0.284909 -0.014238
v -0.091275 -0.291139 -0.024809
v -0.033988 -0.285749 -0.030540
v -0.033988 -0.294354 -0.039950
v -0.033988 -0.278966 -0.019330
v -0.033988 -0.274284 -0.006779
v -0.091275 -0.299200 -0.033592
v -0.091275 -0.308713 -0.040176
v -0.075880 -0.308713 -0.040176
v -0.075880 -0.304430 -0.047174
v -0.033988 -0.304430 -0.047174
v -0.033988 -0.315564 -0.051918
v -0.075880 -0.315564 -0.051918
v 0.526012 -0.225954 -0.111572
v 0.526012 -0.252033 -0.111572
v 0.526012 -0.248556 -0.107572
v 0.526012 -0.229431 -0.107572
v 0.526012 -0.248556 0.079261
v 0.526012 -0.252033 0.080928
v -0.011488 -0.313044 -0.026973
v -0.011488 -0.306327 -0.022157
v -0.011488 -0.296068 -0.008411
v -0.011488 -0.300590 -0.015884
v -0.091275 -0.330272 -0.045635
v -0.091275 -0.319234 -0.044254
v -0.075880 -0.319234 -0.044254
v -0.075880 -0.327300 -0.053986
v -0.075880 -0.330272 -0.045635
v -0.091275 -0.351830 -0.040176
v -0.091275 -0.341309 -0.044254
v -0.075880 -0.341309 -0.044254
v -0.075880 -0.351830 -0.040176
v -0.075880 -0.339157 -0.053294
v -0.075880 -0.350651 -0.049871
v -0.033988 -0.327300 -0.053986
v -0.011488 -0.320466 -0.030136
v -0.011488 -0.328290 -0.031515
v -0.033988 -0.339157 -0.053294
v -0.033988 -0.350651 -0.049871
v -0.033988 -0.330272 -0.054072
v -0.011488 -0.336195 -0.031053
v -0.011488 -0.343858 -0.028771
v -0.011488 -0.330272 -0.031572
v -0.075880 -0.361344 -0.033592
v -0.091275 -0.361344 -0.033592
v -0.075880 -0.361311 -0.043856
v -0.075880 -0.369404 -0.024809
v -0.075880 -0.370699 -0.035496
v -0.091275 -0.369404 -0.024809
v -0.075880 -0.375634 -0.014238
v -0.091275 -0.375634 -0.014238
v -0.075880 -0.378433 -0.025133
v -0.075880 -0.384195 -0.013191
v -0.033988 -0.361311 -0.043856
v -0.011488 -0.357223 -0.019188
v -0.033988 -0.370699 -0.035496
v -0.011488 -0.362379 -0.012279
v -0.011488 -0.350964 -0.024761
v -0.033988 -0.384195 -0.013191
v -0.033988 -0.378433 -0.025133
v -0.011488 -0.366220 -0.004318
v -0.091275 -0.279003 0.010230
v -0.091275 -0.280799 -0.002373
v -0.075880 -0.280799 -0.002373
v -0.075880 -0.271894 0.006599
v -0.075880 -0.279003 0.010230
v -0.033988 -0.271894 0.006599
v -0.075880 -0.279604 0.022983
v -0.075880 -0.271894 0.020257
v -0.091275 -0.279604 0.022983
v -0.091275 -0.282574 0.035289
v -0.075880 -0.274284 0.033635
v -0.075880 -0.282574 0.035289
v -0.033988 -0.271894 0.020257
v -0.033988 -0.274284 0.033635
v -0.091275 -0.287775 0.046573
v -0.091275 -0.294963 0.056307
v -0.075880 -0.294963 0.056307
v -0.075880 -0.285749 0.057395
v -0.075880 -0.287775 0.046573
v -0.075880 -0.278966 0.046186
v -0.075880 -0.294354 0.066805
v -0.075880 -0.304430 0.074030
v -0.075880 -0.303801 0.064036
v -0.091275 -0.303801 0.064036
v -0.033988 -0.278966 0.046186
v -0.033988 -0.285749 0.057395
v -0.033988 -0.294354 0.066805
v -0.033988 -0.304430 0.074030
v 0.526012 -0.225954 0.088428
v 0.526012 -0.229431 0.084428
v -0.011488 -0.292947 -0.000044
v -0.011488 -0.292947 0.026899
v -0.011488 -0.291353 0.017980
v -0.011488 -0.296068 0.035266
v -0.011488 -0.291353 0.008875
v 0.526012 -0.244065 0.084428
v 0.526012 -0.245514 0.088428
v -0.011488 -0.300590 0.042739
v -0.011488 -0.306327 0.049013
v -0.011488 -0.330272 0.013428
v -0.011488 -0.313044 0.053829
v -0.011488 -0.320466 0.056991
v -0.011488 -0.328290 0.058370
v -0.011488 -0.362379 0.039135
v -0.011488 -0.366220 0.031174
v -0.011488 -0.343858 0.055627
v -0.011488 -0.350964 0.051617
v -0.011488 -0.357223 0.046043
v -0.011488 -0.336195 0.057909
v -0.091275 -0.313877 0.069398
v -0.091275 -0.324720 0.072144
v -0.075880 -0.313877 0.069398
v -0.075880 -0.324720 0.072144
v -0.075880 -0.315564 0.078773
v -0.075880 -0.327300 0.080841
v -0.033988 -0.315564 0.078773
v -0.033988 -0.327300 0.080841
v -0.075880 -0.330272 0.080928
v -0.075880 -0.339157 0.080149
v -0.091275 -0.335823 0.072144
v -0.075880 -0.335823 0.072144
v -0.091275 -0.346666 0.069398
v -0.075880 -0.346666 0.069398
v -0.075880 -0.350651 0.076726
v -0.033988 -0.339157 0.080149
v -0.033988 -0.330272 0.080928
v -0.033988 -0.350651 0.076726
v -0.011488 -0.330272 0.058428
v -0.091275 -0.381540 0.010230
v -0.091275 -0.379744 -0.002373
v -0.075880 -0.381540 0.010230
v -0.075880 -0.379744 -0.002373
v -0.075880 -0.387749 -0.000160
v -0.075880 -0.388950 0.013428
v -0.033988 -0.387749 -0.000160
v -0.033988 -0.388950 0.013428
v -0.091275 -0.377969 0.035289
v -0.091275 -0.380939 0.022983
v -0.075880 -0.380939 0.022983
v -0.075880 -0.377969 0.035289
v -0.075880 -0.387749 0.027015
v -0.033988 -0.387749 0.027015
v -0.011488 -0.368590 0.022486
v -0.011488 -0.369391 0.013428
v -0.011488 -0.368590 0.004369
v -0.075880 -0.372768 0.046573
v -0.091275 -0.372768 0.046573
v -0.075880 -0.365581 0.056307
v -0.091275 -0.365581 0.056307
v -0.075880 -0.378433 0.051988
v -0.075880 -0.384195 0.040047
v -0.091275 -0.356742 0.064036
v -0.075880 -0.356742 0.064036
v -0.075880 -0.361311 0.070711
v -0.075880 -0.370699 0.062351
v -0.033988 -0.384195 0.040047
v -0.033988 -0.378433 0.051988
v -0.033988 -0.370699 0.062351
v -0.033988 -0.361311 0.070711
v 0.430512 0.286072 -0.676572
v 0.431678 0.285347 -0.676572
v 0.432512 0.284333 -0.676572
v 0.427845 0.287231 -0.676572
v 0.429345 0.286796 -0.676572
v 0.424178 0.287231 -0.676572
v 0.426012 0.287375 -0.676572
v 0.421512 0.286072 -0.676572
v 0.401012 0.295634 -0.676572
v 0.451012 0.295634 -0.676572
v 0.451012 0.295634 -0.686572
v 0.401012 0.295634 -0.686572
v 0.422678 0.286796 -0.676572
v 0.419512 0.284333 -0.676572
v 0.420345 0.285347 -0.676572
v 0.418178 0.282015 -0.676572
v 0.419512 0.276509 -0.676572
v 0.418178 0.278827 -0.676572
v 0.430512 0.274770 -0.676572
v 0.418678 0.283319 -0.676572
v 0.418012 0.280421 -0.676572
v 0.418678 0.277523 -0.676572
v 0.421512 0.274770 -0.676572
v 0.420345 0.275495 -0.676572
v 0.424178 0.273611 -0.676572
v 0.422678 0.274046 -0.676572
v 0.433845 0.278827 -0.676572
v 0.433845 0.282015 -0.676572
v 0.433345 0.283319 -0.676572
v 0.434012 0.280421 -0.676572
v 0.433345 0.277523 -0.676572
v 0.432512 0.276509 -0.676572
v 0.431678 0.275495 -0.676572
v 0.427845 0.273611 -0.676572
v 0.429345 0.274046 -0.676572
v 0.426012 0.273466 -0.676572
v 0.451012 0.208703 -0.686572
v 0.451012 0.208703 -0.676572
v 0.401012 0.208703 -0.686572
v 0.401012 0.208703 -0.676572
v 0.418012 0.280421 -0.546572
v 0.418178 0.282015 -0.546572
v 0.418678 0.283319 -0.546572
v 0.419512 0.284333 -0.546572
v 0.420345 0.285347 -0.546572
v 0.421512 0.286072 -0.546572
v 0.422678 0.286796 -0.546572
v 0.424178 0.287231 -0.546572
v 0.426012 0.287375 -0.546572
v 0.427845 0.287231 -0.546572
v 0.429345 0.286796 -0.546572
v 0.430512 0.286072 -0.546572
v 0.431678 0.285347 -0.546572
v 0.432512 0.284333 -0.546572
v 0.433345 0.283319 -0.546572
v 0.433845 0.282015 -0.546572
v 0.434012 0.280421 -0.546572
v 0.418178 0.278827 -0.546572
v 0.418678 0.277523 -0.546572
v 0.419512 0.276509 -0.546572
v 0.421512 0.274770 -0.546572
v 0.420345 0.275495 -0.546572
v 0.424178 0.273611 -0.546572
v 0.422678 0.274046 -0.546572
v 0.426012 0.273466 -0.546572
v 0.430512 0.274770 -0.546572
v 0.427845 0.273611 -0.546572
v 0.429345 0.274046 -0.546572
v 0.433845 0.278827 -0.546572
v 0.431678 0.275495 -0.546572
v 0.432512 0.276509 -0.546572
v 0.433345 0.277523 -0.546572
v 0.401012 0.265208 -0.536572
v 0.401012 0.295634 -0.536572
v 0.401012 0.295634 -0.546572
v 0.405012 0.265208 -0.536572
v 0.401012 0.265208 -0.546572
v 0.405012 0.292157 -0.536572
v 0.447012 0.292157 -0.536572
v 0.451012 0.295634 -0.536572
v 0.451012 0.295634 -0.546572
v 0.451012 0.265208 -0.546572
v 0.451012 0.265208 -0.536572
v 0.447012 0.265208 -0.536572
v 0.401012 0.195663 -0.281572
v 0.401012 0.265208 -0.281572
v 0.401012 0.260861 -0.361572
v 0.401012 0.195663 -0.286572
v 0.401012 0.265208 -0.361572
v 0.406012 0.260861 -0.361572
v 0.406012 0.260861 -0.286572
v 0.406012 0.195663 -0.286572
v 0.446012 0.260861 -0.361572
v 0.446012 0.260861 -0.286572
v 0.451012 0.265208 -0.361572
v 0.451012 0.260861 -0.361572
v 0.451012 0.265208 -0.281572
v 0.446012 0.195663 -0.286572
v 0.451012 0.195663 -0.286572
v 0.451012 -0.139023 -0.686572
v 0.401012 -0.139023 -0.686572
v 0.401012 -0.139023 -0.676572
v 0.451012 -0.139023 -0.676572
v 0.401012 -0.225954 -0.686572
v 0.401012 -0.225954 -0.676572
v 0.418178 -0.212335 -0.676572
v 0.418012 -0.210741 -0.676572
v 0.418178 -0.209147 -0.676572
v 0.419512 -0.206829 -0.676572
v 0.421512 -0.205090 -0.676572
v 0.418678 -0.207843 -0.676572
v 0.422678 -0.204366 -0.676572
v 0.424178 -0.203931 -0.676572
v 0.427845 -0.203931 -0.676572
v 0.420345 -0.205815 -0.676572
v 0.419512 -0.214653 -0.676572
v 0.430512 -0.216392 -0.676572
v 0.424178 -0.217551 -0.676572
v 0.421512 -0.216392 -0.676572
v 0.418678 -0.213639 -0.676572
v 0.420345 -0.215667 -0.676572
v 0.422678 -0.217116 -0.676572
v 0.451012 -0.225954 -0.676572
v 0.451012 -0.225954 -0.686572
v 0.426012 -0.203787 -0.676572
v 0.429345 -0.204366 -0.676572
v 0.430512 -0.205090 -0.676572
v 0.431678 -0.205815 -0.676572
v 0.432512 -0.206829 -0.676572
v 0.433345 -0.207843 -0.676572
v 0.433845 -0.209147 -0.676572
v 0.433845 -0.212335 -0.676572
v 0.432512 -0.214653 -0.676572
v 0.433345 -0.213639 -0.676572
v 0.434012 -0.210741 -0.676572
v 0.429345 -0.217116 -0.676572
v 0.427845 -0.217551 -0.676572
v 0.431678 -0.215667 -0.676572
v 0.426012 -0.217696 -0.676572
v 0.418178 -0.209147 -0.546572
v 0.418678 -0.207843 -0.546572
v 0.419512 -0.206829 -0.546572
v 0.420345 -0.205815 -0.546572
v 0.421512 -0.205090 -0.546572
v 0.418012 -0.210741 -0.546572
v 0.422678 -0.204366 -0.546572
v 0.424178 -0.203931 -0.546572
v 0.426012 -0.203787 -0.546572
v 0.418178 -0.212335 -0.546572
v 0.418678 -0.213639 -0.546572
v 0.419512 -0.214653 -0.546572
v 0.420345 -0.215667 -0.546572
v 0.421512 -0.216392 -0.546572
v 0.422678 -0.217116 -0.546572
v 0.424178 -0.217551 -0.546572
v 0.426012 -0.217696 -0.546572
v 0.427845 -0.203931 -0.546572
v 0.429345 -0.204366 -0.546572
v 0.430512 -0.205090 -0.546572
v 0.433345 -0.207843 -0.546572
v 0.433845 -0.209147 -0.546572
v 0.434012 -0.210741 -0.546572
v 0.432512 -0.206829 -0.546572
v 0.431678 -0.205815 -0.546572
v 0.427845 -0.217551 -0.546572
v 0.429345 -0.217116 -0.546572
v 0.430512 -0.216392 -0.546572
v 0.432512 -0.214653 -0.546572
v 0.431678 -0.215667 -0.546572
v 0.433345 -0.213639 -0.546572
v 0.433845 -0.212335 -0.546572
v 0.401012 -0.225954 -0.536572
v 0.401012 -0.195528 -0.536572
v 0.405012 -0.195528 -0.536572
v 0.401012 -0.195528 -0.546572
v 0.401012 -0.225954 -0.546572
v 0.405012 -0.222477 -0.536572
v 0.451012 -0.195528 -0.536572
v 0.451012 -0.195528 -0.546572
v 0.451012 -0.225954 -0.546572
v 0.451012 -0.225954 -0.536572
v 0.447012 -0.222477 -0.536572
v 0.447012 -0.195528 -0.536572
v 0.401012 -0.125983 -0.286572
v 0.401012 -0.191181 -0.361572
v 0.401012 -0.195528 -0.361572
v 0.401012 -0.195528 -0.281572
v 0.406012 -0.191181 -0.361572
v 0.406012 -0.125983 -0.286572
v 0.406012 -0.191181 -0.286572
v 0.446012 -0.191181 -0.361572
v 0.446012 -0.125983 -0.286572
v 0.451012 -0.125983 -0.286572
v 0.451012 -0.191181 -0.361572
v 0.451012 -0.125983 -0.281572
v 0.451012 -0.195528 -0.281572
v 0.446012 -0.191181 -0.286572
v 0.451012 -0.195528 -0.361572
v 0.399845 0.053096 -0.277572
v 0.399845 0.053096 -0.246572
v 0.399845 0.056573 -0.246572
v 0.399845 0.056573 -0.281572
v 0.401012 0.265208 -0.056572
v 0.401012 0.295634 -0.056572
v 0.401012 0.265208 -0.246572
v 0.405012 0.265208 -0.246572
v 0.405012 0.265208 -0.277572
v 0.405012 0.292157 -0.056572
v 0.405012 0.265208 -0.056572
v 0.447012 0.292157 -0.056572
v 0.451012 0.295634 -0.056572
v 0.447012 0.265208 -0.277572
v 0.447012 0.265208 -0.246572
v 0.451012 0.265208 -0.246572
v 0.447012 0.265208 -0.056572
v 0.451012 0.265208 -0.056572
v 0.376012 0.297373 -0.211572
v 0.476012 0.297373 -0.211572
v 0.476012 0.293026 -0.211572
v 0.376012 0.293026 -0.211572
v 0.451012 0.195663 -0.281572
v 0.351012 0.297373 -0.161572
v 0.351012 0.293026 -0.161572
v 0.351012 0.297373 -0.111572
v 0.351012 0.293026 -0.111572
v 0.501012 0.297373 -0.111572
v 0.501012 0.297373 -0.161572
v 0.501012 0.293026 -0.111572
v 0.501012 0.293026 -0.161572
v 0.399845 0.013107 -0.281572
v 0.399845 0.016584 -0.277572
v 0.399845 0.016584 -0.246572
v 0.399845 0.013107 -0.246572
v 0.401012 -0.195528 -0.246572
v 0.405012 -0.195528 -0.246572
v 0.405012 -0.195528 -0.277572
v 0.451012 -0.195528 -0.246572
v 0.447012 -0.195528 -0.246572
v 0.447012 -0.195528 -0.277572
v 0.401012 -0.125983 -0.281572
v 0.405012 -0.195528 -0.056572
v 0.401012 -0.195528 -0.056572
v 0.401012 -0.225954 -0.056572
v 0.405012 -0.222477 -0.056572
v 0.451012 -0.195528 -0.056572
v 0.451012 -0.225954 -0.056572
v 0.447012 -0.222477 -0.056572
v 0.447012 -0.195528 -0.056572
v 0.476012 -0.230301 -0.211572
v 0.376012 -0.230301 -0.211572
v 0.376012 -0.225954 -0.211572
v 0.476012 -0.225954 -0.211572
v 0.351012 -0.225954 -0.161572
v 0.351012 -0.225954 -0.111572
v 0.351012 -0.230301 -0.161572
v 0.351012 -0.230301 -0.111572
v 0.501012 -0.225954 -0.111572
v 0.501012 -0.230301 -0.111572
v 0.501012 -0.225954 -0.161572
v 0.501012 -0.230301 -0.161572
vn -0.0000 1.0000 -0.0000
vn -0.1186 -0.0000 -0.9929
vn -0.7698 -0.0000 -0.6383
vn -0.6383 -0.0000 -0.7698
vn -0.3213 -0.0000 -0.9470
vn -0.4903 -0.0000 -0.8716
vn -0.9929 -0.0000 -0.1186
vn -0.8716 -0.0000 -0.4903
vn -0.9470 -0.0000 -0.3213
vn -0.8716 -0.0000 0.4903
vn -0.9929 -0.0000 0.1186
vn -0.9470 -0.0000 0.3213
vn -0.4903 -0.0000 0.8716
vn -0.6383 -0.0000 0.7698
vn -0.3213 -0.0000 0.9470
vn -0.1186 -0.0000 0.9929
vn -0.7698 -0.0000 0.6383
vn -0.9985 -0.0000 -0.0541
vn -0.9635 -0.0000 -0.2675
vn -0.8835 -0.0000 -0.4684
vn -0.7622 -0.0000 -0.6474
vn -0.6052 -0.0000 -0.7961
vn -0.0541 -0.0000 -0.9985
vn 0.0541 -0.0000 -0.9985
vn -0.4199 -0.0000 -0.9076
vn -0.2150 -0.0000 -0.9766
vn -0.9868 -0.0000 0.1618
vn -0.9290 -0.0000 0.3701
vn -0.8277 -0.0000 0.5612
vn -0.6877 -0.0000 0.7260
vn -0.5155 -0.0000 0.8569
vn -0.3193 -0.0000 0.9477
vn 0.1081 -0.0000 0.9941
vn -0.1081 -0.0000 0.9941
vn -0.0000 -1.0000 -0.0000
vn 1.0000 -0.0000 -0.0000
vn -0.0000 -0.0000 -1.0000
vn -0.0000 -0.0000 1.0000
vn 0.2150 -0.0000 -0.9766
vn 0.4199 -0.0000 -0.9076
vn 0.6052 -0.0000 -0.7961
vn 0.7622 -0.0000 -0.6474
vn 0.8835 -0.0000 -0.4684
vn 0.9635 -0.0000 -0.2675
vn 0.9985 -0.0000 -0.0541
vn 0.9868 -0.0000 0.1618
vn 0.9290 -0.0000 0.3701
vn 0.8277 -0.0000 0.5612
vn 0.6877 -0.0000 0.7260
vn 0.5155 -0.0000 0.8569
vn 0.3193 -0.0000 0.9477
vn -1.0000 -0.0000 -0.0000
vn -0.0000 -0.8044 0.5940
vn -0.0000 -0.2454 0.9694
vn -0.0000 -0.2455 0.9694
vn -0.0000 -0.4698 0.8828
vn -0.0000 -0.6583 0.7528
vn -0.0000 -0.9989 0.0471
vn -0.0000 -0.9082 0.4186
vn -0.0000 -0.9082 0.4185
vn -0.0000 -0.9721 0.2346
vn -0.0000 -0.8615 -0.5078
vn -0.0000 -0.9900 -0.1411
vn -0.0000 -0.9900 -0.1412
vn -0.0000 -0.9449 -0.3273
vn -0.0000 -0.9449 -0.3272
vn -1.0000 0.0001 -0.0000
vn -1.0000 -0.0001 -0.0000
vn -0.0000 -0.3614 -0.9324
vn -0.0000 -0.7367 -0.6762
vn -0.0000 -0.7368 -0.6761
vn -0.0000 -0.5691 -0.8223
vn 1.0000 0.0001 -0.0000
vn -0.0000 -0.8969 0.4421
vn -0.0000 0.9195 -0.3932
vn -0.0000 0.8402 -0.5422
vn 0.5513 -0.8343 -0.0000
vn 0.1879 -0.9822 -0.0000
vn 0.3731 -0.9278 -0.0000
vn 0.9526 -0.3043 -0.0000
vn 0.9526 -0.3042 -0.0000
vn 0.7153 -0.6989 -0.0000
vn 0.8537 -0.5207 -0.0000
vn 0.7153 -0.6988 -0.0000
vn 0.5514 -0.8342 -0.0000
vn 0.9981 -0.0622 -0.0000
vn 0.9091 0.4166 -0.0000
vn 0.9827 0.1853 -0.0000
vn 0.7885 0.6150 -0.0000
vn 0.6356 0.7720 -0.0000
vn 0.4635 0.8861 -0.0000
vn 0.0941 0.9956 -0.0000
vn 0.2811 0.9597 -0.0000
vn 0.9981 -0.0623 -0.0000
vn 0.9827 0.1854 -0.0000
vn 0.9091 0.4167 -0.0000
vn 0.6357 0.7719 -0.0000
vn 0.4636 0.8861 -0.0000
vn 0.2810 0.9597 -0.0000
vn 0.0942 0.9956 -0.0000
vn -0.1879 -0.9822 -0.0000
vn -0.3731 -0.9278 -0.0000
vn -0.5513 -0.8343 -0.0000
vn -0.7153 -0.6989 -0.0000
vn -0.8537 -0.5207 -0.0000
vn -0.8538 -0.5206 -0.0000
vn -0.9526 -0.3043 -0.0000
vn -0.9981 -0.0623 -0.0000
vn -0.2811 0.9597 -0.0000
vn -0.0941 0.9956 -0.0000
vn -0.4635 0.8861 -0.0000
vn -0.6357 0.7719 -0.0000
vn -0.6357 0.7720 -0.0000
vn -0.7885 0.6150 -0.0000
vn -0.9827 0.1854 -0.0000
vn -0.9091 0.4166 -0.0000
vn -0.8538 -0.5207 -0.0000
vn -0.7152 -0.6989 -0.0000
vn -0.5514 -0.8342 -0.0000
vn -0.6356 0.7720 -0.0000
vn -0.0942 0.9956 -0.0000
vn -0.2810 0.9597 -0.0000
vn -0.4636 0.8861 -0.0000
vn -0.9981 -0.0622 -0.0000
vn -0.9827 0.1852 -0.0000
vn -0.9091 0.4167 -0.0000
vn -0.0000 0.9711 -0.2388
vn -0.0000 -0.9624 0.2716
vn -0.0000 -0.9953 0.0973
vn 1.0000 -0.0001 -0.0000
vn -0.0000 -0.7368 -0.6762
vn -0.0000 -0.5691 -0.8222
vn 0.7152 -0.6989 -0.0000
vn -0.0000 -1.0000 0.0019
vn 0.0471 -0.9989 -0.0000
vn 0.9090 0.4167 -0.0000
vn 0.6357 0.7720 -0.0000
vn 0.8330 -0.5533 -0.0000
vn 0.8330 0.5532 -0.0000
vn -0.0471 -0.9989 -0.0000
vn -0.5514 -0.8343 -0.0000
vn -0.9526 -0.3042 -0.0000
vn -0.9981 -0.0621 -0.0000
vn -0.9090 0.4167 -0.0000
vn -0.8330 -0.5532 -0.0000
vn -0.8330 0.5532 -0.0000
vn -0.0000 -0.9953 -0.0973
vn -0.0000 -0.9624 -0.2716
vn -0.0000 0.9711 0.2388
vn -0.0000 0.8402 0.5422
vn -0.0000 0.9195 0.3932
vn -0.0000 -0.8969 -0.4421
vn -0.0000 0.6988 -0.7153
vn -0.0000 0.8045 -0.5940
vn -0.0000 -0.9900 0.1411
vn -0.0000 -0.8615 0.5078
vn -0.0000 -0.9449 0.3273
vn -0.0000 -0.7368 0.6761
vn -0.0000 -0.5691 0.8223
vn -0.0000 -0.3614 0.9324
vn -0.0000 -0.1241 0.9923
vn -0.0000 0.5691 0.8223
vn -0.0000 0.7368 0.6761
vn -0.0000 0.7368 0.6762
vn -0.0000 0.8615 0.5078
vn -0.0000 0.3614 0.9324
vn -0.0000 0.1241 0.9923
vn -0.0000 -0.8045 -0.5940
vn -0.0000 -0.6988 -0.7153
vn -0.0000 0.9449 0.3273
vn -0.0000 0.9900 0.1411
vn -0.0000 -0.9082 -0.4186
vn -0.0000 -0.9721 -0.2346
vn -0.0000 -0.9989 -0.0471
vn -0.0000 -0.2455 -0.9694
vn -0.0000 -0.4698 -0.8828
vn -0.0000 -0.6583 -0.7528
vn -0.0000 0.6583 -0.7528
vn -0.0000 0.4698 -0.8828
vn -0.0000 0.2455 -0.9694
vn -0.0000 0.8045 0.5940
vn -0.0000 0.6988 0.7153
vn -0.0000 0.9082 -0.4185
vn -0.0000 0.9082 -0.4186
vn -0.0000 0.9721 -0.2346
vn -0.0000 0.9989 -0.0471
vn -0.0000 -0.8045 0.5940
vn -0.0000 -0.6988 0.7153
vn -0.0000 0.8044 0.5940
vn -0.0000 0.6583 0.7528
vn -0.0000 0.6582 0.7528
vn -0.0000 0.4698 0.8828
vn -0.0000 0.2454 0.9694
vn -0.0000 0.2455 0.9694
vn -0.0000 0.9082 0.4185
vn -0.0000 0.9721 0.2346
vn -0.0000 0.9721 0.2347
vn -0.0000 0.9989 0.0471
vn -0.0000 0.9900 -0.1412
vn -0.0000 0.9900 -0.1411
vn -0.0000 0.9449 -0.3272
vn -0.0000 0.9449 -0.3274
vn -0.0000 -0.1242 -0.9923
vn -0.0000 0.1242 -0.9923
vn -0.0000 0.3614 -0.9324
vn -0.0000 0.8615 -0.5078
vn -0.0000 0.8615 -0.5077
vn -0.0000 0.5691 -0.8223
vn -0.0000 0.7367 -0.6762
vn -0.0000 0.7317 -0.6817
vn -0.0000 0.5929 -0.8053
vn -0.0000 -0.7966 0.6046
vn -0.0000 -0.6592 0.7520
vn -0.0000 0.4254 -0.9050
vn -0.0000 -0.4850 0.8745
vn -0.0000 -0.2789 0.9603
vn -0.0000 0.2342 -0.9722
vn -0.0000 0.1786 0.9839
vn -0.0000 0.0288 -0.9996
vn -0.0000 -0.0522 0.9986
vn -0.0000 -0.3747 -0.9271
vn -0.0000 -0.1785 -0.9839
vn -0.0000 0.3958 0.9184
vn -0.0000 0.5691 -0.8222
vn -0.0000 -0.6592 -0.7520
vn -0.0000 -0.7966 -0.6046
vn -0.0000 0.7317 0.6817
vn -0.0000 0.5929 0.8053
vn -0.0000 0.4254 0.9050
vn -0.0000 -0.4850 -0.8745
vn -0.0000 -0.2789 -0.9603
vn -0.0000 0.2342 0.9722
vn -0.0000 0.0288 0.9996
vn -0.0000 0.1786 -0.9839
vn -0.0000 -0.0522 -0.9986
vn -0.0000 -0.1785 0.9839
vn -0.0000 -0.3747 0.9271
vn -0.0000 0.3958 -0.9184
vn -0.0000 0.9082 0.4186
vn -0.0000 0.7368 -0.6761
vn 0.9985 -0.0000 0.0542
vn 0.7622 -0.0000 0.6474
vn 0.9636 -0.0000 0.2675
vn 0.8835 -0.0000 0.4684
vn 0.9868 -0.0000 -0.1618
vn 0.9290 -0.0000 -0.3702
vn 0.8277 -0.0000 -0.5612
vn -0.0000 -1.0000 0.0001
vn -0.0000 -1.0000 -0.0001
vn -0.0000 1.0000 0.0001
vn -0.0000 -1.0000 0.0002
vn -0.0000 1.0000 -0.0002
vn -0.0000 1.0000 -0.0001
vn -0.6344 -0.0000 -0.7730
vn -0.7730 -0.0000 -0.6344
vn -0.8819 -0.0000 -0.4714
vn -0.2903 -0.0000 -0.9569
vn -0.4714 -0.0000 -0.8819
vn 0.5156 -0.0000 0.8568
vn -0.9569 -0.0000 -0.2903
vn -0.9952 -0.0000 -0.0980
vn 0.9290 -0.0000 0.3702
vn 0.9636 -0.0000 -0.2675
vn 0.9985 -0.0000 -0.0542
vn 0.7621 -0.0000 -0.6474
vn 0.4198 -0.0000 -0.9076
vn 0.9987 -0.0077 0.0506
vn 0.9971 -0.0000 0.0760
vn 0.9681 -0.0000 0.2507
vn 0.9681 -0.0000 0.2506
vn -0.9099 -0.0000 -0.4148
vn -0.0000 0.5853 0.8109
vn 0.4199 -0.0000 0.9076
vn 0.2149 -0.0000 0.9766
vn 0.6052 -0.0000 0.7961
vn -0.2149 -0.0000 0.9766
vn -0.4199 -0.0000 0.9076
vn -0.6052 -0.0000 0.7961
vn -0.7622 -0.0000 0.6474
vn 0.6877 -0.0000 -0.7260
vn 0.5156 -0.0000 -0.8568
vn 0.3193 -0.0000 -0.9477
vn 0.1081 -0.0000 -0.9941
vn -0.6877 -0.0000 -0.7260
vn -0.5155 -0.0000 -0.8569
vn -0.5156 -0.0000 -0.8569
vn -0.3193 -0.0000 -0.9477
vn -0.1081 -0.0000 -0.9941
vn -0.8835 -0.0000 0.4684
vn -0.9636 -0.0000 0.2675
vn -0.9985 -0.0000 0.0542
vn -0.9868 -0.0000 -0.1618
vn -0.9290 -0.0000 -0.3702
vn -0.8277 -0.0000 -0.5611
vn -0.4199 -0.0000 0.9075
vn -0.0980 -0.0000 -0.9952
vn -0.9290 -0.0000 0.3702
vn -0.8277 -0.0000 0.5611
vn -0.5156 -0.0000 0.8569
vn -0.9985 -0.0000 -0.0542
vn -0.9636 -0.0000 -0.2674
vn -0.8835 -0.0000 -0.4685
vn 0.2151 -0.0000 -0.9766
vn -0.0540 -0.0000 -0.9985
vn -0.2151 -0.0000 -0.9766
vn 0.0540 -0.0000 -0.9985
vn -0.0000 1.0000 0.0002
vn -0.4198 -0.0000 -0.9076
vn 0.7071 -0.0000 -0.7071
vn 0.5350 -0.0000 0.8449
vn -0.7071 -0.0000 0.7071
vn -0.5701 -0.0000 -0.8216
vn -0.8216 -0.0000 -0.5701
vn 0.6514 -0.0000 0.7588
vn -0.7071 -0.0000 -0.7071
vn 0.7908 -0.0000 0.6121
vn 0.4853 -0.0000 0.8743
vn 0.3924 -0.0000 0.9198
vn 0.2994 0.0010 0.9541
vn 0.2973 -0.0000 0.9548
vn 0.4467 0.0198 0.8945
vn -0.4148 -0.0000 -0.9099
vn 0.8978 -0.0000 0.4404
vn 1.0000 0.0003 -0.0000
vn -0.0000 0.7368 -0.6762
vn 0.9885 -0.0000 -0.1514
vn 0.9997 -0.0000 -0.0252
vn -0.9099 -0.0000 0.4148
vn -0.9952 -0.0000 0.0980
vn -0.9569 -0.0000 0.2903
vn -0.8819 -0.0000 0.4714
vn -0.6344 -0.0000 0.7730
vn -0.7730 -0.0000 0.6344
vn -0.2903 -0.0000 0.9569
vn -0.4714 -0.0000 0.8819
vn 0.9470 -0.0000 -0.3214
vn 0.7071 -0.0000 0.7071
vn 0.6344 -0.0000 0.7730
vn 0.4714 -0.0000 0.8819
vn 0.0980 -0.0000 0.9952
vn 0.2903 -0.0000 0.9569
vn -0.0980 -0.0000 0.9952
vn -0.0000 0.5853 -0.8109
vn 0.2150 -0.0000 0.9766
vn 0.6051 -0.0000 0.7961
vn -0.6051 -0.0000 0.7961
vn -0.2150 -0.0000 0.9766
vn 0.8310 -0.0000 -0.5562
vn -0.5156 -0.0000 0.8568
vn -0.0539 -0.0000 -0.9985
vn 0.0539 -0.0000 -0.9985
vn -0.0000 1.0000 -0.0003
vn 0.9096 -0.0000 -0.4155
vn 0.9377 0.0091 -0.3473
vn -0.8216 -0.0000 0.5701
vn 0.8826 0.0313 -0.4691
vn 0.8486 -0.0000 -0.5290
vn 0.7248 -0.0000 -0.6890
vn -0.5701 -0.0000 0.8216
vn -0.4148 -0.0000 0.9099
vn 0.3944 -0.0000 -0.9190
vn 0.5713 -0.0000 -0.8208
vn 0.2013 -0.0000 -0.9795
vn -0.0000 0.6930 -0.7209
vn -0.0000 0.8188 -0.5741
vn -0.0000 -0.8996 0.4367
vn -0.0000 -0.8019 0.5974
vn -0.0000 0.9100 -0.4146
vn 0.5514 -0.8343 -0.0000
vn 0.7886 0.6150 -0.0000
vn -0.7153 -0.6988 -0.0000
vn -0.9827 0.1853 -0.0000
vn -0.7886 0.6150 -0.0000
vn -0.0000 0.9687 -0.2483
vn -0.0000 -0.9633 0.2683
vn -0.0000 -0.9953 0.0963
vn -0.0000 -0.6683 0.7439
vn -0.0000 0.5322 -0.8466
vn -0.0000 -0.4988 0.8667
vn -0.0000 -0.2976 0.9547
vn -0.0000 0.3396 -0.9406
vn -0.0000 -0.2977 0.9547
vn -0.0000 -0.0752 0.9972
vn -0.0000 0.1239 -0.9923
vn -0.0000 -0.1008 -0.9949
vn 0.8330 -0.5532 -0.0000
vn -0.8330 -0.5533 -0.0000
vn -0.8330 0.5533 -0.0000
vn -0.0000 -0.9953 -0.0963
vn -0.0000 -0.9633 -0.2683
vn -0.0000 0.9687 0.2483
vn -0.0000 -0.8996 -0.4367
vn -0.0000 -0.8019 -0.5974
vn -0.0000 0.9100 0.4146
vn -0.0000 0.8188 0.5741
vn -0.0000 0.6930 0.7209
vn -0.0000 0.5322 0.8466
vn -0.0000 -0.4988 -0.8667
vn -0.0000 -0.6683 -0.7439
vn -0.0000 -0.2977 -0.9547
vn -0.0000 0.3396 0.9406
vn -0.0000 0.1239 0.9923
vn -0.0000 -0.1008 0.9949
vn -0.0000 -0.0752 -0.9972
vn -0.0000 0.1529 0.9882
vn -0.0000 0.3696 0.9292
vn -0.0000 -0.3181 -0.9481
vn -0.0000 0.5608 0.8280
vn 0.7621 -0.0000 0.6474
vn 0.9985 -0.0000 0.0541
vn 0.9635 -0.0000 0.2675
vn -0.0000 -1.0000 -0.0002
vn 0.9290 -0.0000 -0.3701
vn -0.7621 -0.0000 0.6474
vn -0.9635 -0.0000 0.2675
vn -0.9985 -0.0000 0.0541
vn -0.9290 -0.0000 -0.3701
vn -0.5156 -0.0000 -0.8568
vn -0.8277 -0.0000 -0.5612
vn -0.1012 -0.0000 0.9949
vn 0.1012 -0.0000 0.9949
vn -0.2994 -0.0000 0.9541
vn 0.6344 -0.0000 -0.7730
vn 0.4714 -0.0000 -0.8819
vn 0.2903 -0.0000 -0.9569
vn 0.0980 -0.0000 -0.9952
vn 0.7730 -0.0000 -0.6344
vn 0.8819 -0.0000 -0.4714
vn 0.9569 -0.0000 -0.2903
vn -0.7621 -0.0000 -0.6474
vn 0.9952 -0.0000 -0.0980
vn 0.4148 -0.0000 -0.9099
vn 0.5701 -0.0000 -0.8216
vn -0.6514 -0.0000 0.7588
vn -0.4853 -0.0000 0.8743
vn 0.8216 -0.0000 -0.5701
vn -0.7908 -0.0000 0.6121
vn -0.8581 -0.0000 0.5134
vn -0.9295 -0.0000 0.3689
vn 0.9099 -0.0000 -0.4148
vn -0.8956 0.0064 0.4448
vn -0.8978 0.0081 0.4404
vn -0.9971 -0.0000 0.0760
vn -0.9681 -0.0000 0.2507
vn -0.9987 -0.0077 0.0506
vn -0.0000 -0.3181 0.9481
vn -0.0000 0.1529 -0.9882
vn -0.0000 0.3696 -0.9292
vn -0.0000 0.5608 -0.8280
vn -0.9635 -0.0000 0.2676
vn -0.4198 -0.0000 0.9076
vn 0.9952 -0.0000 0.0980
vn 0.7730 -0.0000 0.6344
vn 0.8819 -0.0000 0.4714
vn 0.9569 -0.0000 0.2903
vn -0.3453 -0.0000 -0.9385
vn -0.0507 -0.0000 -0.9987
vn -0.0000 -0.0102 -0.9999
vn 0.0507 -0.0000 -0.9987
vn -0.2013 -0.0000 -0.9795
vn -0.3943 0.0115 -0.9189
vn -0.9997 -0.0000 -0.0252
vn -0.9885 -0.0000 -0.1514
vn -0.9378 -0.0000 -0.3473
vn -0.8486 -0.0000 -0.5290
vn 0.9099 -0.0000 0.4148
vn -0.5771 -0.0000 -0.8167
vn -0.7248 -0.0000 -0.6890
vn -0.4911 0.0428 -0.8701
vn -0.5713 -0.0000 -0.8208
vn 0.5701 -0.0000 0.8216
vn 0.4148 -0.0000 0.9099
vn -0.4384 -0.0000 -0.8988
vn 0.8216 -0.0000 0.5701
vn 0.1186 -0.0000 -0.9929
vn 0.3213 -0.0000 -0.9470
vn 0.7698 -0.0000 -0.6383
vn 0.6383 -0.0000 -0.7698
vn 0.4903 -0.0000 -0.8716
vn 0.8716 -0.0000 -0.4903
vn 0.9470 -0.0000 -0.3213
vn 0.9929 -0.0000 -0.1186
vn 0.9929 -0.0000 0.1186
vn 0.9470 -0.0000 0.3213
vn 0.8716 -0.0000 0.4903
vn 0.4903 -0.0000 0.8716
vn 0.6383 -0.0000 0.7698
vn 0.7698 -0.0000 0.6383
vn 0.3213 -0.0000 0.9470
vn 0.1186 -0.0000 0.9929
vn 0.8575 -0.0000 -0.5145
vn -0.8575 -0.0000 -0.5145
vn -0.8575 -0.0000 0.5145
vn 0.8575 -0.0000 0.5145
vn -0.0097 0.9999 -0.0116
vn -0.7590 -0.2130 0.6153
vn 0.7382 0.2048 -0.6427
vn 0.7376 0.2130 -0.6408
vn -0.7508 -0.2416 0.6148
vn 0.7202 0.2992 -0.6259
vn 0.7110 0.3335 -0.6191
vn 0.6972 0.3802 -0.6077
vn 0.6939 0.3889 -0.6060
vn -0.7230 -0.3680 0.5847
vn -0.7422 -0.2992 0.5997
vn 0.7221 0.2877 -0.6291
vn -0.7198 -0.3802 0.5808
vn 0.6653 0.4699 -0.5802
vn -0.7006 -0.4320 0.5679
vn -0.6910 -0.4611 0.5567
vn -0.7063 -0.4189 0.5706
vn 0.6798 0.4320 -0.5927
vn 0.6671 0.4648 -0.5821
vn 0.6305 0.5480 -0.5497
vn 0.6355 0.5361 -0.5556
vn -0.6602 -0.5347 0.5274
vn -0.6823 -0.4700 0.5599
vn -0.6209 -0.6129 0.4886
vn -0.6489 -0.5480 0.5279
vn 0.5065 0.7367 -0.4481
vn -0.6143 -0.6125 0.4974
vn 0.6068 0.5915 -0.5310
vn 0.5947 0.6125 -0.5208
vn 0.5775 0.6396 -0.5073
vn -0.5865 -0.6612 0.4678
vn 0.5096 0.7325 -0.4515
vn 0.5560 0.6745 -0.4857
vn -0.0097 -0.9999 -0.0117
vn -0.5282 -0.7367 0.4223
vn -0.5739 -0.6745 0.4644
vn -0.5471 -0.7175 0.4312
vn -0.1771 -0.3932 0.9023
vn -0.1718 -0.4491 0.8768
vn 0.1369 0.4648 -0.8748
vn 0.1411 0.4168 -0.8980
vn 0.1444 0.3932 -0.9081
vn -0.1627 -0.5479 0.8205
vn -0.1628 -0.4700 0.8676
vn -0.1699 -0.4754 0.8632
vn 0.1367 0.4699 -0.8721
vn 0.1297 0.5361 -0.8341
vn 0.1296 0.5480 -0.8264
vn -0.1667 -0.5347 0.8284
vn 0.0999 0.7367 -0.6688
vn 0.1145 0.6641 -0.7388
vn 0.1137 0.6745 -0.7295
vn 0.1198 0.6166 -0.7781
vn 0.1201 0.6125 -0.7813
vn -0.1501 -0.6312 0.7610
vn -0.1508 -0.6125 0.7759
vn -0.1452 -0.6840 0.7148
vn -0.1420 -0.7232 0.6759
vn -0.1411 -0.6745 0.7247
vn -0.1332 -0.7367 0.6630
vn 0.1002 0.7324 -0.6734
vn -0.0149 -0.9999 -0.0027
vn 0.1031 0.7276 -0.6782
vn 0.1247 0.5863 -0.8004
vn 0.1455 0.2538 -0.9563
vn 0.9676 0.2524 -0.0118
vn -0.0000 0.9999 -0.0152
vn 0.9786 0.2048 -0.0179
vn -0.9769 -0.2130 -0.0165
vn 0.9769 0.2130 -0.0174
vn -0.9703 -0.2416 -0.0117
vn -0.9410 -0.3377 -0.0218
vn -0.9540 -0.2992 -0.0173
vn -0.9215 -0.3881 -0.0171
vn 0.9547 0.2971 -0.0172
vn 0.9540 0.2992 -0.0170
vn 0.9212 0.3888 -0.0174
vn 0.9193 0.3931 -0.0169
vn -0.9193 -0.3932 -0.0177
vn -0.5137 0.0836 -0.8539
vn -0.9947 -0.1017 -0.0174
vn -0.4461 0.0006 -0.8950
vn -0.4236 -0.0000 -0.9059
vn -0.3193 -0.0003 -0.9477
vn -0.3434 0.0188 -0.9390
vn -0.9792 -0.2023 -0.0174
vn -0.9533 -0.2683 -0.1383
vn -0.1273 0.0080 -0.9918
vn -0.1081 0.0037 -0.9941
vn -0.1996 -0.0000 -0.9799
vn -0.0461 0.0001 -0.9989
vn -0.2391 0.0001 -0.9710
vn -0.3162 0.0085 -0.9487
vn -0.2752 0.0026 -0.9614
vn -0.8871 -0.4612 -0.0167
vn -0.8826 -0.4700 -0.0097
vn 0.8564 0.5161 -0.0142
vn -0.8448 -0.5347 -0.0204
vn -0.8076 -0.5893 -0.0222
vn -0.8363 -0.5480 -0.0170
vn 0.8825 0.4699 -0.0198
vn 0.8258 0.5638 -0.0141
vn 0.8363 0.5480 -0.0158
vn 0.8852 0.4648 -0.0171
vn 0.7903 0.6124 -0.0171
vn 0.7381 0.6745 -0.0147
vn 0.7747 0.6321 -0.0180
vn -0.7698 -0.6381 -0.0163
vn -0.7904 -0.6125 -0.0138
vn -0.6962 -0.7175 -0.0213
vn 0.6450 0.7640 -0.0160
vn 0.6942 0.7196 -0.0168
vn -0.7381 -0.6745 -0.0131
vn 0.6761 0.7366 -0.0185
vn -0.6761 -0.7366 -0.0161
vn -0.0000 -0.9999 -0.0152
vn -0.5155 -0.0011 -0.8569
vn 0.7259 0.2533 -0.6394
vn 0.6101 0.5862 -0.5330
vn -0.4237 -0.0000 -0.9058
vn -0.0097 -0.9999 -0.0116
vn 0.5149 0.7276 -0.4532
vn -0.0210 -0.0000 -0.9998
vn -0.3872 -0.0000 -0.9220
vn -0.3435 -0.0064 -0.9391
vn -0.2980 -0.0190 -0.9544
vn -0.3193 -0.0046 -0.9476
vn -0.1081 -0.0338 -0.9936
vn -0.1129 -0.0260 -0.9933
vn -0.2225 -0.0000 -0.9749
vn -0.1748 0.0001 -0.9846
vn -0.5703 -0.0054 -0.8214
vn -0.8962 0.0001 -0.4437
vn -0.8822 -0.0000 -0.4708
vn -0.8192 -0.2683 0.5068
vn -0.9081 0.0057 -0.4187
vn -0.8277 0.0014 -0.5612
vn -0.8440 0.0152 -0.5362
vn -0.8238 0.0074 -0.5668
vn -0.7961 0.0008 -0.6051
vn -0.6877 0.0058 -0.7260
vn -0.7370 -0.0000 -0.6759
vn -0.6223 0.0002 -0.7828
vn -0.7673 -0.0000 -0.6413
vn -0.6689 0.0020 -0.7433
vn -0.6255 0.0003 -0.7802
vn -0.4946 0.1378 -0.8581
vn -0.9632 -0.0169 -0.2683
vn -0.9587 -0.0038 -0.2844
vn -0.7612 -0.2023 0.6161
vn -0.9387 0.0462 -0.3417
vn -0.7731 -0.1024 0.6260
vn -0.9236 0.1076 -0.3680
vn -0.9977 -0.0000 -0.0678
vn -0.9868 0.0029 -0.1618
vn -0.9998 0.0001 -0.0219
vn -0.9896 0.0066 -0.1437
vn -0.9801 0.0024 -0.1983
vn -0.9985 0.0050 0.0541
vn -0.9964 0.0136 0.0838
vn -0.9991 0.0049 0.0419
vn -0.5677 -0.0000 -0.8233
vn -0.5225 -0.0045 -0.8526
vn -0.6138 -0.0000 -0.7894
vn -0.8968 -0.0001 -0.4425
vn -0.4853 -0.0116 -0.8743
vn -0.7140 -0.0094 -0.7000
vn -0.6868 -0.0524 -0.7250
vn -0.7514 0.0001 -0.6599
vn -0.7827 -0.0002 -0.6224
vn -0.8276 -0.0153 -0.5611
vn -0.8341 -0.0096 -0.5515
vn -0.8623 -0.0014 -0.5064
vn -0.8783 -0.0000 -0.4782
vn -0.6488 -0.0090 -0.7609
vn -0.9290 -0.0064 -0.3701
vn -0.9494 -0.0000 -0.3139
vn -0.9724 -0.0000 -0.2332
vn -0.9285 -0.0067 -0.3712
vn -0.9957 0.0001 -0.0930
vn -0.9989 -0.0000 -0.0469
vn -0.9856 -0.0498 -0.1616
vn -0.9852 -0.0445 -0.1658
vn -0.9662 0.0163 -0.2574
vn -0.9985 -0.0071 0.0541
vn -0.9990 -0.0243 0.0373
vn 0.1446 0.3653 -0.9196
vn -0.1831 -0.2992 0.9365
vn -0.1782 -0.2130 0.9607
vn 0.1489 0.2992 -0.9425
vn 0.1485 0.2923 -0.9447
vn 0.1531 0.2130 -0.9650
vn 0.1524 0.2048 -0.9669
vn -0.0149 0.9999 -0.0026
vn -0.1928 -0.2869 0.9384
vn -0.1865 -0.2019 0.9615
vn -0.1899 -0.1020 0.9765
vn -0.0149 0.9999 -0.0027
vn -0.0150 0.9999 -0.0022
vn -0.9830 0.0001 0.1835
vn -0.1911 -0.2046 0.9600
vn -0.1884 -0.1647 0.9682
vn -0.9893 -0.0001 0.1461
vn -0.9597 0.0894 0.2665
vn -0.9751 0.0037 0.2219
vn -0.9706 0.0110 0.2406
vn -0.1767 -0.3835 0.9065
vn -0.9884 -0.0000 0.1521
vn -0.9848 -0.0000 0.1740
vn -0.9635 -0.0044 0.2675
vn -0.9684 -0.0115 0.2490
vn -0.9947 -0.0022 0.1026
vn -0.3518 0.7391 -0.5744
vn 0.3370 -0.7046 0.6245
vn -0.0132 -0.9999 0.0075
vn -0.3764 0.6877 -0.6208
vn 0.3553 -0.6745 0.6471
vn 0.3202 -0.7433 0.5874
vn 0.3241 -0.7366 0.5936
vn -0.4029 0.6321 -0.6619
vn -0.3818 0.6745 -0.6319
vn -0.0132 -0.9999 0.0076
vn -0.5033 0.2532 -0.8261
vn -0.3526 0.7357 -0.5783
vn -0.4190 0.5862 -0.6934
vn -0.8220 -0.0000 0.5695
vn -0.8835 0.0079 0.4684
vn -0.8870 0.0050 0.4617
vn -0.8811 -0.0138 0.4727
vn -0.8796 -0.0226 0.4752
vn -0.8810 0.0065 0.4730
vn -0.9282 -0.0000 0.3722
vn -0.9403 -0.0000 0.3405
vn -0.8579 0.0126 0.5137
vn -0.8833 -0.0001 0.4687
vn -0.5221 -0.0000 0.8529
vn 0.4821 -0.1017 0.8702
vn -0.6076 0.0165 0.7940
vn -0.6178 0.0094 0.7863
vn -0.0132 0.9999 0.0075
vn -0.6049 0.0284 0.7958
vn 0.4746 -0.2023 0.8567
vn -0.6825 -0.0000 0.7309
vn -0.7902 0.0011 0.6128
vn 0.3569 -0.2683 0.8948
vn -0.6507 0.0009 0.7593
vn -0.7622 0.0033 0.6474
vn -0.7444 0.0108 0.6676
vn -0.6963 -0.0000 0.7178
vn -0.4200 -0.0002 0.9075
vn -0.3871 -0.0286 0.9216
vn -0.2864 0.0001 0.9581
vn -0.2164 0.0053 0.9763
vn -0.2150 0.0056 0.9766
vn -0.1357 -0.0001 0.9907
vn -0.3934 -0.0098 0.9193
vn -0.4690 0.3213 0.8227
vn -0.8577 -0.1007 0.5042
vn -0.9377 -0.0000 0.3476
vn -0.8832 -0.0259 0.4682
vn -0.8358 0.0001 0.5490
vn -0.9055 -0.0000 0.4243
vn -0.9535 -0.0027 0.3014
vn -0.8094 -0.0003 0.5872
vn -0.7619 -0.0242 0.6472
vn -0.5923 -0.0055 0.8057
vn -0.7080 0.0001 0.7062
vn -0.6768 -0.0001 0.7362
vn -0.5432 -0.0000 0.8396
vn -0.6263 -0.0174 0.7794
vn -0.6052 -0.0059 0.7961
vn -0.7516 -0.0117 0.6595
vn -0.4427 0.0001 0.8967
vn -0.3811 0.0146 0.9244
vn -0.3553 0.0209 0.9345
vn -0.1638 -0.0016 0.9865
vn -0.2149 -0.0297 0.9762
vn -0.2480 -0.0108 0.9687
vn -0.3385 -0.1632 0.9267
vn -0.4008 0.0100 0.9161
vn -0.3107 -0.0000 0.9505
vn -0.4757 0.3888 -0.7891
vn -0.4917 0.2992 -0.8177
vn -0.4935 0.2923 -0.8192
vn -0.5030 0.2130 -0.8376
vn -0.5048 0.2048 -0.8386
vn -0.0132 0.9999 0.0076
vn -0.0131 0.9999 0.0076
vn 0.4742 -0.2130 0.8543
vn 0.4751 -0.2416 0.8461
vn 0.4617 -0.2992 0.8351
vn -0.4613 0.4496 -0.7649
vn -0.4743 0.3931 -0.7877
vn 0.4443 -0.3931 0.8050
vn 0.4473 -0.3835 0.8080
vn 0.4275 -0.4699 0.7723
vn 0.4018 -0.5503 0.7319
vn 0.4291 -0.4612 0.7766
vn 0.4159 -0.5026 0.7579
vn -0.4548 0.4733 -0.7544
vn -0.4558 0.4699 -0.7559
vn -0.4368 0.5361 -0.7223
vn -0.4319 0.5480 -0.7164
vn -0.4099 0.6125 -0.6759
vn -0.3534 0.7366 -0.5766
vn 0.3832 -0.6125 0.6913
vn 0.3742 -0.6312 0.6794
vn 0.4028 -0.5479 0.7332
vn -0.0955 -0.0000 0.9954
vn 0.0128 0.0158 0.9998
vn -0.0673 0.0010 0.9977
vn -0.0208 0.0056 0.9998
vn -0.9285 0.1900 -0.3191
vn -0.9188 0.2324 -0.3192
vn -0.9238 0.2130 -0.3183
vn 0.9124 -0.2130 0.3496
vn -0.0052 0.9999 0.0143
vn 0.9096 -0.2308 0.3454
vn -0.8696 0.3932 -0.2986
vn -0.8716 0.3887 -0.2987
vn 0.8578 -0.3932 0.3310
vn -0.9023 0.2992 -0.3103
vn -0.9046 0.2923 -0.3103
vn 0.8620 -0.3835 0.3314
vn 0.8904 -0.2992 0.3430
vn 0.8829 -0.3212 0.3427
vn -0.7667 0.5862 -0.2618
vn -0.0052 -0.9999 0.0142
vn -0.6206 0.7559 -0.2087
vn -0.9165 0.2534 -0.3094
vn -0.0697 -0.0001 0.9976
vn -0.1126 -0.0000 0.9936
vn -0.7913 0.5480 -0.2712
vn -0.7901 0.5498 -0.2710
vn -0.8354 0.4699 -0.2851
vn 0.7798 -0.5479 0.3027
vn 0.7602 -0.5769 0.2989
vn -0.8177 0.5021 -0.2816
vn -0.8377 0.4649 -0.2867
vn 0.8256 -0.4699 0.3123
vn 0.7902 -0.5292 0.3090
vn 0.8279 -0.4612 0.3191
vn -0.0052 -0.9999 0.0143
vn 0.6891 -0.6745 0.2648
vn 0.6298 -0.7366 0.2464
vn -0.6236 0.7530 -0.2103
vn -0.6414 0.7366 -0.2145
vn 0.7233 -0.6312 0.2799
vn -0.6683 0.7090 -0.2253
vn -0.6986 0.6745 -0.2386
vn -0.7341 0.6321 -0.2481
vn -0.7485 0.6124 -0.2543
vn 0.7379 -0.6125 0.2833
vn 0.6469 -0.7175 0.2582
vn 0.3206 0.0125 -0.9471
vn 0.3109 0.0191 -0.9502
vn 0.3193 -0.0016 -0.9476
vn 0.2104 0.0001 -0.9776
vn 0.1081 0.0168 -0.9940
vn 0.1690 0.2670 -0.9488
vn 0.0670 -0.0085 -0.9977
vn 0.0098 0.9999 -0.0116
vn -0.7389 -0.2023 -0.6427
vn -0.7508 -0.1022 -0.6526
vn 0.1299 -0.0089 -0.9915
vn 0.4027 -0.0000 -0.9153
vn 0.4565 -0.0000 -0.8897
vn 0.3561 0.0030 -0.9344
vn 0.0703 -0.0001 -0.9975
vn 0.7659 0.1705 0.6199
vn -0.7381 -0.2130 -0.6402
vn -0.7244 -0.2594 -0.6387
vn 0.7594 0.2119 0.6151
vn -0.7394 -0.2019 -0.6423
vn 0.7592 0.2130 0.6151
vn -0.6967 -0.3835 -0.6062
vn 0.7151 0.3932 0.5780
vn 0.7168 0.3888 0.5788
vn 0.7418 0.2992 0.6002
vn 0.7439 0.2923 0.6010
vn -0.6929 -0.3932 -0.6045
vn -0.7194 -0.2992 -0.6268
vn -0.7179 -0.3042 -0.6262
vn 0.5349 0.0030 -0.8449
vn 0.5871 -0.0000 -0.8095
vn 0.5155 0.0067 -0.8568
vn 0.0243 0.0186 -0.9995
vn 0.1615 -0.0129 -0.9868
vn 0.2339 0.0001 -0.9723
vn 0.1211 -0.0002 -0.9926
vn 0.0740 0.0123 -0.9972
vn 0.0481 0.0193 -0.9987
vn 0.2862 -0.0031 -0.9582
vn 0.6427 0.7659 -0.0162
vn 0.9672 0.2531 -0.0228
vn 0.8100 0.5862 -0.0162
vn 0.0129 -0.1859 -0.9825
vn 0.4865 -0.0062 -0.8737
vn 0.4345 0.0001 -0.9007
vn 0.3951 -0.0001 -0.9186
vn 0.3193 -0.0097 -0.9476
vn 0.3287 -0.0134 -0.9443
vn 0.6575 0.5361 0.5294
vn 0.6869 0.4699 0.5544
vn -0.6202 -0.5635 -0.5457
vn -0.6671 -0.4699 -0.5780
vn 0.6891 0.4649 0.5559
vn -0.6437 -0.5157 -0.5654
vn -0.6688 -0.4612 -0.5830
vn 0.6509 0.5480 0.5255
vn 0.6164 0.6125 0.4949
vn 0.6050 0.6321 0.4842
vn -0.6292 -0.5479 -0.5512
vn -0.5840 -0.6312 -0.5104
vn 0.7554 0.2537 0.6042
vn 0.6073 -0.0000 -0.7944
vn 0.6309 0.5862 0.5083
vn 0.0098 -0.9999 -0.0116
vn 0.5206 0.7458 0.4157
vn 0.5153 -0.0284 -0.8565
vn 0.5702 -0.0001 -0.8215
vn 0.6718 -0.0251 -0.7403
vn 0.6749 -0.0121 -0.7378
vn 0.0149 0.9999 -0.0025
vn 0.8260 0.0643 -0.5600
vn -0.1536 -0.1826 -0.9711
vn 0.7748 -0.0000 -0.6322
vn 0.0149 0.9999 -0.0027
vn -0.1555 -0.1024 -0.9825
vn 0.6868 0.0493 -0.7251
vn 0.7530 -0.0000 -0.6580
vn 0.8447 0.0064 -0.5352
vn 0.8362 0.0138 -0.5482
vn 0.8857 -0.0000 -0.4643
vn 0.9509 -0.0000 -0.3094
vn 0.8673 0.0001 -0.4977
vn 0.6867 -0.0002 -0.7270
vn 0.9261 0.0077 -0.3772
vn 0.9290 0.0017 -0.3701
vn 0.9103 0.0172 -0.4136
vn 0.9892 0.0041 -0.1466
vn 0.9796 0.0095 -0.2007
vn 0.9868 0.0006 -0.1618
vn 0.9642 -0.0000 -0.2653
vn 0.9931 0.1037 0.0538
vn 0.9955 0.0084 0.0943
vn 0.9930 0.0014 0.1179
vn 0.6817 0.0071 -0.7316
vn 0.6694 0.0097 -0.7428
vn 0.7142 -0.0002 -0.7000
vn 0.7694 -0.0000 -0.6388
vn 0.7956 -0.0011 -0.6058
vn 0.8287 -0.0083 -0.5596
vn 0.6414 0.0160 -0.7670
vn 0.8277 -0.0009 -0.5612
vn 0.8825 -0.0000 -0.4702
vn 0.6309 -0.1362 -0.7639
vn 0.6877 -0.0059 -0.7260
vn 0.8510 -0.0216 -0.5247
vn 0.9291 -0.0177 -0.3694
vn 0.9019 -0.0000 -0.4319
vn 0.9288 -0.0171 -0.3701
vn 0.9810 -0.0700 -0.1809
vn 0.9966 0.0175 -0.0809
vn 0.9948 -0.0000 -0.1015
vn 0.9993 -0.0045 0.0374
vn 0.9985 -0.0078 0.0541
vn 0.9925 -0.0000 0.1222
vn 0.9860 -0.0405 -0.1616
vn 0.9703 0.0002 -0.2417
vn 0.9581 -0.0002 -0.2865
vn 0.0149 0.9999 -0.0026
vn -0.1519 -0.2130 -0.9652
vn -0.1502 -0.2239 -0.9630
vn -0.1539 -0.1823 -0.9711
vn -0.5076 -0.7366 -0.4469
vn -0.4930 -0.7531 -0.4357
vn -0.5566 -0.6745 -0.4850
vn -0.5218 -0.7149 -0.4655
vn -0.5965 -0.6125 -0.5186
vn 0.5749 0.6745 0.4632
vn 0.5586 0.6983 0.4476
vn 0.5199 0.7468 0.4147
vn 0.5293 0.7367 0.4209
vn -0.1482 -0.2991 -0.9426
vn -0.1499 -0.2885 -0.9457
vn 0.1875 0.2048 0.9607
vn 0.1862 0.2130 0.9592
vn 0.1836 0.2923 0.9385
vn 0.1824 0.2992 0.9366
vn 0.1776 0.3815 0.9071
vn 0.0131 0.9999 0.0076
vn 0.5123 -0.1021 -0.8527
vn 0.5965 -0.2683 -0.7565
vn 0.5046 -0.2023 -0.8393
vn 0.9988 -0.0019 -0.0486
vn 0.9999 0.0164 -0.0002
vn 0.9990 -0.0000 -0.0440
vn 0.9999 -0.0006 -0.0101
vn 0.0149 -0.9999 -0.0026
vn 0.1904 0.2539 0.9483
vn 0.1566 0.5861 0.7950
vn 0.1351 0.7276 0.6725
vn -0.1422 -0.3931 -0.9084
vn -0.1440 -0.3835 -0.9122
vn 0.1706 0.4648 0.8688
vn 0.1755 0.3932 0.9026
vn 0.1732 0.4337 0.8842
vn -0.1376 -0.4612 -0.8766
vn -0.1437 -0.4700 -0.8709
vn 0.1698 0.4699 0.8662
vn 0.1634 0.5361 0.8282
vn 0.1608 0.5480 0.8209
vn -0.1277 -0.5479 -0.8267
vn -0.1261 -0.5368 -0.8342
vn -0.1335 -0.4897 -0.8616
vn -0.1112 -0.6745 -0.7299
vn -0.1192 -0.6312 -0.7664
vn -0.1056 -0.6943 -0.7119
vn 0.1559 0.6124 0.7750
vn 0.1422 0.6765 0.7226
vn 0.1427 0.6745 0.7243
vn 0.1520 0.6294 0.7621
vn -0.1236 -0.6125 -0.7807
vn -0.1016 -0.7366 -0.6686
vn 0.1362 0.7324 0.6671
vn -0.1023 -0.7334 -0.6721
vn 0.1349 0.7366 0.6627
vn 0.0201 0.0212 0.9996
vn 0.2672 -0.0078 0.9636
vn -0.0000 -0.0012 1.0000
vn 0.1690 0.1985 0.9654
vn 0.2146 0.0556 0.9751
vn 0.1247 0.0002 0.9922
vn 0.2892 0.0289 0.9568
vn 0.3649 0.0127 0.9310
vn 0.2635 -0.0000 0.9647
vn 0.2082 -0.0067 0.9781
vn 0.8835 0.0047 0.4684
vn 0.8819 0.0040 0.4714
vn 0.0052 0.9999 0.0143
vn 0.7629 0.0867 0.6406
vn 0.7180 0.0031 0.6961
vn 0.7583 0.1009 0.6441
vn 0.8105 -0.0046 0.5858
vn 0.9405 -0.1024 -0.3239
vn 0.6994 0.0001 0.7147
vn 0.9432 -0.2683 -0.1961
vn 0.9261 -0.2023 -0.3186
vn 0.6052 -0.0007 0.7961
vn 0.6332 0.0209 0.7737
vn 0.8542 0.0011 0.5200
vn 0.8509 0.0009 0.5254
vn 0.5842 0.0048 0.8116
vn 0.6158 0.0117 0.7878
vn 0.5464 -0.0000 0.8375
vn 0.5118 -0.0000 0.8591
vn 0.4668 0.0006 0.8843
vn 0.2676 0.0182 0.9633
vn 0.1751 -0.0141 0.9845
vn -0.0000 -0.0120 0.9999
vn 0.0074 -0.0097 0.9999
vn 0.0543 -0.0011 0.9985
vn 0.1007 -0.0000 0.9949
vn 0.4194 -0.0457 0.9066
vn 0.3494 0.0007 0.9370
vn 0.2150 -0.0022 0.9766
vn 0.2140 -0.0002 0.9768
vn 0.8697 -0.0241 0.4930
vn 0.8822 -0.0537 0.4677
vn 0.7787 -0.0030 0.6274
vn 0.7502 -0.0090 0.6612
vn 0.7622 -0.0042 0.6474
vn 0.8403 -0.0000 0.5420
vn 0.8080 -0.0000 0.5892
vn 0.7000 -0.0001 0.7142
vn 0.5328 -0.0001 0.8463
vn 0.6708 0.0001 0.7417
vn 0.6051 -0.0109 0.7960
vn 0.4384 -0.0173 0.8986
vn 0.6401 -0.0036 0.7683
vn 0.4909 0.0002 0.8712
vn 0.6006 -0.0141 0.7994
vn 0.9287 -0.1022 0.3565
vn 0.8582 -0.2598 0.4426
vn 0.9142 -0.2023 0.3512
vn -0.8599 0.3887 0.3309
vn 0.8393 -0.4612 -0.2877
vn -0.6389 0.7276 0.2498
vn -0.8260 0.4648 0.3188
vn -0.7158 0.6406 0.2779
vn -0.8815 0.3241 0.3433
vn 0.8008 -0.5347 -0.2698
vn 0.0052 -0.9999 0.0143
vn -0.7368 0.6125 0.2863
vn -0.7570 0.5840 0.2931
vn 0.7681 -0.5840 -0.2625
vn 0.8327 -0.4700 -0.2928
vn 0.8008 -0.5305 -0.2780
vn -0.7608 0.5783 0.2946
vn -0.7905 0.5305 0.3060
vn -0.8236 0.4699 0.3177
vn 0.7587 -0.6010 -0.2512
vn -0.7905 0.5306 0.3059
vn 0.6408 -0.7366 -0.2161
vn 0.7474 -0.6125 -0.2573
vn 0.7202 -0.6496 -0.2435
vn -0.7218 0.6321 0.2819
vn -0.6886 0.6745 0.2663
vn 0.6615 -0.7175 -0.2181
vn -0.6333 0.7324 0.2499
vn 0.6981 -0.6745 -0.2401
vn -0.6292 0.7367 0.2479
vn 0.9543 0.0027 0.2990
vn 0.9666 0.0104 0.2561
vn 0.9635 0.0074 0.2675
vn 0.9819 -0.0001 0.1896
vn 0.9884 -0.0000 0.1521
vn 0.9363 -0.0000 0.3512
vn 0.9192 -0.0001 0.3938
vn 0.4952 -0.2416 -0.8345
vn 0.5028 -0.2130 -0.8378
vn -0.4739 0.2048 0.8565
vn -0.4739 0.2130 0.8544
vn -0.4627 0.2923 0.8370
vn -0.4623 0.2992 0.8347
vn 0.4761 -0.3835 -0.7914
vn 0.4750 -0.3931 -0.7873
vn 0.4924 -0.2992 -0.8174
vn -0.4534 0.3497 0.8198
vn -0.4457 0.3932 0.8042
vn 0.9830 -0.0000 0.1835
vn 0.9711 -0.0056 0.2388
vn 0.9634 -0.0179 0.2675
vn 0.9443 -0.0001 0.3291
vn 0.9272 -0.0000 0.3746
vn 0.9077 -0.0025 0.4197
vn 0.0131 -0.9999 0.0076
vn -0.4634 0.2532 0.8492
vn -0.3910 0.5863 0.7095
vn -0.3288 0.7276 0.6020
vn -0.4434 0.4005 0.8018
vn -0.4278 0.4648 0.7752
vn -0.4267 0.4699 0.7727
vn 0.4497 -0.4700 -0.7595
vn -0.4071 0.5361 0.7395
vn 0.4400 -0.5347 -0.7214
vn 0.4580 -0.4612 -0.7599
vn 0.4336 -0.5479 -0.7154
vn -0.3838 0.6040 0.6985
vn -0.3807 0.6125 0.6927
vn -0.4045 0.5479 0.7322
vn 0.3666 -0.7175 -0.5923
vn -0.3245 0.7325 0.5985
vn 0.3854 -0.6731 -0.6312
vn 0.4078 -0.6125 -0.6771
vn -0.3648 0.6518 0.6649
vn -0.3563 0.6745 0.6466
vn 0.4035 -0.6260 -0.6673
vn 0.9237 -0.2130 -0.3186
vn 0.9158 -0.2416 -0.3209
vn -0.9135 0.2048 0.3515
vn -0.9123 0.2130 0.3499
vn -0.8987 0.2699 0.3457
vn 0.8849 -0.3529 -0.3040
vn 0.9026 -0.2992 -0.3097
vn -0.8910 0.2992 0.3414
vn -0.8859 0.3148 0.3406
vn -0.8579 0.3931 0.3308
vn 0.3520 -0.7366 -0.5775
vn 0.3805 -0.6745 -0.6327
vn -0.3227 0.7366 0.5944
vn 0.0131 -0.9999 0.0077
vn 0.8658 -0.4032 -0.2964
vn 0.8702 -0.3931 -0.2971
vn -0.0002 -0.0000 -1.0000
vn 0.0002 -0.0000 -1.0000
vn -0.0001 -0.0000 -1.0000
vn 0.0004 -0.0000 -1.0000
vn -0.0004 -0.0000 -1.0000
vn 0.0001 -0.0000 -1.0000
vn -0.7726 0.6349 -0.0000
vn -0.7727 0.6348 -0.0000
vn -0.9337 0.3580 -0.0000
vn -0.9337 0.3581 -0.0000
vn -0.5275 0.8495 -0.0000
vn -0.9946 0.1040 -0.0000
vn -0.2783 0.9605 -0.0000
vn -0.0788 0.9969 -0.0000
vn 0.0788 0.9969 -0.0000
vn 0.2783 0.9605 -0.0000
vn 0.5275 0.8495 -0.0000
vn 0.7727 0.6348 -0.0000
vn 0.7726 0.6349 -0.0000
vn 0.9337 0.3581 -0.0000
vn 0.9946 0.1040 -0.0000
vn -0.7726 -0.6349 -0.0000
vn -0.7727 -0.6348 -0.0000
vn -0.9337 -0.3580 -0.0000
vn -0.5275 -0.8495 -0.0000
vn -0.9946 -0.1040 -0.0000
vn -0.2783 -0.9605 -0.0000
vn -0.0788 -0.9969 -0.0000
vn 0.5275 -0.8495 -0.0000
vn 0.0788 -0.9969 -0.0000
vn 0.2783 -0.9605 -0.0000
vn 0.9946 -0.1040 -0.0000
vn 0.5276 -0.8495 -0.0000
vn 0.7726 -0.6349 -0.0000
vn 0.7727 -0.6348 -0.0000
vn 0.9337 -0.3580 -0.0000
vn 0.0001 -0.0000 1.0000
vn 0.0002 -0.0000 1.0000
vn -0.0001 -0.0000 1.0000
vn -0.0002 -0.0000 1.0000
vn -0.0000 -0.7547 -0.6561
vn -0.8944 -0.0000 -0.4472
vn 0.8944 -0.0000 -0.4472
vn -0.0000 0.7547 0.6561
vn -0.9337 -0.3581 -0.0000
vn 0.5276 0.8495 -0.0000
vn 0.9337 -0.3581 -0.0000
vn -0.0000 0.7547 -0.6561
vn -0.0000 -0.6150 0.7886
vn -0.0000 -0.7720 0.6356
vn -0.0000 -0.7719 0.6357
vn -0.0000 -0.9956 0.0941
vn -0.0000 -0.9597 0.2811
vn -0.0000 -0.8861 0.4635
vn -0.0000 -0.8861 -0.4635
vn -0.0000 -0.7719 -0.6357
vn -0.0000 -0.7720 -0.6356
vn -0.0000 -0.9597 -0.2811
vn -0.0000 -0.9956 -0.0941
vn -0.0000 0.0622 0.9981
vn -0.0000 -0.1853 0.9827
vn -0.0000 0.3042 0.9526
vn -0.0000 -0.4167 0.9091
vn -0.0000 0.5207 0.8538
vn -0.0000 0.9822 0.1879
vn -0.0000 0.9278 0.3732
vn -0.0000 0.9278 0.3731
vn -0.0000 0.8343 0.5514
vn -0.0000 0.8343 0.5513
vn -0.0000 0.6989 0.7152
vn -0.0000 0.8343 -0.5513
vn -0.0000 0.8343 -0.5514
vn -0.0000 0.9278 -0.3731
vn -0.0000 0.9822 -0.1879
vn -0.0000 0.9278 -0.3732
vn -0.0000 -0.6150 -0.7885
vn -0.0000 0.0622 -0.9981
vn -0.0000 -0.1853 -0.9827
vn -0.0000 -0.6150 -0.7886
vn -0.0000 -0.4167 -0.9091
vn -0.0000 0.5207 -0.8538
vn -0.0000 0.3042 -0.9526
vn -0.0000 0.6989 -0.7152
vn -0.0000 0.6413 -0.7673
vn -0.0000 0.7875 -0.6164
vn 1.0000 0.0005 -0.0000
vn -0.0000 0.8938 -0.4486
vn -0.0000 0.8937 -0.4486
vn -0.0000 0.9623 -0.2718
vn -0.0000 0.9959 -0.0910
vn -0.0000 0.9959 0.0910
vn -0.0000 0.9623 0.2718
vn -0.0000 0.8938 0.4486
vn -0.0000 -0.4166 -0.9091
vn -0.0000 0.5206 -0.8538
vn -0.0000 0.3043 -0.9526
vn -0.0000 0.7875 0.6164
vn -0.0000 0.6413 0.7673
vn -0.0000 -0.8225 -0.5688
vn -0.0000 0.6150 -0.7885
vn -0.0000 0.7720 -0.6357
vn -0.0000 0.4167 -0.9091
vn -0.0000 0.1853 -0.9827
vn -0.0000 0.8861 -0.4635
vn -0.0000 0.9597 -0.2811
vn -0.0000 0.9956 -0.0941
vn -0.0000 -0.5207 -0.8538
vn -0.0000 -0.5206 -0.8538
vn -0.0000 -0.3043 -0.9526
vn -0.0000 -0.3042 -0.9526
vn -0.0000 -0.0623 -0.9981
vn -0.0000 -0.6989 -0.7152
vn 0.0202 -0.8762 -0.4815
vn -0.0000 -0.8343 -0.5513
vn -0.0000 -0.9278 -0.3731
vn -0.0000 -0.9989 -0.0470
vn -0.0000 -0.9822 -0.1880
vn -0.0000 0.4558 -0.8901
vn -0.0000 0.4559 -0.8901
vn -0.0262 0.1792 -0.9835
vn -0.0437 0.1661 -0.9851
vn -0.0132 0.1916 -0.9814
vn -0.0000 0.2071 -0.9783
vn -0.0000 0.2375 -0.9714
vn 0.0222 0.2371 -0.9712
vn -0.0000 0.0602 -0.9982
vn -0.1129 -0.0000 -0.9936
vn -0.0709 0.1506 -0.9860
vn -0.0018 -0.0209 -0.9998
vn 0.0011 0.0068 -1.0000
vn -0.0000 0.0652 -0.9979
vn -0.0057 0.0291 -0.9996
vn -0.0000 0.0529 -0.9986
vn -0.0026 0.0348 -0.9994
vn -0.0161 0.1735 -0.9847
vn 0.8856 -0.4645 -0.0000
vn 0.8538 -0.5207 -0.0011
vn 0.8256 -0.5643 -0.0000
vn -0.0000 -0.2375 -0.9714
vn -0.0000 -0.0602 -0.9982
vn -0.0041 -0.1342 -0.9909
vn -0.0081 -0.1240 -0.9922
vn -0.0158 -0.1111 -0.9937
vn -0.0336 -0.0872 -0.9956
vn -0.0593 -0.0740 -0.9955
vn -0.0306 -0.0949 -0.9950
vn -0.0017 -0.1432 -0.9897
vn 0.0042 -0.1694 -0.9855
vn 0.3732 -0.9278 -0.0000
vn -0.0000 -1.0000 0.0010
vn -0.3732 -0.9278 -0.0000
vn -0.8538 -0.5207 -0.0011
vn -0.8256 -0.5642 -0.0000
vn -0.8856 -0.4645 -0.0000
vn -0.0000 -0.4559 -0.8901
vn -0.0000 -0.4558 -0.8901
vn -0.0000 -0.6413 -0.7673
vn -0.0000 -0.7875 -0.6164
vn -0.0000 -0.7720 0.6357
vn -0.0000 -0.6150 0.7885
vn -0.0000 0.5207 0.8537
vn -0.0000 -0.7720 -0.6357
vn -0.0000 0.5207 -0.8537
vn 1.0000 -0.0002 -0.0000
vn -0.0000 -0.7910 -0.6118
vn -0.0000 -0.8937 -0.4486
vn -0.0000 -0.9623 -0.2718
vn -0.0000 -0.9959 -0.0910
vn -0.0000 -0.8225 0.5688
vn -0.0000 0.9956 0.0941
vn -0.0000 0.9597 0.2811
vn -0.0000 0.8861 0.4635
vn -0.0000 0.7720 0.6357
vn -0.0000 0.6150 0.7885
vn -0.0000 0.4167 0.9091
vn -0.0000 0.1853 0.9827
vn -0.0000 -0.6989 0.7152
vn -0.0000 -0.5207 0.8538
vn -0.0000 -0.5206 0.8538
vn -0.0000 -0.3043 0.9526
vn -0.0000 -0.3042 0.9526
vn -0.0000 -0.0623 0.9981
vn -0.0061 -1.0000 -0.0000
vn -0.0000 -0.9278 0.3731
vn -0.0000 -0.9822 0.1880
vn -0.0000 -0.9989 0.0470
vn -1.0000 0.0002 -0.0000
vn 0.0042 -0.8343 0.5513
vn -0.0000 -0.8764 0.4816
vn -0.0000 0.4558 0.8901
vn -0.0000 0.4559 0.8901
vn -0.0000 0.2375 0.9714
vn -0.0000 -0.2375 0.9714
vn -0.0000 0.0602 0.9982
vn -0.2213 -0.0587 0.9734
vn -0.0000 -0.9623 0.2718
vn -0.0000 -0.9959 0.0910
vn -0.0000 -0.8937 0.4486
vn -0.0000 -0.6413 0.7673
vn -0.0000 -0.7875 0.6164
vn -0.0000 -0.4559 0.8901
vn -0.0000 -0.4558 0.8901
vn -0.0000 0.6989 0.7153
vn -0.0000 -0.7910 0.6118
vn -0.0000 0.7379 -0.6749
vn -0.0000 0.8556 -0.5177
vn -0.0000 0.5827 -0.8127
vn -0.0000 0.3920 -0.9200
vn -0.0000 0.3919 -0.9200
vn 0.0064 0.0695 -0.9976
vn -0.0000 0.1736 -0.9848
vn 0.0001 0.0340 -0.9994
vn 0.0043 0.1075 -0.9942
vn -0.0000 0.2042 -0.9789
vn 0.0054 0.0874 -0.9962
vn 0.0036 0.1239 -0.9923
vn 0.0008 -0.0207 -0.9998
vn 0.0003 0.0069 -1.0000
vn -0.0000 0.9369 -0.3495
vn -0.0000 0.9844 -0.1759
vn -0.0000 0.9990 -0.0440
vn 0.0014 1.0000 -0.0000
vn 0.0004 -0.1215 -0.9926
vn 0.0013 -0.0582 -0.9983
vn 0.0039 -0.1161 -0.9932
vn 0.0014 -0.0477 -0.9989
vn 0.0022 -0.0730 -0.9973
vn 0.0031 -0.0958 -0.9954
vn -0.0000 -0.1491 -0.9888
vn -0.0000 -0.2855 -0.9584
vn -0.0000 -0.2854 -0.9584
vn -0.0000 -0.4914 -0.8709
vn -0.0000 -0.6650 -0.7468
vn -0.0000 -0.9961 -0.0881
vn -0.0000 -0.9648 -0.2631
vn 0.0080 -0.8467 -0.5320
vn -0.0000 -0.8014 -0.5981
vn -0.0000 -0.9006 -0.4346
vn -0.0000 0.9369 0.3495
vn -0.0000 0.9844 0.1759
vn -0.0000 0.9990 0.0440
vn -0.0000 0.7379 0.6749
vn -0.0000 0.5827 0.8127
vn -0.0000 0.8556 0.5177
vn -0.0000 0.0291 0.9996
vn -0.0000 0.1736 0.9848
vn -0.0000 0.3920 0.9200
vn -0.0000 0.3919 0.9200
vn -0.0000 -0.0873 0.9962
vn -0.0000 -0.2855 0.9584
vn -0.0000 -0.2854 0.9584
vn -0.0000 -0.4914 0.8709
vn -0.0000 -0.6650 0.7468
vn 0.0014 -0.8014 0.5981
vn -0.0000 -0.8468 0.5320
vn -0.0000 -0.9006 0.4346
vn -0.0000 -0.9648 0.2631
vn -0.0000 -0.9961 0.0881
vn 0.6898 0.4219 -0.5884
vn 0.6796 0.5414 -0.4951
vn 0.6696 0.6355 -0.3845
vn 0.6614 0.7027 -0.2622
vn -0.0000 0.1241 -0.9923
vn -0.0000 -0.1241 -0.9923
vn 0.6985 0.2805 -0.6584
vn 0.7040 0.1233 -0.6994
vn -0.0000 -0.0873 -0.9962
vn -0.0000 0.0291 -0.9996
vn -0.0062 -0.0582 -0.9983
vn 0.7017 -0.2034 -0.6828
vn 0.7070 0.0206 -0.7070
vn 0.7058 -0.0618 -0.7058
vn 0.6848 -0.4846 -0.5443
vn 0.6744 -0.5917 -0.4416
vn 0.6944 -0.3536 -0.6267
vn 0.6652 -0.6725 -0.3245
vn -0.0000 0.9449 -0.3273
vn 0.6560 0.7430 -0.1327
vn 0.6560 0.7430 0.1327
vn 0.6614 0.7027 0.2622
vn 0.6614 0.7028 0.2622
vn 0.6541 0.7564 -0.0000
vn -0.0000 -0.7547 0.6561
vn 0.6696 0.6355 0.3845
vn 0.6796 0.5414 0.4951
vn 0.6898 0.4219 0.5884
vn 0.6985 0.2805 0.6584
vn 0.7040 0.1233 0.6994
vn 0.7070 0.0206 0.7070
vn 0.7017 -0.2034 0.6828
vn 0.7058 -0.0618 0.7058
vn 0.6583 -0.7262 -0.1981
vn 0.6583 -0.7262 0.1981
vn 0.6546 -0.7530 -0.0666
vn 0.6546 -0.7530 0.0666
vn 0.6652 -0.6725 0.3245
vn 0.6745 -0.5917 0.4416
vn -0.0000 -0.8014 0.5981
vn 0.6848 -0.4846 0.5443
vn 0.6744 -0.5917 0.4416
vn 0.6944 -0.3536 0.6267
vn -0.5275 0.8496 -0.0000
vn 0.5275 0.8496 -0.0000
vn 0.9337 0.3580 -0.0000
vn -0.7726 -0.6348 -0.0000
vn -0.5275 -0.8496 -0.0000
vn 0.5275 -0.8496 -0.0000
s 0
usemtl Base.001
f 1//1 2//1 3//1
f 4//1 5//1 1//1
f 1//1 6//1 7//1
f 7//1 8//1 2//1
f 2//1 9//1 10//1
f 1//1 7//1 2//1
f 3//1 11//1 12//1
f 12//1 13//1 14//1
f 14//1 15//1 16//1
f 3//1 12//1 14//1
f 2//1 10//1 3//1
f 10//1 17//1 3//1
f 1//1 3//1 35//1
f 3//1 14//1 35//1
f 14//1 16//1 35//1
f 36//1 4//1 1//1
f 37//1 38//1 39//1
f 39//1 40//1 41//1
f 42//1 40//1 39//1
f 43//1 42//1 39//1
f 39//1 44//1 45//1
f 46//1 44//1 39//1
f 41//1 46//1 39//1
f 39//1 38//1 43//1
f 45//1 47//1 39//1
f 39//1 48//1 49//1
f 47//1 48//1 39//1
f 50//1 51//1 39//1
f 39//1 52//1 50//1
f 53//1 52//1 39//1
f 49//1 53//1 39//1
f 39//1 54//1 55//1
f 51//1 54//1 39//1
f 47//18 45//18 56//18
f 56//18 45//18 57//18
f 45//19 44//19 57//19
f 57//19 44//19 58//19
f 44//20 46//20 58//20
f 58//20 46//20 59//20
f 46//21 41//21 59//21
f 60//22 40//22 61//22
f 41//22 40//22 60//22
f 59//21 41//21 60//21
f 43//23 38//23 62//23
f 62//24 38//24 63//24
f 38//24 37//24 63//24
f 40//25 42//25 61//25
f 61//25 42//25 64//25
f 42//26 43//26 64//26
f 64//26 43//26 65//26
f 43//23 62//23 65//23
f 66//27 47//27 56//27
f 48//27 47//27 66//27
f 67//28 48//28 66//28
f 49//28 48//28 67//28
f 68//29 49//29 67//29
f 53//29 49//29 68//29
f 69//30 53//30 68//30
f 52//30 53//30 69//30
f 70//31 52//31 69//31
f 50//31 52//31 70//31
f 71//32 50//32 70//32
f 55//33 54//33 72//33
f 51//32 50//32 71//32
f 73//34 51//34 71//34
f 54//34 51//34 73//34
f 72//33 54//33 73//33
f 74//1 75//1 76//1
f 21//35 20//35 22//35
f 77//1 78//1 74//1
f 22//35 23//35 19//35
f 29//35 24//35 21//35
f 29//35 25//35 24//35
f 74//1 76//1 77//1
f 24//35 26//35 21//35
f 78//36 77//36 79//36
f 65//1 62//1 77//1
f 80//36 78//36 79//36
f 77//1 59//1 60//1
f 60//1 61//1 77//1
f 61//1 64//1 77//1
f 81//37 82//37 77//37
f 82//37 79//37 77//37
f 77//1 64//1 65//1
f 77//1 62//1 81//1
f 76//1 56//1 77//1
f 58//1 59//1 77//1
f 57//1 58//1 77//1
f 77//1 56//1 57//1
f 75//1 83//1 76//1
f 30//35 28//35 29//35
f 28//35 27//35 29//35
f 30//35 31//35 28//35
f 33//35 32//35 30//35
f 68//1 67//1 76//1
f 76//1 67//1 66//1
f 76//1 71//1 70//1
f 69//1 68//1 76//1
f 70//1 69//1 76//1
f 66//1 56//1 76//1
f 84//36 76//36 85//36
f 76//36 83//36 85//36
f 86//38 76//38 84//38
f 87//38 86//38 84//38
f 86//1 73//1 76//1
f 73//1 71//1 76//1
f 88//1 37//1 39//1
f 89//1 90//1 39//1
f 90//1 91//1 39//1
f 39//1 91//1 88//1
f 92//1 93//1 39//1
f 93//1 94//1 39//1
f 39//1 94//1 89//1
f 95//1 96//1 39//1
f 96//1 97//1 39//1
f 39//1 97//1 92//1
f 55//1 98//1 39//1
f 98//1 99//1 39//1
f 39//1 99//1 95//1
f 37//39 88//39 63//39
f 63//39 88//39 100//39
f 88//40 91//40 100//40
f 100//40 91//40 101//40
f 91//41 90//41 101//41
f 101//41 90//41 102//41
f 90//42 89//42 102//42
f 102//42 89//42 103//42
f 89//43 94//43 103//43
f 103//43 94//43 104//43
f 94//44 93//44 104//44
f 104//44 93//44 105//44
f 105//45 92//45 106//45
f 93//45 92//45 105//45
f 92//46 97//46 106//46
f 106//46 97//46 107//46
f 97//47 96//47 107//47
f 107//47 96//47 108//47
f 96//48 95//48 108//48
f 108//48 95//48 109//48
f 95//49 99//49 109//49
f 109//49 99//49 110//49
f 99//50 98//50 110//50
f 110//50 98//50 111//50
f 98//51 55//51 111//51
f 111//51 55//51 72//51
f 112//52 113//52 114//52
f 115//52 113//52 112//52
f 116//52 115//52 112//52
f 112//52 117//52 118//52
f 119//52 117//52 112//52
f 118//52 120//52 112//52
f 120//52 116//52 112//52
f 112//52 114//52 121//52
f 112//52 121//52 81//52
f 122//36 123//36 124//36
f 123//36 125//36 124//36
f 124//36 126//36 122//36
f 124//36 127//36 128//36
f 124//36 129//36 126//36
f 130//36 129//36 124//36
f 124//36 125//36 127//36
f 128//36 131//36 124//36
f 131//36 132//36 124//36
f 123//53 115//53 125//53
f 115//53 116//53 125//53
f 118//54 117//54 131//54
f 128//55 118//55 131//55
f 120//56 118//56 128//56
f 127//56 120//56 128//56
f 116//57 120//57 127//57
f 125//57 116//57 127//57
f 129//58 121//58 126//58
f 121//58 114//58 126//58
f 113//59 115//59 123//59
f 122//60 113//60 123//60
f 114//61 113//61 122//61
f 126//61 114//61 122//61
f 133//62 134//62 135//62
f 134//62 136//62 135//62
f 137//63 121//63 129//63
f 130//64 137//64 129//64
f 136//65 137//65 130//65
f 135//66 136//66 130//66
f 81//52 138//52 139//52
f 140//52 138//52 81//52
f 134//67 140//67 81//67
f 81//52 137//52 136//52
f 121//52 137//52 81//52
f 81//52 139//52 82//52
f 136//68 134//68 81//68
f 141//69 139//69 142//69
f 140//70 134//70 133//70
f 143//71 140//71 133//71
f 138//72 140//72 143//72
f 124//1 112//1 144//1
f 144//36 130//36 124//36
f 139//69 138//69 142//69
f 142//72 138//72 143//72
f 112//1 81//1 144//1
f 135//36 130//36 144//36
f 133//73 135//73 144//73
f 144//36 145//36 141//36
f 141//36 142//36 144//36
f 144//36 143//36 133//36
f 142//36 143//36 144//36
f 146//36 145//36 144//36
f 105//1 106//1 144//1
f 104//1 105//1 144//1
f 103//1 104//1 144//1
f 81//1 103//1 144//1
f 102//1 103//1 81//1
f 101//1 102//1 81//1
f 81//1 100//1 101//1
f 63//1 100//1 81//1
f 62//1 63//1 81//1
f 147//52 148//52 149//52
f 150//52 147//52 149//52
f 151//74 152//74 150//74
f 149//74 151//74 150//74
f 153//75 154//75 147//75
f 147//75 154//75 148//75
f 154//76 155//76 148//76
f 148//76 155//76 156//76
f 153//36 152//36 154//36
f 152//36 151//36 154//36
f 154//36 151//36 155//36
f 157//37 158//37 159//37
f 159//37 160//37 161//37
f 162//37 163//37 159//37
f 159//37 163//37 157//37
f 164//77 165//77 166//77
f 165//77 158//77 166//77
f 161//37 167//37 159//37
f 165//37 160//37 159//37
f 158//37 165//37 159//37
f 157//78 163//78 168//78
f 168//35 163//35 169//35
f 163//35 162//35 169//35
f 170//78 157//78 168//78
f 158//79 157//79 170//79
f 166//79 158//79 170//79
f 171//37 162//37 159//37
f 168//37 169//37 172//37
f 170//37 168//37 173//37
f 173//37 168//37 172//37
f 174//1 175//1 171//1
f 159//1 174//1 171//1
f 167//37 176//37 159//37
f 167//80 161//80 177//80
f 178//81 167//81 177//81
f 179//82 160//82 164//82
f 160//82 165//82 164//82
f 161//83 160//83 179//83
f 177//83 161//83 179//83
f 178//37 177//37 180//37
f 181//37 178//37 180//37
f 180//37 177//37 182//37
f 177//37 179//37 182//37
f 166//37 170//37 183//37
f 184//37 164//37 185//37
f 185//37 166//37 183//37
f 164//37 166//37 185//37
f 182//37 179//37 184//37
f 179//37 164//37 184//37
f 183//37 170//37 173//37
f 186//38 187//38 174//38
f 188//38 186//38 174//38
f 174//38 187//38 189//38
f 190//38 191//38 174//38
f 192//38 193//38 174//38
f 189//38 192//38 174//38
f 174//38 194//38 188//38
f 174//38 191//38 194//38
f 194//81 181//81 188//81
f 181//81 180//81 188//81
f 180//83 182//83 186//83
f 188//83 180//83 186//83
f 187//77 184//77 189//77
f 192//78 183//78 193//78
f 186//84 182//84 187//84
f 185//79 183//79 192//79
f 182//84 184//84 187//84
f 189//79 185//79 192//79
f 173//35 172//35 195//35
f 183//78 173//78 193//78
f 193//35 173//35 195//35
f 184//85 185//85 189//85
f 174//38 193//38 175//38
f 196//86 176//86 178//86
f 176//86 167//86 178//86
f 159//37 176//37 197//37
f 198//87 199//87 200//87
f 200//88 201//88 196//88
f 199//87 201//87 200//87
f 201//88 176//88 196//88
f 202//89 199//89 198//89
f 203//89 202//89 198//89
f 176//37 201//37 197//37
f 201//37 199//37 197//37
f 200//37 196//37 204//37
f 196//37 178//37 181//37
f 174//52 159//52 205//52
f 159//52 197//52 205//52
f 204//37 196//37 181//37
f 198//37 200//37 206//37
f 206//37 200//37 204//37
f 207//37 208//37 209//37
f 208//37 203//37 209//37
f 210//37 198//37 206//37
f 203//37 198//37 210//37
f 209//37 203//37 210//37
f 208//90 211//90 203//90
f 212//91 211//91 208//91
f 213//91 212//91 208//91
f 213//37 208//37 207//37
f 211//90 202//90 203//90
f 214//37 213//37 207//37
f 215//92 216//92 217//92
f 217//93 216//93 213//93
f 216//93 212//93 213//93
f 218//92 215//92 217//92
f 219//37 218//37 220//37
f 218//37 217//37 220//37
f 220//37 217//37 214//37
f 217//37 213//37 214//37
f 204//86 181//86 194//86
f 191//94 204//94 194//94
f 206//95 204//95 191//95
f 205//38 190//38 174//38
f 190//88 206//88 191//88
f 210//96 206//96 190//96
f 221//96 210//96 190//96
f 222//97 207//97 223//97
f 207//90 209//90 223//90
f 214//91 207//91 222//91
f 223//89 209//89 221//89
f 209//89 210//89 221//89
f 224//98 214//98 222//98
f 220//99 214//99 224//99
f 225//99 220//99 224//99
f 226//100 219//100 225//100
f 219//100 220//100 225//100
f 169//101 162//101 227//101
f 162//101 228//101 227//101
f 229//37 227//37 230//37
f 172//37 169//37 229//37
f 169//37 227//37 229//37
f 228//102 231//102 232//102
f 232//103 231//103 233//103
f 227//102 228//102 232//102
f 230//37 232//37 234//37
f 227//37 232//37 230//37
f 232//37 233//37 234//37
f 231//103 235//103 233//103
f 236//37 237//37 171//37
f 233//104 235//104 238//104
f 171//37 237//37 239//37
f 239//37 240//37 171//37
f 235//104 240//104 238//104
f 240//37 235//37 171//37
f 171//37 235//37 231//37
f 231//37 228//37 171//37
f 228//37 162//37 171//37
f 234//37 233//37 241//37
f 238//105 240//105 242//105
f 240//106 239//106 242//106
f 238//37 242//37 243//37
f 241//37 238//37 243//37
f 233//37 238//37 241//37
f 239//107 237//107 244//107
f 242//107 239//107 244//107
f 243//37 242//37 245//37
f 242//37 244//37 245//37
f 244//37 246//37 247//37
f 244//108 237//108 246//108
f 237//108 236//108 246//108
f 245//37 244//37 247//37
f 248//37 249//37 250//37
f 251//37 249//37 248//37
f 252//37 251//37 248//37
f 253//37 251//37 252//37
f 254//37 253//37 252//37
f 255//37 218//37 219//37
f 256//37 257//37 258//37
f 257//37 255//37 258//37
f 258//37 255//37 219//37
f 259//109 260//109 255//109
f 260//110 215//110 218//110
f 255//110 260//110 218//110
f 257//109 259//109 255//109
f 261//111 259//111 257//111
f 262//111 261//111 257//111
f 263//112 261//112 262//112
f 250//37 262//37 256//37
f 262//37 257//37 256//37
f 249//113 263//113 262//113
f 249//37 262//37 250//37
f 264//37 265//37 266//37
f 264//114 263//114 249//114
f 246//115 236//115 253//115
f 251//114 264//114 249//114
f 265//37 236//37 266//37
f 266//37 236//37 171//37
f 265//116 264//116 251//116
f 253//116 265//116 251//116
f 236//115 265//115 253//115
f 247//37 246//37 254//37
f 246//37 253//37 254//37
f 175//36 267//36 266//36
f 266//36 171//36 175//36
f 195//101 172//101 268//101
f 172//101 229//101 268//101
f 268//102 229//102 269//102
f 229//102 230//102 269//102
f 270//117 241//117 271//117
f 234//118 241//118 270//118
f 269//119 230//119 272//119
f 230//103 234//103 272//103
f 272//118 234//118 270//118
f 241//106 243//106 271//106
f 273//38 274//38 175//38
f 271//38 273//38 175//38
f 268//38 269//38 175//38
f 271//107 243//107 273//107
f 175//38 270//38 271//38
f 272//38 270//38 175//38
f 269//38 272//38 175//38
f 175//38 195//38 268//38
f 193//38 195//38 175//38
f 243//107 245//107 273//107
f 275//120 248//120 276//120
f 252//114 248//114 275//114
f 277//114 252//114 275//114
f 258//121 219//121 226//121
f 278//121 258//121 226//121
f 256//122 258//122 278//122
f 279//122 256//122 278//122
f 250//111 256//111 279//111
f 276//123 250//123 279//123
f 248//120 250//120 276//120
f 273//124 245//124 274//124
f 245//124 247//124 274//124
f 274//125 247//125 280//125
f 247//125 254//125 280//125
f 280//126 254//126 277//126
f 254//126 252//126 277//126
f 175//38 274//38 267//38
f 199//37 202//37 197//37
f 197//37 202//37 211//37
f 197//127 266//127 153//127
f 197//37 216//37 215//37
f 197//127 153//127 147//127
f 211//37 212//37 197//37
f 212//37 216//37 197//37
f 197//37 215//37 266//37
f 150//128 152//128 281//128
f 152//128 282//128 281//128
f 281//52 197//52 150//52
f 197//52 147//52 150//52
f 266//37 263//37 264//37
f 261//37 263//37 266//37
f 259//37 261//37 266//37
f 266//37 260//37 259//37
f 215//37 260//37 266//37
f 266//36 282//36 153//36
f 282//36 152//36 153//36
f 224//38 222//38 205//38
f 205//38 222//38 223//38
f 205//38 226//38 225//38
f 278//38 226//38 205//38
f 223//38 221//38 205//38
f 221//38 190//38 205//38
f 267//38 278//38 205//38
f 225//38 224//38 205//38
f 281//129 282//129 205//129
f 282//129 267//129 205//129
f 205//52 197//52 281//52
f 274//38 280//38 267//38
f 267//38 280//38 277//38
f 279//38 278//38 267//38
f 276//38 279//38 267//38
f 267//36 282//36 266//36
f 275//38 276//38 267//38
f 277//38 275//38 267//38
f 72//1 73//1 86//1
f 111//1 72//1 86//1
f 106//1 107//1 86//1
f 86//1 107//1 108//1
f 108//1 109//1 86//1
f 109//1 110//1 86//1
f 86//1 110//1 111//1
f 144//1 106//1 86//1
f 283//1 144//1 86//1
f 144//36 284//36 285//36
f 286//36 284//36 144//36
f 283//36 286//36 144//36
f 287//73 288//73 144//73
f 289//130 287//130 144//130
f 290//36 144//36 285//36
f 290//36 289//36 144//36
f 291//1 283//1 86//1
f 292//52 293//52 86//52
f 86//52 294//52 291//52
f 295//52 294//52 86//52
f 296//52 295//52 86//52
f 86//52 297//52 296//52
f 293//52 297//52 86//52
f 87//52 298//52 86//52
f 298//52 292//52 86//52
f 292//55 298//55 288//55
f 287//55 292//55 288//55
f 293//56 292//56 287//56
f 289//56 293//56 287//56
f 284//60 295//60 285//60
f 297//57 293//57 289//57
f 290//57 297//57 289//57
f 296//53 297//53 290//53
f 285//53 296//53 290//53
f 295//59 296//59 285//59
f 291//52 299//52 300//52
f 301//52 299//52 291//52
f 302//52 301//52 291//52
f 291//52 303//52 302//52
f 304//52 303//52 291//52
f 305//68 304//68 291//68
f 294//52 305//52 291//52
f 306//52 291//52 300//52
f 294//61 295//61 284//61
f 286//61 294//61 284//61
f 305//58 294//58 286//58
f 307//64 304//64 308//64
f 308//58 305//58 286//58
f 304//63 305//63 308//63
f 303//65 304//65 307//65
f 309//66 303//66 307//66
f 310//131 301//131 311//131
f 301//70 302//70 311//70
f 311//62 302//62 309//62
f 302//62 303//62 309//62
f 299//72 301//72 310//72
f 312//132 299//132 310//132
f 300//69 299//69 312//69
f 313//69 300//69 312//69
f 283//36 307//36 308//36
f 309//36 307//36 283//36
f 311//36 309//36 283//36
f 283//36 310//36 311//36
f 312//36 310//36 283//36
f 313//36 312//36 283//36
f 283//36 314//36 313//36
f 308//36 286//36 283//36
f 315//36 314//36 283//36
f 316//37 317//37 318//37
f 319//37 317//37 316//37
f 320//37 319//37 316//37
f 316//37 321//37 322//37
f 322//37 320//37 316//37
f 323//37 321//37 316//37
f 318//37 324//37 316//37
f 324//37 325//37 316//37
f 326//37 323//37 316//37
f 327//1 328//1 326//1
f 316//1 327//1 326//1
f 329//78 330//78 322//78
f 320//77 331//77 319//77
f 331//77 332//77 319//77
f 319//84 332//84 317//84
f 332//133 333//133 317//133
f 322//79 330//79 320//79
f 330//79 331//79 320//79
f 323//134 334//134 321//134
f 334//135 329//135 321//135
f 321//78 329//78 322//78
f 316//52 335//52 336//52
f 336//52 327//52 316//52
f 316//37 325//37 335//37
f 337//88 338//88 339//88
f 325//88 337//88 339//88
f 340//86 337//86 325//86
f 324//94 340//94 325//94
f 341//81 340//81 324//81
f 318//81 341//81 324//81
f 333//83 341//83 318//83
f 317//83 333//83 318//83
f 342//89 343//89 344//89
f 338//87 343//87 342//87
f 339//136 338//136 342//136
f 343//89 345//89 344//89
f 344//137 345//137 346//137
f 345//137 347//137 346//137
f 346//91 347//91 348//91
f 347//98 349//98 348//98
f 350//100 351//100 352//100
f 348//99 349//99 353//99
f 353//100 350//100 352//100
f 349//99 350//99 353//99
f 354//38 331//38 330//38
f 330//38 329//38 354//38
f 329//38 334//38 354//38
f 354//38 334//38 355//38
f 332//38 331//38 354//38
f 333//38 332//38 354//38
f 355//35 356//35 357//35
f 327//38 357//38 328//38
f 358//38 357//38 327//38
f 354//35 355//35 357//35
f 340//38 341//38 359//38
f 359//38 341//38 354//38
f 341//38 333//38 354//38
f 359//138 354//138 358//138
f 354//138 357//138 358//138
f 337//38 340//38 359//38
f 336//38 358//38 327//38
f 359//139 358//139 360//139
f 361//139 359//139 360//139
f 361//38 345//38 359//38
f 359//38 338//38 337//38
f 336//38 360//38 358//38
f 345//38 343//38 359//38
f 359//38 343//38 338//38
f 361//38 350//38 349//38
f 351//38 350//38 361//38
f 362//38 351//38 361//38
f 349//38 347//38 361//38
f 347//38 345//38 361//38
f 361//1 360//1 363//1
f 362//1 361//1 363//1
f 364//101 365//101 323//101
f 365//140 334//140 323//140
f 366//102 367//102 368//102
f 367//102 364//102 368//102
f 368//101 364//101 323//101
f 369//118 370//118 371//118
f 372//141 367//141 366//141
f 370//118 372//118 371//118
f 371//141 372//141 366//141
f 326//37 371//37 366//37
f 368//37 323//37 326//37
f 369//37 371//37 326//37
f 373//37 369//37 326//37
f 326//37 374//37 373//37
f 326//37 375//37 374//37
f 366//37 368//37 326//37
f 376//37 375//37 326//37
f 377//107 378//107 373//107
f 373//106 378//106 369//106
f 374//142 377//142 373//142
f 378//106 370//106 369//106
f 376//125 379//125 375//125
f 379//125 380//125 375//125
f 375//143 380//143 374//143
f 380//124 377//124 374//124
f 381//144 379//144 376//144
f 382//116 381//116 376//116
f 383//123 384//123 385//123
f 384//111 386//111 385//111
f 385//113 386//113 387//113
f 386//113 388//113 387//113
f 387//114 388//114 382//114
f 388//114 381//114 382//114
f 352//121 351//121 389//121
f 390//122 384//122 383//122
f 351//121 390//121 389//121
f 389//122 390//122 383//122
f 328//36 391//36 392//36
f 326//36 328//36 392//36
f 392//37 376//37 326//37
f 355//38 365//38 364//38
f 334//38 365//38 355//38
f 367//38 372//38 355//38
f 364//38 367//38 355//38
f 356//38 393//38 328//38
f 357//38 356//38 328//38
f 372//38 370//38 355//38
f 355//38 370//38 394//38
f 370//38 378//38 394//38
f 355//145 394//145 356//145
f 394//145 393//145 356//145
f 379//38 381//38 394//38
f 394//38 377//38 380//38
f 394//38 378//38 377//38
f 328//38 393//38 391//38
f 380//38 379//38 394//38
f 381//38 388//38 362//38
f 362//38 388//38 386//38
f 390//38 351//38 362//38
f 362//146 363//146 393//146
f 394//146 362//146 393//146
f 393//38 363//38 391//38
f 386//38 384//38 362//38
f 394//38 381//38 362//38
f 384//38 390//38 362//38
f 335//37 339//37 342//37
f 352//37 335//37 353//37
f 344//37 346//37 335//37
f 325//37 339//37 335//37
f 392//37 335//37 352//37
f 342//37 344//37 335//37
f 335//37 348//37 353//37
f 346//37 348//37 335//37
f 335//147 392//147 395//147
f 392//147 396//147 395//147
f 335//52 395//52 336//52
f 389//37 383//37 392//37
f 383//37 385//37 392//37
f 389//37 392//37 352//37
f 392//37 385//37 387//37
f 392//36 391//36 396//36
f 387//37 382//37 392//37
f 382//37 376//37 392//37
f 395//148 396//148 397//148
f 398//149 391//149 399//149
f 396//148 400//148 397//148
f 391//36 398//36 400//36
f 399//149 391//149 336//149
f 396//36 391//36 400//36
f 363//38 360//38 336//38
f 391//38 363//38 336//38
f 336//52 395//52 399//52
f 395//52 397//52 399//52
f 401//150 402//150 403//150
f 403//150 402//150 404//150
f 404//52 405//52 403//52
f 397//52 405//52 404//52
f 402//151 398//151 404//151
f 404//151 398//151 399//151
f 397//152 400//152 405//152
f 400//152 406//152 405//152
f 399//52 397//52 404//52
f 398//36 402//36 406//36
f 400//36 398//36 406//36
f 407//37 74//37 408//37
f 408//37 74//37 409//37
f 409//37 74//37 78//37
f 410//36 409//36 80//36
f 409//36 78//36 80//36
f 411//153 410//153 80//153
f 411//153 80//153 412//153
f 80//154 79//154 412//154
f 412//154 79//154 82//154
f 413//1 409//1 410//1
f 413//37 408//37 409//37
f 414//37 408//37 413//37
f 411//1 413//1 410//1
f 415//36 416//36 417//36
f 417//36 416//36 418//36
f 419//36 420//36 417//36
f 420//36 415//36 417//36
f 417//36 421//36 422//36
f 423//36 421//36 417//36
f 418//36 423//36 417//36
f 419//36 417//36 424//36
f 417//36 425//36 426//36
f 427//36 425//36 417//36
f 428//36 427//36 417//36
f 417//36 429//36 424//36
f 430//36 429//36 417//36
f 426//36 430//36 417//36
f 431//155 432//155 422//155
f 433//156 434//156 423//156
f 423//157 434//157 421//157
f 434//157 431//157 421//157
f 421//155 431//155 422//155
f 418//156 433//156 423//156
f 435//158 433//158 418//158
f 416//158 435//158 418//158
f 436//159 435//159 416//159
f 415//159 436//159 416//159
f 437//160 436//160 415//160
f 419//161 438//161 420//161
f 438//161 437//161 420//161
f 420//160 437//160 415//160
f 430//162 439//162 429//162
f 440//163 439//163 430//163
f 426//164 440//164 430//164
f 441//165 440//165 426//165
f 425//165 441//165 426//165
f 439//162 442//162 429//162
f 429//166 442//166 424//166
f 442//166 443//166 424//166
f 424//167 443//167 419//167
f 443//167 438//167 419//167
f 444//37 407//37 408//37
f 445//36 446//36 447//36
f 446//36 444//36 447//36
f 446//35 407//35 444//35
f 448//35 407//35 446//35
f 447//36 444//36 449//36
f 444//36 408//36 449//36
f 450//168 447//168 451//168
f 447//169 449//169 451//169
f 451//169 449//169 452//169
f 453//37 446//37 445//37
f 450//37 453//37 445//37
f 450//168 445//168 447//168
f 414//35 452//35 408//35
f 452//35 449//35 408//35
f 454//170 441//170 425//170
f 427//170 454//170 425//170
f 455//171 454//171 427//171
f 428//171 455//171 427//171
f 75//38 456//38 457//38
f 457//38 83//38 75//38
f 85//36 83//36 458//36
f 83//36 457//36 458//36
f 74//52 407//52 456//52
f 75//52 74//52 456//52
f 459//36 460//36 417//36
f 417//36 461//36 462//36
f 462//36 459//36 417//36
f 422//36 463//36 417//36
f 417//36 460//36 464//36
f 463//36 461//36 417//36
f 464//36 465//36 417//36
f 417//36 466//36 467//36
f 417//36 468//36 428//36
f 469//36 466//36 417//36
f 470//36 469//36 417//36
f 465//36 471//36 417//36
f 417//36 471//36 470//36
f 472//36 468//36 417//36
f 467//36 472//36 417//36
f 473//172 474//172 462//172
f 461//172 473//172 462//172
f 475//173 473//173 461//173
f 463//173 475//173 461//173
f 422//174 432//174 463//174
f 432//174 475//174 463//174
f 476//175 477//175 465//175
f 464//175 476//175 465//175
f 478//176 476//176 464//176
f 460//176 478//176 464//176
f 462//168 474//168 459//168
f 474//168 479//168 459//168
f 459//177 479//177 460//177
f 479//177 478//177 460//177
f 480//154 481//154 467//154
f 466//154 480//154 467//154
f 482//178 480//178 466//178
f 469//178 482//178 466//178
f 483//179 482//179 469//179
f 470//179 483//179 469//179
f 484//180 483//180 470//180
f 471//180 484//180 470//180
f 477//37 484//37 471//37
f 465//37 477//37 471//37
f 485//1 458//1 457//1
f 486//1 485//1 457//1
f 87//181 84//181 85//181
f 87//181 85//181 487//181
f 85//182 458//182 487//182
f 457//38 488//38 486//38
f 488//38 489//38 486//38
f 487//182 458//182 485//182
f 456//35 407//35 448//35
f 490//35 456//35 448//35
f 491//36 488//36 492//36
f 488//36 490//36 492//36
f 456//38 488//38 457//38
f 492//36 490//36 493//36
f 456//38 490//38 488//38
f 490//36 448//36 493//36
f 494//35 489//35 491//35
f 489//35 488//35 491//35
f 467//183 481//183 472//183
f 481//184 495//184 472//184
f 472//185 495//185 468//185
f 495//185 496//185 468//185
f 496//186 455//186 428//186
f 468//186 496//186 428//186
f 497//187 493//187 498//187
f 492//187 493//187 497//187
f 494//188 492//188 497//188
f 494//188 491//188 492//188
f 498//38 493//38 448//38
f 499//38 498//38 448//38
f 499//35 448//35 453//35
f 453//35 448//35 446//35
f 413//52 119//52 112//52
f 112//37 124//37 413//37
f 124//36 132//36 500//36
f 124//37 500//37 413//37
f 501//189 502//189 503//189
f 502//189 504//189 503//189
f 505//190 502//190 501//190
f 506//191 505//191 501//191
f 507//192 505//192 506//192
f 508//192 507//192 506//192
f 119//193 507//193 508//193
f 132//194 119//194 508//194
f 117//38 119//38 132//38
f 131//38 117//38 132//38
f 505//52 413//52 502//52
f 411//52 509//52 413//52
f 507//52 119//52 413//52
f 505//52 507//52 413//52
f 413//52 504//52 502//52
f 413//52 510//52 504//52
f 509//52 510//52 413//52
f 132//36 508//36 500//36
f 500//36 508//36 506//36
f 511//36 500//36 512//36
f 501//36 503//36 500//36
f 500//36 503//36 513//36
f 500//36 513//36 512//36
f 506//36 501//36 500//36
f 504//195 510//195 513//195
f 513//196 510//196 512//196
f 510//197 509//197 512//197
f 512//198 509//198 511//198
f 509//198 514//198 511//198
f 511//199 514//199 515//199
f 514//200 516//200 515//200
f 515//201 516//201 517//201
f 516//202 518//202 517//202
f 503//195 504//195 513//195
f 519//68 520//68 412//68
f 520//52 521//52 412//52
f 145//203 522//203 141//203
f 522//203 139//203 141//203
f 523//204 522//204 145//204
f 524//205 519//205 146//205
f 146//204 523//204 145//204
f 519//205 523//205 146//205
f 517//206 518//206 525//206
f 518//207 521//207 525//207
f 520//208 519//208 524//208
f 526//208 520//208 524//208
f 521//209 520//209 526//209
f 525//209 521//209 526//209
f 514//52 509//52 411//52
f 527//36 500//36 511//36
f 412//52 521//52 411//52
f 521//52 518//52 411//52
f 411//52 518//52 516//52
f 516//52 514//52 411//52
f 155//210 528//210 156//210
f 529//36 528//36 155//36
f 530//36 528//36 529//36
f 531//36 530//36 529//36
f 532//211 530//211 533//211
f 156//52 532//52 534//52
f 534//52 532//52 535//52
f 532//52 533//52 535//52
f 156//210 528//210 532//210
f 528//211 530//211 532//211
f 534//212 529//212 149//212
f 531//213 529//213 534//213
f 535//213 531//213 534//213
f 148//52 156//52 534//52
f 149//52 148//52 534//52
f 529//212 151//212 149//212
f 151//36 529//36 155//36
f 533//214 536//214 537//214
f 530//214 536//214 533//214
f 538//215 539//215 535//215
f 533//52 537//52 538//52
f 535//52 533//52 538//52
f 539//215 531//215 535//215
f 540//216 539//216 538//216
f 537//217 541//217 542//217
f 543//216 540//216 538//216
f 536//217 541//217 537//217
f 537//52 542//52 543//52
f 538//52 537//52 543//52
f 536//36 530//36 531//36
f 539//36 536//36 531//36
f 540//36 541//36 539//36
f 541//36 536//36 539//36
f 82//52 522//52 523//52
f 139//68 522//68 82//68
f 82//52 519//52 412//52
f 523//68 519//68 82//68
f 515//36 527//36 511//36
f 517//36 525//36 527//36
f 527//36 525//36 526//36
f 515//36 517//36 527//36
f 527//36 146//36 144//36
f 526//36 524//36 527//36
f 524//36 146//36 527//36
f 431//36 434//36 527//36
f 475//73 432//73 527//73
f 434//36 433//36 527//36
f 527//36 433//36 435//36
f 436//36 437//36 527//36
f 435//36 436//36 527//36
f 527//36 432//36 431//36
f 500//37 414//37 413//37
f 500//36 544//36 545//36
f 546//36 500//36 547//36
f 547//36 500//36 548//36
f 549//36 544//36 500//36
f 527//36 549//36 500//36
f 500//37 546//37 414//37
f 500//36 545//36 550//36
f 500//36 551//36 548//36
f 552//36 551//36 500//36
f 550//36 552//36 500//36
f 553//218 554//218 555//218
f 554//218 556//218 555//218
f 543//52 542//52 555//52
f 542//219 557//219 558//219
f 542//52 558//52 555//52
f 555//52 558//52 553//52
f 541//219 557//219 542//219
f 556//220 540//220 543//220
f 555//220 556//220 543//220
f 556//36 557//36 540//36
f 557//36 541//36 540//36
f 559//221 560//221 561//221
f 558//222 562//222 559//222
f 559//52 561//52 563//52
f 553//52 559//52 563//52
f 558//52 559//52 553//52
f 563//223 564//223 553//223
f 557//222 562//222 558//222
f 564//223 554//223 553//223
f 562//221 560//221 559//221
f 562//36 557//36 556//36
f 560//36 562//36 556//36
f 560//36 556//36 554//36
f 565//36 549//36 527//36
f 566//36 565//36 527//36
f 527//36 567//36 566//36
f 527//36 437//36 438//36
f 527//36 438//36 568//36
f 569//36 527//36 568//36
f 570//36 567//36 527//36
f 569//36 570//36 527//36
f 571//36 527//36 572//36
f 527//36 573//36 572//36
f 527//36 574//36 575//36
f 144//36 288//36 527//36
f 288//36 576//36 527//36
f 527//36 576//36 573//36
f 571//36 577//36 527//36
f 577//36 574//36 527//36
f 476//36 478//36 575//36
f 478//36 479//36 575//36
f 575//36 479//36 474//36
f 474//36 473//36 575//36
f 473//36 475//36 575//36
f 575//36 475//36 527//36
f 578//52 87//52 579//52
f 578//52 580//52 87//52
f 580//52 298//52 87//52
f 298//38 580//38 576//38
f 576//194 580//194 573//194
f 580//194 578//194 573//194
f 573//192 578//192 572//192
f 288//38 298//38 576//38
f 578//192 579//192 572//192
f 581//195 582//195 574//195
f 582//197 583//197 584//197
f 584//198 583//198 585//198
f 583//198 586//198 585//198
f 577//195 581//195 574//195
f 574//196 582//196 584//196
f 572//191 579//191 571//191
f 579//190 587//190 571//190
f 571//189 587//189 577//189
f 587//189 581//189 577//189
f 485//52 586//52 583//52
f 588//52 586//52 485//52
f 87//52 487//52 579//52
f 579//52 487//52 587//52
f 487//52 581//52 587//52
f 581//52 487//52 582//52
f 487//52 485//52 582//52
f 582//52 485//52 583//52
f 486//52 291//52 306//52
f 314//203 306//203 313//203
f 589//205 590//205 315//205
f 590//205 591//205 315//205
f 315//204 591//204 314//204
f 306//203 300//203 313//203
f 591//204 306//204 314//204
f 592//209 593//209 594//209
f 593//209 595//209 594//209
f 585//199 586//199 596//199
f 596//201 588//201 597//201
f 595//208 590//208 589//208
f 594//224 595//224 589//224
f 586//200 588//200 596//200
f 588//202 598//202 597//202
f 597//206 598//206 592//206
f 598//207 593//207 592//207
f 291//38 486//38 575//38
f 283//38 291//38 575//38
f 575//36 315//36 283//36
f 591//52 590//52 486//52
f 486//52 588//52 485//52
f 598//52 588//52 486//52
f 591//52 486//52 306//52
f 593//52 598//52 486//52
f 590//52 595//52 486//52
f 486//52 595//52 593//52
f 575//36 584//36 585//36
f 596//36 597//36 575//36
f 589//36 315//36 575//36
f 574//36 584//36 575//36
f 585//36 596//36 575//36
f 594//36 589//36 575//36
f 575//36 592//36 594//36
f 597//36 592//36 575//36
f 405//52 599//52 403//52
f 406//36 402//36 600//36
f 402//36 401//36 600//36
f 600//225 601//225 602//225
f 405//226 406//226 599//226
f 406//226 600//226 599//226
f 599//225 600//225 602//225
f 603//52 604//52 599//52
f 602//52 603//52 599//52
f 599//52 604//52 403//52
f 600//36 605//36 601//36
f 605//36 606//36 601//36
f 600//36 401//36 605//36
f 605//227 401//227 604//227
f 604//227 401//227 403//227
f 603//228 605//228 604//228
f 606//228 605//228 603//228
f 607//229 606//229 603//229
f 608//229 606//229 607//229
f 601//230 609//230 610//230
f 602//230 601//230 610//230
f 607//52 603//52 602//52
f 610//52 607//52 602//52
f 611//52 607//52 610//52
f 612//52 611//52 610//52
f 609//231 613//231 612//231
f 614//232 608//232 611//232
f 611//232 608//232 607//232
f 610//231 609//231 612//231
f 601//36 606//36 609//36
f 606//36 608//36 609//36
f 609//36 608//36 613//36
f 608//36 614//36 613//36
f 483//36 484//36 575//36
f 484//36 477//36 575//36
f 575//36 477//36 476//36
f 486//38 489//38 575//38
f 615//36 616//36 575//36
f 575//36 616//36 617//36
f 617//36 618//36 575//36
f 618//36 619//36 575//36
f 620//36 615//36 575//36
f 489//38 620//38 575//38
f 575//36 619//36 621//36
f 621//36 622//36 575//36
f 622//36 623//36 575//36
f 575//36 623//36 483//36
f 624//233 614//233 625//233
f 625//233 614//233 611//233
f 626//52 625//52 612//52
f 625//52 611//52 612//52
f 627//234 628//234 629//234
f 626//234 627//234 629//234
f 612//235 613//235 626//235
f 613//235 627//235 626//235
f 627//36 624//36 628//36
f 614//36 624//36 627//36
f 613//36 614//36 627//36
f 630//236 624//236 625//236
f 631//236 624//236 630//236
f 632//237 631//237 630//237
f 629//238 628//238 633//238
f 633//52 632//52 629//52
f 632//52 630//52 629//52
f 629//52 630//52 626//52
f 630//52 625//52 626//52
f 632//237 634//237 631//237
f 628//238 635//238 633//238
f 631//36 634//36 635//36
f 628//36 631//36 635//36
f 624//36 631//36 628//36
f 636//52 637//52 414//52
f 638//52 636//52 414//52
f 414//52 639//52 640//52
f 641//52 639//52 414//52
f 642//52 641//52 414//52
f 643//52 638//52 414//52
f 640//52 643//52 414//52
f 546//37 642//37 414//37
f 414//52 637//52 452//52
f 637//52 644//52 452//52
f 637//59 636//59 552//59
f 550//60 637//60 552//60
f 636//53 638//53 551//53
f 551//57 638//57 548//57
f 638//57 643//57 548//57
f 548//56 643//56 547//56
f 552//187 636//187 551//187
f 643//56 640//56 547//56
f 545//61 644//61 550//61
f 644//61 637//61 550//61
f 645//58 644//58 545//58
f 544//58 645//58 545//58
f 549//64 646//64 544//64
f 646//63 645//63 544//63
f 647//52 648//52 642//52
f 648//52 649//52 642//52
f 642//52 649//52 650//52
f 650//52 651//52 642//52
f 651//52 652//52 642//52
f 642//52 652//52 653//52
f 653//52 654//52 642//52
f 654//67 641//67 642//67
f 547//55 640//55 655//55
f 640//55 639//55 655//55
f 641//194 654//194 656//194
f 657//194 641//194 656//194
f 655//38 639//38 657//38
f 639//38 641//38 657//38
f 652//181 651//181 658//181
f 659//189 652//189 658//189
f 660//191 653//191 659//191
f 653//190 652//190 659//190
f 656//192 654//192 660//192
f 654//192 653//192 660//192
f 546//36 656//36 660//36
f 660//36 659//36 546//36
f 659//36 658//36 546//36
f 546//36 658//36 661//36
f 661//36 662//36 546//36
f 662//36 663//36 546//36
f 655//36 657//36 546//36
f 657//36 656//36 546//36
f 655//36 546//36 547//36
f 648//200 647//200 664//200
f 661//196 650//196 662//196
f 651//195 650//195 661//195
f 658//239 651//239 661//239
f 663//199 648//199 664//199
f 649//198 648//198 663//198
f 662//198 649//198 663//198
f 650//197 649//197 662//197
f 452//52 644//52 645//52
f 645//52 646//52 452//52
f 646//52 665//52 452//52
f 451//52 666//52 450//52
f 667//52 666//52 451//52
f 665//52 667//52 451//52
f 452//52 665//52 451//52
f 666//70 667//70 566//70
f 566//62 667//62 565//62
f 667//62 665//62 565//62
f 565//65 665//65 549//65
f 665//66 646//66 549//66
f 567//71 666//71 566//71
f 668//69 669//69 570//69
f 570//72 669//72 567//72
f 669//72 666//72 567//72
f 569//69 668//69 570//69
f 670//203 668//203 569//203
f 671//203 670//203 569//203
f 450//67 669//67 668//67
f 666//52 669//52 450//52
f 670//68 450//68 668//68
f 672//67 453//67 670//67
f 453//52 450//52 670//52
f 672//68 673//68 453//68
f 673//52 674//52 453//52
f 453//52 674//52 675//52
f 675//67 676//67 453//67
f 676//52 647//52 453//52
f 453//52 647//52 642//52
f 677//204 672//204 671//204
f 672//204 670//204 671//204
f 673//205 672//205 677//205
f 678//205 673//205 677//205
f 674//208 673//208 678//208
f 679//208 674//208 678//208
f 680//240 675//240 679//240
f 675//209 674//209 679//209
f 676//206 675//206 680//206
f 664//201 647//201 681//201
f 647//202 676//202 681//202
f 681//206 676//206 680//206
f 642//35 546//35 453//35
f 546//35 568//35 453//35
f 546//36 663//36 568//36
f 678//36 677//36 568//36
f 568//36 679//36 678//36
f 680//36 679//36 568//36
f 681//130 680//130 568//130
f 568//36 664//36 681//36
f 663//36 664//36 568//36
f 677//36 671//36 568//36
f 568//36 671//36 569//36
f 563//52 561//52 682//52
f 561//52 683//52 682//52
f 684//241 685//241 686//241
f 685//241 687//241 686//241
f 688//242 689//242 690//242
f 686//243 687//243 691//243
f 687//243 692//243 691//243
f 691//244 692//244 693//244
f 693//242 688//242 690//242
f 692//244 688//244 693//244
f 694//245 695//245 684//245
f 696//246 695//246 694//246
f 697//246 696//246 694//246
f 698//247 696//247 697//247
f 695//245 685//245 684//245
f 699//247 698//247 697//247
f 700//35 701//35 702//35
f 702//248 701//248 703//248
f 692//35 687//35 702//35
f 688//35 692//35 702//35
f 702//35 689//35 688//35
f 703//249 704//249 702//249
f 704//35 689//35 702//35
f 705//1 706//1 707//1
f 708//1 705//1 707//1
f 709//1 710//1 705//1
f 705//1 710//1 711//1
f 711//1 712//1 705//1
f 712//250 713//250 705//250
f 705//1 713//1 706//1
f 714//35 685//35 695//35
f 687//248 685//248 714//248
f 702//35 687//35 714//35
f 695//35 696//35 714//35
f 696//35 698//35 714//35
f 682//52 683//52 715//52
f 716//1 717//1 718//1
f 718//1 719//1 716//1
f 718//36 705//36 714//36
f 717//1 709//1 718//1
f 718//1 709//1 705//1
f 705//36 702//36 714//36
f 720//1 721//1 722//1
f 723//35 724//35 683//35
f 725//35 723//35 683//35
f 683//35 726//35 725//35
f 722//1 727//1 720//1
f 728//249 726//249 683//249
f 729//251 730//251 683//251
f 731//252 732//252 720//252
f 720//1 733//1 731//1
f 683//35 730//35 734//35
f 735//1 721//1 720//1
f 732//1 736//1 720//1
f 734//35 728//35 683//35
f 737//1 738//1 720//1
f 710//243 724//243 711//243
f 724//243 723//243 711//243
f 711//244 723//244 712//244
f 723//244 725//244 712//244
f 712//242 725//242 713//242
f 725//242 726//242 713//242
f 738//1 739//1 720//1
f 739//1 740//1 720//1
f 740//1 733//1 720//1
f 741//1 742//1 743//1
f 744//1 745//1 741//1
f 746//1 747//1 741//1
f 745//1 746//1 741//1
f 727//1 744//1 741//1
f 741//1 743//1 737//1
f 720//1 741//1 737//1
f 727//1 741//1 720//1
f 683//35 724//35 715//35
f 748//241 724//241 710//241
f 709//241 748//241 710//241
f 716//246 749//246 717//246
f 750//245 748//245 709//245
f 717//245 750//245 709//245
f 749//246 750//246 717//246
f 751//253 752//253 741//253
f 753//1 754//1 741//1
f 755//247 749//247 716//247
f 754//1 756//1 741//1
f 741//1 756//1 751//1
f 719//247 755//247 716//247
f 757//1 742//1 741//1
f 752//1 757//1 741//1
f 758//1 759//1 718//1
f 718//1 759//1 760//1
f 760//1 761//1 718//1
f 698//35 762//35 714//35
f 714//35 762//35 763//35
f 761//1 719//1 718//1
f 763//35 764//35 714//35
f 764//251 765//251 714//251
f 747//1 766//1 767//1
f 741//1 747//1 767//1
f 749//35 755//35 715//35
f 749//249 715//249 750//249
f 724//35 748//35 715//35
f 715//35 748//35 750//35
f 755//35 768//35 715//35
f 768//35 769//35 715//35
f 715//35 769//35 770//35
f 568//36 439//36 440//36
f 442//36 439//36 568//36
f 443//36 442//36 568//36
f 568//36 438//36 443//36
f 771//1 772//1 773//1
f 766//1 772//1 771//1
f 767//1 766//1 771//1
f 771//1 774//1 767//1
f 775//35 776//35 777//35
f 778//254 779//254 721//254
f 721//254 779//254 722//254
f 779//255 775//255 722//255
f 722//255 775//255 727//255
f 775//256 777//256 727//256
f 727//256 777//256 744//256
f 780//35 776//35 775//35
f 779//35 780//35 775//35
f 781//35 782//35 783//35
f 784//257 783//257 785//257
f 785//257 783//257 735//257
f 783//258 778//258 735//258
f 735//258 778//258 721//258
f 783//35 782//35 778//35
f 784//35 781//35 783//35
f 731//259 733//259 786//259
f 782//259 731//259 786//259
f 732//51 731//51 782//51
f 781//51 732//51 782//51
f 786//49 733//49 780//49
f 733//49 740//49 780//49
f 780//48 740//48 776//48
f 740//48 739//48 776//48
f 778//35 786//35 779//35
f 786//35 780//35 779//35
f 782//35 786//35 778//35
f 777//35 787//35 788//35
f 776//35 787//35 777//35
f 787//35 789//35 788//35
f 777//260 788//260 744//260
f 744//260 788//260 745//260
f 788//35 789//35 790//35
f 745//261 790//261 746//261
f 788//261 790//261 745//261
f 789//35 791//35 790//35
f 790//35 791//35 792//35
f 790//52 747//52 746//52
f 793//35 790//35 792//35
f 776//262 739//262 787//262
f 739//262 738//262 787//262
f 787//46 738//46 789//46
f 743//263 742//263 792//263
f 791//263 743//263 792//263
f 737//264 743//264 791//264
f 789//264 737//264 791//264
f 738//46 737//46 789//46
f 792//43 742//43 793//43
f 742//43 757//43 793//43
f 793//265 757//265 794//265
f 757//265 752//265 794//265
f 794//41 752//41 795//41
f 752//41 751//41 795//41
f 795//266 751//266 796//266
f 751//266 756//266 796//266
f 797//35 790//35 793//35
f 795//35 796//35 797//35
f 796//35 798//35 797//35
f 797//35 798//35 799//35
f 794//35 797//35 793//35
f 797//35 794//35 795//35
f 766//52 747//52 790//52
f 797//52 766//52 790//52
f 800//1 801//1 802//1
f 803//1 800//1 802//1
f 802//1 801//1 804//1
f 805//1 806//1 807//1
f 807//1 806//1 808//1
f 806//1 809//1 808//1
f 801//1 810//1 804//1
f 804//1 810//1 811//1
f 810//1 805//1 811//1
f 811//1 805//1 807//1
f 812//35 813//35 814//35
f 815//35 813//35 812//35
f 816//35 815//35 812//35
f 802//256 814//256 803//256
f 812//256 814//256 802//256
f 817//254 816//254 811//254
f 811//254 816//254 804//254
f 816//255 812//255 804//255
f 804//255 812//255 802//255
f 807//258 817//258 811//258
f 818//258 817//258 807//258
f 819//257 818//257 808//257
f 808//257 818//257 807//257
f 818//35 820//35 817//35
f 821//35 820//35 818//35
f 819//35 821//35 818//35
f 821//51 809//51 820//51
f 809//51 806//51 820//51
f 820//259 806//259 822//259
f 806//259 805//259 822//259
f 822//49 805//49 815//49
f 805//49 810//49 815//49
f 815//48 810//48 813//48
f 810//48 801//48 813//48
f 820//35 822//35 817//35
f 822//35 815//35 816//35
f 817//35 822//35 816//35
f 823//1 824//1 803//1
f 824//1 800//1 803//1
f 825//1 826//1 827//1
f 828//1 829//1 827//1
f 826//253 824//253 823//253
f 827//1 826//1 823//1
f 829//1 825//1 827//1
f 830//35 831//35 832//35
f 814//35 830//35 832//35
f 814//260 832//260 803//260
f 803//260 832//260 823//260
f 813//35 830//35 814//35
f 823//261 833//261 827//261
f 832//261 833//261 823//261
f 831//35 834//35 833//35
f 833//35 834//35 835//35
f 832//35 831//35 833//35
f 836//35 833//35 835//35
f 834//263 826//263 835//263
f 826//263 825//263 835//263
f 813//262 801//262 830//262
f 824//264 826//264 834//264
f 831//264 824//264 834//264
f 800//46 824//46 831//46
f 801//262 800//262 830//262
f 830//46 800//46 831//46
f 829//265 828//265 837//265
f 837//41 828//41 838//41
f 828//41 839//41 838//41
f 838//266 839//266 840//266
f 839//266 841//266 840//266
f 836//265 829//265 837//265
f 825//43 829//43 836//43
f 835//43 825//43 836//43
f 842//1 828//1 827//1
f 842//52 827//52 833//52
f 842//1 839//1 828//1
f 843//1 841//1 844//1
f 844//1 841//1 842//1
f 841//1 839//1 842//1
f 771//267 773//267 845//267
f 846//268 771//268 845//268
f 774//269 771//269 846//269
f 847//270 774//270 846//270
f 842//271 799//271 844//271
f 842//271 797//271 799//271
f 772//52 766//52 797//52
f 842//52 772//52 797//52
f 848//52 772//52 842//52
f 833//52 848//52 842//52
f 848//35 833//35 836//35
f 846//35 845//35 848//35
f 848//35 837//35 838//35
f 838//35 840//35 848//35
f 840//35 849//35 848//35
f 848//35 849//35 846//35
f 837//35 848//35 836//35
f 846//35 849//35 847//35
f 682//272 850//272 563//272
f 850//272 564//272 563//272
f 554//36 564//36 851//36
f 564//36 850//36 851//36
f 554//36 851//36 560//36
f 683//37 561//37 852//37
f 561//37 560//37 852//37
f 853//273 704//273 854//273
f 704//273 703//273 854//273
f 854//274 703//274 855//274
f 703//274 701//274 855//274
f 690//275 689//275 853//275
f 689//275 704//275 853//275
f 856//276 700//276 857//276
f 700//276 858//276 857//276
f 857//277 858//277 859//277
f 858//277 860//277 859//277
f 859//278 860//278 861//278
f 860//278 862//278 861//278
f 701//38 700//38 856//38
f 855//38 701//38 856//38
f 862//279 863//279 864//279
f 861//279 862//279 864//279
f 560//36 865//36 852//36
f 684//35 686//35 866//35
f 686//35 691//35 866//35
f 866//248 691//248 693//248
f 866//35 853//35 854//35
f 690//35 853//35 866//35
f 854//35 855//35 866//35
f 693//35 690//35 866//35
f 699//35 697//35 866//35
f 867//35 868//35 866//35
f 697//35 694//35 866//35
f 866//35 694//35 684//35
f 866//35 869//35 699//35
f 868//35 870//35 866//35
f 870//35 869//35 866//35
f 866//35 871//35 872//35
f 857//35 859//35 866//35
f 873//35 871//35 866//35
f 864//248 873//248 866//248
f 859//248 861//248 866//248
f 866//35 856//35 857//35
f 855//35 856//35 866//35
f 866//249 861//249 864//249
f 874//35 875//35 866//35
f 876//35 874//35 866//35
f 866//35 875//35 877//35
f 872//35 878//35 866//35
f 878//35 879//35 866//35
f 866//35 879//35 876//35
f 867//35 866//35 877//35
f 762//280 698//280 699//280
f 869//280 762//280 699//280
f 763//281 762//281 869//281
f 870//281 763//281 869//281
f 764//282 763//282 870//282
f 868//282 764//282 870//282
f 765//283 764//283 868//283
f 867//283 765//283 868//283
f 880//284 881//284 874//284
f 874//285 881//285 875//285
f 881//286 882//286 875//286
f 875//287 882//287 877//287
f 882//287 883//287 877//287
f 877//288 883//288 867//288
f 883//288 765//288 867//288
f 876//284 880//284 874//284
f 851//36 865//36 560//36
f 863//289 884//289 873//289
f 873//290 884//290 871//290
f 884//290 885//290 871//290
f 871//291 885//291 872//291
f 885//291 886//291 872//291
f 864//289 863//289 873//289
f 886//292 887//292 878//292
f 878//293 887//293 879//293
f 887//293 888//293 879//293
f 879//294 888//294 876//294
f 888//294 880//294 876//294
f 872//292 886//292 878//292
f 889//1 705//1 708//1
f 890//1 889//1 708//1
f 865//35 700//35 702//35
f 705//38 889//38 865//38
f 702//38 705//38 865//38
f 858//251 700//251 865//251
f 860//35 858//35 865//35
f 863//35 862//35 865//35
f 865//35 862//35 860//35
f 884//35 863//35 865//35
f 891//253 892//253 889//253
f 893//250 894//250 889//250
f 890//1 891//1 889//1
f 889//1 892//1 893//1
f 865//36 889//36 852//36
f 894//1 895//1 889//1
f 889//1 895//1 896//1
f 865//35 885//35 884//35
f 851//35 886//35 865//35
f 886//248 885//248 865//248
f 897//1 889//1 896//1
f 851//36 850//36 898//36
f 887//35 886//35 851//35
f 888//35 887//35 851//35
f 851//35 883//35 882//35
f 765//251 883//251 851//251
f 714//35 765//35 851//35
f 851//35 880//35 888//35
f 881//35 880//35 851//35
f 882//35 881//35 851//35
f 714//37 851//37 897//37
f 897//1 758//1 718//1
f 899//1 758//1 897//1
f 718//37 714//37 897//37
f 900//1 901//1 897//1
f 896//1 900//1 897//1
f 902//1 899//1 897//1
f 897//1 903//1 902//1
f 904//1 903//1 897//1
f 898//36 897//36 851//36
f 905//1 904//1 897//1
f 897//1 901//1 905//1
f 713//275 726//275 706//275
f 726//275 728//275 706//275
f 706//273 728//273 707//273
f 728//273 734//273 707//273
f 707//274 734//274 708//274
f 734//274 730//274 708//274
f 708//38 730//38 890//38
f 730//38 729//38 890//38
f 890//276 729//276 891//276
f 729//276 906//276 891//276
f 891//295 906//295 892//295
f 906//277 907//277 892//277
f 852//35 729//35 683//35
f 908//296 784//296 785//296
f 909//1 735//1 720//1
f 908//296 910//296 784//296
f 909//1 911//1 908//1
f 911//37 910//37 908//37
f 785//1 735//1 909//1
f 908//1 785//1 909//1
f 736//33 732//33 781//33
f 720//1 736//1 909//1
f 912//34 736//34 913//34
f 914//32 915//32 916//32
f 915//32 912//32 916//32
f 913//33 736//33 781//33
f 916//34 912//34 913//34
f 909//250 912//250 915//250
f 736//1 912//1 909//1
f 915//1 917//1 909//1
f 917//1 918//1 909//1
f 918//30 917//30 919//30
f 920//30 918//30 919//30
f 921//297 922//297 923//297
f 923//298 922//298 920//298
f 924//297 921//297 923//297
f 917//299 915//299 914//299
f 922//298 918//298 920//298
f 919//31 917//31 914//31
f 925//35 926//35 852//35
f 852//35 927//35 925//35
f 928//248 927//248 852//248
f 907//35 906//35 852//35
f 906//35 729//35 852//35
f 926//35 929//35 852//35
f 852//35 929//35 907//35
f 929//279 926//279 894//279
f 925//290 927//290 896//290
f 893//279 929//279 894//279
f 894//289 926//289 895//289
f 926//289 925//289 895//289
f 895//290 925//290 896//290
f 907//278 929//278 893//278
f 892//278 907//278 893//278
f 921//250 930//250 909//250
f 909//1 922//1 921//1
f 918//1 922//1 909//1
f 931//284 932//284 903//284
f 904//284 931//284 903//284
f 761//280 768//280 719//280
f 768//280 755//280 719//280
f 930//1 933//1 909//1
f 930//27 921//27 924//27
f 934//27 930//27 924//27
f 935//300 930//300 934//300
f 936//300 935//300 934//300
f 937//301 935//301 936//301
f 938//301 937//301 936//301
f 930//253 935//253 933//253
f 935//250 937//250 933//250
f 937//1 939//1 933//1
f 939//302 937//302 938//302
f 940//302 939//302 938//302
f 941//22 942//22 943//22
f 944//21 939//21 940//21
f 943//21 944//21 940//21
f 942//22 944//22 943//22
f 769//281 768//281 761//281
f 760//281 769//281 761//281
f 770//282 769//282 760//282
f 758//283 945//283 759//283
f 759//282 770//282 760//282
f 945//283 770//283 759//283
f 946//288 945//288 758//288
f 899//288 946//288 758//288
f 903//285 932//285 902//285
f 932//286 947//286 902//286
f 902//287 947//287 899//287
f 947//287 946//287 899//287
f 948//26 949//26 950//26
f 756//303 754//303 798//303
f 753//304 948//304 951//304
f 715//35 770//35 898//35
f 952//304 753//304 951//304
f 796//39 756//39 798//39
f 951//305 948//305 950//305
f 741//1 933//1 753//1
f 754//306 753//306 952//306
f 798//306 754//306 952//306
f 933//252 949//252 948//252
f 942//307 949//307 933//307
f 944//253 942//253 933//253
f 949//308 942//308 941//308
f 933//1 948//1 753//1
f 933//1 939//1 944//1
f 950//308 949//308 941//308
f 953//293 954//293 905//293
f 901//293 953//293 905//293
f 928//292 953//292 901//292
f 900//292 928//292 901//292
f 927//291 928//291 900//291
f 896//291 927//291 900//291
f 954//294 931//294 904//294
f 905//294 954//294 904//294
f 898//35 928//35 852//35
f 889//36 897//36 898//36
f 852//36 889//36 898//36
f 954//249 953//249 898//249
f 898//35 932//35 931//35
f 953//35 928//35 898//35
f 946//35 947//35 898//35
f 898//248 945//248 946//248
f 770//35 945//35 898//35
f 947//35 932//35 898//35
f 898//35 931//35 954//35
f 955//1 956//1 909//1
f 933//1 957//1 958//1
f 909//1 933//1 955//1
f 933//250 958//250 955//250
f 959//37 910//37 911//37
f 960//1 961//1 962//1
f 962//1 961//1 933//1
f 961//1 957//1 933//1
f 682//38 715//38 850//38
f 715//38 898//38 850//38
f 767//1 962//1 741//1
f 962//1 933//1 741//1
f 956//1 963//1 909//1
f 963//1 964//1 909//1
f 965//309 956//309 955//309
f 909//1 964//1 911//1
f 964//1 966//1 911//1
f 966//37 959//37 911//37
f 967//310 958//310 957//310
f 955//1 958//1 968//1
f 958//1 969//1 968//1
f 970//311 969//311 967//311
f 969//311 958//311 967//311
f 955//309 968//309 965//309
f 968//309 971//309 965//309
f 774//1 962//1 767//1
f 972//1 973//1 974//1
f 972//253 975//253 973//253
f 975//1 976//1 973//1
f 973//1 976//1 977//1
f 978//1 973//1 979//1
f 977//1 980//1 973//1
f 980//1 981//1 973//1
f 973//1 981//1 979//1
f 774//1 960//1 962//1
f 913//35 781//35 784//35
f 916//35 913//35 784//35
f 919//35 914//35 910//35
f 982//35 940//35 938//35
f 910//35 916//35 784//35
f 914//35 916//35 910//35
f 943//35 940//35 982//35
f 983//35 982//35 938//35
f 959//35 924//35 923//35
f 938//248 936//248 983//248
f 923//35 920//35 959//35
f 936//249 934//249 983//249
f 983//35 934//35 959//35
f 934//35 924//35 959//35
f 959//35 919//35 910//35
f 920//35 919//35 959//35
f 982//312 983//312 984//312
f 984//312 983//312 985//312
f 799//35 951//35 986//35
f 951//35 950//35 986//35
f 986//35 950//35 941//35
f 941//35 943//35 986//35
f 799//313 986//313 844//313
f 844//313 986//313 987//313
f 986//35 943//35 982//35
f 799//35 952//35 951//35
f 798//35 952//35 799//35
f 988//314 957//314 989//314
f 987//315 982//315 984//315
f 986//315 982//315 987//315
f 957//314 961//314 989//314
f 989//316 961//316 990//316
f 961//316 960//316 990//316
f 808//1 809//1 991//1
f 992//1 993//1 994//1
f 994//1 808//1 991//1
f 991//1 992//1 994//1
f 994//296 819//296 808//296
f 994//296 995//296 819//296
f 996//35 997//35 995//35
f 995//35 997//35 998//35
f 819//35 995//35 998//35
f 998//35 999//35 819//35
f 999//35 821//35 819//35
f 992//34 991//34 999//34
f 991//33 809//33 821//33
f 998//34 992//34 999//34
f 993//32 992//32 998//32
f 997//32 993//32 998//32
f 999//33 991//33 821//33
f 996//299 1000//299 997//299
f 1001//30 1000//30 996//30
f 1002//30 1001//30 996//30
f 1003//298 1001//298 1002//298
f 1004//298 1003//298 1002//298
f 1000//31 993//31 997//31
f 1005//301 1006//301 1007//301
f 1007//300 1006//300 1008//300
f 1006//300 1009//300 1008//300
f 1009//27 1010//27 1011//27
f 1011//297 1010//297 1004//297
f 1012//301 1005//301 1007//301
f 1010//297 1003//297 1004//297
f 1008//27 1009//27 1011//27
f 1013//304 1014//304 1015//304
f 1016//304 1013//304 1015//304
f 843//306 1013//306 1016//306
f 849//306 843//306 1016//306
f 841//39 843//39 849//39
f 1015//26 1014//26 1017//26
f 1014//26 1018//26 1017//26
f 840//39 841//39 849//39
f 1018//308 1019//308 1020//308
f 1020//22 1019//22 1021//22
f 1017//308 1018//308 1020//308
f 1022//302 1005//302 1012//302
f 1019//22 1023//22 1021//22
f 1021//21 1023//21 1024//21
f 1023//21 1022//21 1024//21
f 1024//302 1022//302 1012//302
f 984//1 1006//1 1005//1
f 1022//1 984//1 1005//1
f 1025//37 995//37 994//37
f 994//1 993//1 1025//1
f 1025//1 1010//1 985//1
f 993//1 1000//1 1025//1
f 1025//1 1000//1 1001//1
f 1001//250 1003//250 1025//250
f 1003//253 1010//253 1025//253
f 1012//248 988//248 1024//248
f 1007//249 1026//249 1012//249
f 985//1 1006//1 984//1
f 1009//1 1006//1 985//1
f 1010//1 1009//1 985//1
f 1026//35 988//35 1012//35
f 1023//1 987//1 1022//1
f 844//1 1014//1 1013//1
f 1018//1 1014//1 844//1
f 1013//1 843//1 844//1
f 1023//1 1019//1 987//1
f 1019//1 1018//1 987//1
f 987//1 1018//1 844//1
f 847//35 1016//35 990//35
f 1016//35 1015//35 990//35
f 849//35 1016//35 847//35
f 990//35 1015//35 1017//35
f 1020//35 989//35 1017//35
f 989//35 990//35 1017//35
f 987//1 984//1 1022//1
f 989//35 1020//35 1021//35
f 1024//35 989//35 1021//35
f 988//35 989//35 1024//35
f 988//317 1026//317 1027//317
f 1027//318 1026//318 965//318
f 1026//319 1028//319 965//319
f 965//320 1028//320 956//320
f 1027//321 967//321 988//321
f 985//322 959//322 1025//322
f 1028//320 963//320 956//320
f 983//322 959//322 985//322
f 1027//35 965//35 1029//35
f 967//310 957//310 988//310
f 967//35 1027//35 970//35
f 1027//35 1029//35 970//35
f 1030//35 1011//35 1004//35
f 1008//35 1028//35 1007//35
f 1028//35 1026//35 1007//35
f 1030//35 996//35 995//35
f 1002//35 996//35 1030//35
f 1004//35 1002//35 1030//35
f 1011//35 1030//35 1028//35
f 1008//248 1011//248 1028//248
f 1030//37 995//37 1025//37
f 1031//35 1032//35 1033//35
f 1032//35 1034//35 1033//35
f 1034//35 1035//35 1033//35
f 1033//35 1035//35 1036//35
f 1037//35 1033//35 1038//35
f 1033//35 1036//35 1038//35
f 960//323 774//323 847//323
f 990//323 960//323 847//323
f 440//36 1039//36 568//36
f 1040//130 441//130 1041//130
f 441//36 454//36 1041//36
f 1041//36 454//36 455//36
f 1040//130 1042//130 440//130
f 1042//73 1039//73 440//73
f 455//36 496//36 1041//36
f 1040//324 440//324 441//324
f 496//36 495//36 1041//36
f 623//36 482//36 483//36
f 495//36 481//36 1041//36
f 1041//36 481//36 1043//36
f 481//36 480//36 1043//36
f 1043//36 480//36 1044//36
f 1044//36 480//36 623//36
f 480//36 482//36 623//36
f 1045//73 1046//73 568//73
f 568//36 1047//36 1048//36
f 568//36 1049//36 1045//36
f 1048//36 1050//36 568//36
f 1050//36 1051//36 568//36
f 568//36 1051//36 620//36
f 1039//36 1049//36 568//36
f 1046//36 1047//36 568//36
f 1052//52 497//52 1053//52
f 497//52 498//52 1053//52
f 497//52 1054//52 494//52
f 1053//52 498//52 1055//52
f 498//52 1056//52 1055//52
f 1052//67 1057//67 497//67
f 1057//52 1054//52 497//52
f 494//52 1058//52 1059//52
f 494//52 1060//52 1058//52
f 1054//52 1060//52 494//52
f 1052//56 1053//56 1042//56
f 1043//187 1054//187 1041//187
f 1054//53 1057//53 1041//53
f 1041//57 1057//57 1040//57
f 1040//56 1052//56 1042//56
f 1057//57 1052//57 1040//57
f 1059//58 1058//58 623//58
f 1060//59 1054//59 1043//59
f 623//61 1058//61 1044//61
f 622//58 1059//58 623//58
f 1058//61 1060//61 1044//61
f 1044//60 1060//60 1043//60
f 1061//67 1062//67 499//67
f 1063//52 1061//52 499//52
f 1064//52 1065//52 499//52
f 1065//68 1063//68 499//68
f 499//52 1062//52 498//52
f 1062//52 1056//52 498//52
f 499//52 1066//52 1064//52
f 1067//52 1066//52 499//52
f 1049//194 1056//194 1045//194
f 1039//38 1055//38 1049//38
f 1056//194 1062//194 1045//194
f 1055//38 1056//38 1049//38
f 1053//55 1055//55 1039//55
f 1042//55 1053//55 1039//55
f 1061//190 1063//190 1047//190
f 1046//191 1061//191 1047//191
f 1062//192 1061//192 1046//192
f 1045//192 1062//192 1046//192
f 1063//181 1065//181 1048//181
f 1047//189 1063//189 1048//189
f 1048//239 1065//239 1050//239
f 1068//52 1067//52 499//52
f 1051//198 1066//198 1069//198
f 1066//198 1067//198 1069//198
f 1064//197 1066//197 1051//197
f 1050//196 1064//196 1051//196
f 1065//195 1064//195 1050//195
f 494//52 1059//52 489//52
f 1059//52 1070//52 489//52
f 1070//63 1059//63 622//63
f 621//64 1070//64 622//64
f 619//65 1071//65 621//65
f 1071//66 1070//66 621//66
f 615//69 1072//69 616//69
f 1072//69 1073//69 616//69
f 616//72 1073//72 617//72
f 1074//62 1071//62 619//62
f 618//62 1074//62 619//62
f 617//131 1075//131 618//131
f 1073//132 1075//132 617//132
f 1075//70 1074//70 618//70
f 489//52 1070//52 1071//52
f 1074//52 1075//52 489//52
f 1075//52 1073//52 489//52
f 489//52 1073//52 1072//52
f 489//52 1072//52 1068//52
f 1071//52 1074//52 489//52
f 489//38 1068//38 620//38
f 1076//52 1077//52 1068//52
f 1078//52 1067//52 1068//52
f 1079//52 1078//52 1068//52
f 1072//52 1080//52 1068//52
f 1068//52 1080//52 1076//52
f 1077//52 1081//52 1068//52
f 1081//52 1082//52 1068//52
f 1068//52 1082//52 1079//52
f 1083//205 1077//205 1084//205
f 1080//203 1072//203 615//203
f 1085//203 1080//203 615//203
f 1077//205 1076//205 1084//205
f 1076//204 1080//204 1085//204
f 1084//204 1076//204 1085//204
f 1086//325 1082//325 1087//325
f 1082//209 1081//209 1087//209
f 1079//206 1082//206 1086//206
f 1087//224 1081//224 1083//224
f 1081//208 1077//208 1083//208
f 1088//206 1079//206 1086//206
f 1078//202 1079//202 1088//202
f 1089//201 1078//201 1088//201
f 1067//200 1078//200 1089//200
f 1069//199 1067//199 1089//199
f 1069//36 1089//36 620//36
f 1051//36 1069//36 620//36
f 1089//36 1088//36 620//36
f 620//36 1088//36 1086//36
f 1085//36 615//36 620//36
f 620//36 1083//36 1084//36
f 1087//36 1083//36 620//36
f 1086//36 1087//36 620//36
f 1084//36 1085//36 620//36
f 1090//52 632//52 633//52
f 1091//52 632//52 1090//52
f 1092//52 1091//52 1090//52
f 1093//243 1094//243 1095//243
f 1095//244 1094//244 1096//244
f 1097//243 1093//243 1095//243
f 1098//241 1099//241 1097//241
f 1099//241 1093//241 1097//241
f 1094//244 1100//244 1096//244
f 1096//242 1100//242 1101//242
f 1100//242 1102//242 1101//242
f 1103//35 1093//35 1104//35
f 1094//35 1093//35 1103//35
f 1100//35 1094//35 1103//35
f 1105//35 1106//35 1103//35
f 1103//35 1106//35 1107//35
f 1102//35 1100//35 1103//35
f 1107//35 1102//35 1103//35
f 1108//245 1099//245 1098//245
f 1109//245 1108//245 1098//245
f 1110//246 1108//246 1109//246
f 1111//246 1110//246 1109//246
f 1112//247 1110//247 1111//247
f 1113//247 1112//247 1111//247
f 1104//35 1114//35 1115//35
f 1112//35 1114//35 1104//35
f 1093//248 1099//248 1104//248
f 1110//35 1112//35 1104//35
f 1104//35 1099//35 1108//35
f 1115//35 1116//35 1104//35
f 1116//251 1117//251 1104//251
f 1108//35 1110//35 1104//35
f 1118//1 1119//1 1120//1
f 1121//250 1119//250 1118//250
f 1122//1 1121//1 1118//1
f 1118//1 1123//1 1122//1
f 1124//1 1123//1 1118//1
f 1125//1 1124//1 1118//1
f 1126//1 1118//1 1127//1
f 1125//36 1118//36 1104//36
f 1118//36 1103//36 1104//36
f 1118//1 1120//1 1127//1
f 1121//242 1128//242 1119//242
f 1129//244 1128//244 1121//244
f 1122//244 1129//244 1121//244
f 1130//243 1129//243 1122//243
f 1123//243 1130//243 1122//243
f 1128//242 1131//242 1119//242
f 1132//241 1130//241 1123//241
f 1124//241 1132//241 1123//241
f 1133//246 1134//246 1135//246
f 1134//246 1136//246 1135//246
f 1135//245 1136//245 1124//245
f 1136//245 1132//245 1124//245
f 1137//247 1134//247 1133//247
f 1138//247 1137//247 1133//247
f 1139//1 1140//1 1125//1
f 1125//1 1140//1 1141//1
f 1141//1 1142//1 1125//1
f 1142//1 1138//1 1125//1
f 1125//1 1138//1 1133//1
f 1133//1 1135//1 1125//1
f 1135//1 1124//1 1125//1
f 568//35 620//35 499//35
f 568//35 499//35 453//35
f 1143//52 772//52 1144//52
f 1145//1 1146//1 773//1
f 773//1 1143//1 1145//1
f 772//1 1143//1 773//1
f 1146//326 1147//326 773//326
f 772//52 848//52 1144//52
f 1144//52 848//52 1148//52
f 773//327 1149//327 845//327
f 845//35 1149//35 848//35
f 1147//326 1149//326 773//326
f 848//35 1149//35 1147//35
f 1150//35 848//35 1151//35
f 1151//35 848//35 1152//35
f 1147//35 1153//35 848//35
f 1153//35 1154//35 848//35
f 848//52 1150//52 1148//52
f 848//35 1154//35 1152//35
f 1155//328 1144//328 1148//328
f 1156//328 1144//328 1155//328
f 620//35 1068//35 499//35
f 1144//35 1157//35 1158//35
f 1159//35 1157//35 1144//35
f 1156//35 1159//35 1144//35
f 1144//35 1158//35 1160//35
f 1161//35 1144//35 1160//35
f 1162//35 1144//35 1161//35
f 1163//1 1146//1 1145//1
f 1144//52 1162//52 1143//52
f 1128//35 1129//35 1092//35
f 1129//35 1130//35 1092//35
f 1164//249 1131//249 1092//249
f 1165//35 1164//35 1092//35
f 1092//35 1131//35 1128//35
f 1092//35 1166//35 1165//35
f 1167//1 1145//1 1168//1
f 1169//259 1167//259 1160//259
f 1170//248 1166//248 1092//248
f 1167//1 1169//1 1145//1
f 1157//51 1171//51 1158//51
f 1171//51 1169//51 1158//51
f 1158//259 1169//259 1160//259
f 1169//252 1171//252 1145//252
f 1145//250 1171//250 1172//250
f 1145//1 1173//1 1174//1
f 1175//1 1176//1 1145//1
f 1175//1 1145//1 1177//1
f 1177//1 1145//1 1174//1
f 1145//1 1178//1 1179//1
f 1176//1 1178//1 1145//1
f 1143//1 1173//1 1145//1
f 1145//1 1179//1 1168//1
f 1092//35 1130//35 1091//35
f 1174//329 1173//329 1180//329
f 1181//248 1182//248 1180//248
f 1183//35 1184//35 1162//35
f 1162//52 1173//52 1143//52
f 1180//329 1173//329 1162//329
f 1162//35 1181//35 1180//35
f 1183//35 1162//35 1161//35
f 1184//35 1181//35 1162//35
f 1184//46 1178//46 1181//46
f 1168//48 1179//48 1183//48
f 1161//48 1168//48 1183//48
f 1178//46 1176//46 1181//46
f 1181//264 1176//264 1182//264
f 1160//49 1167//49 1161//49
f 1176//264 1185//264 1182//264
f 1167//49 1168//49 1161//49
f 1183//262 1179//262 1184//262
f 1179//262 1178//262 1184//262
f 1185//1 1176//1 1175//1
f 1130//35 1132//35 1091//35
f 1186//1 1175//1 1177//1
f 1091//35 1132//35 1136//35
f 1175//1 1187//1 1188//1
f 1189//1 1190//1 1175//1
f 1191//1 1187//1 1175//1
f 1192//1 1193//1 1175//1
f 1190//253 1191//253 1175//253
f 1175//1 1193//1 1189//1
f 1188//1 1185//1 1175//1
f 1177//330 1174//330 1194//330
f 1194//330 1174//330 1180//330
f 1195//331 1177//331 1194//331
f 1196//35 1197//35 1195//35
f 1194//35 1196//35 1195//35
f 1186//331 1177//331 1195//331
f 1180//35 1182//35 1194//35
f 1182//249 1196//249 1194//249
f 1195//35 1197//35 1198//35
f 1196//43 1188//43 1197//43
f 1185//263 1188//263 1196//263
f 1188//43 1187//43 1197//43
f 1197//265 1187//265 1199//265
f 1187//265 1191//265 1199//265
f 1182//263 1185//263 1196//263
f 1199//41 1191//41 1200//41
f 1191//41 1190//41 1200//41
f 1200//40 1190//40 1201//40
f 1190//40 1189//40 1201//40
f 1197//35 1199//35 1198//35
f 1202//35 1203//35 1091//35
f 1091//35 1203//35 1204//35
f 1134//249 1091//249 1136//249
f 1137//35 1202//35 1091//35
f 1186//1 1205//1 1175//1
f 1205//1 1206//1 1175//1
f 1134//35 1137//35 1091//35
f 1206//332 1205//332 1207//332
f 1207//332 1205//332 1198//332
f 1205//333 1186//333 1198//333
f 1198//35 1199//35 1207//35
f 1198//333 1186//333 1195//333
f 1199//248 1200//248 1207//248
f 1208//334 1209//334 1210//334
f 1207//35 1200//35 1211//35
f 1200//35 1201//35 1211//35
f 1211//35 1201//35 1210//35
f 1210//334 1209//334 1211//334
f 1209//335 1206//335 1211//335
f 1211//335 1206//335 1207//335
f 1148//1 1212//1 1213//1
f 1214//1 1148//1 1213//1
f 1155//1 1148//1 1214//1
f 1148//1 1215//1 1212//1
f 1216//1 1215//1 1148//1
f 1217//1 1216//1 1148//1
f 1148//52 1150//52 1217//52
f 1218//35 1153//35 1147//35
f 1219//1 1216//1 1217//1
f 1220//1 1221//1 1217//1
f 1222//1 1220//1 1217//1
f 1223//250 1220//250 1222//250
f 1224//1 1223//1 1222//1
f 1225//1 1223//1 1224//1
f 1217//1 1221//1 1219//1
f 1226//329 1217//329 1150//329
f 1222//329 1217//329 1226//329
f 1227//35 1150//35 1151//35
f 1150//35 1228//35 1226//35
f 1229//35 1228//35 1150//35
f 1227//35 1229//35 1150//35
f 1230//330 1222//330 1226//330
f 1228//35 1231//35 1226//35
f 1226//35 1231//35 1230//35
f 1224//330 1222//330 1230//330
f 1231//35 1232//35 1230//35
f 1227//262 1216//262 1229//262
f 1216//262 1219//262 1229//262
f 1215//48 1216//48 1227//48
f 1151//48 1215//48 1227//48
f 1212//49 1215//49 1151//49
f 1152//49 1212//49 1151//49
f 1153//51 1214//51 1154//51
f 1214//51 1213//51 1154//51
f 1154//259 1213//259 1152//259
f 1213//259 1212//259 1152//259
f 1229//46 1219//46 1228//46
f 1221//264 1220//264 1231//264
f 1231//263 1220//263 1232//263
f 1220//263 1223//263 1232//263
f 1232//43 1223//43 1233//43
f 1219//46 1221//46 1228//46
f 1223//43 1225//43 1233//43
f 1228//264 1221//264 1231//264
f 1234//1 1225//1 1224//1
f 1235//1 1225//1 1234//1
f 1236//1 1235//1 1234//1
f 1237//250 1235//250 1236//250
f 1238//1 1237//1 1236//1
f 1239//1 1237//1 1238//1
f 1240//1 1239//1 1238//1
f 1241//1 1239//1 1240//1
f 1242//1 1241//1 1240//1
f 1243//35 1233//35 1244//35
f 1232//35 1233//35 1243//35
f 1244//333 1234//333 1243//333
f 1234//331 1224//331 1243//331
f 1243//331 1224//331 1230//331
f 1230//35 1232//35 1243//35
f 1236//333 1234//333 1244//333
f 1245//332 1236//332 1244//332
f 1238//332 1236//332 1245//332
f 1237//40 1239//40 1246//40
f 1247//40 1237//40 1246//40
f 1248//249 1247//249 1245//249
f 1244//35 1248//35 1245//35
f 1235//41 1237//41 1247//41
f 1248//41 1235//41 1247//41
f 1233//35 1248//35 1244//35
f 1233//265 1225//265 1248//265
f 1225//265 1235//265 1248//265
f 1249//35 1246//35 1250//35
f 1247//35 1246//35 1249//35
f 1242//334 1240//334 1250//334
f 1245//35 1247//35 1249//35
f 1249//335 1238//335 1245//335
f 1240//335 1238//335 1249//335
f 1250//334 1240//334 1249//334
f 1163//336 1251//336 1146//336
f 974//1 1163//1 1252//1
f 974//337 1252//337 1253//337
f 1037//337 974//337 1253//337
f 1033//315 1251//315 1163//315
f 973//315 1033//315 1163//315
f 973//1 1163//1 974//1
f 1038//338 972//338 1037//338
f 975//339 972//339 1038//339
f 1034//340 977//340 1035//340
f 977//340 976//340 1035//340
f 1035//341 976//341 1036//341
f 976//341 975//341 1036//341
f 1036//339 975//339 1038//339
f 972//338 974//338 1037//338
f 1031//334 981//334 1032//334
f 979//335 981//335 1031//335
f 1254//335 979//335 1031//335
f 1255//332 979//332 1254//332
f 1256//332 1255//332 1254//332
f 980//342 977//342 1034//342
f 981//334 980//334 1032//334
f 1032//342 980//342 1034//342
f 1255//1 978//1 979//1
f 635//36 634//36 1257//36
f 633//343 635//343 1090//343
f 635//343 1257//343 1090//343
f 1096//35 1101//35 1258//35
f 1259//35 1260//35 1258//35
f 1101//35 1261//35 1258//35
f 1258//248 1095//248 1096//248
f 1097//35 1095//35 1258//35
f 1098//35 1097//35 1258//35
f 1258//35 1261//35 1259//35
f 1113//35 1111//35 1258//35
f 1258//35 1262//35 1113//35
f 1263//35 1264//35 1258//35
f 1111//35 1109//35 1258//35
f 1258//35 1109//35 1098//35
f 1265//35 1262//35 1258//35
f 1264//35 1265//35 1258//35
f 1258//35 1266//35 1267//35
f 1268//35 1269//35 1258//35
f 1270//35 1266//35 1258//35
f 1271//248 1270//248 1258//248
f 1269//248 1272//248 1258//248
f 1258//35 1273//35 1268//35
f 1260//35 1273//35 1258//35
f 1258//249 1272//249 1271//249
f 1263//35 1258//35 1274//35
f 1275//35 1276//35 1258//35
f 1258//35 1277//35 1275//35
f 1276//35 1278//35 1258//35
f 1258//35 1278//35 1274//35
f 1279//35 1277//35 1258//35
f 1267//35 1279//35 1258//35
f 1107//273 1106//273 1259//273
f 1261//273 1107//273 1259//273
f 1259//344 1106//344 1260//344
f 1106//344 1105//344 1260//344
f 1102//345 1107//345 1261//345
f 1101//275 1102//275 1261//275
f 1260//38 1105//38 1273//38
f 1280//278 1281//278 1272//278
f 1269//346 1280//346 1272//346
f 1105//38 1282//38 1273//38
f 1268//277 1283//277 1269//277
f 1282//347 1283//347 1268//347
f 1273//347 1282//347 1268//347
f 1283//277 1280//277 1269//277
f 634//36 1284//36 1257//36
f 1285//290 1286//290 1266//290
f 1270//290 1285//290 1266//290
f 1287//289 1285//289 1270//289
f 1271//289 1287//289 1270//289
f 1281//279 1287//279 1271//279
f 1272//279 1281//279 1271//279
f 1266//291 1286//291 1267//291
f 1288//293 1289//293 1277//293
f 1279//293 1288//293 1277//293
f 1290//292 1288//292 1279//292
f 1267//292 1290//292 1279//292
f 1286//291 1290//291 1267//291
f 1257//36 1284//36 1291//36
f 1264//282 1116//282 1265//282
f 1117//283 1116//283 1264//283
f 1263//283 1117//283 1264//283
f 1116//282 1115//282 1265//282
f 1265//281 1115//281 1262//281
f 1115//281 1114//281 1262//281
f 1262//280 1114//280 1113//280
f 1114//280 1112//280 1113//280
f 1275//284 1292//284 1276//284
f 1292//284 1293//284 1276//284
f 1294//288 1117//288 1263//288
f 1274//288 1294//288 1263//288
f 1276//286 1293//286 1278//286
f 1293//286 1295//286 1278//286
f 1278//287 1295//287 1274//287
f 1295//287 1294//287 1274//287
f 632//38 1091//38 634//38
f 1091//38 1296//38 634//38
f 1284//36 634//36 1296//36
f 1277//294 1289//294 1275//294
f 1289//294 1292//294 1275//294
f 1297//1 1163//1 1145//1
f 1253//348 1252//348 1298//348
f 1252//1 1163//1 1297//1
f 1299//1 1298//1 1297//1
f 1298//1 1252//1 1297//1
f 1103//38 1118//38 1291//38
f 1118//38 1300//38 1291//38
f 1291//35 1105//35 1103//35
f 1090//37 1257//37 1301//37
f 1092//37 1090//37 1301//37
f 1300//1 1118//1 1126//1
f 1283//251 1282//251 1291//251
f 1290//248 1286//248 1291//248
f 1285//35 1287//35 1291//35
f 1291//35 1281//35 1280//35
f 1257//36 1291//36 1301//36
f 1291//35 1286//35 1285//35
f 1287//35 1281//35 1291//35
f 1291//35 1280//35 1283//35
f 1282//35 1105//35 1291//35
f 1300//1 1302//1 1303//1
f 1300//1 1304//1 1305//1
f 1306//1 1304//1 1300//1
f 1303//250 1306//250 1300//250
f 1291//36 1300//36 1301//36
f 1307//1 1300//1 1126//1
f 1308//253 1302//253 1300//253
f 1307//1 1308//1 1300//1
f 1104//37 1284//37 1309//37
f 1104//35 1117//35 1284//35
f 1117//251 1294//251 1284//251
f 1309//1 1139//1 1125//1
f 1310//1 1139//1 1309//1
f 1125//37 1104//37 1309//37
f 1288//35 1290//35 1284//35
f 1284//35 1290//35 1291//35
f 1309//1 1300//1 1305//1
f 1311//1 1312//1 1309//1
f 1305//1 1311//1 1309//1
f 1284//35 1292//35 1289//35
f 1284//35 1294//35 1295//35
f 1289//35 1288//35 1284//35
f 1295//35 1293//35 1284//35
f 1293//35 1292//35 1284//35
f 1313//1 1310//1 1309//1
f 1296//36 1309//36 1284//36
f 1314//1 1315//1 1309//1
f 1309//1 1316//1 1313//1
f 1315//1 1316//1 1309//1
f 1309//1 1312//1 1314//1
f 1119//275 1131//275 1120//275
f 1131//275 1164//275 1120//275
f 1165//344 1166//344 1126//344
f 1164//273 1165//273 1127//273
f 1127//344 1165//344 1126//344
f 1120//273 1164//273 1127//273
f 1308//277 1317//277 1302//277
f 1170//347 1317//347 1308//347
f 1307//347 1170//347 1308//347
f 1317//277 1318//277 1302//277
f 1302//278 1318//278 1303//278
f 1318//278 1319//278 1303//278
f 1166//38 1170//38 1307//38
f 1126//38 1166//38 1307//38
f 1301//35 1170//35 1092//35
f 1172//33 1171//33 1157//33
f 1320//34 1321//34 1159//34
f 1322//32 1321//32 1320//32
f 1321//34 1172//34 1159//34
f 1159//33 1172//33 1157//33
f 1323//32 1322//32 1320//32
f 1145//1 1172//1 1297//1
f 1172//1 1321//1 1297//1
f 1297//250 1321//250 1322//250
f 1324//1 1325//1 1297//1
f 1322//1 1324//1 1297//1
f 1326//298 1327//298 1328//298
f 1327//298 1325//298 1328//298
f 1328//30 1325//30 1329//30
f 1297//1 1325//1 1327//1
f 1330//250 1331//250 1297//250
f 1324//349 1322//349 1323//349
f 1327//1 1330//1 1297//1
f 1325//30 1324//30 1329//30
f 1329//299 1324//299 1323//299
f 1331//27 1330//27 1332//27
f 1333//27 1331//27 1332//27
f 1297//1 1331//1 1334//1
f 1335//300 1331//300 1333//300
f 1330//297 1327//297 1326//297
f 1332//297 1330//297 1326//297
f 1336//300 1335//300 1333//300
f 1317//35 1170//35 1301//35
f 1301//35 1319//35 1318//35
f 1337//35 1319//35 1301//35
f 1338//35 1337//35 1301//35
f 1301//35 1339//35 1338//35
f 1340//248 1339//248 1301//248
f 1318//35 1317//35 1301//35
f 1303//279 1319//279 1306//279
f 1301//36 1300//36 1296//36
f 1305//291 1339//291 1311//291
f 1319//279 1337//279 1306//279
f 1338//290 1339//290 1305//290
f 1306//289 1337//289 1304//289
f 1337//289 1338//289 1304//289
f 1296//35 1340//35 1301//35
f 1339//291 1340//291 1311//291
f 1304//290 1338//290 1305//290
f 1204//282 1203//282 1141//282
f 1139//283 1341//283 1140//283
f 1341//283 1204//283 1140//283
f 1202//280 1137//280 1138//280
f 1141//281 1203//281 1142//281
f 1142//280 1202//280 1138//280
f 1203//281 1202//281 1142//281
f 1140//282 1204//282 1141//282
f 1342//286 1343//286 1313//286
f 1313//287 1343//287 1310//287
f 1316//286 1342//286 1313//286
f 1344//284 1342//284 1316//284
f 1343//287 1345//287 1310//287
f 1310//288 1345//288 1139//288
f 1315//284 1344//284 1316//284
f 1345//288 1341//288 1139//288
f 1334//1 1192//1 1175//1
f 1346//350 1192//350 1347//350
f 1348//25 1349//25 1350//25
f 1193//351 1192//351 1346//351
f 1351//306 1193//306 1346//306
f 1192//304 1352//304 1347//304
f 1347//26 1352//26 1353//26
f 1201//39 1189//39 1351//39
f 1189//39 1193//39 1351//39
f 1353//25 1348//25 1350//25
f 1352//26 1348//26 1353//26
f 1348//352 1352//352 1334//352
f 1354//253 1349//253 1334//253
f 1331//253 1335//253 1334//253
f 1334//250 1349//250 1348//250
f 1334//1 1355//1 1356//1
f 1334//1 1335//1 1355//1
f 1356//1 1354//1 1334//1
f 1352//1 1192//1 1334//1
f 1355//301 1335//301 1336//301
f 1357//301 1355//301 1336//301
f 1356//302 1355//302 1357//302
f 1358//302 1356//302 1357//302
f 1354//21 1356//21 1358//21
f 1359//21 1354//21 1358//21
f 1349//22 1354//22 1359//22
f 1350//22 1349//22 1359//22
f 1360//342 1361//342 1208//342
f 1334//1 1209//1 1208//1
f 1360//342 1208//342 1210//342
f 1208//1 1361//1 1334//1
f 1175//1 1206//1 1334//1
f 1361//1 1362//1 1334//1
f 1091//35 1204//35 1296//35
f 1206//1 1209//1 1334//1
f 1361//38 1360//38 1362//38
f 1300//36 1309//36 1296//36
f 1311//292 1340//292 1312//292
f 1340//292 1363//292 1312//292
f 1312//293 1363//293 1314//293
f 1363//293 1364//293 1314//293
f 1314//294 1364//294 1315//294
f 1364//294 1344//294 1315//294
f 1363//35 1340//35 1296//35
f 1364//249 1363//249 1296//249
f 1204//35 1341//35 1296//35
f 1296//248 1341//248 1345//248
f 1296//35 1344//35 1364//35
f 1296//35 1342//35 1344//35
f 1343//35 1342//35 1296//35
f 1345//35 1343//35 1296//35
f 1362//38 1365//38 1366//38
f 1360//38 1365//38 1362//38
f 1367//1 1299//1 1297//1
f 1367//1 1297//1 1368//1
f 1297//1 1334//1 1368//1
f 1368//1 1334//1 1369//1
f 1334//1 1362//1 1369//1
f 1362//1 1366//1 1369//1
f 1251//336 1147//336 1146//336
f 1251//35 1033//35 1037//35
f 1370//35 1251//35 1037//35
f 1037//35 1253//35 1370//35
f 1251//353 1370//353 1371//353
f 1147//354 1251//354 1371//354
f 1372//355 1156//355 1155//355
f 1373//355 1156//355 1372//355
f 1253//348 1298//348 1374//348
f 1370//356 1253//356 1374//356
f 1371//357 1370//357 1374//357
f 1375//311 1373//311 1376//311
f 1298//358 1299//358 1377//358
f 1374//358 1298//358 1377//358
f 1376//311 1373//311 1372//311
f 1320//35 1159//35 1156//35
f 1373//35 1320//35 1156//35
f 1374//35 1378//35 1371//35
f 1379//35 1378//35 1374//35
f 1380//35 1379//35 1374//35
f 1374//35 1377//35 1380//35
f 1378//35 1381//35 1371//35
f 1371//35 1381//35 1147//35
f 1381//35 1218//35 1147//35
f 1372//1 1155//1 1382//1
f 1382//1 1155//1 1214//1
f 1333//35 1332//35 1375//35
f 1375//35 1332//35 1326//35
f 1329//35 1373//35 1328//35
f 1373//35 1375//35 1328//35
f 1328//35 1375//35 1326//35
f 1329//35 1323//35 1373//35
f 1323//35 1320//35 1373//35
f 1353//35 1350//35 1360//35
f 1347//35 1353//35 1360//35
f 1346//35 1347//35 1360//35
f 1210//35 1346//35 1360//35
f 1351//35 1346//35 1210//35
f 1201//35 1351//35 1210//35
f 1383//359 1375//359 1384//359
f 1384//359 1375//359 1376//359
f 1365//35 1359//35 1358//35
f 1350//35 1359//35 1365//35
f 1360//35 1350//35 1365//35
f 1358//249 1357//249 1365//249
f 1357//35 1336//35 1365//35
f 1365//35 1336//35 1383//35
f 1336//249 1333//249 1383//249
f 1383//35 1333//35 1375//35
f 1372//1 1385//1 1386//1
f 1385//1 1372//1 1382//1
f 1387//1 1372//1 1386//1
f 1378//32 1386//32 1381//32
f 1386//32 1385//32 1381//32
f 1381//34 1385//34 1218//34
f 1382//33 1214//33 1153//33
f 1218//33 1382//33 1153//33
f 1385//34 1382//34 1218//34
f 1387//299 1386//299 1378//299
f 1388//298 1389//298 1380//298
f 1379//299 1387//299 1378//299
f 1390//30 1387//30 1379//30
f 1380//30 1390//30 1379//30
f 1389//298 1390//298 1380//298
f 1390//1 1389//1 1376//1
f 1389//1 1391//1 1376//1
f 1392//35 1388//35 1377//35
f 1377//35 1388//35 1380//35
f 1376//1 1372//1 1387//1
f 1390//1 1376//1 1387//1
f 1393//27 1394//27 1392//27
f 1394//27 1391//27 1392//27
f 1392//297 1391//297 1388//297
f 1391//297 1389//297 1388//297
f 1395//300 1394//300 1393//300
f 1396//300 1395//300 1393//300
f 1397//301 1395//301 1396//301
f 1398//301 1397//301 1396//301
f 1399//302 1397//302 1398//302
f 1400//302 1399//302 1398//302
f 1401//21 1399//21 1400//21
f 1402//21 1401//21 1400//21
f 1403//22 1401//22 1402//22
f 1404//22 1403//22 1402//22
f 1405//1 1406//1 1407//1
f 1403//250 1407//250 1401//250
f 1407//1 1406//1 1242//1
f 1406//1 1408//1 1242//1
f 1408//1 1241//1 1242//1
f 1403//1 1405//1 1407//1
f 1241//351 1408//351 1409//351
f 1246//39 1239//39 1410//39
f 1239//39 1241//39 1410//39
f 1409//350 1408//350 1411//350
f 1408//304 1406//304 1411//304
f 1405//25 1403//25 1404//25
f 1410//306 1241//306 1409//306
f 1412//25 1405//25 1404//25
f 1406//26 1405//26 1412//26
f 1411//26 1406//26 1412//26
f 1412//35 1404//35 1413//35
f 1250//35 1409//35 1413//35
f 1413//342 1407//342 1242//342
f 1413//342 1242//342 1250//342
f 1250//35 1410//35 1409//35
f 1409//35 1411//35 1413//35
f 1413//35 1411//35 1412//35
f 1246//35 1410//35 1250//35
f 1414//35 1392//35 1377//35
f 1376//1 1391//1 1384//1
f 1393//35 1392//35 1414//35
f 1415//35 1393//35 1414//35
f 1407//1 1416//1 1401//1
f 1396//35 1393//35 1415//35
f 1416//1 1395//1 1397//1
f 1394//1 1395//1 1416//1
f 1384//1 1394//1 1416//1
f 1391//1 1394//1 1384//1
f 1416//38 1407//38 1413//38
f 1416//1 1397//1 1399//1
f 1401//1 1416//1 1399//1
f 1416//360 1383//360 1384//360
f 1367//361 1368//361 1415//361
f 1416//360 1365//360 1383//360
f 1414//361 1367//361 1415//361
f 1299//362 1367//362 1414//362
f 1377//362 1299//362 1414//362
f 1417//249 1402//249 1400//249
f 1404//35 1402//35 1417//35
f 1413//35 1404//35 1417//35
f 1400//248 1398//248 1417//248
f 1398//249 1396//249 1417//249
f 1417//35 1396//35 1415//35
f 1417//38 1416//38 1413//38
f 1415//363 1368//363 1418//363
f 1368//363 1369//363 1418//363
f 1419//364 1420//364 1421//364
f 1422//364 1420//364 1419//364
f 1423//365 1422//365 1419//365
f 1424//365 1422//365 1423//365
f 1422//36 1425//36 1420//36
f 1426//36 1425//36 1422//36
f 1419//52 1421//52 1427//52
f 1428//52 1419//52 1427//52
f 1423//52 1419//52 1428//52
f 1424//36 1426//36 1422//36
f 1429//52 1423//52 1430//52
f 1431//52 1429//52 1430//52
f 1430//52 1423//52 1428//52
f 1430//366 1426//366 1431//366
f 1425//367 1426//367 1430//367
f 1428//367 1425//367 1430//367
f 1432//36 1433//36 1424//36
f 1433//36 1426//36 1424//36
f 1426//366 1433//366 1431//366
f 1432//368 1424//368 1429//368
f 1429//368 1424//368 1423//368
f 1434//37 1435//37 1436//37
f 1437//37 1438//37 1434//37
f 1439//37 1440//37 1434//37
f 1441//37 1439//37 1434//37
f 1434//37 1442//37 1441//37
f 1438//37 1442//37 1434//37
f 1443//37 1435//37 1434//37
f 1444//82 1442//82 1445//82
f 1442//82 1438//82 1445//82
f 1436//37 1437//37 1434//37
f 1438//77 1437//77 1446//77
f 1446//79 1437//79 1447//79
f 1445//37 1446//37 1448//37
f 1445//77 1438//77 1446//77
f 1448//37 1446//37 1449//37
f 1446//37 1447//37 1449//37
f 1437//79 1436//79 1447//79
f 1447//37 1450//37 1451//37
f 1451//37 1450//37 1452//37
f 1436//78 1435//78 1450//78
f 1447//78 1436//78 1450//78
f 1449//37 1447//37 1451//37
f 1453//37 1445//37 1448//37
f 1444//37 1445//37 1453//37
f 1454//37 1444//37 1453//37
f 1455//37 1444//37 1454//37
f 1455//83 1441//83 1444//83
f 1441//83 1442//83 1444//83
f 1456//37 1455//37 1454//37
f 1439//81 1441//81 1455//81
f 1457//81 1439//81 1455//81
f 1440//94 1439//94 1457//94
f 1458//86 1440//86 1457//86
f 1459//37 1458//37 1460//37
f 1458//37 1457//37 1460//37
f 1460//37 1457//37 1456//37
f 1457//37 1455//37 1456//37
f 1461//88 1440//88 1458//88
f 1462//88 1461//88 1458//88
f 1463//37 1461//37 1464//37
f 1440//37 1461//37 1463//37
f 1434//37 1440//37 1463//37
f 1464//96 1461//96 1462//96
f 1465//96 1464//96 1462//96
f 1466//89 1464//89 1465//89
f 1467//89 1466//89 1465//89
f 1462//37 1458//37 1459//37
f 1468//37 1462//37 1459//37
f 1465//37 1462//37 1468//37
f 1434//52 1463//52 1469//52
f 1470//52 1434//52 1469//52
f 1471//37 1472//37 1473//37
f 1472//37 1467//37 1473//37
f 1473//37 1467//37 1474//37
f 1474//37 1465//37 1468//37
f 1467//37 1465//37 1474//37
f 1475//91 1476//91 1472//91
f 1472//137 1476//137 1467//137
f 1476//137 1466//137 1467//137
f 1477//37 1472//37 1471//37
f 1477//91 1475//91 1472//91
f 1478//37 1477//37 1479//37
f 1480//37 1478//37 1479//37
f 1481//37 1478//37 1480//37
f 1482//37 1481//37 1480//37
f 1479//37 1477//37 1471//37
f 1483//93 1475//93 1477//93
f 1478//93 1483//93 1477//93
f 1484//92 1483//92 1478//92
f 1481//92 1484//92 1478//92
f 1470//38 1485//38 1486//38
f 1487//38 1485//38 1470//38
f 1488//38 1487//38 1470//38
f 1470//38 1489//38 1488//38
f 1490//38 1489//38 1470//38
f 1491//38 1492//38 1470//38
f 1493//38 1491//38 1470//38
f 1494//38 1493//38 1470//38
f 1486//38 1494//38 1470//38
f 1451//78 1491//78 1449//78
f 1491//78 1493//78 1449//78
f 1449//79 1493//79 1448//79
f 1493//79 1494//79 1448//79
f 1492//135 1491//135 1451//135
f 1488//94 1489//94 1459//94
f 1460//86 1488//86 1459//86
f 1487//81 1488//81 1460//81
f 1456//81 1487//81 1460//81
f 1485//83 1487//83 1456//83
f 1454//83 1485//83 1456//83
f 1453//133 1486//133 1454//133
f 1448//85 1494//85 1453//85
f 1494//369 1486//369 1453//369
f 1486//133 1485//133 1454//133
f 1459//88 1489//88 1468//88
f 1489//88 1490//88 1468//88
f 1468//96 1490//96 1474//96
f 1490//96 1495//96 1474//96
f 1469//38 1490//38 1470//38
f 1471//98 1496//98 1479//98
f 1497//90 1496//90 1471//90
f 1473//90 1497//90 1471//90
f 1495//370 1497//370 1473//370
f 1474//89 1495//89 1473//89
f 1498//100 1499//100 1482//100
f 1480//100 1498//100 1482//100
f 1500//99 1498//99 1480//99
f 1479//99 1500//99 1480//99
f 1496//98 1500//98 1479//98
f 1501//102 1502//102 1503//102
f 1443//101 1502//101 1501//101
f 1504//37 1443//37 1434//37
f 1505//101 1443//101 1501//101
f 1502//102 1506//102 1503//102
f 1450//35 1435//35 1505//35
f 1435//35 1443//35 1505//35
f 1502//37 1443//37 1504//37
f 1506//37 1502//37 1504//37
f 1506//103 1507//103 1508//103
f 1503//103 1506//103 1508//103
f 1504//37 1509//37 1510//37
f 1504//37 1507//37 1506//37
f 1511//37 1507//37 1504//37
f 1510//37 1511//37 1504//37
f 1511//105 1510//105 1512//105
f 1513//105 1511//105 1512//105
f 1512//142 1510//142 1514//142
f 1515//37 1509//37 1504//37
f 1508//104 1507//104 1513//104
f 1507//371 1511//371 1513//371
f 1510//142 1509//142 1514//142
f 1434//1 1470//1 1504//1
f 1470//1 1516//1 1504//1
f 1450//37 1505//37 1452//37
f 1517//37 1501//37 1518//37
f 1452//37 1505//37 1517//37
f 1505//37 1501//37 1517//37
f 1518//37 1503//37 1519//37
f 1512//37 1514//37 1520//37
f 1503//37 1508//37 1519//37
f 1519//37 1508//37 1521//37
f 1508//37 1513//37 1521//37
f 1521//37 1513//37 1522//37
f 1522//37 1512//37 1520//37
f 1513//37 1512//37 1522//37
f 1501//37 1503//37 1518//37
f 1519//103 1523//103 1518//103
f 1524//371 1523//371 1519//371
f 1521//118 1524//118 1519//118
f 1452//134 1492//134 1451//134
f 1523//141 1525//141 1518//141
f 1518//102 1525//102 1517//102
f 1525//102 1526//102 1517//102
f 1517//101 1526//101 1452//101
f 1527//140 1492//140 1452//140
f 1526//101 1527//101 1452//101
f 1470//38 1492//38 1516//38
f 1492//38 1527//38 1516//38
f 1528//38 1529//38 1516//38
f 1530//38 1528//38 1516//38
f 1516//38 1527//38 1526//38
f 1526//38 1525//38 1516//38
f 1525//38 1523//38 1516//38
f 1523//38 1524//38 1516//38
f 1516//38 1524//38 1530//38
f 1522//105 1530//105 1521//105
f 1528//142 1530//142 1522//142
f 1530//105 1524//105 1521//105
f 1520//142 1528//142 1522//142
f 1514//108 1509//108 1531//108
f 1509//108 1515//108 1531//108
f 1531//372 1515//372 1532//372
f 1515//372 1533//372 1532//372
f 1534//114 1535//114 1536//114
f 1537//114 1534//114 1536//114
f 1533//126 1534//126 1537//126
f 1532//126 1533//126 1537//126
f 1538//37 1515//37 1504//37
f 1532//37 1537//37 1539//37
f 1540//37 1532//37 1539//37
f 1531//37 1532//37 1540//37
f 1538//36 1504//36 1516//36
f 1539//37 1537//37 1541//37
f 1537//37 1536//37 1541//37
f 1541//37 1536//37 1542//37
f 1543//37 1531//37 1540//37
f 1514//37 1531//37 1543//37
f 1520//37 1514//37 1543//37
f 1544//110 1545//110 1481//110
f 1545//110 1484//110 1481//110
f 1546//109 1545//109 1544//109
f 1547//109 1546//109 1544//109
f 1548//37 1547//37 1549//37
f 1544//37 1481//37 1482//37
f 1549//37 1544//37 1482//37
f 1547//37 1544//37 1549//37
f 1550//111 1546//111 1547//111
f 1551//37 1547//37 1548//37
f 1542//37 1551//37 1548//37
f 1536//37 1551//37 1542//37
f 1551//111 1550//111 1547//111
f 1535//113 1550//113 1551//113
f 1536//120 1535//120 1551//120
f 1533//37 1515//37 1538//37
f 1534//37 1533//37 1538//37
f 1516//36 1552//36 1538//36
f 1553//372 1529//372 1543//372
f 1540//115 1553//115 1543//115
f 1554//373 1555//373 1539//373
f 1541//114 1554//114 1539//114
f 1539//126 1555//126 1540//126
f 1542//120 1556//120 1541//120
f 1529//108 1528//108 1520//108
f 1556//120 1554//120 1541//120
f 1543//124 1529//124 1520//124
f 1555//126 1553//126 1540//126
f 1516//38 1529//38 1552//38
f 1549//122 1557//122 1548//122
f 1499//121 1557//121 1549//121
f 1482//121 1499//121 1549//121
f 1558//123 1556//123 1542//123
f 1548//123 1558//123 1542//123
f 1557//122 1558//122 1548//122
f 1559//52 1463//52 1431//52
f 1463//52 1429//52 1431//52
f 1464//37 1466//37 1463//37
f 1466//37 1476//37 1463//37
f 1476//37 1475//37 1463//37
f 1463//37 1483//37 1484//37
f 1475//37 1483//37 1463//37
f 1546//37 1550//37 1538//37
f 1538//37 1545//37 1546//37
f 1484//37 1545//37 1538//37
f 1463//37 1484//37 1538//37
f 1550//37 1535//37 1538//37
f 1538//37 1535//37 1534//37
f 1463//374 1538//374 1432//374
f 1463//374 1432//374 1429//374
f 1560//36 1433//36 1432//36
f 1538//36 1560//36 1432//36
f 1431//375 1433//375 1559//375
f 1433//375 1560//375 1559//375
f 1469//52 1463//52 1559//52
f 1469//38 1499//38 1498//38
f 1469//38 1495//38 1490//38
f 1497//38 1495//38 1469//38
f 1496//38 1497//38 1469//38
f 1500//38 1469//38 1498//38
f 1500//38 1496//38 1469//38
f 1557//38 1499//38 1469//38
f 1555//38 1554//38 1552//38
f 1553//38 1555//38 1552//38
f 1529//38 1553//38 1552//38
f 1560//376 1552//376 1469//376
f 1559//376 1560//376 1469//376
f 1552//38 1557//38 1469//38
f 1552//38 1554//38 1556//38
f 1552//36 1560//36 1538//36
f 1556//38 1558//38 1552//38
f 1558//38 1557//38 1552//38
f 1421//52 1561//52 1562//52
f 1427//52 1421//52 1562//52
f 1563//36 1564//36 1565//36
f 1420//36 1563//36 1565//36
f 1427//377 1563//377 1428//377
f 1563//377 1425//377 1428//377
f 1421//378 1565//378 1561//378
f 1420//378 1565//378 1421//378
f 1425//36 1563//36 1420//36
f 1564//379 1563//379 1427//379
f 1562//379 1564//379 1427//379
f 1562//52 1561//52 1566//52
f 1561//52 1567//52 1566//52
f 1566//380 1568//380 1562//380
f 1565//381 1569//381 1561//381
f 1561//381 1569//381 1567//381
f 1565//36 1564//36 1569//36
f 1564//36 1568//36 1569//36
f 1568//382 1564//382 1562//382
f 1566//52 1567//52 1570//52
f 1567//52 1571//52 1570//52
f 1570//383 1572//383 1566//383
f 1572//383 1568//383 1566//383
f 1569//384 1573//384 1567//384
f 1567//384 1573//384 1571//384
f 1573//385 1574//385 1571//385
f 1571//385 1574//385 1575//385
f 1569//36 1568//36 1573//36
f 1568//36 1572//36 1573//36
f 1573//36 1572//36 1574//36
f 1576//37 1577//37 1578//37
f 1579//37 1577//37 1576//37
f 1580//37 1579//37 1576//37
f 1576//37 1581//37 1580//37
f 1582//37 1583//37 1576//37
f 1576//37 1584//37 1582//37
f 1583//37 1585//37 1576//37
f 1586//37 1584//37 1576//37
f 1585//37 1581//37 1576//37
f 1587//78 1583//78 1588//78
f 1585//79 1583//79 1587//79
f 1583//78 1582//78 1588//78
f 1589//79 1585//79 1587//79
f 1588//135 1582//135 1590//135
f 1582//135 1584//135 1590//135
f 1581//369 1585//369 1589//369
f 1578//94 1577//94 1591//94
f 1592//369 1581//369 1589//369
f 1580//133 1581//133 1592//133
f 1593//84 1580//84 1592//84
f 1579//83 1580//83 1593//83
f 1594//83 1579//83 1593//83
f 1577//81 1579//81 1594//81
f 1591//81 1577//81 1594//81
f 1595//94 1578//94 1591//94
f 1576//37 1578//37 1596//37
f 1576//52 1596//52 1597//52
f 1597//52 1598//52 1576//52
f 1599//88 1578//88 1595//88
f 1600//88 1599//88 1595//88
f 1601//96 1599//96 1600//96
f 1602//96 1601//96 1600//96
f 1603//89 1601//89 1602//89
f 1604//370 1603//370 1602//370
f 1605//90 1603//90 1604//90
f 1606//90 1605//90 1604//90
f 1607//99 1608//99 1609//99
f 1608//99 1610//99 1609//99
f 1609//98 1610//98 1606//98
f 1610//98 1605//98 1606//98
f 1611//100 1608//100 1607//100
f 1612//100 1611//100 1607//100
f 1613//38 1593//38 1592//38
f 1592//38 1589//38 1613//38
f 1613//386 1614//386 1615//386
f 1616//386 1613//386 1615//386
f 1615//38 1614//38 1598//38
f 1594//38 1593//38 1613//38
f 1616//38 1594//38 1613//38
f 1589//38 1587//38 1613//38
f 1587//38 1588//38 1613//38
f 1588//38 1590//38 1613//38
f 1600//38 1595//38 1616//38
f 1616//38 1602//38 1600//38
f 1591//38 1594//38 1616//38
f 1595//38 1591//38 1616//38
f 1597//38 1615//38 1598//38
f 1612//38 1607//38 1617//38
f 1617//38 1607//38 1609//38
f 1597//38 1618//38 1615//38
f 1609//38 1606//38 1617//38
f 1606//38 1604//38 1617//38
f 1617//38 1604//38 1616//38
f 1604//38 1602//38 1616//38
f 1617//139 1616//139 1618//139
f 1616//139 1615//139 1618//139
f 1619//37 1586//37 1576//37
f 1620//37 1586//37 1619//37
f 1621//37 1620//37 1619//37
f 1622//37 1623//37 1619//37
f 1619//37 1623//37 1624//37
f 1598//1 1625//1 1619//1
f 1576//1 1598//1 1619//1
f 1624//37 1621//37 1619//37
f 1584//140 1586//140 1626//140
f 1590//140 1584//140 1626//140
f 1626//101 1586//101 1627//101
f 1586//101 1620//101 1627//101
f 1624//371 1623//371 1628//371
f 1629//118 1624//118 1628//118
f 1621//141 1624//141 1629//141
f 1630//141 1621//141 1629//141
f 1620//102 1621//102 1630//102
f 1627//102 1620//102 1630//102
f 1631//37 1622//37 1619//37
f 1622//142 1631//142 1632//142
f 1633//142 1622//142 1632//142
f 1623//105 1622//105 1633//105
f 1628//105 1623//105 1633//105
f 1634//37 1635//37 1619//37
f 1619//37 1635//37 1631//37
f 1636//38 1637//38 1625//38
f 1614//38 1636//38 1625//38
f 1598//38 1614//38 1625//38
f 1613//35 1638//35 1614//35
f 1638//35 1636//35 1614//35
f 1613//38 1590//38 1638//38
f 1590//38 1626//38 1638//38
f 1627//38 1630//38 1638//38
f 1638//38 1626//38 1627//38
f 1630//38 1629//38 1638//38
f 1629//38 1628//38 1638//38
f 1638//387 1639//387 1636//387
f 1639//387 1637//387 1636//387
f 1628//38 1633//38 1639//38
f 1638//38 1628//38 1639//38
f 1632//108 1631//108 1640//108
f 1634//126 1641//126 1642//126
f 1643//126 1634//126 1642//126
f 1631//108 1635//108 1640//108
f 1640//115 1635//115 1643//115
f 1635//372 1634//372 1643//372
f 1644//123 1645//123 1646//123
f 1647//123 1644//123 1646//123
f 1642//114 1641//114 1648//114
f 1641//373 1649//373 1648//373
f 1648//120 1649//120 1647//120
f 1649//113 1644//113 1647//113
f 1646//122 1645//122 1650//122
f 1651//121 1611//121 1612//121
f 1650//121 1651//121 1612//121
f 1645//122 1651//122 1650//122
f 1652//37 1634//37 1619//37
f 1619//36 1625//36 1652//36
f 1625//36 1653//36 1652//36
f 1654//1 1617//1 1655//1
f 1617//1 1618//1 1655//1
f 1654//38 1650//38 1612//38
f 1646//38 1650//38 1654//38
f 1654//38 1612//38 1617//38
f 1647//38 1646//38 1654//38
f 1654//38 1648//38 1647//38
f 1642//38 1648//38 1654//38
f 1643//38 1642//38 1639//38
f 1640//38 1643//38 1639//38
f 1637//38 1655//38 1653//38
f 1639//38 1633//38 1632//38
f 1625//38 1637//38 1653//38
f 1654//388 1655//388 1637//388
f 1639//38 1642//38 1654//38
f 1632//38 1640//38 1639//38
f 1639//146 1654//146 1637//146
f 1578//37 1599//37 1596//37
f 1596//52 1656//52 1597//52
f 1596//37 1599//37 1601//37
f 1608//37 1611//37 1596//37
f 1610//37 1608//37 1596//37
f 1596//37 1605//37 1610//37
f 1603//37 1605//37 1596//37
f 1601//37 1603//37 1596//37
f 1596//37 1611//37 1652//37
f 1596//389 1652//389 1656//389
f 1652//389 1657//389 1656//389
f 1611//37 1651//37 1652//37
f 1652//36 1653//36 1657//36
f 1652//37 1651//37 1645//37
f 1641//37 1634//37 1652//37
f 1649//37 1641//37 1652//37
f 1644//37 1649//37 1652//37
f 1645//37 1644//37 1652//37
f 1657//390 1658//390 1659//390
f 1656//52 1659//52 1660//52
f 1597//52 1656//52 1660//52
f 1656//390 1657//390 1659//390
f 1655//38 1618//38 1597//38
f 1653//38 1655//38 1597//38
f 1660//391 1653//391 1597//391
f 1661//391 1653//391 1660//391
f 1657//36 1653//36 1658//36
f 1653//36 1661//36 1658//36
f 1660//52 1659//52 1662//52
f 1659//52 1663//52 1662//52
f 1658//392 1664//392 1663//392
f 1659//392 1658//392 1663//392
f 1664//36 1665//36 1666//36
f 1661//36 1665//36 1664//36
f 1658//36 1661//36 1664//36
f 1663//393 1664//393 1667//393
f 1664//393 1666//393 1667//393
f 1662//394 1661//394 1660//394
f 1665//394 1661//394 1662//394
f 1668//395 1665//395 1662//395
f 1669//395 1665//395 1668//395
f 1670//396 1669//396 1668//396
f 1671//396 1669//396 1670//396
f 1662//52 1663//52 1668//52
f 1663//52 1667//52 1668//52
f 1668//52 1667//52 1670//52
f 1665//36 1669//36 1666//36
f 1666//36 1669//36 1672//36
f 1669//36 1671//36 1672//36
f 1673//52 1674//52 1675//52
f 1670//52 1673//52 1675//52
f 1667//52 1673//52 1670//52
f 1675//397 1671//397 1670//397
f 1672//398 1676//398 1674//398
f 1673//398 1672//398 1674//398
f 1666//399 1672//399 1673//399
f 1667//399 1666//399 1673//399
f 1671//36 1677//36 1676//36
f 1672//36 1671//36 1676//36
f 1677//397 1671//397 1675//397
f 1675//52 1674//52 1678//52
f 1674//52 1679//52 1678//52
f 1674//400 1676//400 1679//400
f 1676//400 1680//400 1679//400
f 1676//36 1677//36 1680//36
f 1677//36 1681//36 1680//36
f 1678//401 1677//401 1675//401
f 1681//401 1677//401 1678//401
f 1682//402 1681//402 1678//402
f 1683//402 1681//402 1682//402
f 1684//403 1683//403 1682//403
f 1685//403 1683//403 1684//403
f 1678//52 1679//52 1682//52
f 1679//52 1684//52 1682//52
f 1679//404 1680//404 1686//404
f 1680//404 1687//404 1686//404
f 1680//36 1681//36 1687//36
f 1681//36 1683//36 1687//36
f 1575//52 1688//52 1689//52
f 1690//52 1575//52 1689//52
f 1571//52 1575//52 1690//52
f 1570//52 1571//52 1690//52
f 1691//405 1572//405 1570//405
f 1690//405 1691//405 1570//405
f 1692//406 1691//406 1690//406
f 1689//406 1692//406 1690//406
f 1574//407 1693//407 1575//407
f 1575//407 1693//407 1688//407
f 1572//36 1691//36 1574//36
f 1574//36 1691//36 1693//36
f 1691//36 1692//36 1693//36
f 1694//408 1695//408 1689//408
f 1695//408 1692//408 1689//408
f 1689//52 1688//52 1694//52
f 1688//52 1696//52 1694//52
f 1696//52 1688//52 1697//52
f 1698//35 1699//35 1700//35
f 1701//35 1699//35 1698//35
f 1702//35 1701//35 1698//35
f 1698//35 1703//35 1704//35
f 1705//248 1703//248 1698//248
f 1700//35 1705//35 1698//35
f 1703//273 1706//273 1704//273
f 1707//275 1706//275 1703//275
f 1705//275 1707//275 1703//275
f 1706//273 1708//273 1704//273
f 1709//242 1707//242 1705//242
f 1700//409 1709//409 1705//409
f 1702//410 1710//410 1701//410
f 1711//244 1709//244 1700//244
f 1699//244 1711//244 1700//244
f 1712//411 1711//411 1699//411
f 1701//411 1712//411 1699//411
f 1710//410 1712//410 1701//410
f 1713//35 1714//35 1696//35
f 1714//412 1708//412 1696//412
f 1696//248 1708//248 1706//248
f 1696//35 1712//35 1715//35
f 1711//35 1712//35 1696//35
f 1709//35 1711//35 1696//35
f 1706//249 1707//249 1696//249
f 1707//35 1709//35 1696//35
f 1716//35 1717//35 1698//35
f 1717//35 1718//35 1698//35
f 1694//52 1696//52 1715//52
f 1698//35 1718//35 1702//35
f 1719//35 1720//35 1698//35
f 1698//35 1720//35 1716//35
f 1694//52 1715//52 1721//52
f 1715//248 1722//248 1723//248
f 1724//35 1722//35 1715//35
f 1725//35 1724//35 1715//35
f 1715//249 1726//249 1725//249
f 1712//35 1710//35 1715//35
f 1715//35 1710//35 1726//35
f 1717//413 1725//413 1718//413
f 1726//245 1710//245 1702//245
f 1718//245 1726//245 1702//245
f 1725//413 1726//413 1718//413
f 1727//282 1723//282 1719//282
f 1719//281 1723//281 1720//281
f 1728//282 1727//282 1719//282
f 1724//247 1725//247 1717//247
f 1716//247 1724//247 1717//247
f 1720//280 1722//280 1716//280
f 1723//281 1722//281 1720//281
f 1722//280 1724//280 1716//280
f 1715//35 1729//35 1730//35
f 1727//35 1729//35 1715//35
f 1723//35 1727//35 1715//35
f 1688//37 1693//37 1731//37
f 1697//37 1688//37 1731//37
f 1704//35 1732//35 1698//35
f 1698//35 1733//35 1734//35
f 1735//35 1733//35 1698//35
f 1736//35 1735//35 1698//35
f 1698//35 1737//35 1738//35
f 1739//35 1737//35 1698//35
f 1734//35 1739//35 1698//35
f 1732//35 1740//35 1698//35
f 1698//35 1740//35 1736//35
f 1738//248 1741//248 1698//248
f 1693//36 1692//36 1731//36
f 1742//347 1743//347 1736//347
f 1740//347 1742//347 1736//347
f 1714//38 1742//38 1740//38
f 1732//38 1714//38 1740//38
f 1708//344 1714//344 1732//344
f 1704//344 1708//344 1732//344
f 1744//289 1745//289 1739//289
f 1736//277 1743//277 1735//277
f 1743//277 1746//277 1735//277
f 1734//289 1744//289 1739//289
f 1747//279 1744//279 1734//279
f 1733//414 1747//414 1734//414
f 1746//278 1747//278 1733//278
f 1735//278 1746//278 1733//278
f 1745//415 1748//415 1737//415
f 1739//415 1745//415 1737//415
f 1749//292 1750//292 1741//292
f 1738//292 1749//292 1741//292
f 1748//416 1749//416 1738//416
f 1737//416 1748//416 1738//416
f 1742//35 1714//35 1713//35
f 1743//35 1742//35 1713//35
f 1713//35 1748//35 1745//35
f 1749//35 1748//35 1713//35
f 1730//35 1749//35 1713//35
f 1713//35 1746//35 1743//35
f 1747//35 1746//35 1713//35
f 1744//35 1747//35 1713//35
f 1745//35 1744//35 1713//35
f 1698//35 1751//35 1752//35
f 1741//35 1751//35 1698//35
f 1698//35 1753//35 1754//35
f 1755//35 1753//35 1698//35
f 1692//36 1695//36 1731//36
f 1752//35 1755//35 1698//35
f 1756//35 1698//35 1754//35
f 1728//35 1719//35 1698//35
f 1756//35 1728//35 1698//35
f 1729//283 1727//283 1728//283
f 1756//283 1729//283 1728//283
f 1753//287 1757//287 1754//287
f 1757//287 1758//287 1754//287
f 1754//288 1758//288 1756//288
f 1758//288 1729//288 1756//288
f 1750//417 1759//417 1751//417
f 1741//417 1750//417 1751//417
f 1760//418 1757//418 1753//418
f 1755//418 1760//418 1753//418
f 1751//419 1759//419 1752//419
f 1759//419 1761//419 1752//419
f 1752//284 1761//284 1755//284
f 1761//284 1760//284 1755//284
f 1729//248 1758//248 1730//248
f 1730//35 1758//35 1757//35
f 1731//36 1695//36 1762//36
f 1757//35 1760//35 1730//35
f 1760//35 1761//35 1730//35
f 1730//35 1761//35 1759//35
f 1759//35 1750//35 1730//35
f 1750//249 1749//249 1730//249
f 1721//38 1762//38 1695//38
f 1694//38 1721//38 1695//38
f 965//35 1763//35 1029//35
f 968//1 969//1 971//1
f 965//309 971//309 1763//309
f 1764//420 1765//420 1766//420
f 1765//420 964//420 1766//420
f 1030//37 959//37 966//37
f 1766//421 964//421 1028//421
f 964//421 963//421 1028//421
f 959//37 1030//37 1025//37
f 1028//35 1030//35 1766//35
f 1030//35 1764//35 1766//35
f 1767//1 964//1 1765//1
f 1768//1 966//1 964//1
f 1767//1 1768//1 964//1
f 1765//1 1769//1 1767//1
f 1770//37 1030//37 966//37
f 1769//422 1765//422 1764//422
f 1771//422 1769//422 1764//422
f 966//37 1768//37 1772//37
f 1770//37 966//37 1772//37
f 1029//333 1773//333 970//333
f 1773//333 969//333 970//333
f 1774//331 1773//331 1029//331
f 1775//331 1774//331 1029//331
f 1776//329 1777//329 1778//329
f 1779//330 1774//330 1775//330
f 1777//329 1779//329 1778//329
f 1778//330 1779//330 1775//330
f 1777//1 1780//1 971//1
f 971//1 1774//1 1779//1
f 1779//1 1777//1 971//1
f 969//1 1773//1 971//1
f 971//1 1773//1 1774//1
f 1780//261 1777//261 1776//261
f 1033//255 973//255 1781//255
f 1782//261 1780//261 1776//261
f 973//255 1783//255 1781//255
f 1781//256 1783//256 1784//256
f 1785//260 1780//260 1782//260
f 1784//260 1785//260 1782//260
f 1783//256 1785//256 1784//256
f 1029//35 1763//35 1775//35
f 978//1 1785//1 1783//1
f 1780//1 1785//1 978//1
f 971//1 1780//1 978//1
f 1783//1 973//1 978//1
f 1784//35 1782//35 1786//35
f 1786//35 1776//35 1778//35
f 1775//35 1786//35 1778//35
f 1763//35 1786//35 1775//35
f 1786//35 1781//35 1784//35
f 1033//35 1781//35 1786//35
f 1782//35 1776//35 1786//35
f 978//1 1787//1 971//1
f 971//309 1787//309 1763//309
f 1788//1 1789//1 978//1
f 1763//423 1787//423 1790//423
f 1787//423 1791//423 1790//423
f 1790//424 1791//424 1792//424
f 1791//424 1793//424 1792//424
f 1791//1 1787//1 978//1
f 1792//425 1793//425 1794//425
f 1793//425 1789//425 1794//425
f 1793//1 1791//1 978//1
f 1789//1 1793//1 978//1
f 1795//35 1796//35 1772//35
f 1772//35 1796//35 1797//35
f 1769//1 1798//1 1767//1
f 1772//37 1768//37 1799//37
f 1800//35 1795//35 1772//35
f 1799//35 1801//35 1772//35
f 1772//35 1802//35 1800//35
f 1801//249 1802//249 1772//249
f 1796//248 1803//248 1797//248
f 1803//35 1804//35 1797//35
f 1805//1 1806//1 1767//1
f 1806//1 1807//1 1768//1
f 1806//1 1768//1 1767//1
f 1767//1 1798//1 1805//1
f 1797//35 1804//35 1808//35
f 1809//1 1798//1 1769//1
f 1805//1 1809//1 1810//1
f 1798//1 1809//1 1805//1
f 1811//1 1812//1 1813//1
f 1812//1 1814//1 1813//1
f 1813//250 1814//250 1815//250
f 1815//253 1816//253 1813//253
f 1816//1 1817//1 1813//1
f 1813//1 1818//1 1811//1
f 1697//52 1813//52 1696//52
f 1819//52 1813//52 1697//52
f 1721//52 1819//52 1697//52
f 1819//1 1820//1 1813//1
f 1820//250 1818//250 1813//250
f 1821//244 1822//244 1812//244
f 1811//244 1821//244 1812//244
f 1814//275 1823//275 1815//275
f 1823//275 1824//275 1815//275
f 1812//409 1822//409 1814//409
f 1822//409 1823//409 1814//409
f 1818//411 1825//411 1811//411
f 1825//411 1821//411 1811//411
f 1826//245 1827//245 1820//245
f 1827//245 1828//245 1820//245
f 1820//410 1828//410 1818//410
f 1828//410 1825//410 1818//410
f 1768//37 1807//37 1799//37
f 1829//35 1830//35 1697//35
f 1822//35 1821//35 1697//35
f 1821//35 1825//35 1697//35
f 1697//249 1830//249 1831//249
f 1697//249 1823//249 1822//249
f 1824//35 1823//35 1697//35
f 1831//35 1824//35 1697//35
f 1832//1 1807//1 1806//1
f 1806//1 1833//1 1834//1
f 1835//1 1836//1 1806//1
f 1799//37 1807//37 1832//37
f 1834//1 1835//1 1806//1
f 1837//1 1833//1 1806//1
f 1838//1 1837//1 1806//1
f 1802//49 1833//49 1800//49
f 1833//49 1837//49 1800//49
f 1800//48 1837//48 1795//48
f 1837//48 1838//48 1795//48
f 1795//47 1838//47 1796//47
f 1839//1 1838//1 1806//1
f 1840//1 1839//1 1806//1
f 1838//47 1839//47 1796//47
f 1840//1 1806//1 1805//1
f 1839//46 1840//46 1803//46
f 1697//35 1825//35 1721//35
f 1804//44 1841//44 1842//44
f 1840//45 1841//45 1804//45
f 1803//45 1840//45 1804//45
f 1796//46 1839//46 1803//46
f 1841//44 1843//44 1842//44
f 1819//253 1826//253 1820//253
f 1844//1 1826//1 1819//1
f 1845//1 1844//1 1819//1
f 1715//52 1819//52 1721//52
f 1846//247 1847//247 1844//247
f 1844//413 1847//413 1826//413
f 1845//247 1846//247 1844//247
f 1847//413 1827//413 1826//413
f 1819//253 1848//253 1849//253
f 1850//1 1848//1 1819//1
f 1819//250 1849//250 1851//250
f 1852//280 1846//280 1845//280
f 1851//280 1852//280 1845//280
f 1845//253 1819//253 1851//253
f 1804//35 1842//35 1808//35
f 1808//248 1842//248 1853//248
f 1721//248 1828//248 1827//248
f 1827//249 1847//249 1721//249
f 1825//249 1828//249 1721//249
f 1847//35 1846//35 1721//35
f 1854//1 1843//1 1805//1
f 1855//1 1854//1 1805//1
f 1856//1 1857//1 1805//1
f 1857//1 1858//1 1805//1
f 1859//1 1855//1 1805//1
f 1805//1 1858//1 1859//1
f 1841//1 1840//1 1805//1
f 1805//1 1843//1 1841//1
f 1843//43 1854//43 1853//43
f 1842//43 1843//43 1853//43
f 1855//41 1859//41 1860//41
f 1861//41 1855//41 1860//41
f 1854//265 1855//265 1861//265
f 1853//265 1854//265 1861//265
f 1721//35 1846//35 1852//35
f 1861//35 1862//35 1853//35
f 1862//35 1808//35 1853//35
f 1852//35 1863//35 1721//35
f 1861//35 1860//35 1862//35
f 1863//249 1864//249 1721//249
f 1813//1 1817//1 1865//1
f 1865//38 1713//38 1813//38
f 1713//38 1696//38 1813//38
f 1816//344 1831//344 1817//344
f 1824//273 1831//273 1816//273
f 1815//273 1824//273 1816//273
f 1817//38 1830//38 1866//38
f 1830//38 1829//38 1866//38
f 1866//347 1829//347 1867//347
f 1831//344 1830//344 1817//344
f 1868//277 1869//277 1870//277
f 1867//277 1868//277 1870//277
f 1829//276 1868//276 1867//276
f 1865//1 1866//1 1867//1
f 1817//252 1866//252 1865//252
f 1871//52 1730//52 1865//52
f 1872//1 1873//1 1865//1
f 1865//1 1874//1 1872//1
f 1870//1 1874//1 1865//1
f 1873//253 1875//253 1865//253
f 1865//1 1875//1 1871//1
f 1730//52 1713//52 1865//52
f 1867//1 1870//1 1865//1
f 1876//289 1877//289 1873//289
f 1872//289 1876//289 1873//289
f 1873//415 1877//415 1875//415
f 1877//415 1878//415 1875//415
f 1875//416 1878//416 1879//416
f 1880//414 1876//414 1872//414
f 1874//414 1880//414 1872//414
f 1869//278 1880//278 1874//278
f 1870//278 1869//278 1874//278
f 1878//416 1881//416 1879//416
f 1730//37 1871//37 1715//37
f 1871//37 1819//37 1715//37
f 1871//1 1850//1 1819//1
f 1849//281 1863//281 1851//281
f 1864//282 1863//282 1849//282
f 1882//288 1856//288 1850//288
f 1883//288 1882//288 1850//288
f 1884//287 1882//287 1883//287
f 1885//287 1884//287 1883//287
f 1850//283 1856//283 1848//283
f 1863//281 1852//281 1851//281
f 1856//283 1864//283 1848//283
f 1848//282 1864//282 1849//282
f 1879//292 1881//292 1886//292
f 1881//292 1887//292 1886//292
f 1886//417 1887//417 1888//417
f 1887//417 1889//417 1888//417
f 1888//419 1889//419 1890//419
f 1891//284 1892//284 1893//284
f 1889//419 1891//419 1890//419
f 1890//284 1891//284 1893//284
f 1892//418 1884//418 1885//418
f 1885//1 1883//1 1871//1
f 1883//1 1850//1 1871//1
f 1893//418 1892//418 1885//418
f 1871//1 1879//1 1886//1
f 1875//250 1879//250 1871//250
f 1871//1 1886//1 1888//1
f 1888//1 1890//1 1871//1
f 1890//1 1893//1 1871//1
f 1871//1 1893//1 1885//1
f 1806//1 1894//1 1895//1
f 1895//1 1832//1 1806//1
f 1896//1 1897//1 1806//1
f 1897//1 1894//1 1806//1
f 1731//35 1829//35 1697//35
f 1896//253 1898//253 1899//253
f 1836//1 1898//1 1896//1
f 1806//250 1836//250 1896//250
f 1799//35 1900//35 1801//35
f 1799//426 1832//426 1895//426
f 1799//426 1895//426 1901//426
f 1901//425 1894//425 1902//425
f 1895//425 1894//425 1901//425
f 1903//35 1900//35 1799//35
f 1901//35 1903//35 1799//35
f 1904//35 1903//35 1901//35
f 1905//35 1904//35 1901//35
f 1902//35 1905//35 1901//35
f 1801//259 1834//259 1802//259
f 1834//259 1833//259 1802//259
f 1903//33 1836//33 1900//33
f 1900//51 1835//51 1801//51
f 1835//51 1834//51 1801//51
f 1836//33 1835//33 1900//33
f 1904//34 1898//34 1903//34
f 1906//30 1907//30 1908//30
f 1909//30 1906//30 1908//30
f 1908//349 1907//349 1905//349
f 1907//349 1899//349 1905//349
f 1899//32 1898//32 1904//32
f 1908//35 1905//35 1902//35
f 1905//32 1899//32 1904//32
f 1898//34 1836//34 1903//34
f 1731//35 1878//35 1877//35
f 1881//35 1878//35 1731//35
f 1896//1 1910//1 1911//1
f 1731//35 1880//35 1869//35
f 1876//248 1880//248 1731//248
f 1911//1 1897//1 1896//1
f 1877//35 1876//35 1731//35
f 1868//35 1829//35 1731//35
f 1869//35 1868//35 1731//35
f 1894//424 1897//424 1902//424
f 1902//424 1897//424 1912//424
f 1912//35 1908//35 1902//35
f 1909//35 1908//35 1912//35
f 1913//35 1909//35 1912//35
f 1913//427 1910//427 1914//427
f 1897//423 1911//423 1912//423
f 1912//423 1911//423 1913//423
f 1911//427 1910//427 1913//427
f 1915//1 1916//1 1896//1
f 1917//1 1915//1 1896//1
f 1896//1 1906//1 1917//1
f 1907//1 1906//1 1896//1
f 1899//1 1907//1 1896//1
f 1918//1 1910//1 1896//1
f 1919//27 1916//27 1920//27
f 1916//27 1915//27 1920//27
f 1920//35 1921//35 1914//35
f 1914//35 1921//35 1913//35
f 1920//28 1915//28 1921//28
f 1915//28 1917//28 1921//28
f 1921//29 1917//29 1909//29
f 1921//35 1909//35 1913//35
f 1917//29 1906//29 1909//29
f 1910//428 1918//428 1914//428
f 1914//428 1918//428 1922//428
f 1922//35 1920//35 1914//35
f 1918//429 1923//429 1922//429
f 1922//429 1923//429 1924//429
f 1919//35 1920//35 1922//35
f 1924//35 1919//35 1922//35
f 1858//303 1857//303 1925//303
f 1926//39 1858//39 1925//39
f 1859//40 1858//40 1926//40
f 1860//40 1859//40 1926//40
f 1856//304 1927//304 1928//304
f 1929//304 1856//304 1928//304
f 1856//253 1805//253 1930//253
f 1857//306 1856//306 1929//306
f 1925//306 1857//306 1929//306
f 1721//35 1864//35 1762//35
f 1930//250 1931//250 1927//250
f 1932//1 1931//1 1930//1
f 1927//1 1856//1 1930//1
f 1933//1 1932//1 1930//1
f 1934//22 1932//22 1935//22
f 1932//22 1933//22 1935//22
f 1935//430 1933//430 1936//430
f 1933//430 1937//430 1936//430
f 1931//308 1932//308 1934//308
f 1938//25 1931//25 1934//25
f 1927//26 1931//26 1938//26
f 1928//26 1927//26 1938//26
f 1896//1 1916//1 1930//1
f 1762//35 1881//35 1731//35
f 1930//1 1939//1 1940//1
f 1916//250 1941//250 1930//250
f 1940//1 1923//1 1930//1
f 1930//1 1918//1 1896//1
f 1930//1 1942//1 1937//1
f 1930//1 1941//1 1942//1
f 1923//1 1918//1 1930//1
f 1936//249 1943//249 1944//249
f 1941//18 1916//18 1919//18
f 1945//18 1941//18 1919//18
f 1942//19 1941//19 1945//19
f 1936//20 1937//20 1943//20
f 1943//19 1942//19 1945//19
f 1937//20 1942//20 1943//20
f 1936//248 1944//248 1935//248
f 1945//35 1919//35 1924//35
f 1940//36 1939//36 1944//36
f 1944//35 1945//35 1924//35
f 1943//248 1945//248 1944//248
f 1924//431 1940//431 1944//431
f 1923//431 1940//431 1924//431
f 1887//35 1881//35 1762//35
f 1889//35 1887//35 1762//35
f 1762//248 1856//248 1882//248
f 1864//35 1856//35 1762//35
f 1933//253 1930//253 1937//253
f 1882//249 1884//249 1762//249
f 1884//35 1892//35 1762//35
f 1892//35 1891//35 1762//35
f 1762//35 1891//35 1889//35
f 1805//1 1810//1 1946//1
f 1810//1 1947//1 1946//1
f 1946//1 1947//1 1948//1
f 1860//35 1926//35 1862//35
f 1862//35 1926//35 1949//35
f 1926//35 1925//35 1949//35
f 1805//1 1946//1 1950//1
f 1930//1 1805//1 1950//1
f 1939//36 1951//36 1944//36
f 1930//1 1950//1 1951//1
f 1939//1 1930//1 1951//1
f 1949//35 1925//35 1929//35
f 1944//36 1951//36 1952//36
f 1952//35 1928//35 1938//35
f 1929//35 1928//35 1952//35
f 1949//35 1929//35 1952//35
f 1952//35 1938//35 1934//35
f 1935//35 1952//35 1934//35
f 1944//35 1952//35 1935//35
f 1770//432 1772//432 1797//432
f 1770//432 1797//432 1953//432
f 1797//433 1808//433 1953//433
f 1953//433 1808//433 1954//433
f 1955//434 1810//434 1956//434
f 1810//434 1809//434 1956//434
f 1956//435 1809//435 1771//435
f 1809//435 1769//435 1771//435
f 1957//35 1958//35 1030//35
f 1030//35 1958//35 1764//35
f 1958//35 1959//35 1764//35
f 1960//35 1961//35 1030//35
f 1961//35 1962//35 1030//35
f 1030//35 1962//35 1963//35
f 1764//35 1959//35 1771//35
f 1960//37 1030//37 1770//37
f 1963//35 1957//35 1030//35
f 1964//253 1965//253 1953//253
f 1953//250 1965//250 1966//250
f 1967//37 1960//37 1770//37
f 1770//1 1968//1 1969//1
f 1966//1 1968//1 1770//1
f 1953//1 1966//1 1770//1
f 1959//35 1970//35 1771//35
f 1770//1 1971//1 1967//1
f 1972//253 1971//253 1770//253
f 1969//1 1972//1 1770//1
f 1771//35 1970//35 1956//35
f 1956//35 1973//35 1955//35
f 1970//35 1973//35 1956//35
f 1954//1 1964//1 1953//1
f 1971//1 1974//1 1967//1
f 1961//259 1974//259 1962//259
f 1974//259 1971//259 1962//259
f 1963//48 1972//48 1957//48
f 1971//49 1972//49 1963//49
f 1962//49 1971//49 1963//49
f 1972//48 1969//48 1957//48
f 1957//47 1969//47 1958//47
f 1969//47 1968//47 1958//47
f 1958//46 1968//46 1959//46
f 1968//46 1966//46 1959//46
f 1975//253 1976//253 1954//253
f 1976//1 1964//1 1954//1
f 1966//45 1965//45 1970//45
f 1959//45 1966//45 1970//45
f 1973//43 1964//43 1977//43
f 1964//43 1976//43 1977//43
f 1965//44 1964//44 1973//44
f 1970//44 1965//44 1973//44
f 1978//41 1975//41 1979//41
f 1975//41 1980//41 1979//41
f 1976//265 1975//265 1978//265
f 1977//42 1976//42 1978//42
f 1979//266 1980//266 1981//266
f 1980//40 1982//40 1981//40
f 1967//1 1983//1 1984//1
f 1983//1 1985//1 1984//1
f 1985//1 1986//1 1984//1
f 1984//1 1986//1 1987//1
f 1986//1 1988//1 1987//1
f 1987//1 1988//1 1989//1
f 1988//1 1990//1 1989//1
f 1974//1 1983//1 1967//1
f 1960//426 1967//426 1984//426
f 1960//426 1984//426 1991//426
f 1992//35 1993//35 1991//35
f 1984//425 1987//425 1991//425
f 1991//425 1987//425 1994//425
f 1994//35 1992//35 1991//35
f 1993//35 1995//35 1991//35
f 1991//35 1995//35 1960//35
f 1995//35 1996//35 1960//35
f 1960//35 1996//35 1961//35
f 1996//51 1983//51 1961//51
f 1986//34 1985//34 1995//34
f 1993//34 1986//34 1995//34
f 1985//33 1983//33 1996//33
f 1983//51 1974//51 1961//51
f 1995//33 1985//33 1996//33
f 1997//349 1990//349 1992//349
f 1990//349 1988//349 1992//349
f 1992//32 1988//32 1993//32
f 1998//30 1999//30 1997//30
f 1999//30 1990//30 1997//30
f 1988//32 1986//32 1993//32
f 1997//35 1992//35 1994//35
f 1989//1 1990//1 2000//1
f 2001//1 2002//1 2003//1
f 1999//1 2002//1 2001//1
f 2000//1 1999//1 2001//1
f 1990//253 1999//253 2000//253
f 2004//427 2001//427 2005//427
f 2000//427 2001//427 2004//427
f 2006//423 2000//423 2004//423
f 1989//423 2000//423 2006//423
f 1994//424 1989//424 2006//424
f 2006//35 1997//35 1994//35
f 1987//424 1989//424 1994//424
f 1998//35 1997//35 2006//35
f 2004//35 1998//35 2006//35
f 2007//248 1998//248 2004//248
f 2005//35 2007//35 2004//35
f 2007//29 2002//29 1998//29
f 2002//29 1999//29 1998//29
f 2001//428 2003//428 2005//428
f 2005//428 2003//428 2008//428
f 2008//35 2009//35 2005//35
f 2009//35 2007//35 2005//35
f 2010//28 2002//28 2007//28
f 2009//28 2010//28 2007//28
f 1981//39 1982//39 2011//39
f 1982//39 2012//39 2011//39
f 2011//306 2012//306 2013//306
f 2012//306 2014//306 2013//306
f 2013//304 2014//304 2015//304
f 2014//304 2016//304 2015//304
f 2015//26 2016//26 2017//26
f 2016//26 2018//26 2017//26
f 2019//430 2020//430 2021//430
f 2022//430 2019//430 2021//430
f 2023//22 2019//22 2022//22
f 2024//22 2023//22 2022//22
f 2018//25 2023//25 2024//25
f 2017//25 2018//25 2024//25
f 2021//20 2020//20 2025//20
f 2020//20 2026//20 2025//20
f 2020//1 2027//1 2026//1
f 2028//1 2029//1 2027//1
f 2002//1 2010//1 2003//1
f 2003//1 2010//1 2028//1
f 2010//1 2029//1 2028//1
f 2027//250 2030//250 2026//250
f 2029//253 2030//253 2027//253
f 2029//27 2010//27 2009//27
f 2031//27 2029//27 2009//27
f 2030//18 2029//18 2031//18
f 2031//35 2009//35 2008//35
f 2025//35 2032//35 2033//35
f 2021//35 2025//35 2033//35
f 2022//249 2021//249 2033//249
f 2032//18 2030//18 2031//18
f 2026//19 2030//19 2032//19
f 2025//19 2026//19 2032//19
f 2034//431 2027//431 2033//431
f 2028//431 2027//431 2034//431
f 2008//429 2028//429 2034//429
f 2033//35 2032//35 2034//35
f 2032//35 2031//35 2034//35
f 2034//35 2031//35 2008//35
f 2003//429 2028//429 2008//429
f 1808//309 1862//309 1954//309
f 1954//309 1862//309 2035//309
f 1862//436 1949//436 2035//436
f 2035//436 1949//436 2036//436
f 2037//437 1947//437 1955//437
f 1947//437 1810//437 1955//437
f 1973//35 1977//35 1955//35
f 2035//1 1975//1 1954//1
f 1980//1 1975//1 2035//1
f 1979//35 1981//35 2037//35
f 1955//35 1979//35 2037//35
f 1955//35 1977//35 1978//35
f 1955//35 1978//35 1979//35
f 2036//1 2012//1 2035//1
f 2012//1 1982//1 2035//1
f 2035//1 1982//1 1980//1
f 1981//35 2011//35 2037//35
f 2037//35 2011//35 2038//35
f 2015//35 2038//35 2013//35
f 2018//1 2016//1 2036//1
f 2038//35 2011//35 2013//35
f 2014//1 2012//1 2036//1
f 2016//1 2014//1 2036//1
f 2039//1 2027//1 2020//1
f 2039//1 2018//1 2036//1
f 2023//1 2018//1 2039//1
f 2019//1 2039//1 2020//1
f 2019//1 2023//1 2039//1
f 2039//36 2033//36 2027//36
f 2040//337 1788//337 2041//337
f 2042//315 1948//315 2043//315
f 1948//1 2042//1 2040//1
f 2044//315 2042//315 2043//315
f 2043//35 2041//35 2044//35
f 2045//296 2046//296 2047//296
f 1794//426 1789//426 2045//426
f 2046//296 2048//296 2047//296
f 2047//257 2048//257 2049//257
f 1789//426 2046//426 2045//426
f 2048//257 2050//257 2049//257
f 2049//258 2050//258 2051//258
f 2052//254 2042//254 2044//254
f 2051//254 2052//254 2044//254
f 2050//258 2052//258 2051//258
f 2046//1 1789//1 1788//1
f 2048//1 2046//1 1788//1
f 2050//1 2048//1 1788//1
f 2040//1 2042//1 1788//1
f 2041//35 1786//35 2044//35
f 2042//1 2052//1 1788//1
f 1788//1 2052//1 2050//1
f 2041//337 1788//337 1786//337
f 1946//1 1948//1 2053//1
f 2043//438 1948//438 1947//438
f 2053//1 1948//1 2040//1
f 1950//1 2054//1 2055//1
f 2041//337 2056//337 2053//337
f 2056//439 2041//439 2054//439
f 2056//1 2054//1 1950//1
f 1951//36 2057//36 1952//36
f 1950//1 2055//1 2057//1
f 1951//1 1950//1 2057//1
f 2053//1 2056//1 1950//1
f 1950//1 1946//1 2053//1
f 2053//337 2040//337 2041//337
f 2057//1 2055//1 2058//1
f 1949//440 1952//440 2036//440
f 2043//438 1947//438 2037//438
f 2041//441 2043//441 2037//441
f 2037//442 2038//442 2041//442
f 2041//439 2038//439 2054//439
f 2036//440 1952//440 2039//440
f 2024//35 2022//35 2059//35
f 2059//35 2022//35 2033//35
f 2059//35 2060//35 2015//35
f 2060//35 2038//35 2015//35
f 2017//35 2024//35 2059//35
f 2015//35 2017//35 2059//35
f 2059//36 2033//36 2039//36
f 2055//443 2060//443 2061//443
f 2038//444 2060//444 2055//444
f 2054//444 2038//444 2055//444
f 2058//445 2055//445 2061//445
f 2059//35 2061//35 2060//35
f 1952//36 2059//36 2039//36
f 1952//36 2057//36 2059//36
f 2062//52 1686//52 2063//52
f 1679//52 1686//52 2062//52
f 1684//52 1679//52 2062//52
f 2062//446 1685//446 1684//446
f 2062//446 2064//446 1685//446
f 1686//447 1687//447 2063//447
f 1687//447 2065//447 2063//447
f 2063//448 2065//448 2066//448
f 2065//448 2067//448 2066//448
f 1687//36 1683//36 2065//36
f 1683//36 1685//36 2065//36
f 2065//36 1685//36 2067//36
f 1685//36 2064//36 2067//36
f 2066//52 2068//52 2063//52
f 2068//52 2069//52 2063//52
f 2066//52 2070//52 2068//52
f 2069//52 2062//52 2063//52
f 2066//449 2067//449 2070//449
f 2067//449 2071//449 2070//449
f 2067//36 2064//36 2071//36
f 2072//35 2073//35 2074//35
f 2074//35 2073//35 2075//35
f 2074//35 2076//35 2077//35
f 2075//35 2078//35 2074//35
f 2078//248 2076//248 2074//248
f 2079//35 2080//35 2068//35
f 2081//35 2079//35 2068//35
f 2082//35 2081//35 2068//35
f 2083//249 2082//249 2068//249
f 2070//52 2084//52 2068//52
f 2083//273 2085//273 2077//273
f 2080//411 2079//411 2073//411
f 2076//273 2083//273 2077//273
f 2082//275 2083//275 2076//275
f 2078//275 2082//275 2076//275
f 2073//244 2079//244 2075//244
f 2081//242 2082//242 2078//242
f 2075//409 2081//409 2078//409
f 2079//244 2081//244 2075//244
f 2072//411 2080//411 2073//411
f 2086//412 2085//412 2068//412
f 2068//248 2085//248 2083//248
f 2087//35 2086//35 2068//35
f 2088//35 2089//35 2074//35
f 2089//35 2090//35 2074//35
f 2074//35 2090//35 2091//35
f 2091//35 2072//35 2074//35
f 2092//35 2093//35 2074//35
f 2074//35 2093//35 2088//35
f 2094//52 2062//52 2069//52
f 2089//413 2095//413 2090//413
f 2090//245 2096//245 2091//245
f 2095//413 2096//413 2090//413
f 2096//245 2097//245 2091//245
f 2091//410 2097//410 2072//410
f 2097//410 2080//410 2072//410
f 2093//280 2098//280 2088//280
f 2088//247 2099//247 2089//247
f 2099//247 2095//247 2089//247
f 2100//281 2098//281 2093//281
f 2092//281 2100//281 2093//281
f 2101//282 2100//282 2092//282
f 2098//280 2099//280 2088//280
f 2102//282 2101//282 2092//282
f 2069//248 2098//248 2100//248
f 2099//35 2098//35 2069//35
f 2095//35 2099//35 2069//35
f 2069//249 2096//249 2095//249
f 2069//35 2103//35 2104//35
f 2101//35 2103//35 2069//35
f 2100//35 2101//35 2069//35
f 2068//35 2080//35 2069//35
f 2069//35 2097//35 2096//35
f 2080//35 2097//35 2069//35
f 2105//35 2106//35 2074//35
f 2107//35 2108//35 2074//35
f 2108//35 2109//35 2074//35
f 2074//35 2109//35 2105//35
f 2074//35 2110//35 2107//35
f 2111//35 2110//35 2074//35
f 2077//35 2111//35 2074//35
f 2084//37 2070//37 2112//37
f 2070//37 2071//37 2112//37
f 2113//347 2114//347 2107//347
f 2110//347 2113//347 2107//347
f 2086//38 2113//38 2110//38
f 2111//38 2086//38 2110//38
f 2085//344 2086//344 2111//344
f 2077//344 2085//344 2111//344
f 2115//278 2116//278 2109//278
f 2108//278 2115//278 2109//278
f 2109//279 2116//279 2105//279
f 2116//414 2117//414 2105//414
f 2105//289 2117//289 2106//289
f 2117//289 2118//289 2106//289
f 2106//450 2118//450 2119//450
f 2118//415 2120//415 2119//415
f 2107//451 2114//451 2108//451
f 2114//277 2115//277 2108//277
f 2113//35 2086//35 2087//35
f 2114//35 2113//35 2087//35
f 2118//35 2117//35 2087//35
f 2117//35 2116//35 2087//35
f 2087//35 2115//35 2114//35
f 2087//35 2120//35 2118//35
f 2121//35 2120//35 2087//35
f 2116//35 2115//35 2087//35
f 2102//35 2092//35 2074//35
f 2122//35 2102//35 2074//35
f 2122//35 2074//35 2123//35
f 2074//35 2119//35 2124//35
f 2106//35 2119//35 2074//35
f 2074//35 2125//35 2126//35
f 2127//35 2125//35 2074//35
f 2124//248 2127//248 2074//248
f 2074//35 2128//35 2123//35
f 2126//35 2129//35 2074//35
f 2129//35 2128//35 2074//35
f 2064//36 2130//36 2071//36
f 2094//38 2130//38 2064//38
f 2062//38 2094//38 2064//38
f 2123//288 2131//288 2122//288
f 2131//288 2103//288 2122//288
f 2132//287 2131//287 2123//287
f 2128//287 2132//287 2123//287
f 2122//283 2103//283 2102//283
f 2103//283 2101//283 2102//283
f 2120//416 2121//416 2124//416
f 2124//292 2121//292 2127//292
f 2121//292 2133//292 2127//292
f 2119//416 2120//416 2124//416
f 2133//417 2134//417 2125//417
f 2127//293 2133//293 2125//293
f 2125//419 2134//419 2126//419
f 2134//419 2135//419 2126//419
f 2129//418 2136//418 2128//418
f 2136//418 2132//418 2128//418
f 2126//284 2135//284 2129//284
f 2135//284 2136//284 2129//284
f 2103//248 2131//248 2104//248
f 2104//35 2131//35 2132//35
f 2132//35 2136//35 2104//35
f 2136//35 2135//35 2104//35
f 2104//35 2135//35 2134//35
f 2071//36 2130//36 2112//36
f 2134//35 2133//35 2104//35
f 2133//249 2121//249 2104//249
f 2104//35 2121//35 2087//35
f 1031//35 1033//35 2137//35
f 1254//35 1031//35 2137//35
f 2137//35 1033//35 1786//35
f 2138//1 978//1 1255//1
f 1763//35 1790//35 1786//35
f 1788//337 2138//337 1786//337
f 1790//35 1792//35 1786//35
f 2138//1 1788//1 978//1
f 1786//35 1792//35 1794//35
f 1786//35 2051//35 2044//35
f 2049//35 2051//35 1786//35
f 2047//35 2049//35 1786//35
f 1786//35 1794//35 2045//35
f 2047//35 1786//35 2045//35
f 2139//1 2140//1 1255//1
f 2140//1 2141//1 1255//1
f 2142//35 2143//35 1256//35
f 1254//35 2137//35 1256//35
f 2137//35 2144//35 1256//35
f 1255//1 2141//1 2145//1
f 2145//1 2138//1 1255//1
f 1256//35 2144//35 2142//35
f 1256//35 2146//35 2147//35
f 2148//35 1256//35 2147//35
f 2149//1 2150//1 1255//1
f 2143//35 2151//35 1256//35
f 1256//35 2151//35 2146//35
f 1255//1 2152//1 2139//1
f 2150//1 2153//1 1255//1
f 2153//1 2152//1 1255//1
f 2140//452 2139//452 2143//452
f 1786//453 2138//453 2137//453
f 2138//453 2145//453 2137//453
f 2137//454 2145//454 2144//454
f 2145//454 2141//454 2144//454
f 2144//455 2141//455 2142//455
f 2141//455 2140//455 2142//455
f 2142//452 2140//452 2143//452
f 2150//427 2149//427 2148//427
f 2147//427 2150//427 2148//427
f 2153//428 2150//428 2147//428
f 2146//428 2153//428 2147//428
f 2152//429 2153//429 2146//429
f 2151//429 2152//429 2146//429
f 2139//431 2152//431 2151//431
f 2143//431 2139//431 2151//431
f 1369//1 1366//1 2154//1
f 2155//1 2149//1 1255//1
f 2156//35 1256//35 2148//35
f 1365//38 1416//38 1366//38
f 1255//311 1256//311 2156//311
f 2155//311 1255//311 2156//311
f 2149//309 2157//309 2158//309
f 2148//309 2149//309 2158//309
f 2148//35 2158//35 2159//35
f 2154//1 2160//1 2161//1
f 1366//1 2160//1 2154//1
f 2157//1 2149//1 2155//1
f 2161//1 2162//1 2154//1
f 2159//35 2156//35 2148//35
f 2160//38 1366//38 2163//38
f 2155//456 2156//456 2162//456
f 1418//35 2164//35 1417//35
f 1418//248 1417//248 1415//248
f 1366//38 1416//38 1417//38
f 2154//457 2165//457 2164//457
f 1369//458 2154//458 2164//458
f 1418//459 1369//459 2164//459
f 2164//35 2165//35 1417//35
f 2165//35 2166//35 1417//35
f 2156//456 2166//456 2162//456
f 2163//38 1366//38 1417//38
f 2162//460 2166//460 2154//460
f 2163//38 1417//38 2167//38
f 2166//461 2156//461 2168//461
f 2166//460 2165//460 2154//460
f 2169//1 2057//1 2058//1
f 2170//1 2169//1 2058//1
f 2169//36 2171//36 2057//36
f 2171//36 2172//36 2057//36
f 2058//1 2173//1 2170//1
f 2174//35 2061//35 2059//35
f 2057//36 2172//36 2059//36
f 2174//462 2058//462 2061//462
f 2173//463 2058//463 2174//463
f 2175//463 2173//463 2174//463
f 2175//35 2174//35 2059//35
f 2176//464 2177//464 2175//464
f 2178//465 2177//465 2176//465
f 2179//465 2178//465 2176//465
f 2177//464 2173//464 2175//464
f 2172//466 2180//466 2181//466
f 2172//466 2171//466 2180//466
f 2182//35 2183//35 2059//35
f 2059//35 2183//35 2184//35
f 2185//35 2182//35 2059//35
f 2059//36 2172//36 2185//36
f 2184//35 2186//35 2059//35
f 2186//35 2187//35 2059//35
f 2059//35 2187//35 2175//35
f 2178//1 2188//1 2189//1
f 2188//1 2157//1 2189//1
f 2158//467 2157//467 2188//467
f 2189//1 2155//1 2161//1
f 2155//1 2162//1 2161//1
f 2189//1 2157//1 2155//1
f 2190//35 2191//35 2163//35
f 2163//35 2191//35 2192//35
f 2193//35 2194//35 2163//35
f 2195//35 2190//35 2163//35
f 2196//248 2194//248 2193//248
f 2197//35 2196//35 2193//35
f 2163//35 2198//35 2195//35
f 2194//35 2198//35 2163//35
f 2192//38 2160//38 2163//38
f 2177//1 2178//1 2199//1
f 2178//1 2189//1 2199//1
f 2200//35 2201//35 2202//35
f 2203//35 2201//35 2200//35
f 2204//35 2205//35 2171//35
f 2205//35 2206//35 2171//35
f 2171//35 2206//35 2180//35
f 2207//35 2204//35 2171//35
f 2173//1 2177//1 2170//1
f 2207//35 2171//35 2208//35
f 2171//35 2209//35 2208//35
f 2170//1 2177//1 2199//1
f 2206//35 2203//35 2180//35
f 2180//35 2203//35 2200//35
f 2209//36 2171//36 2169//36
f 2210//250 2211//250 2212//250
f 2212//1 2211//1 2213//1
f 2068//52 2084//52 2212//52
f 2212//52 2084//52 2214//52
f 2213//1 2215//1 2212//1
f 2216//244 2217//244 2215//244
f 2213//244 2216//244 2215//244
f 2215//1 2218//1 2212//1
f 2219//1 2220//1 2212//1
f 2221//253 2219//253 2212//253
f 2212//250 2218//250 2221//250
f 2084//249 2222//249 2223//249
f 2224//35 2200//35 2202//35
f 2223//35 2225//35 2084//35
f 2197//35 2200//35 2224//35
f 2225//35 2226//35 2084//35
f 2227//35 2222//35 2084//35
f 2228//248 2229//248 2197//248
f 2228//35 2197//35 2224//35
f 2229//35 2196//35 2197//35
f 2084//249 2226//249 2217//249
f 2229//47 2230//47 2196//47
f 2199//1 2231//1 2230//1
f 2232//1 2231//1 2199//1
f 2230//47 2231//47 2196//47
f 2216//35 2233//35 2084//35
f 2217//35 2216//35 2084//35
f 2230//1 2234//1 2199//1
f 2234//1 2235//1 2199//1
f 2214//52 2094//52 2069//52
f 2199//1 2189//1 2236//1
f 2189//1 2161//1 2236//1
f 2236//1 2161//1 2237//1
f 2161//1 2160//1 2237//1
f 2084//52 2094//52 2214//52
f 2237//38 2160//38 2192//38
f 2210//410 2238//410 2211//410
f 2214//1 2210//1 2212//1
f 2211//411 2233//411 2213//411
f 2239//413 2240//413 2241//413
f 2240//413 2242//413 2241//413
f 2238//410 2233//410 2211//410
f 2241//245 2242//245 2210//245
f 2242//245 2238//245 2210//245
f 2233//411 2216//411 2213//411
f 2214//250 2243//250 2244//250
f 2214//253 2241//253 2210//253
f 2239//1 2241//1 2214//1
f 2245//1 2239//1 2214//1
f 2245//253 2214//253 2244//253
f 2246//1 2247//1 2214//1
f 2214//253 2247//253 2243//253
f 2084//35 2233//35 2094//35
f 2231//46 2232//46 2194//46
f 2196//46 2231//46 2194//46
f 2248//1 2232//1 2236//1
f 2194//45 2232//45 2198//45
f 2232//45 2248//45 2198//45
f 2198//44 2248//44 2195//44
f 2236//1 2232//1 2199//1
f 2248//44 2249//44 2195//44
f 2195//43 2249//43 2190//43
f 2249//43 2250//43 2190//43
f 2240//35 2251//35 2094//35
f 2252//249 2253//249 2094//249
f 2254//35 2252//35 2094//35
f 2094//35 2251//35 2254//35
f 2233//249 2238//249 2094//249
f 2094//248 2238//248 2242//248
f 2242//249 2240//249 2094//249
f 2249//1 2248//1 2236//1
f 2250//1 2249//1 2236//1
f 2236//1 2255//1 2250//1
f 2256//1 2255//1 2236//1
f 2257//38 2087//38 2212//38
f 2087//38 2068//38 2212//38
f 2212//1 2220//1 2257//1
f 2225//273 2223//273 2219//273
f 2221//273 2225//273 2219//273
f 2217//409 2226//409 2218//409
f 2215//409 2217//409 2218//409
f 2226//275 2225//275 2221//275
f 2218//275 2226//275 2221//275
f 2220//38 2222//38 2258//38
f 2222//38 2227//38 2258//38
f 2258//347 2227//347 2259//347
f 2227//347 2260//347 2259//347
f 2219//344 2223//344 2220//344
f 2223//344 2222//344 2220//344
f 2259//1 2261//1 2257//1
f 2261//1 2262//1 2257//1
f 2257//1 2262//1 2263//1
f 2263//1 2264//1 2257//1
f 2264//253 2265//253 2257//253
f 2220//252 2258//252 2257//252
f 2257//1 2258//1 2259//1
f 2261//278 2266//278 2262//278
f 2260//277 2266//277 2261//277
f 2259//277 2260//277 2261//277
f 2266//278 2267//278 2262//278
f 2262//414 2267//414 2263//414
f 2267//414 2268//414 2263//414
f 2263//289 2268//289 2264//289
f 2268//289 2269//289 2264//289
f 2264//415 2269//415 2265//415
f 2269//415 2270//415 2265//415
f 2265//416 2270//416 2271//416
f 2270//416 2272//416 2271//416
f 2273//37 2214//37 2069//37
f 2104//37 2273//37 2069//37
f 2273//1 2246//1 2214//1
f 2244//280 2254//280 2245//280
f 2252//281 2254//281 2244//281
f 2243//281 2252//281 2244//281
f 2254//280 2251//280 2245//280
f 2253//282 2252//282 2243//282
f 2251//247 2240//247 2239//247
f 2247//282 2253//282 2243//282
f 2245//247 2251//247 2239//247
f 2246//283 2274//283 2247//283
f 2274//283 2253//283 2247//283
f 2275//288 2274//288 2246//288
f 2276//288 2275//288 2246//288
f 2277//287 2275//287 2276//287
f 2278//287 2277//287 2276//287
f 2257//1 2265//1 2273//1
f 2257//52 2273//52 2087//52
f 2273//52 2104//52 2087//52
f 2276//1 2246//1 2273//1
f 2279//1 2280//1 2273//1
f 2273//1 2281//1 2279//1
f 2278//1 2276//1 2273//1
f 2273//1 2271//1 2281//1
f 2273//1 2282//1 2278//1
f 2280//1 2282//1 2273//1
f 2265//250 2271//250 2273//250
f 2283//419 2284//419 2280//419
f 2280//284 2284//284 2282//284
f 2285//418 2277//418 2278//418
f 2282//418 2285//418 2278//418
f 2279//419 2283//419 2280//419
f 2286//417 2283//417 2279//417
f 2271//292 2272//292 2281//292
f 2272//292 2286//292 2281//292
f 2281//417 2286//417 2279//417
f 2284//284 2285//284 2282//284
f 2112//35 2227//35 2084//35
f 2287//1 2288//1 2199//1
f 2289//1 2287//1 2199//1
f 2199//1 2235//1 2289//1
f 2235//49 2234//49 2228//49
f 2228//48 2234//48 2229//48
f 2224//49 2235//49 2228//49
f 2287//51 2289//51 2202//51
f 2201//51 2287//51 2202//51
f 2234//48 2230//48 2229//48
f 2202//259 2289//259 2224//259
f 2289//259 2235//259 2224//259
f 2204//349 2290//349 2205//349
f 2290//349 2291//349 2205//349
f 2199//1 2288//1 2170//1
f 2288//1 2292//1 2170//1
f 2205//32 2291//32 2206//32
f 2291//32 2292//32 2206//32
f 2206//34 2292//34 2203//34
f 2292//34 2288//34 2203//34
f 2288//33 2287//33 2201//33
f 2203//33 2288//33 2201//33
f 2272//35 2270//35 2112//35
f 2112//35 2270//35 2269//35
f 2266//35 2260//35 2112//35
f 2260//35 2227//35 2112//35
f 2170//1 2292//1 2291//1
f 2291//1 2290//1 2170//1
f 2290//1 2293//1 2170//1
f 2269//35 2268//35 2112//35
f 2112//35 2267//35 2266//35
f 2268//35 2267//35 2112//35
f 2130//35 2272//35 2112//35
f 2294//1 2295//1 2170//1
f 2296//1 2169//1 2170//1
f 2297//1 2296//1 2170//1
f 2170//1 2295//1 2297//1
f 2298//1 2294//1 2170//1
f 2170//1 2293//1 2299//1
f 2170//1 2300//1 2298//1
f 2301//1 2300//1 2170//1
f 2299//1 2301//1 2170//1
f 2207//30 2293//30 2204//30
f 2293//30 2290//30 2204//30
f 2302//18 2303//18 2304//18
f 2301//28 2299//28 2208//28
f 2305//28 2301//28 2208//28
f 2300//27 2301//27 2305//27
f 2304//27 2300//27 2305//27
f 2299//29 2293//29 2207//29
f 2208//29 2299//29 2207//29
f 2303//18 2300//18 2304//18
f 2296//36 2209//36 2169//36
f 2208//35 2209//35 2305//35
f 2306//452 2209//452 2297//452
f 2297//452 2209//452 2296//452
f 2306//35 2302//35 2209//35
f 2302//249 2304//249 2209//249
f 2209//248 2304//248 2305//248
f 2236//1 2307//1 2308//1
f 2236//1 2237//1 2309//1
f 2274//1 2307//1 2236//1
f 2309//1 2310//1 2236//1
f 2310//1 2311//1 2236//1
f 2236//1 2311//1 2298//1
f 2094//35 2253//35 2130//35
f 2308//1 2256//1 2236//1
f 2312//1 2274//1 2298//1
f 2298//253 2274//253 2236//253
f 2250//265 2255//265 2191//265
f 2191//41 2255//41 2313//41
f 2255//41 2256//41 2313//41
f 2190//265 2250//265 2191//265
f 2313//40 2256//40 2314//40
f 2256//40 2308//40 2314//40
f 2308//39 2307//39 2315//39
f 2314//39 2308//39 2315//39
f 2315//306 2307//306 2316//306
f 2317//25 2318//25 2319//25
f 2274//304 2312//304 2320//304
f 2318//22 2321//22 2322//22
f 2323//25 2317//25 2319//25
f 2319//22 2318//22 2322//22
f 2320//26 2312//26 2323//26
f 2312//26 2317//26 2323//26
f 2307//351 2274//351 2316//351
f 2316//350 2274//350 2320//350
f 2309//38 2237//38 2192//38
f 2314//35 2315//35 2192//35
f 2313//35 2314//35 2192//35
f 2191//35 2313//35 2192//35
f 2324//35 2316//35 2320//35
f 2310//341 2325//341 2311//341
f 2324//341 2325//341 2310//341
f 2309//340 2324//340 2310//340
f 2320//35 2323//35 2325//35
f 2309//340 2192//340 2324//340
f 2324//35 2320//35 2325//35
f 2315//35 2316//35 2324//35
f 2192//35 2315//35 2324//35
f 2298//1 2326//1 2327//1
f 2327//253 2321//253 2298//253
f 2321//1 2318//1 2298//1
f 2298//1 2318//1 2317//1
f 2298//1 2303//1 2326//1
f 2300//250 2303//250 2298//250
f 2130//248 2274//248 2275//248
f 2253//35 2274//35 2130//35
f 2311//1 2328//1 2298//1
f 2317//1 2312//1 2298//1
f 2298//1 2328//1 2329//1
f 2329//1 2294//1 2298//1
f 2286//35 2272//35 2130//35
f 2275//249 2277//249 2130//249
f 2277//35 2285//35 2130//35
f 2130//35 2284//35 2283//35
f 2285//35 2284//35 2130//35
f 2283//35 2286//35 2130//35
f 2321//430 2327//430 2330//430
f 2331//19 2326//19 2302//19
f 2322//430 2321//430 2330//430
f 2330//20 2327//20 2331//20
f 2327//20 2326//20 2331//20
f 2326//19 2303//19 2302//19
f 2322//248 2330//248 2332//248
f 2332//35 2330//35 2333//35
f 2330//35 2331//35 2333//35
f 2295//455 2306//455 2297//455
f 2333//35 2331//35 2306//35
f 2331//35 2302//35 2306//35
f 2294//454 2333//454 2295//454
f 2333//455 2306//455 2295//455
f 2332//454 2333//454 2294//454
f 2325//35 2323//35 2334//35
f 2319//35 2322//35 2335//35
f 2325//339 2334//339 2311//339
f 2334//35 2319//35 2335//35
f 2311//339 2334//339 2328//339
f 2323//249 2319//249 2334//249
f 2334//338 2335//338 2328//338
f 2328//338 2335//338 2329//338
f 2335//453 2332//453 2329//453
f 2335//35 2322//35 2332//35
f 2329//453 2332//453 2294//453
f 2188//468 2178//468 2179//468
f 2336//468 2188//468 2179//468
f 2158//467 2188//467 2336//467
f 2159//469 2158//469 2336//469
f 2336//35 2337//35 2168//35
f 2168//470 2159//470 2336//470
f 2197//471 2193//471 2338//471
f 2338//471 2193//471 2339//471
f 2193//472 2163//472 2339//472
f 2339//472 2163//472 2167//472
f 2156//473 2159//473 2168//473
f 1417//38 2340//38 2167//38
f 2341//35 2342//35 1417//35
f 2342//249 2343//249 1417//249
f 2343//35 2344//35 1417//35
f 1417//35 2344//35 2340//35
f 1417//35 2166//35 2341//35
f 2339//1 2345//1 2338//1
f 2337//35 2346//35 2168//35
f 2168//35 2346//35 2166//35
f 2346//249 2347//249 2166//249
f 2166//35 2347//35 2341//35
f 2348//250 2345//250 2339//250
f 2349//1 2350//1 2167//1
f 2167//38 2340//38 2351//38
f 2350//1 2348//1 2167//1
f 2352//1 2167//1 2353//1
f 2167//1 2348//1 2339//1
f 2167//1 2351//1 2353//1
f 2167//1 2352//1 2349//1
f 2181//474 2200//474 2354//474
f 2200//337 2197//337 2354//337
f 2354//337 2197//337 2338//337
f 2180//474 2200//474 2181//474
f 2336//35 2179//35 2355//35
f 2356//1 2357//1 2354//1
f 2357//1 2358//1 2354//1
f 2354//1 2358//1 2181//1
f 2176//35 2359//35 2179//35
f 2179//35 2360//35 2355//35
f 2359//35 2360//35 2179//35
f 2181//1 2361//1 2172//1
f 2362//1 2363//1 2172//1
f 2175//35 2364//35 2176//35
f 2187//35 2364//35 2175//35
f 2365//1 2362//1 2172//1
f 2361//1 2366//1 2172//1
f 2172//1 2366//1 2365//1
f 2358//1 2361//1 2181//1
f 2172//36 2367//36 2185//36
f 2364//35 2359//35 2176//35
f 2172//1 2363//1 2367//1
f 2356//1 2354//1 2368//1
f 2368//1 2338//1 2369//1
f 2338//1 2370//1 2369//1
f 2371//35 2337//35 2336//35
f 2355//35 2371//35 2336//35
f 2354//1 2338//1 2368//1
f 2345//1 2370//1 2338//1
f 2355//49 2356//49 2371//49
f 2356//49 2368//49 2371//49
f 2371//48 2368//48 2337//48
f 2368//48 2369//48 2337//48
f 2370//46 2345//46 2347//46
f 2346//46 2370//46 2347//46
f 2369//47 2370//47 2346//47
f 2337//47 2369//47 2346//47
f 2347//45 2345//45 2341//45
f 2345//45 2348//45 2341//45
f 2341//44 2348//44 2342//44
f 2350//43 2349//43 2343//43
f 2343//265 2349//265 2344//265
f 2349//265 2352//265 2344//265
f 2342//43 2350//43 2343//43
f 2348//44 2350//44 2342//44
f 2364//33 2361//33 2359//33
f 2361//33 2358//33 2359//33
f 2359//51 2358//51 2360//51
f 2358//51 2357//51 2360//51
f 2360//259 2357//259 2355//259
f 2357//259 2356//259 2355//259
f 2365//32 2366//32 2187//32
f 2187//34 2366//34 2364//34
f 2186//32 2365//32 2187//32
f 2362//349 2365//349 2186//349
f 2184//349 2362//349 2186//349
f 2363//30 2362//30 2184//30
f 2183//30 2363//30 2184//30
f 2366//34 2361//34 2364//34
f 2372//1 2373//1 2367//1
f 2363//1 2372//1 2367//1
f 2374//250 2375//250 2376//250
f 2373//1 2377//1 2367//1
f 2367//1 2377//1 2378//1
f 2378//1 2374//1 2376//1
f 2377//253 2374//253 2378//253
f 2182//29 2372//29 2183//29
f 2372//29 2363//29 2183//29
f 2373//28 2372//28 2182//28
f 2379//28 2373//28 2182//28
f 2377//27 2373//27 2379//27
f 2380//27 2377//27 2379//27
f 2381//35 2382//35 2383//35
f 2374//18 2377//18 2380//18
f 2384//18 2374//18 2380//18
f 2375//19 2374//19 2384//19
f 2381//19 2375//19 2384//19
f 2385//20 2375//20 2381//20
f 2383//20 2385//20 2381//20
f 2380//35 2185//35 2384//35
f 2185//35 2386//35 2384//35
f 2384//35 2386//35 2381//35
f 2386//35 2382//35 2381//35
f 2382//455 2386//455 2376//455
f 2378//452 2185//452 2367//452
f 2380//35 2379//35 2185//35
f 2376//455 2386//455 2378//455
f 2379//35 2182//35 2185//35
f 2386//452 2185//452 2378//452
f 2387//1 2388//1 2351//1
f 2389//1 2387//1 2351//1
f 2390//1 2387//1 2389//1
f 2391//1 2390//1 2389//1
f 2392//1 2391//1 2389//1
f 2393//1 2391//1 2392//1
f 2351//1 2388//1 2394//1
f 2353//1 2351//1 2394//1
f 2344//35 2395//35 2340//35
f 2388//351 2387//351 2396//351
f 2344//41 2352//41 2395//41
f 2397//306 2388//306 2396//306
f 2394//39 2388//39 2397//39
f 2398//39 2394//39 2397//39
f 2353//40 2394//40 2398//40
f 2352//41 2353//41 2395//41
f 2395//40 2353//40 2398//40
f 2399//22 2393//22 2400//22
f 2387//304 2390//304 2401//304
f 2396//350 2387//350 2401//350
f 2401//26 2390//26 2402//26
f 2390//26 2391//26 2402//26
f 2402//25 2391//25 2399//25
f 2391//25 2393//25 2399//25
f 2393//22 2403//22 2400//22
f 2404//341 2405//341 2389//341
f 2351//340 2340//340 2404//340
f 2389//341 2405//341 2392//341
f 2351//340 2404//340 2389//340
f 2404//35 2396//35 2401//35
f 2340//35 2397//35 2404//35
f 2398//35 2397//35 2340//35
f 2402//35 2405//35 2401//35
f 2395//35 2398//35 2340//35
f 2397//35 2396//35 2404//35
f 2405//35 2404//35 2401//35
f 2375//1 2385//1 2406//1
f 2407//1 2393//1 2392//1
f 2403//1 2393//1 2407//1
f 2406//1 2385//1 2408//1
f 2376//1 2375//1 2406//1
f 2408//1 2403//1 2407//1
f 2385//1 2403//1 2408//1
f 2400//430 2403//430 2383//430
f 2403//430 2385//430 2383//430
f 2400//35 2409//35 2399//35
f 2406//454 2382//454 2376//454
f 2410//35 2409//35 2400//35
f 2410//454 2382//454 2406//454
f 2382//35 2410//35 2383//35
f 2383//35 2410//35 2400//35
f 2399//35 2411//35 2402//35
f 2411//35 2405//35 2402//35
f 2409//35 2411//35 2399//35
f 2405//339 2411//339 2392//339
f 2407//338 2409//338 2408//338
f 2411//338 2409//338 2407//338
f 2392//339 2411//339 2407//339
f 2408//453 2410//453 2406//453
f 2409//453 2410//453 2408//453
f 19//35 18//35 2412//35
f 2413//35 34//35 33//35
f 2413//35 29//35 2412//35
f 29//35 21//35 2412//35
f 2413//35 30//35 29//35
f 21//35 22//35 2412//35
f 2413//35 33//35 30//35
f 22//35 19//35 2412//35
f 36//1 2414//1 4//1
f 16//1 2415//1 35//1
f 35//1 2416//1 1//1
f 2416//1 2417//1 1//1
f 2417//1 36//1 1//1
f 2416//1 2418//1 2417//1
f 2416//1 2419//1 2418//1
f 2418//1 2420//1 2417//1
f 2417//1 2421//1 36//1
f 35//1 2422//1 2423//1
f 2423//1 2424//1 2416//1
f 2424//1 2425//1 2416//1
f 2423//1 2426//1 2424//1
f 35//1 2423//1 2416//1
f 2422//1 2427//1 2423//1
f 35//1 2428//1 2422//1
f 2412//35 2429//35 2430//35
f 2430//35 2433//35 2432//35
f 2432//35 2431//35 2434//35
f 2434//35 2435//35 2436//35
f 2412//35 2432//35 2436//35
f 2432//35 2434//35 2436//35
f 2412//35 2430//35 2432//35
f 2440//35 2443//35 2413//35
f 2442//35 2441//35 2440//35
f 2438//35 2439//35 2442//35
f 2436//35 2438//35 2442//35
f 2442//35 2440//35 2413//35
f 2436//35 2437//35 2438//35
f 2436//35 2442//35 2413//35
f 2412//35 2436//35 2413//35
f 2444//35 2445//35 2446//35
f 2447//1 2448//1 2449//1
f 2450//491 2446//491 2448//491
f 2448//491 2447//491 2450//491
f 2446//37 2445//37 2449//37
f 2449//37 2448//37 2446//37
f 2445//492 2444//492 2451//492
f 2451//492 2449//492 2445//492
f 2444//493 2452//493 2453//493
f 2453//493 2451//493 2444//493
f 2454//35 2452//35 2444//35
f 2446//35 2454//35 2444//35
f 2449//1 2451//1 2453//1
f 2447//494 2455//494 2454//494
f 2453//1 2455//1 2447//1
f 2449//1 2453//1 2447//1
f 2455//38 2453//38 2452//38
f 2454//494 2450//494 2447//494
f 2452//38 2454//38 2455//38
f 2446//35 2450//35 2454//35
f 2456//492 2457//492 2458//492
f 2458//492 2459//492 2456//492
f 2459//35 2458//35 2460//35
f 2460//35 2461//35 2459//35
f 2457//1 2456//1 2462//1
f 2463//491 2464//491 2465//491
f 2464//1 2463//1 2457//1
f 2457//1 2462//1 2464//1
f 2460//37 2458//37 2457//37
f 2457//37 2463//37 2460//37
f 2465//491 2460//491 2463//491
f 2460//35 2465//35 2461//35
f 2459//493 2466//493 2462//493
f 2462//493 2456//493 2459//493
f 2466//38 2461//38 2467//38
f 2467//38 2462//38 2466//38
f 2462//1 2467//1 2464//1
f 2461//35 2466//35 2459//35
f 2464//494 2467//494 2461//494
f 2461//494 2465//494 2464//494
f 2468//491 2469//491 2470//491
f 2470//491 2471//491 2468//491
f 2472//35 2473//35 2469//35
f 2469//37 2473//37 2474//37
f 2474//37 2470//37 2469//37
f 2473//492 2472//492 2475//492
f 2471//1 2470//1 2474//1
f 2475//492 2474//492 2473//492
f 2476//35 2477//35 2472//35
f 2469//35 2476//35 2472//35
f 2478//493 2475//493 2472//493
f 2472//493 2477//493 2478//493
f 2474//1 2475//1 2478//1
f 2478//1 2479//1 2471//1
f 2474//1 2478//1 2471//1
f 2477//38 2476//38 2479//38
f 2479//38 2478//38 2477//38
f 2469//35 2468//35 2476//35
f 2471//494 2479//494 2476//494
f 2476//494 2468//494 2471//494
f 2480//1 2481//1 2482//1
f 2483//35 2484//35 2485//35
f 2485//35 2486//35 2483//35
f 2481//492 2480//492 2484//492
f 2485//37 2484//37 2480//37
f 2480//37 2487//37 2485//37
f 2484//492 2483//492 2481//492
f 2487//491 2488//491 2489//491
f 2489//491 2485//491 2487//491
f 2485//35 2489//35 2486//35
f 2488//1 2487//1 2480//1
f 2480//1 2482//1 2488//1
f 2490//38 2482//38 2491//38
f 2491//38 2486//38 2490//38
f 2482//1 2490//1 2488//1
f 2482//493 2481//493 2483//493
f 2483//493 2491//493 2482//493
f 2488//494 2490//494 2486//494
f 2486//35 2491//35 2483//35
f 2486//494 2489//494 2488//494
f 2492//35 2493//35 2494//35
f 2495//1 2496//1 2497//1
f 2498//491 2494//491 2496//491
f 2496//491 2495//491 2498//491
f 2494//37 2493//37 2497//37
f 2497//37 2496//37 2494//37
f 2493//492 2492//492 2499//492
f 2499//492 2497//492 2493//492
f 2492//493 2500//493 2501//493
f 2501//493 2499//493 2492//493
f 2500//38 2502//38 2503//38
f 2503//38 2501//38 2500//38
f 2502//35 2500//35 2492//35
f 2494//35 2502//35 2492//35
f 2497//1 2499//1 2501//1
f 2501//1 2503//1 2495//1
f 2495//494 2503//494 2502//494
f 2502//494 2498//494 2495//494
f 2497//1 2501//1 2495//1
f 2494//35 2498//35 2502//35
f 2504//491 2505//491 2506//491
f 2506//491 2507//491 2504//491
f 2508//35 2509//35 2505//35
f 2505//37 2509//37 2510//37
f 2510//37 2506//37 2505//37
f 2509//492 2508//492 2511//492
f 2507//1 2506//1 2510//1
f 2511//492 2510//492 2509//492
f 2512//35 2513//35 2508//35
f 2505//35 2512//35 2508//35
f 2514//493 2511//493 2508//493
f 2508//493 2513//493 2514//493
f 2510//1 2511//1 2514//1
f 2514//1 2515//1 2507//1
f 2510//1 2514//1 2507//1
f 2513//38 2512//38 2515//38
f 2515//38 2514//38 2513//38
f 2505//35 2504//35 2512//35
f 2507//494 2515//494 2512//494
f 2512//494 2504//494 2507//494
f 2516//492 2517//492 2518//492
f 2518//492 2519//492 2516//492
f 2519//35 2518//35 2520//35
f 2520//35 2521//35 2519//35
f 2517//1 2516//1 2522//1
f 2523//491 2524//491 2525//491
f 2524//1 2523//1 2517//1
f 2517//1 2522//1 2524//1
f 2520//37 2518//37 2517//37
f 2517//37 2523//37 2520//37
f 2525//491 2520//491 2523//491
f 2520//35 2525//35 2521//35
f 2519//493 2526//493 2522//493
f 2522//493 2516//493 2519//493
f 2526//38 2521//38 2527//38
f 2527//38 2522//38 2526//38
f 2522//1 2527//1 2524//1
f 2521//35 2526//35 2519//35
f 2524//494 2527//494 2521//494
f 2521//494 2525//494 2524//494
f 2528//35 2529//35 2530//35
f 2531//1 2532//1 2533//1
f 2534//491 2530//491 2532//491
f 2532//491 2531//491 2534//491
f 2530//37 2529//37 2533//37
f 2533//37 2532//37 2530//37
f 2529//492 2528//492 2535//492
f 2535//492 2533//492 2529//492
f 2528//493 2536//493 2537//493
f 2537//493 2535//493 2528//493
f 2538//35 2536//35 2528//35
f 2530//35 2538//35 2528//35
f 2533//1 2535//1 2537//1
f 2531//494 2539//494 2538//494
f 2537//1 2539//1 2531//1
f 2533//1 2537//1 2531//1
f 2539//38 2537//38 2536//38
f 2538//494 2534//494 2531//494
f 2536//38 2538//38 2539//38
f 2530//35 2534//35 2538//35
f 2540//492 2541//492 2542//492
f 2542//492 2543//492 2540//492
f 2543//35 2542//35 2544//35
f 2544//35 2545//35 2543//35
f 2541//1 2540//1 2546//1
f 2547//491 2548//491 2549//491
f 2548//1 2547//1 2541//1
f 2541//1 2546//1 2548//1
f 2544//37 2542//37 2541//37
f 2541//37 2547//37 2544//37
f 2549//491 2544//491 2547//491
f 2544//35 2549//35 2545//35
f 2543//493 2550//493 2546//493
f 2546//493 2540//493 2543//493
f 2550//38 2545//38 2551//38
f 2551//38 2546//38 2550//38
f 2546//1 2551//1 2548//1
f 2545//35 2550//35 2543//35
f 2548//494 2551//494 2545//494
f 2545//494 2549//494 2548//494
f 2552//35 2553//35 2554//35
f 2555//1 2556//1 2557//1
f 2558//491 2554//491 2556//491
f 2556//491 2555//491 2558//491
f 2554//37 2553//37 2557//37
f 2557//37 2556//37 2554//37
f 2553//492 2552//492 2559//492
f 2559//492 2557//492 2553//492
f 2552//493 2560//493 2561//493
f 2561//493 2559//493 2552//493
f 2562//35 2560//35 2552//35
f 2554//35 2562//35 2552//35
f 2557//1 2559//1 2561//1
f 2555//494 2563//494 2562//494
f 2561//1 2563//1 2555//1
f 2557//1 2561//1 2555//1
f 2563//38 2561//38 2560//38
f 2562//494 2558//494 2555//494
f 2560//38 2562//38 2563//38
f 2554//35 2558//35 2562//35
f 2564//35 2565//35 2566//35
f 2567//1 2568//1 2569//1
f 2570//491 2566//491 2568//491
f 2568//491 2567//491 2570//491
f 2566//37 2565//37 2569//37
f 2569//37 2568//37 2566//37
f 2565//492 2564//492 2571//492
f 2571//492 2569//492 2565//492
f 2564//493 2572//493 2573//493
f 2573//493 2571//493 2564//493
f 2574//35 2572//35 2564//35
f 2566//35 2574//35 2564//35
f 2569//1 2571//1 2573//1
f 2567//494 2575//494 2574//494
f 2573//1 2575//1 2567//1
f 2569//1 2573//1 2567//1
f 2575//38 2573//38 2572//38
f 2574//494 2570//494 2567//494
f 2572//38 2574//38 2575//38
f 2566//35 2570//35 2574//35
f 2576//1 2577//1 2578//1
f 2579//35 2580//35 2581//35
f 2581//35 2582//35 2579//35
f 2577//492 2576//492 2580//492
f 2580//492 2579//492 2577//492
f 2576//37 2583//37 2581//37
f 2581//37 2580//37 2576//37
f 2583//491 2584//491 2585//491
f 2585//491 2581//491 2583//491
f 2581//35 2585//35 2582//35
f 2584//1 2583//1 2576//1
f 2576//1 2578//1 2584//1
f 2586//38 2578//38 2587//38
f 2587//38 2582//38 2586//38
f 2578//1 2586//1 2584//1
f 2578//493 2577//493 2579//493
f 2579//493 2587//493 2578//493
f 2584//494 2586//494 2582//494
f 2582//35 2587//35 2579//35
f 2582//494 2585//494 2584//494
f 2588//492 2589//492 2590//492
f 2591//35 2592//35 2589//35
f 2589//35 2588//35 2593//35
f 2593//35 2591//35 2589//35
f 2594//1 2590//1 2595//1
f 2590//492 2594//492 2588//492
f 2589//493 2592//493 2595//493
f 2595//493 2590//493 2589//493
f 2591//494 2596//494 2597//494
f 2597//494 2598//494 2591//494
f 2594//1 2595//1 2597//1
f 2597//1 2599//1 2594//1
f 2595//1 2598//1 2597//1
f 2593//35 2596//35 2591//35
f 2594//37 2599//37 2593//37
f 2593//37 2588//37 2594//37
f 2599//491 2597//491 2596//491
f 2596//491 2593//491 2599//491
f 2592//38 2591//38 2598//38
f 2598//38 2595//38 2592//38
f 2600//1 2601//1 2602//1
f 2603//35 2604//35 2605//35
f 2605//35 2606//35 2603//35
f 2601//492 2600//492 2604//492
f 2605//37 2604//37 2600//37
f 2600//37 2607//37 2605//37
f 2604//492 2603//492 2601//492
f 2607//491 2608//491 2609//491
f 2609//491 2605//491 2607//491
f 2605//35 2609//35 2606//35
f 2608//1 2607//1 2600//1
f 2600//1 2602//1 2608//1
f 2610//38 2602//38 2611//38
f 2611//38 2606//38 2610//38
f 2602//1 2610//1 2608//1
f 2602//493 2601//493 2603//493
f 2603//493 2611//493 2602//493
f 2608//494 2610//494 2606//494
f 2606//35 2611//35 2603//35
f 2606//494 2609//494 2608//494
f 2612//35 2613//35 2614//35
f 2615//1 2616//1 2617//1
f 2618//491 2614//491 2616//491
f 2616//491 2615//491 2618//491
f 2614//37 2613//37 2617//37
f 2617//37 2616//37 2614//37
f 2613//492 2612//492 2619//492
f 2619//492 2617//492 2613//492
f 2612//493 2620//493 2621//493
f 2621//493 2619//493 2612//493
f 2620//38 2622//38 2623//38
f 2623//38 2621//38 2620//38
f 2622//35 2620//35 2612//35
f 2614//35 2622//35 2612//35
f 2617//1 2619//1 2621//1
f 2621//1 2623//1 2615//1
f 2615//494 2623//494 2622//494
f 2622//494 2618//494 2615//494
f 2617//1 2621//1 2615//1
f 2614//35 2618//35 2622//35
f 2624//495 2625//495 2626//495
f 2627//496 2626//496 2625//496
f 2625//497 2624//497 2628//497
f 2625//498 2628//498 2627//498
f 2629//499 2626//499 2627//499
f 2627//500 2630//500 2631//500
f 2630//501 2632//501 2631//501
f 2631//502 2632//502 2633//502
f 2632//503 2634//503 2633//503
f 2635//504 2629//504 2631//504
f 2631//505 2629//505 2627//505
f 2628//506 2630//506 2627//506
f 2633//507 2635//507 2631//507
f 2636//508 2637//508 2638//508
f 2636//509 2639//509 2633//509
f 2639//510 2640//510 2633//510
f 2640//511 2635//511 2633//511
f 2633//512 2634//512 2636//512
f 2634//513 2637//513 2636//513
f 2638//514 2641//514 2642//514
f 2637//515 2641//515 2638//515
f 2643//516 2639//516 2636//516
f 2638//517 2643//517 2636//517
f 2644//518 2643//518 2638//518
f 2642//519 2644//519 2638//519
f 2645//520 2646//520 2647//520
f 2648//521 2649//521 2642//521
f 2641//522 2650//522 2642//522
f 2642//523 2650//523 2648//523
f 2650//524 2651//524 2648//524
f 2649//525 2644//525 2642//525
f 2651//526 2646//526 2645//526
f 2648//527 2651//527 2645//527
f 2652//528 2647//528 2646//528
f 2645//529 2647//529 2652//529
f 2645//530 2652//530 2648//530
f 2652//531 2649//531 2648//531
f 2653//532 2654//532 2655//532
f 2656//533 2654//533 2653//533
f 2657//534 2658//534 2653//534
f 2659//535 2657//535 2653//535
f 2655//536 2659//536 2653//536
f 2660//537 2661//537 2662//537
f 2653//538 2661//538 2660//538
f 2663//539 2656//539 2653//539
f 2653//540 2658//540 2661//540
f 2658//541 2664//541 2661//541
f 2661//542 2664//542 2662//542
f 2663//543 2653//543 2660//543
f 2665//544 2666//544 2667//544
f 2668//545 2669//545 2670//545
f 2670//546 2669//546 2665//546
f 2664//547 2668//547 2662//547
f 2662//548 2668//548 2670//548
f 2671//549 2660//549 2662//549
f 2670//550 2671//550 2662//550
f 2672//551 2671//551 2670//551
f 2673//552 2672//552 2670//552
f 2665//553 2673//553 2670//553
f 2665//554 2667//554 2673//554
f 2669//555 2666//555 2665//555
f 2673//556 2667//556 2666//556
f 2669//557 2674//557 2666//557
f 2675//556 2673//556 2666//556
f 2666//558 2674//558 2676//558
f 2675//559 2666//559 2676//559
f 2677//560 2678//560 2679//560
f 2680//561 2679//561 2681//561
f 2680//562 2677//562 2679//562
f 2681//563 2679//563 2682//563
f 2679//564 2678//564 2682//564
f 2682//565 2683//565 2681//565
f 2684//566 2683//566 2682//566
f 2685//567 2684//567 2682//567
f 2686//568 2684//568 2685//568
f 2678//569 2687//569 2682//569
f 2682//570 2687//570 2685//570
f 2687//571 2688//571 2685//571
f 2685//572 2688//572 2689//572
f 2689//573 2686//573 2685//573
f 2690//574 2691//574 2680//574
f 2692//561 2680//561 2681//561
f 2681//575 2693//575 2692//575
f 2691//576 2677//576 2680//576
f 2678//577 2677//577 2691//577
f 2694//578 2678//578 2691//578
f 2687//579 2678//579 2694//579
f 2681//580 2695//580 2693//580
f 2683//581 2695//581 2681//581
f 2696//582 2697//582 2698//582
f 2698//583 2697//583 2694//583
f 2697//584 2699//584 2694//584
f 2700//585 2696//585 2698//585
f 2694//586 2699//586 2701//586
f 2688//587 2687//587 2694//587
f 2694//588 2701//588 2688//588
f 2702//589 2686//589 2689//589
f 2703//590 2704//590 2689//590
f 2701//591 2699//591 2689//591
f 2704//592 2702//592 2689//592
f 2705//593 2704//593 2703//593
f 2706//594 2705//594 2703//594
f 2689//595 2699//595 2703//595
f 2699//596 2697//596 2703//596
f 2697//597 2706//597 2703//597
f 2688//598 2701//598 2689//598
f 2707//599 2706//599 2697//599
f 2696//600 2708//600 2707//600
f 2696//601 2707//601 2697//601
f 2709//602 2705//602 2706//602
f 2707//603 2709//603 2706//603
f 2710//604 2709//604 2707//604
f 2711//605 2712//605 2700//605
f 2700//606 2712//606 2696//606
f 2708//607 2710//607 2707//607
f 2712//608 2708//608 2696//608
f 2708//609 2712//609 2710//609
f 2710//610 2712//610 2713//610
f 2712//610 2711//610 2713//610
f 2714//611 2683//611 2715//611
f 2716//612 2646//612 2717//612
f 2646//613 2718//613 2717//613
f 2683//614 2684//614 2715//614
f 2716//615 2652//615 2646//615
f 2651//616 2718//616 2646//616
f 2713//617 2719//617 2710//617
f 2715//618 2684//618 2686//618
f 2686//619 2702//619 2715//619
f 2702//620 2704//620 2715//620
f 2715//621 2704//621 2720//621
f 2719//622 2720//622 2710//622
f 2710//623 2720//623 2709//623
f 2704//624 2705//624 2720//624
f 2720//625 2705//625 2709//625
f 2692//626 2693//626 2690//626
f 2721//627 2630//627 2628//627
f 2632//628 2630//628 2721//628
f 2626//629 2629//629 2722//629
f 2624//630 2721//630 2628//630
f 2723//631 2632//631 2721//631
f 2634//632 2632//632 2723//632
f 2637//633 2634//633 2723//633
f 2723//634 2641//634 2637//634
f 2690//635 2651//635 2723//635
f 2651//636 2650//636 2723//636
f 2717//637 2690//637 2716//637
f 2723//638 2650//638 2641//638
f 2718//639 2651//639 2690//639
f 2717//640 2718//640 2690//640
f 2698//1 2694//1 2724//1
f 2680//641 2692//641 2690//641
f 2694//1 2691//1 2724//1
f 2691//1 2690//1 2724//1
f 2724//1 2690//1 2723//1
f 2725//642 2722//642 2726//642
f 2727//643 2725//643 2726//643
f 2725//644 2626//644 2722//644
f 2727//645 2726//645 2624//645
f 2626//646 2725//646 2727//646
f 2726//647 2721//647 2624//647
f 2727//495 2624//495 2626//495
f 2723//1 2721//1 2724//1
f 2728//1 2729//1 2724//1
f 2721//1 2726//1 2724//1
f 2724//1 2726//1 2728//1
f 2669//648 2668//648 2728//648
f 2726//649 2669//649 2728//649
f 2728//650 2668//650 2664//650
f 2674//651 2669//651 2726//651
f 2676//652 2674//652 2726//652
f 2728//653 2657//653 2729//653
f 2658//654 2657//654 2728//654
f 2664//655 2658//655 2728//655
f 2690//656 2693//656 2714//656
f 2693//657 2695//657 2714//657
f 2690//658 2714//658 2716//658
f 2629//659 2635//659 2730//659
f 2695//660 2683//660 2714//660
f 2652//661 2731//661 2649//661
f 2714//662 2731//662 2652//662
f 2731//663 2644//663 2649//663
f 2643//664 2644//664 2731//664
f 2730//665 2643//665 2731//665
f 2639//666 2643//666 2730//666
f 2640//667 2639//667 2730//667
f 2730//668 2635//668 2640//668
f 2716//669 2714//669 2652//669
f 2732//35 2715//35 2720//35
f 2714//35 2715//35 2732//35
f 2731//35 2714//35 2732//35
f 2719//35 2732//35 2720//35
f 2733//670 2629//670 2730//670
f 2726//671 2722//671 2733//671
f 2733//672 2676//672 2726//672
f 2722//673 2629//673 2733//673
f 2734//674 2672//674 2673//674
f 2671//675 2672//675 2734//675
f 2733//676 2734//676 2673//676
f 2673//677 2675//677 2733//677
f 2675//678 2676//678 2733//678
f 2735//679 2671//679 2734//679
f 2660//680 2671//680 2735//680
f 2734//35 2733//35 2732//35
f 2733//35 2730//35 2732//35
f 2732//35 2730//35 2731//35
f 2732//35 2735//35 2734//35
f 2736//681 2659//681 2655//681
f 2655//682 2737//682 2738//682
f 2738//683 2737//683 2739//683
f 2738//684 2736//684 2655//684
f 2740//685 2736//685 2738//685
f 2739//686 2740//686 2738//686
f 2739//687 2741//687 2740//687
f 2742//688 2741//688 2739//688
f 2737//689 2743//689 2739//689
f 2739//690 2743//690 2742//690
f 2742//691 2744//691 2745//691
f 2746//692 2741//692 2742//692
f 2745//693 2746//693 2742//693
f 2729//694 2659//694 2736//694
f 2743//695 2747//695 2742//695
f 2742//696 2747//696 2744//696
f 2657//697 2659//697 2729//697
f 2729//698 2741//698 2748//698
f 2736//699 2740//699 2729//699
f 2740//700 2741//700 2729//700
f 2654//701 2737//701 2655//701
f 2735//702 2656//702 2663//702
f 2654//703 2656//703 2735//703
f 2749//704 2654//704 2735//704
f 2737//705 2654//705 2749//705
f 2663//706 2660//706 2735//706
f 2750//707 2751//707 2752//707
f 2753//708 2754//708 2755//708
f 2756//709 2757//709 2750//709
f 2752//710 2751//710 2758//710
f 2751//711 2753//711 2755//711
f 2756//712 2753//712 2751//712
f 2757//713 2756//713 2751//713
f 2758//714 2755//714 2759//714
f 2751//715 2755//715 2758//715
f 2760//716 2756//716 2750//716
f 2760//717 2750//717 2761//717
f 2762//718 2750//718 2752//718
f 2750//719 2762//719 2761//719
f 2752//720 2758//720 2763//720
f 2748//721 2745//721 2763//721
f 2747//722 2760//722 2761//722
f 2745//723 2744//723 2763//723
f 2763//724 2744//724 2747//724
f 2761//725 2762//725 2747//725
f 2748//726 2746//726 2745//726
f 2741//727 2746//727 2748//727
f 2762//728 2752//728 2747//728
f 2747//729 2752//729 2763//729
f 2764//1 2765//1 2724//1
f 2763//1 2766//1 2724//1
f 2766//1 2767//1 2724//1
f 2724//1 2767//1 2764//1
f 2729//1 2748//1 2724//1
f 2724//1 2748//1 2763//1
f 2768//730 2769//730 2767//730
f 2770//731 2771//731 2772//731
f 2773//732 2768//732 2766//732
f 2774//733 2773//733 2766//733
f 2769//734 2770//734 2772//734
f 2766//735 2768//735 2767//735
f 2771//736 2770//736 2775//736
f 2776//737 2777//737 2766//737
f 2763//738 2758//738 2759//738
f 2770//739 2778//739 2775//739
f 2777//740 2774//740 2766//740
f 2766//741 2763//741 2779//741
f 2779//742 2763//742 2759//742
f 2776//743 2766//743 2779//743
f 2775//744 2780//744 2764//744
f 2764//745 2771//745 2775//745
f 2780//746 2781//746 2764//746
f 2764//747 2781//747 2782//747
f 2764//748 2782//748 2765//748
f 2782//749 2783//749 2765//749
f 2764//750 2772//750 2771//750
f 2769//751 2772//751 2764//751
f 2767//277 2769//277 2764//277
f 2760//752 2749//752 2756//752
f 2743//753 2749//753 2747//753
f 2749//754 2784//754 2756//754
f 2756//755 2784//755 2753//755
f 2749//756 2760//756 2747//756
f 2743//757 2737//757 2749//757
f 2732//35 2785//35 2786//35
f 2732//35 2787//35 2784//35
f 2788//35 2787//35 2732//35
f 2786//35 2788//35 2732//35
f 2749//35 2735//35 2732//35
f 2784//35 2749//35 2732//35
f 2753//758 2784//758 2754//758
f 2784//759 2787//759 2754//759
f 2778//760 2789//760 2788//760
f 2787//761 2790//761 2791//761
f 2792//762 2790//762 2787//762
f 2778//763 2788//763 2775//763
f 2789//764 2792//764 2788//764
f 2788//765 2792//765 2787//765
f 2754//766 2787//766 2791//766
f 2788//767 2793//767 2775//767
f 2788//277 2786//277 2794//277
f 2795//768 2796//768 2775//768
f 2796//769 2780//769 2775//769
f 2797//770 2785//770 2798//770
f 2786//771 2785//771 2797//771
f 2799//772 2786//772 2797//772
f 2793//773 2788//773 2794//773
f 2775//774 2793//774 2795//774
f 2794//775 2786//775 2799//775
f 2774//776 2777//776 2800//776
f 2801//777 2774//777 2800//777
f 2773//778 2774//778 2801//778
f 2802//779 2773//779 2801//779
f 2802//780 2768//780 2773//780
f 2802//781 2770//781 2769//781
f 2768//782 2802//782 2769//782
f 2801//783 2770//783 2802//783
f 2778//784 2770//784 2801//784
f 2800//785 2778//785 2801//785
f 2777//786 2776//786 2803//786
f 2800//787 2777//787 2803//787
f 2803//788 2789//788 2800//788
f 2789//789 2778//789 2800//789
f 2804//790 2790//790 2803//790
f 2791//791 2790//791 2804//791
f 2792//792 2789//792 2803//792
f 2790//793 2792//793 2803//793
f 2776//794 2779//794 2803//794
f 2803//795 2779//795 2804//795
f 2779//796 2759//796 2804//796
f 2759//797 2805//797 2804//797
f 2755//798 2805//798 2759//798
f 2750//799 2757//799 2751//799
f 2755//800 2754//800 2805//800
f 2754//801 2791//801 2805//801
f 2805//802 2791//802 2804//802
f 2765//803 2783//803 2806//803
f 2807//804 2808//804 2765//804
f 2806//805 2809//805 2765//805
f 2809//806 2807//806 2765//806
f 2810//807 2811//807 2812//807
f 2811//808 2808//808 2812//808
f 2812//809 2808//809 2813//809
f 2814//810 2812//810 2813//810
f 2810//811 2812//811 2814//811
f 2813//812 2815//812 2814//812
f 2816//813 2809//813 2817//813
f 2807//814 2809//814 2816//814
f 2817//815 2818//815 2816//815
f 2813//816 2807//816 2816//816
f 2808//817 2807//817 2813//817
f 2818//818 2819//818 2816//818
f 2816//819 2819//819 2813//819
f 2819//820 2815//820 2813//820
f 2820//821 2796//821 2795//821
f 2794//822 2820//822 2793//822
f 2796//823 2820//823 2780//823
f 2793//824 2820//824 2795//824
f 2821//825 2822//825 2785//825
f 2785//826 2822//826 2798//826
f 2782//827 2823//827 2824//827
f 2783//828 2782//828 2824//828
f 2817//829 2783//829 2824//829
f 2823//830 2798//830 2824//830
f 2798//831 2822//831 2824//831
f 2806//832 2783//832 2817//832
f 2809//833 2806//833 2817//833
f 2824//834 2822//834 2817//834
f 2822//835 2821//835 2817//835
f 2821//836 2818//836 2817//836
f 2799//837 2825//837 2794//837
f 2826//838 2799//838 2827//838
f 2825//822 2820//822 2794//822
f 2826//839 2825//839 2799//839
f 2820//840 2826//840 2780//840
f 2820//841 2825//841 2826//841
f 2797//842 2798//842 2823//842
f 2780//843 2826//843 2781//843
f 2826//844 2827//844 2781//844
f 2781//845 2827//845 2782//845
f 2827//846 2823//846 2782//846
f 2827//847 2797//847 2823//847
f 2799//848 2797//848 2827//848
f 2828//849 2829//849 2830//849
f 2829//850 2831//850 2830//850
f 2830//851 2831//851 2832//851
f 2831//852 2833//852 2832//852
f 2832//853 2833//853 2698//853
f 2833//854 2834//854 2698//854
f 2698//855 2834//855 2835//855
f 2834//856 2833//856 2836//856
f 2837//857 2835//857 2836//857
f 2836//858 2835//858 2834//858
f 2835//859 2837//859 2700//859
f 2830//860 2838//860 2839//860
f 2840//861 2838//861 2830//861
f 2830//862 2839//862 2828//862
f 2698//863 2835//863 2700//863
f 2833//864 2831//864 2841//864
f 2842//865 2843//865 2841//865
f 2843//866 2837//866 2841//866
f 2831//867 2829//867 2841//867
f 2841//868 2837//868 2836//868
f 2833//856 2841//856 2836//856
f 2841//869 2829//869 2842//869
f 2844//870 2845//870 2846//870
f 2846//871 2839//871 2847//871
f 2828//872 2839//872 2846//872
f 2842//873 2828//873 2846//873
f 2829//874 2828//874 2842//874
f 2847//875 2844//875 2846//875
f 2846//876 2845//876 2842//876
f 2845//877 2843//877 2842//877
f 2848//878 2849//878 2840//878
f 2850//879 2849//879 2848//879
f 2848//880 2840//880 2830//880
f 2700//881 2837//881 2851//881
f 2837//882 2843//882 2851//882
f 2845//883 2852//883 2843//883
f 2852//884 2853//884 2843//884
f 2843//885 2853//885 2854//885
f 2851//886 2843//886 2854//886
f 2845//887 2844//887 2852//887
f 2851//888 2711//888 2700//888
f 2713//610 2711//610 2853//610
f 2852//283 2719//283 2713//283
f 2853//889 2711//889 2854//889
f 2711//890 2851//890 2854//890
f 2853//891 2852//891 2713//891
f 2855//892 2856//892 2857//892
f 2856//893 2858//893 2857//893
f 2859//894 2858//894 2856//894
f 2852//895 2859//895 2856//895
f 2844//896 2859//896 2852//896
f 2838//897 2840//897 2860//897
f 2847//898 2838//898 2860//898
f 2857//899 2858//899 2860//899
f 2860//900 2858//900 2847//900
f 2839//901 2838//901 2847//901
f 2858//902 2859//902 2847//902
f 2859//903 2844//903 2847//903
f 2840//904 2861//904 2860//904
f 2862//905 2861//905 2840//905
f 2849//906 2862//906 2840//906
f 2861//907 2857//907 2860//907
f 2855//908 2857//908 2861//908
f 2863//909 2864//909 2865//909
f 2866//910 2867//910 2868//910
f 2864//911 2869//911 2865//911
f 2863//912 2866//912 2864//912
f 2869//913 2864//913 2850//913
f 2867//914 2856//914 2855//914
f 2868//915 2867//915 2855//915
f 2724//1 2870//1 2871//1
f 2724//1 2872//1 2873//1
f 2874//1 2872//1 2724//1
f 2871//1 2874//1 2724//1
f 2724//1 2830//1 2832//1
f 2848//1 2830//1 2724//1
f 2873//1 2848//1 2724//1
f 2698//1 2724//1 2832//1
f 2848//916 2875//916 2876//916
f 2877//917 2875//917 2848//917
f 2878//918 2879//918 2880//918
f 2872//919 2879//919 2873//919
f 2876//920 2875//920 2880//920
f 2879//921 2878//921 2873//921
f 2877//922 2878//922 2880//922
f 2880//923 2875//923 2877//923
f 2873//924 2877//924 2848//924
f 2873//925 2878//925 2877//925
f 2881//926 2882//926 2872//926
f 2882//927 2879//927 2872//927
f 2883//928 2884//928 2872//928
f 2874//929 2885//929 2886//929
f 2872//930 2884//930 2881//930
f 2876//931 2850//931 2848//931
f 2886//932 2887//932 2874//932
f 2874//933 2883//933 2872//933
f 2887//934 2883//934 2874//934
f 2888//935 2889//935 2871//935
f 2889//936 2890//936 2871//936
f 2871//937 2890//937 2874//937
f 2890//938 2885//938 2874//938
f 2870//939 2891//939 2871//939
f 2892//940 2891//940 2870//940
f 2893//941 2892//941 2870//941
f 2894//35 2895//35 2732//35
f 2732//35 2867//35 2896//35
f 2856//35 2867//35 2732//35
f 2852//35 2856//35 2732//35
f 2719//35 2852//35 2732//35
f 2732//35 2897//35 2894//35
f 2898//35 2897//35 2732//35
f 2896//35 2898//35 2732//35
f 2863//942 2865//942 2876//942
f 2865//943 2869//943 2876//943
f 2863//944 2876//944 2896//944
f 2876//945 2899//945 2896//945
f 2896//946 2899//946 2900//946
f 2900//947 2901//947 2896//947
f 2869//948 2850//948 2876//948
f 2896//949 2902//949 2898//949
f 2902//950 2903//950 2898//950
f 2863//951 2896//951 2866//951
f 2896//952 2867//952 2866//952
f 2901//953 2902//953 2896//953
f 2904//954 2898//954 2905//954
f 2898//955 2903//955 2905//955
f 2897//956 2898//956 2904//956
f 2906//957 2894//957 2907//957
f 2906//958 2888//958 2894//958
f 2888//959 2871//959 2894//959
f 2908//960 2894//960 2909//960
f 2895//961 2894//961 2908//961
f 2910//962 2895//962 2908//962
f 2894//963 2897//963 2907//963
f 2907//964 2897//964 2911//964
f 2911//965 2897//965 2904//965
f 2880//966 2879//966 2912//966
f 2913//967 2899//967 2912//967
f 2899//968 2876//968 2912//968
f 2912//969 2876//969 2880//969
f 2914//970 2866//970 2915//970
f 2866//971 2868//971 2915//971
f 2915//972 2868//972 2862//972
f 2868//973 2855//973 2862//973
f 2862//974 2855//974 2861//974
f 2915//975 2862//975 2849//975
f 2850//976 2915//976 2849//976
f 2864//977 2915//977 2850//977
f 2864//978 2914//978 2915//978
f 2866//912 2914//912 2864//912
f 2916//979 2900//979 2913//979
f 2900//980 2899//980 2913//980
f 2912//981 2879//981 2882//981
f 2912//982 2882//982 2913//982
f 2882//983 2881//983 2913//983
f 2913//984 2881//984 2916//984
f 2881//985 2884//985 2916//985
f 2917//986 2891//986 2918//986
f 2918//987 2919//987 2917//987
f 2918//988 2908//988 2909//988
f 2919//989 2918//989 2909//989
f 2871//990 2917//990 2919//990
f 2891//991 2917//991 2871//991
f 2894//992 2871//992 2919//992
f 2894//993 2919//993 2909//993
f 2906//994 2907//994 2920//994
f 2906//995 2920//995 2888//995
f 2920//996 2889//996 2888//996
f 2890//997 2889//997 2920//997
f 2921//998 2901//998 2916//998
f 2901//999 2900//999 2916//999
f 2883//1000 2887//1000 2921//1000
f 2916//1001 2884//1001 2921//1001
f 2884//1002 2883//1002 2921//1002
f 2902//1003 2901//1003 2921//1003
f 2921//1004 2922//1004 2905//1004
f 2921//1005 2887//1005 2922//1005
f 2887//1006 2886//1006 2922//1006
f 2922//1007 2886//1007 2923//1007
f 2905//1008 2922//1008 2923//1008
f 2903//1009 2921//1009 2905//1009
f 2903//1010 2902//1010 2921//1010
f 2924//1011 2911//1011 2925//1011
f 2904//1012 2905//1012 2923//1012
f 2911//1013 2904//1013 2925//1013
f 2923//1014 2885//1014 2925//1014
f 2885//1015 2890//1015 2925//1015
f 2925//1016 2890//1016 2924//1016
f 2886//1017 2885//1017 2923//1017
f 2925//1018 2904//1018 2923//1018
f 2907//994 2926//994 2920//994
f 2926//1019 2907//1019 2924//1019
f 2890//1020 2920//1020 2924//1020
f 2907//1021 2911//1021 2924//1021
f 2924//1022 2920//1022 2926//1022
f 2724//1 2927//1 2928//1
f 2765//1 2927//1 2724//1
f 2928//1 2929//1 2724//1
f 2929//1 2930//1 2724//1
f 2724//1 2930//1 2931//1
f 2808//1023 2811//1023 2765//1023
f 2928//1024 2932//1024 2933//1024
f 2765//1025 2811//1025 2927//1025
f 2810//1026 2932//1026 2928//1026
f 2927//1027 2810//1027 2928//1027
f 2811//1028 2810//1028 2927//1028
f 2934//1029 2929//1029 2935//1029
f 2934//1030 2936//1030 2929//1030
f 2929//273 2928//273 2935//273
f 2935//1031 2928//1031 2933//1031
f 2933//1032 2937//1032 2935//1032
f 2931//1 2938//1 2724//1
f 2931//1033 2939//1033 2938//1033
f 2940//1034 2939//1034 2931//1034
f 2938//1 2870//1 2724//1
f 2941//1035 2942//1035 2943//1035
f 2941//1036 2931//1036 2942//1036
f 2930//1037 2944//1037 2942//1037
f 2931//1038 2930//1038 2942//1038
f 2941//1039 2945//1039 2931//1039
f 2943//1040 2945//1040 2941//1040
f 2946//1041 2944//1041 2930//1041
f 2943//1042 2947//1042 2948//1042
f 2945//1043 2943//1043 2948//1043
f 2929//1044 2946//1044 2930//1044
f 2949//1045 2946//1045 2929//1045
f 2950//1046 2940//1046 2931//1046
f 2951//1047 2950//1047 2931//1047
f 2952//1048 2953//1048 2929//1048
f 2953//1049 2949//1049 2929//1049
f 2954//1050 2952//1050 2929//1050
f 2929//1051 2955//1051 2954//1051
f 2936//1052 2955//1052 2929//1052
f 2956//35 2957//35 2732//35
f 2957//35 2785//35 2732//35
f 2732//35 2958//35 2956//35
f 2959//35 2960//35 2732//35
f 2960//35 2958//35 2732//35
f 2935//1053 2815//1053 2961//1053
f 2937//1054 2815//1054 2935//1054
f 2957//1055 2821//1055 2785//1055
f 2818//1056 2821//1056 2957//1056
f 2819//1057 2818//1057 2957//1057
f 2957//1058 2815//1058 2819//1058
f 2958//1059 2962//1059 2956//1059
f 2962//1060 2961//1060 2956//1060
f 2956//1061 2961//1061 2957//1061
f 2961//1062 2815//1062 2957//1062
f 2959//1063 2963//1063 2951//1063
f 2964//1064 2963//1064 2959//1064
f 2895//35 2964//35 2732//35
f 2732//35 2964//35 2959//35
f 2945//1065 2948//1065 2959//1065
f 2948//1066 2947//1066 2959//1066
f 2959//1067 2947//1067 2960//1067
f 2931//1068 2959//1068 2951//1068
f 2945//1069 2959//1069 2931//1069
f 2947//1070 2965//1070 2960//1070
f 2966//1071 2958//1071 2967//1071
f 2960//1072 2965//1072 2968//1072
f 2958//1073 2960//1073 2967//1073
f 2969//1074 2962//1074 2958//1074
f 2960//1075 2968//1075 2970//1075
f 2966//1076 2969//1076 2958//1076
f 2967//1077 2960//1077 2970//1077
f 2814//1078 2933//1078 2932//1078
f 2932//811 2810//811 2814//811
f 2815//1079 2937//1079 2814//1079
f 2814//1080 2937//1080 2933//1080
f 2949//1081 2953//1081 2971//1081
f 2970//1082 2968//1082 2971//1082
f 2936//1083 2934//1083 2972//1083
f 2953//1084 2952//1084 2971//1084
f 2972//1085 2934//1085 2935//1085
f 2961//1086 2972//1086 2935//1086
f 2970//1087 2971//1087 2967//1087
f 2961//1088 2962//1088 2972//1088
f 2973//1089 2955//1089 2974//1089
f 2975//1090 2955//1090 2973//1090
f 2966//1091 2975//1091 2973//1091
f 2971//1092 2976//1092 2967//1092
f 2976//1093 2975//1093 2966//1093
f 2954//1094 2955//1094 2975//1094
f 2976//1095 2954//1095 2975//1095
f 2971//1096 2952//1096 2976//1096
f 2967//1097 2976//1097 2966//1097
f 2952//1098 2954//1098 2976//1098
f 2962//1099 2977//1099 2978//1099
f 2973//1100 2974//1100 2969//1100
f 2966//1101 2973//1101 2969//1101
f 2955//1102 2936//1102 2974//1102
f 2974//1103 2936//1103 2977//1103
f 2969//1104 2974//1104 2962//1104
f 2936//1105 2972//1105 2977//1105
f 2962//1088 2978//1088 2972//1088
f 2974//1106 2977//1106 2962//1106
f 2977//1107 2972//1107 2978//1107
f 2979//1108 2980//1108 2938//1108
f 2980//1109 2981//1109 2938//1109
f 2938//1110 2981//1110 2870//1110
f 2981//1111 2982//1111 2870//1111
f 2870//1112 2982//1112 2893//1112
f 2938//1113 2983//1113 2979//1113
f 2939//1114 2983//1114 2938//1114
f 2891//986 2984//986 2918//986
f 2908//1115 2918//1115 2985//1115
f 2985//1116 2918//1116 2984//1116
f 2984//1117 2891//1117 2892//1117
f 2984//1118 2892//1118 2985//1118
f 2892//1119 2893//1119 2985//1119
f 2985//1120 2893//1120 2986//1120
f 2910//1121 2908//1121 2986//1121
f 2987//1122 2910//1122 2986//1122
f 2986//1123 2908//1123 2985//1123
f 2893//1124 2982//1124 2986//1124
f 2986//1125 2982//1125 2987//1125
f 2910//1126 2988//1126 2895//1126
f 2988//1127 2989//1127 2895//1127
f 2895//1128 2989//1128 2964//1128
f 2989//1129 2990//1129 2964//1129
f 2964//1130 2990//1130 2991//1130
f 2991//1131 2963//1131 2964//1131
f 2951//1132 2963//1132 2992//1132
f 2951//1133 2992//1133 2950//1133
f 2992//1134 2940//1134 2950//1134
f 2939//1135 2940//1135 2992//1135
f 2982//1136 2981//1136 2987//1136
f 2981//1137 2980//1137 2987//1137
f 2987//1138 2980//1138 2993//1138
f 2989//1139 2987//1139 2993//1139
f 2980//1140 2979//1140 2993//1140
f 2989//1141 2988//1141 2987//1141
f 2988//1142 2910//1142 2987//1142
f 2994//1143 2989//1143 2993//1143
f 2979//1144 2983//1144 2994//1144
f 2994//1145 2983//1145 2995//1145
f 2993//1146 2979//1146 2994//1146
f 2963//1147 2991//1147 2995//1147
f 2939//1148 2992//1148 2996//1148
f 2991//1149 2990//1149 2995//1149
f 2995//1150 2990//1150 2994//1150
f 2983//1151 2939//1151 2995//1151
f 2995//1152 2939//1152 2996//1152
f 2990//1153 2989//1153 2994//1153
f 2942//1035 2997//1035 2943//1035
f 2998//1154 2943//1154 2997//1154
f 2947//1155 2943//1155 2998//1155
f 2997//1156 2942//1156 2944//1156
f 2997//1157 2944//1157 2998//1157
f 2944//1158 2946//1158 2998//1158
f 2965//1159 2947//1159 2999//1159
f 2999//1160 2947//1160 2998//1160
f 2998//1161 2946//1161 2999//1161
f 2946//1162 2949//1162 2999//1162
f 2999//1163 2949//1163 2971//1163
f 2996//1164 3000//1164 2963//1164
f 2996//1165 2963//1165 2995//1165
f 2996//1166 2992//1166 3000//1166
f 2963//1167 3000//1167 2992//1167
f 2968//1168 2965//1168 2971//1168
f 2971//1169 2965//1169 2999//1169
f 3001//35 3002//35 3003//35
f 3004//1 3005//1 3006//1
f 3007//491 3003//491 3005//491
f 3005//491 3004//491 3007//491
f 3003//37 3002//37 3006//37
f 3006//37 3005//37 3003//37
f 3002//492 3001//492 3008//492
f 3008//492 3006//492 3002//492
f 3001//493 3009//493 3010//493
f 3010//493 3008//493 3001//493
f 3011//35 3009//35 3001//35
f 3003//35 3011//35 3001//35
f 3006//1 3008//1 3010//1
f 3004//494 3012//494 3011//494
f 3010//1 3012//1 3004//1
f 3006//1 3010//1 3004//1
f 3012//38 3010//38 3009//38
f 3011//494 3007//494 3004//494
f 3009//38 3011//38 3012//38
f 3003//35 3007//35 3011//35
f 3013//492 3014//492 3015//492
f 3015//492 3016//492 3013//492
f 3016//35 3015//35 3017//35
f 3017//35 3018//35 3016//35
f 3014//1 3013//1 3019//1
f 3020//491 3021//491 3022//491
f 3021//1 3020//1 3014//1
f 3014//1 3019//1 3021//1
f 3017//37 3015//37 3014//37
f 3014//37 3020//37 3017//37
f 3022//491 3017//491 3020//491
f 3017//35 3022//35 3018//35
f 3016//493 3023//493 3019//493
f 3019//493 3013//493 3016//493
f 3023//38 3018//38 3024//38
f 3024//38 3019//38 3023//38
f 3019//1 3024//1 3021//1
f 3018//35 3023//35 3016//35
f 3021//494 3024//494 3018//494
f 3018//494 3022//494 3021//494
f 3025//491 3026//491 3027//491
f 3027//491 3028//491 3025//491
f 3029//35 3030//35 3026//35
f 3026//37 3030//37 3031//37
f 3031//37 3027//37 3026//37
f 3030//492 3029//492 3032//492
f 3028//1 3027//1 3031//1
f 3032//492 3031//492 3030//492
f 3033//35 3034//35 3029//35
f 3026//35 3033//35 3029//35
f 3035//493 3032//493 3029//493
f 3029//493 3034//493 3035//493
f 3031//1 3032//1 3035//1
f 3035//1 3036//1 3028//1
f 3031//1 3035//1 3028//1
f 3034//38 3033//38 3036//38
f 3036//38 3035//38 3034//38
f 3026//35 3025//35 3033//35
f 3028//494 3036//494 3033//494
f 3033//494 3025//494 3028//494
f 3037//1 3038//1 3039//1
f 3040//35 3041//35 3042//35
f 3042//35 3043//35 3040//35
f 3038//492 3037//492 3041//492
f 3041//492 3040//492 3038//492
f 3037//37 3044//37 3042//37
f 3042//37 3041//37 3037//37
f 3044//491 3045//491 3046//491
f 3046//491 3042//491 3044//491
f 3042//35 3046//35 3043//35
f 3045//1 3044//1 3037//1
f 3037//1 3039//1 3045//1
f 3047//38 3039//38 3048//38
f 3048//38 3043//38 3047//38
f 3039//1 3047//1 3045//1
f 3039//493 3038//493 3040//493
f 3040//493 3048//493 3039//493
f 3045//494 3047//494 3043//494
f 3043//35 3048//35 3040//35
f 3043//494 3046//494 3045//494
f 3049//35 3050//35 3051//35
f 3052//1 3053//1 3054//1
f 3055//491 3051//491 3053//491
f 3053//491 3052//491 3055//491
f 3051//37 3050//37 3054//37
f 3054//37 3053//37 3051//37
f 3050//492 3049//492 3056//492
f 3056//492 3054//492 3050//492
f 3049//493 3057//493 3058//493
f 3058//493 3056//493 3049//493
f 3059//35 3057//35 3049//35
f 3051//35 3059//35 3049//35
f 3054//1 3056//1 3058//1
f 3052//494 3060//494 3059//494
f 3058//1 3060//1 3052//1
f 3054//1 3058//1 3052//1
f 3060//38 3058//38 3057//38
f 3059//494 3055//494 3052//494
f 3057//38 3059//38 3060//38
f 3051//35 3055//35 3059//35
f 3061//37 3062//37 3063//37
f 3064//37 3065//37 3061//37
f 3062//1170 3066//1170 3063//1170
f 3061//1171 3067//1171 3062//1171
f 3065//37 3068//37 3061//37
f 3064//1172 3069//1172 3065//1172
f 3070//1171 3071//1171 3064//1171
f 3072//1 3073//1 3074//1
f 3074//1 3075//1 3072//1
f 3064//37 3061//37 3063//37
f 3076//37 3077//37 3064//37
f 3078//1172 3070//1172 3064//1172
f 3077//1172 3079//1172 3078//1172
f 3078//1170 3080//1170 3070//1170
f 3079//1173 3081//1173 3078//1173
f 3077//37 3078//37 3064//37
f 3076//37 3082//37 3077//37
f 3082//1172 3083//1172 3077//1172
f 3084//37 3085//37 3082//37
f 3082//37 3086//37 3083//37
f 3077//37 3087//37 3079//37
f 3083//37 3088//37 3077//37
f 3063//37 3089//37 3076//37
f 3064//37 3063//37 3076//37
f 3076//37 3084//37 3082//37
f 3090//37 3091//37 3076//37
f 3089//37 3092//37 3090//37
f 3076//37 3093//37 3084//37
f 3063//1171 3094//1171 3095//1171
f 3095//1174 3096//1174 3089//1174
f 3089//1175 3090//1175 3076//1175
f 3063//37 3095//37 3089//37
f 3097//38 3098//38 3073//38
f 3073//38 3072//38 3097//38
f 3097//52 3072//52 3075//52
f 3075//52 3099//52 3097//52
f 3075//37 3074//37 3100//37
f 3100//37 3099//37 3075//37
f 3098//35 3097//35 3099//35
f 3099//35 3100//35 3098//35
f 3073//36 3098//36 3100//36
f 3100//36 3074//36 3073//36
f 3101//1176 3102//1176 3071//1176
f 3071//1176 3070//1176 3101//1176
f 3103//1176 3101//1176 3070//1176
f 3070//1177 3080//1177 3103//1177
f 3104//1178 3103//1178 3080//1178
f 3080//1179 3078//1179 3104//1179
f 3102//1180 3105//1180 3064//1180
f 3064//1180 3071//1180 3102//1180
f 3081//1181 3106//1181 3104//1181
f 3104//1181 3078//1181 3081//1181
f 3069//1180 3064//1180 3105//1180
f 3105//1180 3107//1180 3069//1180
f 3065//1182 3069//1182 3107//1182
f 3107//1182 3108//1182 3065//1182
f 3068//1183 3065//1183 3108//1183
f 3108//1183 3109//1183 3068//1183
f 3068//1184 3109//1184 3110//1184
f 3110//1184 3061//1184 3068//1184
f 3067//1185 3061//1185 3110//1185
f 3110//1185 3111//1185 3067//1185
f 3062//1186 3067//1186 3111//1186
f 3111//1186 3112//1186 3062//1186
f 3066//1186 3062//1186 3112//1186
f 3112//1186 3113//1186 3066//1186
f 3094//1187 3063//1187 3114//1187
f 3113//1188 3114//1188 3063//1188
f 3063//1188 3066//1188 3113//1188
f 3114//1187 3115//1187 3094//1187
f 3095//1189 3094//1189 3115//1189
f 3115//1189 3116//1189 3095//1189
f 3096//1190 3095//1190 3116//1190
f 3116//1190 3117//1190 3096//1190
f 3087//1191 3077//1191 3118//1191
f 3118//1192 3119//1192 3087//1192
f 3120//1191 3118//1191 3077//1191
f 3077//1191 3088//1191 3120//1191
f 3079//1193 3087//1193 3119//1193
f 3119//1193 3121//1193 3079//1193
f 3088//1194 3083//1194 3122//1194
f 3122//1194 3120//1194 3088//1194
f 3121//1195 3106//1195 3081//1195
f 3081//1195 3079//1195 3121//1195
f 3123//1194 3122//1194 3083//1194
f 3083//1194 3086//1194 3123//1194
f 3124//1196 3123//1196 3086//1196
f 3086//1196 3082//1196 3124//1196
f 3124//1197 3082//1197 3085//1197
f 3085//1197 3125//1197 3124//1197
f 3093//1198 3076//1198 3126//1198
f 3127//1199 3125//1199 3085//1199
f 3085//1199 3084//1199 3127//1199
f 3128//1200 3127//1200 3084//1200
f 3084//1200 3093//1200 3128//1200
f 3126//1198 3128//1198 3093//1198
f 3096//1201 3117//1201 3129//1201
f 3130//1198 3126//1198 3076//1198
f 3076//1202 3091//1202 3130//1202
f 3131//1203 3130//1203 3091//1203
f 3091//1203 3090//1203 3131//1203
f 3132//1204 3131//1204 3090//1204
f 3090//1204 3092//1204 3132//1204
f 3129//1205 3132//1205 3092//1205
f 3092//1205 3089//1205 3129//1205
f 3129//1201 3089//1201 3096//1201
f 3133//37 3134//37 3135//37
f 3135//37 3136//37 3133//37
f 3137//1 3138//1 3135//1
f 3135//1 3136//1 3137//1
f 3108//1206 3107//1206 3105//1206
f 3105//1207 3102//1207 3101//1207
f 3101//1207 3103//1207 3104//1207
f 3110//38 3105//38 3104//38
f 3105//1208 3101//1208 3104//1208
f 3110//38 3108//38 3105//38
f 3110//38 3109//38 3108//38
f 3139//37 3140//37 3135//37
f 3140//52 3135//52 3138//52
f 3134//37 3139//37 3135//37
f 3138//52 3141//52 3140//52
f 3118//38 3120//38 3122//38
f 3121//1207 3119//1207 3118//1207
f 3104//38 3106//38 3121//38
f 3104//1208 3121//1208 3118//1208
f 3138//37 3137//37 3142//37
f 3142//37 3141//37 3138//37
f 3104//38 3118//38 3125//38
f 3123//38 3124//38 3125//38
f 3110//38 3104//38 3125//38
f 3122//38 3123//38 3125//38
f 3118//38 3122//38 3125//38
f 3140//38 3143//38 3136//38
f 3136//38 3135//38 3140//38
f 3141//35 3142//35 3143//35
f 3143//35 3140//35 3141//35
f 3125//38 3129//38 3110//38
f 3129//38 3117//38 3116//38
f 3116//1209 3115//1209 3114//1209
f 3114//1208 3113//1208 3112//1208
f 3112//1208 3111//1208 3110//1208
f 3129//38 3114//38 3110//38
f 3129//1206 3116//1206 3114//1206
f 3114//38 3112//38 3110//38
f 3125//38 3126//38 3129//38
f 3126//1206 3131//1206 3129//1206
f 3125//38 3128//38 3126//38
f 3131//1209 3132//1209 3129//1209
f 3126//38 3130//38 3131//38
f 3125//1206 3127//1206 3128//1206
f 3136//37 3144//37 3133//37
f 3136//37 3143//37 3144//37
f 3136//36 3143//36 3142//36
f 3142//36 3137//36 3136//36
f 3145//1 3146//1 3147//1
f 3147//1 3148//1 3145//1
f 3149//37 3150//37 3148//37
f 3146//52 3145//52 3150//52
f 3150//37 3145//37 3148//37
f 3151//35 3152//35 3149//35
f 3149//35 3153//35 3151//35
f 3149//36 3152//36 3154//36
f 3150//52 3155//52 3156//52
f 3156//52 3146//52 3150//52
f 3155//1210 3150//1210 3149//1210
f 3149//1210 3154//1210 3155//1210
f 3148//37 3153//37 3149//37
f 3151//52 3153//52 3157//52
f 3157//1210 3153//1210 3158//1210
f 3158//1210 3159//1210 3157//1210
f 3148//37 3158//37 3153//37
f 3148//36 3147//36 3159//36
f 3159//36 3158//36 3148//36
f 3134//35 3133//35 3160//35
f 3136//1 3135//1 3161//1
f 3160//35 3162//35 3134//35
f 3161//1 3163//1 3136//1
f 3139//36 3134//36 3162//36
f 3147//1 3146//1 3164//1
f 3146//1 3165//1 3166//1
f 3146//1 3166//1 3164//1
f 3167//52 3161//52 3135//52
f 3135//52 3140//52 3167//52
f 3168//35 3167//35 3140//35
f 3140//35 3139//35 3168//35
f 3162//36 3168//36 3139//36
f 3169//1 3170//1 3147//1
f 3171//1 3169//1 3147//1
f 3164//1 3171//1 3147//1
f 3172//52 3160//52 3133//52
f 3133//52 3144//52 3172//52
f 3173//35 3172//35 3144//35
f 3144//35 3143//35 3173//35
f 3163//36 3173//36 3143//36
f 3143//36 3136//36 3163//36
f 3174//37 3175//37 3176//37
f 3176//37 3177//37 3174//37
f 3146//38 3156//38 3178//38
f 3178//38 3147//38 3146//38
f 3147//36 3178//36 3159//36
f 3157//37 3154//37 3152//37
f 3152//37 3151//37 3157//37
f 3157//35 3159//35 3178//35
f 3178//35 3156//35 3155//35
f 3154//35 3157//35 3178//35
f 3178//35 3155//35 3154//35
f 3174//1 3179//1 3180//1
f 3181//52 3182//52 3183//52
f 3181//52 3183//52 3184//52
f 3179//1211 3174//1211 3177//1211
f 3177//1211 3185//1211 3179//1211
f 3180//52 3179//52 3185//52
f 3185//52 3186//52 3180//52
f 3176//35 3187//35 3185//35
f 3186//38 3187//38 3188//38
f 3188//38 3180//38 3186//38
f 3185//35 3177//35 3176//35
f 3187//35 3186//35 3185//35
f 3180//1 3188//1 3189//1
f 3174//1 3180//1 3189//1
f 3189//1 3175//1 3174//1
f 3189//36 3188//36 3187//36
f 3187//36 3190//36 3189//36
f 3175//1212 3189//1212 3190//1212
f 3190//1212 3176//1212 3175//1212
f 3176//35 3190//35 3187//35
f 3166//38 3165//38 3191//38
f 3191//38 3192//38 3166//38
f 3164//36 3166//36 3192//36
f 3192//36 3193//36 3164//36
f 3171//38 3164//38 3193//38
f 3193//38 3194//38 3171//38
f 3195//52 3191//52 3165//52
f 3165//52 3146//52 3195//52
f 3196//37 3195//37 3146//37
f 3146//37 3147//37 3196//37
f 3197//52 3198//52 3199//52
f 3200//52 3197//52 3199//52
f 3201//52 3200//52 3199//52
f 3170//38 3169//38 3202//38
f 3199//52 3203//52 3201//52
f 3202//38 3204//38 3170//38
f 3203//52 3205//52 3201//52
f 3204//36 3196//36 3147//36
f 3203//52 3206//52 3205//52
f 3194//52 3202//52 3169//52
f 3147//36 3170//36 3204//36
f 3169//52 3171//52 3194//52
f 3182//52 3207//52 3183//52
f 3172//38 3173//38 3163//38
f 3207//52 3208//52 3183//52
f 3161//38 3167//38 3168//38
f 3160//38 3172//38 3163//38
f 3161//38 3168//38 3162//38
f 3209//52 3181//52 3184//52
f 3184//52 3210//52 3209//52
f 3163//38 3161//38 3162//38
f 3162//38 3160//38 3163//38
f 3210//52 3211//52 3209//52
f 3210//52 3212//52 3211//52
f 3212//52 3207//52 3211//52
f 3212//52 3208//52 3207//52
f 3213//35 3214//35 3210//35
f 3210//35 3184//35 3213//35
f 3182//37 3181//37 3215//37
f 3215//37 3216//37 3182//37
f 3181//1 3209//1 3217//1
f 3217//1 3215//1 3181//1
f 3218//38 3213//38 3184//38
f 3184//38 3183//38 3218//38
f 3207//35 3182//35 3216//35
f 3216//35 3219//35 3207//35
f 3183//1 3208//1 3220//1
f 3220//1 3218//1 3183//1
f 3221//1213 3217//1213 3209//1213
f 3209//1213 3211//1213 3221//1213
f 3219//38 3221//38 3211//38
f 3211//38 3207//38 3219//38
f 3212//1210 3210//1210 3214//1210
f 3214//1210 3222//1210 3212//1210
f 3208//37 3212//37 3222//37
f 3222//37 3220//37 3208//37
f 3223//1 3224//1 3225//1
f 3225//1 3226//1 3223//1
f 3224//38 3223//38 3227//38
f 3228//37 3229//37 3226//37
f 3226//37 3225//37 3228//37
f 3227//38 3230//38 3224//38
f 3231//37 3232//37 3233//37
f 3224//36 3230//36 3228//36
f 3226//52 3229//52 3227//52
f 3227//52 3223//52 3226//52
f 3228//36 3225//36 3224//36
f 3234//37 3235//37 3236//37
f 3236//37 3231//37 3233//37
f 3236//1175 3237//1175 3231//1175
f 3238//37 3239//37 3236//37
f 3235//37 3240//37 3236//37
f 3240//37 3241//37 3238//37
f 3242//1174 3243//1174 3240//1174
f 3235//37 3244//37 3242//37
f 3235//37 3242//37 3240//37
f 3240//1172 3238//1172 3236//1172
f 3233//37 3245//37 3246//37
f 3246//37 3247//37 3248//37
f 3245//37 3249//37 3246//37
f 3236//37 3233//37 3246//37
f 3233//1170 3250//1170 3245//1170
f 3246//37 3251//37 3234//37
f 3236//37 3246//37 3234//37
f 3251//37 3252//37 3253//37
f 3248//1173 3254//1173 3251//1173
f 3246//37 3248//37 3251//37
f 3251//1175 3253//1175 3234//1175
f 3234//37 3255//37 3256//37
f 3256//37 3257//37 3235//37
f 3257//1171 3258//1171 3235//1171
f 3256//37 3259//37 3257//37
f 3255//37 3260//37 3256//37
f 3234//37 3261//37 3255//37
f 3234//37 3256//37 3235//37
f 3230//35 3227//35 3229//35
f 3229//35 3228//35 3230//35
f 3253//1170 3262//1170 3234//1170
f 3243//1181 3263//1181 3264//1181
f 3264//1181 3240//1181 3243//1181
f 3241//1179 3240//1179 3264//1179
f 3264//1178 3265//1178 3241//1178
f 3238//1176 3241//1176 3265//1176
f 3265//1176 3266//1176 3238//1176
f 3267//1180 3268//1180 3236//1180
f 3236//1180 3239//1180 3267//1180
f 3266//1176 3267//1176 3239//1176
f 3239//1176 3238//1176 3266//1176
f 3237//1180 3236//1180 3268//1180
f 3268//1180 3269//1180 3237//1180
f 3231//1182 3237//1182 3269//1182
f 3269//1182 3270//1182 3231//1182
f 3232//1183 3231//1183 3270//1183
f 3270//1183 3271//1183 3232//1183
f 3272//1195 3263//1195 3243//1195
f 3243//1195 3242//1195 3272//1195
f 3273//1214 3272//1214 3242//1214
f 3242//1193 3244//1193 3273//1193
f 3274//1191 3273//1191 3244//1191
f 3244//1191 3235//1191 3274//1191
f 3275//1191 3274//1191 3235//1191
f 3235//1191 3258//1191 3275//1191
f 3276//1194 3275//1194 3258//1194
f 3258//1194 3257//1194 3276//1194
f 3277//1194 3276//1194 3257//1194
f 3257//1194 3259//1194 3277//1194
f 3278//1196 3277//1196 3259//1196
f 3259//1196 3256//1196 3278//1196
f 3260//1197 3279//1197 3278//1197
f 3278//1197 3256//1197 3260//1197
f 3280//1184 3233//1184 3232//1184
f 3232//1184 3271//1184 3280//1184
f 3250//1185 3233//1185 3280//1185
f 3280//1185 3281//1185 3250//1185
f 3245//1186 3250//1186 3281//1186
f 3281//1186 3282//1186 3245//1186
f 3249//1186 3245//1186 3282//1186
f 3282//1215 3283//1215 3249//1215
f 3246//1188 3249//1188 3283//1188
f 3283//1188 3284//1188 3246//1188
f 3247//1188 3246//1188 3284//1188
f 3284//1188 3285//1188 3247//1188
f 3248//1189 3247//1189 3285//1189
f 3285//1189 3286//1189 3248//1189
f 3254//1190 3248//1190 3286//1190
f 3286//1190 3287//1190 3254//1190
f 3288//1199 3279//1199 3260//1199
f 3260//1199 3255//1199 3288//1199
f 3289//1200 3288//1200 3255//1200
f 3255//1200 3261//1200 3289//1200
f 3290//1198 3289//1198 3261//1198
f 3261//1198 3234//1198 3290//1198
f 3262//1203 3253//1203 3291//1203
f 3291//1203 3292//1203 3262//1203
f 3234//1198 3262//1198 3292//1198
f 3292//1198 3290//1198 3234//1198
f 3293//1203 3291//1203 3253//1203
f 3253//1203 3252//1203 3293//1203
f 3294//1216 3293//1216 3252//1216
f 3252//1216 3251//1216 3294//1216
f 3294//1201 3251//1201 3254//1201
f 3254//1201 3287//1201 3294//1201
f 3295//52 3296//52 3297//52
f 3297//37 3298//37 3299//37
f 3297//52 3300//52 3295//52
f 3297//37 3300//37 3298//37
f 3301//1 3295//1 3300//1
f 3300//1 3302//1 3301//1
f 3271//38 3264//38 3278//38
f 3271//38 3270//38 3269//38
f 3268//38 3267//38 3266//38
f 3266//1207 3265//1207 3264//1207
f 3268//38 3266//38 3264//38
f 3271//38 3269//38 3268//38
f 3271//38 3268//38 3264//38
f 3264//38 3263//38 3272//38
f 3295//37 3301//37 3303//37
f 3303//37 3296//37 3295//37
f 3302//38 3300//38 3297//38
f 3297//38 3304//38 3302//38
f 3296//35 3303//35 3304//35
f 3278//38 3279//38 3288//38
f 3276//1206 3277//1206 3278//1206
f 3274//1206 3275//1206 3276//1206
f 3272//1207 3273//1207 3274//1207
f 3304//35 3297//35 3296//35
f 3264//1208 3272//1208 3274//1208
f 3274//38 3276//38 3278//38
f 3264//38 3274//38 3278//38
f 3304//37 3297//37 3299//37
f 3281//38 3280//38 3271//38
f 3278//38 3294//38 3271//38
f 3284//38 3282//38 3271//38
f 3294//1206 3286//1206 3284//1206
f 3291//1209 3293//1209 3294//1209
f 3294//38 3287//38 3286//38
f 3286//1209 3285//1209 3284//1209
f 3284//38 3283//38 3282//38
f 3294//38 3284//38 3271//38
f 3282//38 3281//38 3271//38
f 3299//37 3305//37 3304//37
f 3278//38 3288//38 3290//38
f 3290//1206 3291//1206 3294//1206
f 3290//1209 3292//1209 3291//1209
f 3278//38 3290//38 3294//38
f 3288//1208 3289//1208 3290//1208
f 3305//37 3306//37 3304//37
f 3306//37 3302//37 3304//37
f 3302//36 3304//36 3303//36
f 3303//36 3301//36 3302//36
f 3307//36 3308//36 3309//36
f 3309//1217 3308//1217 3310//1217
f 3311//52 3310//52 3312//52
f 3312//52 3195//52 3311//52
f 3310//1217 3311//1217 3309//1217
f 3307//1 3313//1 3314//1
f 3314//1 3308//1 3307//1
f 3315//37 3316//37 3312//37
f 3312//37 3310//37 3308//37
f 3314//37 3315//37 3312//37
f 3312//37 3308//37 3314//37
f 3195//35 3312//35 3316//35
f 3316//35 3196//35 3195//35
f 3317//1217 3315//1217 3314//1217
f 3314//1217 3318//1217 3317//1217
f 3314//52 3313//52 3318//52
f 3196//36 3316//36 3315//36
f 3315//36 3317//36 3319//36
f 3319//36 3196//36 3315//36
f 3320//1 3319//1 3317//1
f 3309//1 3311//1 3320//1
f 3196//38 3319//38 3320//38
f 3320//38 3195//38 3196//38
f 3320//1 3317//1 3318//1
f 3195//52 3320//52 3311//52
f 3318//1 3309//1 3320//1
f 3309//37 3318//37 3313//37
f 3313//37 3307//37 3309//37
f 3298//1 3300//1 3321//1
f 3322//52 3321//52 3300//52
f 3192//35 3191//35 3195//35
f 3300//52 3297//52 3322//52
f 3193//35 3192//35 3195//35
f 3321//1 3323//1 3298//1
f 3194//35 3193//35 3195//35
f 3195//35 3196//35 3194//35
f 3299//36 3298//36 3323//36
f 3323//36 3324//36 3299//36
f 3324//1 3325//1 3305//1
f 3297//35 3304//35 3326//35
f 3326//35 3322//35 3297//35
f 3305//1 3299//1 3324//1
f 3325//52 3327//52 3306//52
f 3306//52 3305//52 3325//52
f 3328//36 3326//36 3304//36
f 3304//36 3302//36 3328//36
f 3196//35 3202//35 3194//35
f 3196//35 3204//35 3202//35
f 3302//1 3306//1 3327//1
f 3327//1 3328//1 3302//1
f 3329//37 3330//37 3331//37
f 3331//37 3332//37 3329//37
f 3329//1 3333//1 3334//1
f 3335//52 3336//52 3337//52
f 3335//52 3337//52 3338//52
f 3333//1211 3329//1211 3332//1211
f 3332//1211 3339//1211 3333//1211
f 3334//52 3333//52 3339//52
f 3339//52 3340//52 3334//52
f 3331//35 3341//35 3339//35
f 3340//38 3341//38 3342//38
f 3342//38 3334//38 3340//38
f 3339//35 3332//35 3331//35
f 3341//35 3340//35 3339//35
f 3334//1 3342//1 3343//1
f 3329//1 3334//1 3343//1
f 3343//1 3330//1 3329//1
f 3330//1212 3343//1212 3344//1212
f 3341//36 3344//36 3343//36
f 3343//36 3342//36 3341//36
f 3344//1212 3331//1212 3330//1212
f 3331//35 3344//35 3341//35
f 3322//38 3326//38 3325//38
f 3325//38 3324//38 3322//38
f 3337//52 3336//52 3345//52
f 3346//52 3337//52 3345//52
f 3347//52 3338//52 3348//52
f 3324//38 3323//38 3322//38
f 3347//52 3335//52 3338//52
f 3323//38 3321//38 3322//38
f 3349//52 3345//52 3350//52
f 3349//52 3346//52 3345//52
f 3348//52 3349//52 3350//52
f 3350//52 3347//52 3348//52
f 3326//38 3327//38 3325//38
f 3326//38 3328//38 3327//38
f 124//52 3351//52 3352//52
f 3353//52 124//52 3352//52
f 3354//52 3355//52 124//52
f 124//52 3355//52 3351//52
f 3356//52 3357//52 124//52
f 3353//52 3356//52 124//52
f 3358//52 3359//52 124//52
f 3360//67 3358//67 124//67
f 124//52 3357//52 3360//52
f 3352//1218 3361//1218 3353//1218
f 3361//1218 3362//1218 3353//1218
f 3353//1219 3362//1219 3356//1219
f 3362//1220 3363//1220 3356//1220
f 3364//36 3365//36 3366//36
f 3365//36 3363//36 3366//36
f 3367//73 3368//73 3366//73
f 3369//36 3370//36 3366//36
f 3371//36 3369//36 3366//36
f 3366//36 3361//36 3371//36
f 3366//36 3368//36 3364//36
f 3363//36 3362//36 3366//36
f 3362//36 3361//36 3366//36
f 3360//1221 3364//1221 3358//1221
f 3365//1222 3364//1222 3360//1222
f 3364//1221 3368//1221 3358//1221
f 3357//1222 3365//1222 3360//1222
f 3363//1223 3365//1223 3357//1223
f 3356//1223 3363//1223 3357//1223
f 3372//1224 3373//1224 3374//1224
f 3374//1225 3373//1225 3375//1225
f 3373//1226 3376//1226 3375//1226
f 3377//1224 3372//1224 3374//1224
f 3367//1227 3372//1227 3377//1227
f 3359//1227 3367//1227 3377//1227
f 3368//1228 3367//1228 3359//1228
f 3358//1228 3368//1228 3359//1228
f 3370//1229 3369//1229 3355//1229
f 3355//1230 3369//1230 3351//1230
f 3369//1230 3371//1230 3351//1230
f 3354//1229 3370//1229 3355//1229
f 3378//1231 3370//1231 3354//1231
f 3351//1232 3371//1232 3352//1232
f 3379//1231 3378//1231 3354//1231
f 3371//1232 3361//1232 3352//1232
f 3380//1233 3378//1233 3379//1233
f 3381//1233 3380//1233 3379//1233
f 3382//1234 3383//1234 3384//1234
f 3383//1234 3385//1234 3384//1234
f 3384//1235 3385//1235 3386//1235
f 3385//1236 3387//1236 3386//1236
f 3386//1237 3387//1237 3388//1237
f 3387//1238 3389//1238 3388//1238
f 3388//1239 3389//1239 3381//1239
f 3389//1239 3380//1239 3381//1239
f 3390//198 3383//198 3382//198
f 3391//198 3390//198 3382//198
f 3392//186 3390//186 3391//186
f 3393//186 3392//186 3391//186
f 3394//1240 3395//1240 3396//1240
f 3395//1241 3397//1241 3396//1241
f 3396//1242 3397//1242 3398//1242
f 3399//1243 3392//1243 3393//1243
f 3398//1243 3399//1243 3393//1243
f 3397//1244 3399//1244 3398//1244
f 3400//36 3366//36 3401//36
f 3401//36 3378//36 3380//36
f 3370//36 3378//36 3401//36
f 3366//36 3370//36 3401//36
f 3383//36 3390//36 3402//36
f 3403//36 3383//36 3402//36
f 3385//36 3383//36 3403//36
f 3402//36 3390//36 3392//36
f 3393//52 3391//52 3404//52
f 3398//52 3393//52 3404//52
f 3398//52 3404//52 3396//52
f 3392//36 3399//36 3402//36
f 3399//36 3397//36 3402//36
f 3375//1245 3376//1245 3405//1245
f 3406//1246 3407//1246 3408//1246
f 3409//1247 3407//1247 3406//1247
f 3376//1248 3410//1248 3405//1248
f 3405//1249 3410//1249 3411//1249
f 3410//1249 3409//1249 3411//1249
f 3411//1247 3409//1247 3406//1247
f 3407//1246 3412//1246 3408//1246
f 3413//1250 3414//1250 3415//1250
f 3416//1250 3413//1250 3415//1250
f 3412//1251 3413//1251 3416//1251
f 3408//1251 3412//1251 3416//1251
f 3415//1252 3414//1252 3394//1252
f 3414//1252 3395//1252 3394//1252
f 3417//36 3395//36 3414//36
f 3397//36 3395//36 3417//36
f 3413//36 3412//36 3417//36
f 3414//36 3413//36 3417//36
f 3417//36 3412//36 3418//36
f 3412//36 3407//36 3418//36
f 3418//36 3407//36 3409//36
f 3419//52 3406//52 3420//52
f 3411//52 3406//52 3419//52
f 3406//52 3408//52 3420//52
f 3420//52 3408//52 3416//52
f 3421//36 3367//36 3366//36
f 3415//52 3420//52 3416//52
f 3396//52 3422//52 3394//52
f 3404//52 3422//52 3396//52
f 3422//1253 3404//1253 3423//1253
f 3423//1253 3404//1253 3424//1253
f 3420//1254 3422//1254 3425//1254
f 3425//1254 3422//1254 3423//1254
f 3394//52 3422//52 3415//52
f 3422//52 3420//52 3415//52
f 3402//36 3397//36 3417//36
f 3426//1 3366//1 124//1
f 3366//36 3426//36 3421//36
f 3427//1 3426//1 124//1
f 3376//36 3428//36 3410//36
f 124//52 3359//52 3427//52
f 3359//52 3377//52 3427//52
f 3427//52 3411//52 3429//52
f 3373//36 3421//36 3376//36
f 3421//1255 3428//1255 3376//1255
f 3427//52 3377//52 3374//52
f 3374//52 3375//52 3427//52
f 3375//52 3405//52 3427//52
f 3373//130 3372//130 3421//130
f 3372//73 3367//73 3421//73
f 3427//52 3405//52 3411//52
f 3428//36 3409//36 3410//36
f 3430//1256 3420//1256 3425//1256
f 3419//1257 3420//1257 3430//1257
f 3409//36 3428//36 3418//36
f 3429//52 3411//52 3419//52
f 3431//1258 3419//1258 3430//1258
f 3429//1258 3419//1258 3431//1258
f 3432//1259 3429//1259 3431//1259
f 3433//52 3427//52 3429//52
f 3433//1259 3429//1259 3432//1259
f 3432//52 3431//52 3434//52
f 3435//1260 3433//1260 3432//1260
f 3436//1260 3433//1260 3435//1260
f 3436//52 3427//52 3433//52
f 3437//52 3432//52 3434//52
f 3435//52 3432//52 3437//52
f 3438//1261 3436//1261 3435//1261
f 3439//1261 3436//1261 3438//1261
f 3440//36 3441//36 3442//36
f 3443//52 3444//52 3427//52
f 3444//67 3445//67 3427//67
f 3427//68 3445//68 3446//68
f 3446//52 3447//52 3427//52
f 3447//52 3448//52 3427//52
f 3443//52 3427//52 3436//52
f 3449//73 3441//73 3440//73
f 3440//36 3450//36 3449//36
f 3451//36 3450//36 3440//36
f 3452//1262 3439//1262 3453//1262
f 3453//1262 3439//1262 3438//1262
f 3454//36 3455//36 3442//36
f 283//1 3456//1 3427//1
f 3456//1 3426//1 3427//1
f 3441//36 3454//36 3442//36
f 3427//52 3448//52 283//52
f 3442//36 3455//36 3457//36
f 3440//36 3426//36 3456//36
f 3456//36 3451//36 3440//36
f 3439//52 3443//52 3436//52
f 3458//52 3443//52 3439//52
f 3459//52 3458//52 3439//52
f 3452//52 3459//52 3439//52
f 3460//36 3461//36 3462//36
f 3463//52 3464//52 3452//52
f 3452//67 3464//67 3465//67
f 3455//36 3460//36 3457//36
f 3457//36 3460//36 3462//36
f 3466//36 3467//36 3462//36
f 3465//52 3459//52 3452//52
f 3462//36 3461//36 3466//36
f 3449//1223 3450//1223 3447//1223
f 3446//1223 3449//1223 3447//1223
f 3441//1220 3449//1220 3446//1220
f 3445//1219 3441//1219 3446//1219
f 3458//1230 3460//1230 3443//1230
f 3460//1230 3455//1230 3443//1230
f 3443//1232 3455//1232 3444//1232
f 3455//1232 3454//1232 3444//1232
f 3444//1218 3454//1218 3445//1218
f 3454//1218 3441//1218 3445//1218
f 3448//1221 3451//1221 3468//1221
f 3451//1221 3469//1221 3468//1221
f 3469//1228 3470//1228 3471//1228
f 3468//1228 3469//1228 3471//1228
f 3447//1222 3450//1222 3448//1222
f 3450//1222 3451//1222 3448//1222
f 3461//1229 3460//1229 3458//1229
f 3459//1229 3461//1229 3458//1229
f 3466//1231 3461//1231 3459//1231
f 3465//1231 3466//1231 3459//1231
f 3467//1233 3466//1233 3465//1233
f 3464//1233 3467//1233 3465//1233
f 3467//36 3472//36 3462//36
f 3472//1239 3467//1239 3464//1239
f 3463//1239 3472//1239 3464//1239
f 3471//1227 3470//1227 3473//1227
f 3474//1224 3475//1224 3476//1224
f 3473//1224 3474//1224 3476//1224
f 3470//1227 3474//1227 3473//1227
f 3477//1245 3478//1245 3479//1245
f 3475//1226 3478//1226 3477//1226
f 3476//1225 3475//1225 3477//1225
f 3478//1245 3480//1245 3479//1245
f 3471//52 3473//52 283//52
f 3473//52 3476//52 283//52
f 283//52 3481//52 3482//52
f 283//52 3476//52 3477//52
f 3479//52 3481//52 283//52
f 283//52 3468//52 3471//52
f 3448//52 3468//52 283//52
f 3477//52 3479//52 283//52
f 283//52 3482//52 3483//52
f 3456//36 3480//36 3478//36
f 3478//36 3475//36 3456//36
f 3470//73 3469//73 3456//73
f 3475//36 3474//36 3456//36
f 3456//36 3474//36 3470//36
f 3484//36 3480//36 3456//36
f 3485//73 3484//73 3456//73
f 3456//36 3486//36 3485//36
f 3469//36 3451//36 3456//36
f 3482//1246 3485//1246 3483//1246
f 3485//1246 3486//1246 3483//1246
f 3484//1247 3485//1247 3482//1247
f 3481//1247 3484//1247 3482//1247
f 3480//1263 3484//1263 3481//1263
f 3479//1249 3480//1249 3481//1249
f 3487//1252 3488//1252 3489//1252
f 3490//1264 3488//1264 3487//1264
f 3491//1264 3490//1264 3487//1264
f 3486//1265 3490//1265 3491//1265
f 3483//1251 3486//1251 3491//1251
f 3488//1252 3492//1252 3489//1252
f 3462//36 3472//36 3493//36
f 3494//52 3463//52 3452//52
f 3495//52 3463//52 3494//52
f 3496//52 3495//52 3494//52
f 3497//1238 3472//1238 3463//1238
f 3495//1237 3497//1237 3463//1237
f 3498//1266 3452//1266 3453//1266
f 3494//1266 3452//1266 3498//1266
f 3499//1267 3494//1267 3498//1267
f 3500//1267 3494//1267 3499//1267
f 3500//52 3496//52 3494//52
f 3501//198 3502//198 3503//198
f 3504//1236 3497//1236 3495//1236
f 3504//36 3505//36 3493//36
f 3472//36 3497//36 3493//36
f 3493//36 3497//36 3504//36
f 3496//1235 3504//1235 3495//1235
f 3505//1234 3504//1234 3496//1234
f 3503//1234 3505//1234 3496//1234
f 3502//198 3505//198 3503//198
f 3505//36 3502//36 3493//36
f 3489//1240 3492//1240 3506//1240
f 3492//1241 3507//1241 3506//1241
f 3506//1242 3507//1242 3508//1242
f 3507//1244 3509//1244 3508//1244
f 3508//1243 3509//1243 3510//1243
f 3509//1243 3511//1243 3510//1243
f 3510//186 3511//186 3501//186
f 3511//186 3502//186 3501//186
f 3503//52 3496//52 3500//52
f 3512//36 3511//36 3509//36
f 3486//36 3456//36 3513//36
f 3490//36 3486//36 3514//36
f 3510//52 3501//52 3500//52
f 3500//52 3501//52 3503//52
f 3488//36 3490//36 3514//36
f 3502//36 3511//36 3512//36
f 3493//36 3502//36 3512//36
f 3515//52 3516//52 3517//52
f 3518//52 3516//52 3515//52
f 3519//68 3518//68 3515//68
f 3520//52 3521//52 3522//52
f 3522//52 3523//52 3520//52
f 3523//52 3524//52 3520//52
f 3520//52 3524//52 3525//52
f 3526//52 3527//52 3528//52
f 3527//52 3520//52 3528//52
f 3528//52 3520//52 3529//52
f 3520//52 3525//52 3529//52
f 3530//52 3521//52 3520//52
f 3531//35 3527//35 3526//35
f 3532//35 3531//35 3526//35
f 3532//1268 3526//1268 3528//1268
f 3521//1269 3530//1269 3533//1269
f 3533//1269 3530//1269 3534//1269
f 3530//1270 3535//1270 3534//1270
f 3536//1271 3521//1271 3533//1271
f 3523//1272 3522//1272 3537//1272
f 3537//1272 3522//1272 3536//1272
f 3534//1270 3535//1270 3538//1270
f 3522//1271 3521//1271 3536//1271
f 3535//1273 3515//1273 3538//1273
f 3538//1273 3515//1273 3539//1273
f 3515//1274 3517//1274 3539//1274
f 3539//1274 3517//1274 3434//1274
f 3517//1275 3516//1275 3434//1275
f 3434//1275 3516//1275 3437//1275
f 3529//1276 3525//1276 3540//1276
f 3540//1277 3525//1277 3541//1277
f 3525//1278 3524//1278 3541//1278
f 3541//1279 3524//1279 3542//1279
f 3524//1280 3523//1280 3542//1280
f 3542//1280 3523//1280 3537//1280
f 3543//1281 3529//1281 3540//1281
f 3528//1281 3529//1281 3543//1281
f 3532//1268 3528//1268 3543//1268
f 3544//1282 3532//1282 3543//1282
f 3543//1283 3545//1283 3544//1283
f 3545//1284 3546//1284 3544//1284
f 3544//1284 3546//1284 3547//1284
f 3548//1285 3549//1285 3550//1285
f 3547//1286 3548//1286 3550//1286
f 3546//1286 3548//1286 3547//1286
f 3531//52 3532//52 3551//52
f 3532//52 3544//52 3551//52
f 3551//52 3544//52 3552//52
f 3544//68 3547//68 3552//68
f 3553//52 3354//52 124//52
f 3400//36 3554//36 3366//36
f 3381//52 3379//52 3553//52
f 3553//52 3386//52 3388//52
f 3379//52 3354//52 3553//52
f 3554//37 3553//37 3366//37
f 3388//52 3381//52 3553//52
f 3553//37 124//37 3366//37
f 3384//52 3386//52 3553//52
f 3555//52 3384//52 3553//52
f 3404//52 3391//52 3555//52
f 3391//52 3382//52 3555//52
f 3555//52 3382//52 3384//52
f 3404//1287 3555//1287 3424//1287
f 3424//1288 3555//1288 3556//1288
f 3401//36 3385//36 3403//36
f 3387//36 3385//36 3401//36
f 3389//36 3387//36 3401//36
f 3401//36 3380//36 3389//36
f 3401//1289 3557//1289 3558//1289
f 3558//1290 3559//1290 3401//1290
f 3560//1291 3557//1291 3401//1291
f 3561//1292 3560//1292 3401//1292
f 3555//1293 3562//1293 3556//1293
f 3563//1294 3561//1294 3401//1294
f 3556//1293 3562//1293 3564//1293
f 3562//1295 3565//1295 3564//1295
f 3564//1296 3565//1296 3566//1296
f 3553//52 3562//52 3555//52
f 3565//52 3562//52 3553//52
f 3559//1297 3567//1297 3401//1297
f 3568//1298 3569//1298 3554//1298
f 3570//1299 3568//1299 3554//1299
f 3567//1300 3571//1300 3400//1300
f 3400//1301 3570//1301 3554//1301
f 3400//1302 3571//1302 3572//1302
f 3572//1303 3570//1303 3400//1303
f 3401//1304 3567//1304 3400//1304
f 3570//80 3572//80 3573//80
f 3574//86 3570//86 3573//86
f 3573//81 3572//81 3575//81
f 3572//1305 3571//1305 3575//1305
f 3575//1306 3571//1306 3576//1306
f 3571//1307 3567//1307 3576//1307
f 3568//86 3570//86 3574//86
f 3566//1308 3577//1308 3578//1308
f 3565//1309 3577//1309 3566//1309
f 3577//52 3565//52 3553//52
f 3579//1308 3566//1308 3578//1308
f 3577//52 3553//52 3578//52
f 3580//1310 3581//1310 3582//1310
f 3583//1311 3580//1311 3582//1311
f 3583//1312 3582//1312 3584//1312
f 3554//1313 3569//1313 3582//1313
f 3569//1314 3585//1314 3582//1314
f 3582//1315 3585//1315 3584//1315
f 3586//96 3569//96 3587//96
f 3587//88 3568//88 3574//88
f 3569//88 3568//88 3587//88
f 3585//96 3569//96 3586//96
f 3581//1316 3588//1316 3582//1316
f 3582//1317 3588//1317 3589//1317
f 3576//82 3559//82 3590//82
f 3559//77 3558//77 3590//77
f 3591//79 3557//79 3592//79
f 3590//77 3558//77 3591//77
f 3558//1318 3557//1318 3591//1318
f 3576//84 3567//84 3559//84
f 3592//78 3560//78 3593//78
f 3557//78 3560//78 3592//78
f 3560//135 3594//135 3593//135
f 3595//140 3594//140 3561//140
f 3561//1319 3594//1319 3560//1319
f 3596//118 3597//118 3598//118
f 3599//104 3597//104 3596//104
f 3563//101 3595//101 3561//101
f 3600//101 3595//101 3563//101
f 3597//103 3601//103 3598//103
f 3598//103 3601//103 3602//103
f 3601//102 3600//102 3602//102
f 3602//1320 3600//1320 3563//1320
f 3603//1321 3604//1321 3599//1321
f 3603//1322 3599//1322 3596//1322
f 3603//1323 3605//1323 3604//1323
f 3605//142 3606//142 3604//142
f 3604//142 3606//142 3607//142
f 3606//124 3608//124 3607//124
f 3607//108 3608//108 3609//108
f 3588//92 3581//92 3610//92
f 3611//89 3585//89 3586//89
f 3584//89 3585//89 3611//89
f 3612//137 3584//137 3611//137
f 3583//137 3584//137 3612//137
f 3613//91 3583//91 3612//91
f 3580//91 3583//91 3613//91
f 3614//93 3580//93 3613//93
f 3581//93 3580//93 3614//93
f 3610//92 3581//92 3614//92
f 3615//110 3588//110 3610//110
f 3589//110 3588//110 3615//110
f 3616//109 3589//109 3615//109
f 3617//109 3589//109 3616//109
f 3618//111 3617//111 3616//111
f 3619//111 3617//111 3618//111
f 3620//120 3619//120 3621//120
f 3621//113 3619//113 3618//113
f 3622//114 3620//114 3621//114
f 3608//115 3623//115 3609//115
f 3609//372 3623//372 3624//372
f 3623//116 3625//116 3624//116
f 3624//126 3625//126 3622//126
f 3625//114 3620//114 3622//114
f 3430//52 3425//52 3538//52
f 3538//52 3425//52 3534//52
f 3434//52 3431//52 3539//52
f 3425//52 3423//52 3534//52
f 3534//52 3423//52 3533//52
f 3423//52 3424//52 3533//52
f 3533//52 3424//52 3536//52
f 3424//52 3556//52 3536//52
f 3431//52 3430//52 3539//52
f 3539//52 3430//52 3538//52
f 3537//52 3564//52 3542//52
f 3541//52 3579//52 3540//52
f 3566//52 3579//52 3541//52
f 3542//52 3566//52 3541//52
f 3564//52 3566//52 3542//52
f 3536//52 3556//52 3537//52
f 3556//52 3564//52 3537//52
f 3626//37 3575//37 3576//37
f 3573//37 3575//37 3626//37
f 3574//37 3573//37 3626//37
f 3626//37 3591//37 3592//37
f 3576//37 3590//37 3626//37
f 3590//37 3591//37 3626//37
f 3593//37 3594//37 3626//37
f 3592//37 3593//37 3626//37
f 3599//37 3604//37 3626//37
f 3597//37 3599//37 3626//37
f 3626//37 3604//37 3607//37
f 3595//37 3600//37 3626//37
f 3600//37 3601//37 3626//37
f 3626//37 3601//37 3597//37
f 3607//37 3609//37 3626//37
f 3626//37 3594//37 3595//37
f 3613//37 3612//37 3626//37
f 3614//37 3613//37 3626//37
f 3626//37 3587//37 3574//37
f 3586//37 3587//37 3626//37
f 3626//37 3612//37 3611//37
f 3626//37 3610//37 3614//37
f 3611//37 3586//37 3626//37
f 3616//37 3615//37 3626//37
f 3621//37 3618//37 3626//37
f 3622//37 3621//37 3626//37
f 3615//37 3610//37 3626//37
f 3626//37 3624//37 3622//37
f 3609//37 3624//37 3626//37
f 3626//37 3618//37 3616//37
f 3553//52 3627//52 3628//52
f 3629//52 3627//52 3553//52
f 3630//52 3631//52 3553//52
f 3628//52 3630//52 3553//52
f 3582//36 3632//36 3633//36
f 3634//36 3635//36 3582//36
f 3636//36 3634//36 3582//36
f 546//37 3553//37 3554//37
f 3637//37 546//37 3554//37
f 3633//36 3636//36 3582//36
f 546//52 3629//52 3553//52
f 3637//36 3554//36 3582//36
f 3638//1324 3579//1324 3639//1324
f 3640//36 3632//36 3582//36
f 3641//36 3640//36 3582//36
f 3553//52 3642//52 3578//52
f 3553//52 3631//52 3642//52
f 3639//1325 3579//1325 3578//1325
f 3639//52 3643//52 3644//52
f 3645//36 3646//36 3647//36
f 3647//36 3648//36 3641//36
f 3648//36 3640//36 3641//36
f 3642//52 3643//52 3639//52
f 3578//52 3642//52 3639//52
f 3646//36 3649//36 3647//36
f 3649//36 3648//36 3647//36
f 3582//36 3635//36 3637//36
f 3650//1326 3638//1326 3639//1326
f 3651//1326 3638//1326 3650//1326
f 3652//1327 3651//1327 3650//1327
f 3653//36 3645//36 3647//36
f 3654//1327 3651//1327 3652//1327
f 3650//52 3639//52 3644//52
f 3655//52 3650//52 3644//52
f 3634//1232 3636//1232 3627//1232
f 3628//1328 3633//1328 3630//1328
f 3627//1329 3636//1329 3628//1329
f 3636//1329 3633//1329 3628//1329
f 3629//1232 3634//1232 3627//1232
f 3633//1220 3632//1220 3630//1220
f 3648//1221 3649//1221 3643//1221
f 3640//1222 3648//1222 3642//1222
f 3631//1222 3640//1222 3642//1222
f 3642//1221 3648//1221 3643//1221
f 3632//1223 3640//1223 3631//1223
f 3630//1223 3632//1223 3631//1223
f 3656//1330 3657//1330 3658//1330
f 3659//1229 3635//1229 3660//1229
f 3657//1330 3661//1330 3658//1330
f 3660//1230 3635//1230 3629//1230
f 3635//1230 3634//1230 3629//1230
f 3662//1229 3659//1229 3660//1229
f 3661//1231 3659//1231 3662//1231
f 3658//1231 3661//1231 3662//1231
f 3663//1331 3664//1331 3665//1331
f 3666//1225 3663//1225 3665//1225
f 3645//1224 3663//1224 3666//1224
f 3655//1224 3645//1224 3666//1224
f 3646//1227 3645//1227 3655//1227
f 3644//1227 3646//1227 3655//1227
f 3643//1228 3649//1228 3644//1228
f 3665//1245 3664//1245 3667//1245
f 3664//1245 3668//1245 3667//1245
f 3649//1228 3646//1228 3644//1228
f 3663//36 3645//36 3653//36
f 3669//1332 3670//1332 3671//1332
f 3672//1332 3669//1332 3671//1332
f 3660//52 3629//52 546//52
f 3662//52 546//52 3658//52
f 546//52 3656//52 3658//52
f 3673//52 3674//52 546//52
f 3674//52 3675//52 546//52
f 3676//67 3677//67 546//67
f 546//52 3677//52 3678//52
f 3662//52 3660//52 546//52
f 3678//52 3673//52 546//52
f 546//52 3675//52 3656//52
f 3679//1239 3657//1239 3656//1239
f 3674//1237 3680//1237 3675//1237
f 3680//1238 3679//1238 3675//1238
f 3675//1239 3679//1239 3656//1239
f 3657//36 3679//36 3637//36
f 3681//36 3682//36 3637//36
f 3661//36 3657//36 3637//36
f 3635//36 3659//36 3637//36
f 3679//36 3680//36 3637//36
f 3682//73 3683//73 3637//73
f 3637//36 3659//36 3661//36
f 3637//36 3680//36 3681//36
f 3682//1234 3681//1234 3673//1234
f 3678//1234 3682//1234 3673//1234
f 3681//1236 3680//1236 3674//1236
f 3683//198 3682//198 3678//198
f 3677//198 3683//198 3678//198
f 3684//186 3683//186 3677//186
f 3673//1235 3681//1235 3674//1235
f 3676//186 3684//186 3677//186
f 3685//1243 3684//1243 3676//1243
f 3686//1243 3685//1243 3676//1243
f 3687//1244 3685//1244 3686//1244
f 3688//1242 3687//1242 3686//1242
f 3689//1241 3687//1241 3688//1241
f 3690//1240 3689//1240 3688//1240
f 3670//1252 3689//1252 3690//1252
f 3671//1252 3670//1252 3690//1252
f 546//35 3637//35 3691//35
f 3637//36 3683//36 3691//36
f 3664//36 3653//36 3668//36
f 3655//52 3666//52 3650//52
f 3653//36 3692//36 3668//36
f 3666//52 3665//52 3650//52
f 3664//36 3663//36 3653//36
f 3693//1247 3694//1247 3695//1247
f 3692//36 3696//36 3694//36
f 3668//36 3692//36 3694//36
f 3692//36 3697//36 3696//36
f 3694//1247 3696//1247 3695//1247
f 3667//1249 3668//1249 3693//1249
f 3668//1249 3694//1249 3693//1249
f 3650//52 3665//52 3652//52
f 3665//52 3667//52 3652//52
f 3652//52 3667//52 3693//52
f 3652//52 3693//52 3698//52
f 3697//1251 3669//1251 3672//1251
f 3695//1246 3696//1246 3699//1246
f 3699//1251 3697//1251 3672//1251
f 3669//73 3697//73 3692//73
f 3696//1246 3697//1246 3699//1246
f 3683//1333 3684//1333 3691//1333
f 3691//36 3669//36 3692//36
f 3685//36 3687//36 3691//36
f 3687//36 3689//36 3691//36
f 3689//36 3670//36 3691//36
f 3691//36 3684//36 3685//36
f 3670//36 3669//36 3691//36
f 3693//52 3695//52 3698//52
f 3698//52 3695//52 3699//52
f 3653//1334 3700//1334 3692//1334
f 3701//37 3691//37 3692//37
f 3700//37 3701//37 3692//37
f 3579//52 3638//52 3540//52
f 3540//52 3638//52 3543//52
f 3638//52 3651//52 3543//52
f 3543//52 3651//52 3545//52
f 3651//52 3654//52 3545//52
f 3545//52 3654//52 3546//52
f 3654//52 3702//52 3546//52
f 3546//52 3702//52 3548//52
f 3702//52 3703//52 3548//52
f 3548//52 3703//52 3549//52
f 3703//52 3704//52 3549//52
f 3699//67 3672//67 3705//67
f 3698//52 3699//52 3705//52
f 3698//1335 3654//1335 3652//1335
f 3702//1335 3654//1335 3698//1335
f 3688//52 3686//52 3706//52
f 3706//52 3671//52 3690//52
f 3672//52 3671//52 3706//52
f 3705//52 3672//52 3706//52
f 3686//52 3676//52 3706//52
f 3706//35 546//35 3691//35
f 3706//52 3676//52 546//52
f 3690//67 3688//67 3706//67
f 3705//1336 3702//1336 3698//1336
f 3703//1336 3702//1336 3705//1336
f 3707//1337 3703//1337 3705//1337
f 3704//1337 3703//1337 3707//1337
f 3706//52 3707//52 3705//52
f 3708//35 3706//35 3701//35
f 3706//35 3691//35 3701//35
f 3515//52 3709//52 3519//52
f 3710//52 3709//52 3515//52
f 3711//52 3710//52 3515//52
f 3711//52 3515//52 3535//52
f 3530//52 3711//52 3535//52
f 3712//52 3711//52 3530//52
f 3713//52 3712//52 3530//52
f 3530//52 3714//52 3713//52
f 3715//52 3714//52 3530//52
f 3716//52 3715//52 3530//52
f 3716//52 3530//52 3520//52
f 3520//1338 3527//1338 3531//1338
f 3516//1339 3518//1339 3437//1339
f 3437//1339 3518//1339 3717//1339
f 3518//1340 3519//1340 3717//1340
f 3717//1340 3519//1340 3718//1340
f 3519//1341 3709//1341 3718//1341
f 3718//1341 3709//1341 3719//1341
f 3719//1342 3710//1342 3720//1342
f 3709//1342 3710//1342 3719//1342
f 3710//1343 3711//1343 3720//1343
f 3720//1343 3711//1343 3721//1343
f 3711//1344 3712//1344 3721//1344
f 3721//1344 3712//1344 3722//1344
f 3712//1345 3713//1345 3722//1345
f 3722//1345 3713//1345 3723//1345
f 3520//1338 3531//1338 3724//1338
f 3725//1346 3520//1346 3724//1346
f 3716//1346 3520//1346 3725//1346
f 3726//1347 3716//1347 3725//1347
f 3715//1348 3716//1348 3726//1348
f 3727//1349 3715//1349 3726//1349
f 3714//1350 3715//1350 3727//1350
f 3713//1351 3714//1351 3723//1351
f 3723//1351 3714//1351 3727//1351
f 3550//1352 3549//1352 3728//1352
f 3729//1353 3552//1353 3730//1353
f 3552//1354 3728//1354 3730//1354
f 3730//1354 3728//1354 3731//1354
f 3728//1355 3549//1355 3731//1355
f 3550//1356 3728//1356 3552//1356
f 3552//68 3547//68 3550//68
f 3724//1357 3531//1357 3729//1357
f 3531//1358 3551//1358 3729//1358
f 3729//1353 3551//1353 3552//1353
f 3719//52 3453//52 3718//52
f 3453//52 3438//52 3718//52
f 3732//52 3499//52 3721//52
f 3721//52 3499//52 3720//52
f 3499//52 3498//52 3720//52
f 3720//52 3498//52 3719//52
f 3718//52 3438//52 3717//52
f 3438//52 3435//52 3717//52
f 3498//52 3453//52 3719//52
f 3717//52 3435//52 3437//52
f 3733//52 3734//52 3723//52
f 3723//52 3734//52 3722//52
f 3727//52 3733//52 3723//52
f 3735//52 3733//52 3727//52
f 3726//52 3735//52 3727//52
f 3722//52 3732//52 3721//52
f 3734//52 3732//52 3722//52
f 3509//36 3507//36 3514//36
f 3514//36 3492//36 3488//36
f 3509//36 3514//36 3512//36
f 3736//52 3510//52 3500//52
f 3508//52 3510//52 3736//52
f 3732//1359 3500//1359 3499//1359
f 3507//36 3492//36 3514//36
f 3736//1360 3500//1360 3732//1360
f 3737//38 3456//38 283//38
f 283//52 3483//52 3738//52
f 3513//36 3456//36 3737//36
f 3738//38 3737//38 283//38
f 3506//52 3508//52 3738//52
f 3738//52 3508//52 3736//52
f 3738//52 3491//52 3487//52
f 3483//52 3491//52 3738//52
f 3489//52 3506//52 3738//52
f 3514//36 3486//36 3513//36
f 3487//52 3489//52 3738//52
f 3734//1361 3736//1361 3732//1361
f 3739//1361 3736//1361 3734//1361
f 3738//52 3740//52 3741//52
f 3739//52 3740//52 3738//52
f 3736//52 3739//52 3738//52
f 3741//1362 3735//1362 3742//1362
f 3741//52 3742//52 3738//52
f 3740//1363 3739//1363 3734//1363
f 3741//1362 3733//1362 3735//1362
f 3734//38 3733//38 3741//38
f 3740//1364 3734//1364 3741//1364
f 3730//52 3743//52 3729//52
f 3744//52 3743//52 3730//52
f 3731//52 3744//52 3730//52
f 3549//52 3704//52 3731//52
f 3704//52 3744//52 3731//52
f 3745//52 3746//52 3725//52
f 3725//52 3746//52 3726//52
f 3746//52 3735//52 3726//52
f 3743//52 3747//52 3729//52
f 3729//52 3747//52 3724//52
f 3747//52 3745//52 3724//52
f 3724//52 3745//52 3725//52
f 3743//1365 3744//1365 3748//1365
f 3748//1365 3744//1365 3749//1365
f 3744//1366 3704//1366 3749//1366
f 3749//52 3707//52 3706//52
f 3749//1366 3704//1366 3707//1366
f 3750//1367 3743//1367 3748//1367
f 3747//1367 3743//1367 3750//1367
f 3748//52 3749//52 3751//52
f 3752//1356 3753//1356 3706//1356
f 3754//52 3755//52 3706//52
f 3706//52 3753//52 3756//52
f 3756//52 3754//52 3706//52
f 3751//52 3749//52 3706//52
f 620//52 3752//52 3706//52
f 3706//52 3757//52 3751//52
f 3755//52 3757//52 3706//52
f 620//35 3706//35 3758//35
f 3759//35 3758//35 3708//35
f 3758//35 3706//35 3708//35
f 3746//1368 3745//1368 3760//1368
f 3761//52 3762//52 3760//52
f 3760//1368 3745//1368 3763//1368
f 3745//1369 3747//1369 3763//1369
f 3763//1369 3747//1369 3750//1369
f 3764//36 3765//36 3766//36
f 3763//52 3761//52 3760//52
f 3767//36 3768//36 3769//36
f 3742//52 3770//52 3738//52
f 3767//36 3769//36 3771//36
f 3742//1370 3746//1370 3760//1370
f 3738//52 3770//52 3772//52
f 3735//1371 3746//1371 3742//1371
f 3773//52 3774//52 3738//52
f 3775//52 3773//52 3738//52
f 3738//52 3772//52 3776//52
f 3775//52 3738//52 3776//52
f 3777//38 3737//38 3738//38
f 620//38 3777//38 3738//38
f 3738//52 3774//52 620//52
f 3769//36 3778//36 3771//36
f 3769//36 3779//36 3778//36
f 3769//36 3737//36 3777//36
f 3780//36 3779//36 3769//36
f 3765//36 3768//36 3767//36
f 3781//36 3765//36 3767//36
f 3765//36 3781//36 3782//36
f 3762//52 3783//52 3760//52
f 3760//52 3783//52 3742//52
f 3783//52 3770//52 3742//52
f 3766//36 3765//36 3782//36
f 3777//36 3780//36 3769//36
f 3763//52 3750//52 3784//52
f 3784//52 3750//52 3785//52
f 3750//52 3748//52 3786//52
f 3785//52 3750//52 3786//52
f 3787//52 3763//52 3784//52
f 3788//36 3789//36 3764//36
f 3764//36 3789//36 3790//36
f 3791//52 3761//52 3763//52
f 3787//52 3791//52 3763//52
f 3790//36 3792//36 3793//36
f 3793//36 3794//36 3790//36
f 3789//36 3792//36 3790//36
f 3785//1232 3793//1232 3784//1232
f 3794//1230 3793//1230 3785//1230
f 3793//1232 3792//1232 3784//1232
f 3786//1230 3794//1230 3785//1230
f 3794//36 3795//36 3790//36
f 3786//52 3748//52 3751//52
f 3795//1229 3794//1229 3786//1229
f 3751//1229 3795//1229 3786//1229
f 3757//1231 3796//1231 3751//1231
f 3796//1231 3795//1231 3751//1231
f 3758//36 3797//36 3798//36
f 3799//36 3797//36 3758//36
f 3798//36 3800//36 3758//36
f 3800//36 3801//36 3758//36
f 3790//36 3795//36 3758//36
f 3795//36 3796//36 3758//36
f 3796//36 3799//36 3758//36
f 3766//1221 3782//1221 3783//1221
f 3762//1221 3766//1221 3783//1221
f 3802//36 3764//36 3766//36
f 3802//36 3788//36 3764//36
f 3802//1222 3766//1222 3762//1222
f 3789//1220 3788//1220 3791//1220
f 3787//1328 3789//1328 3791//1328
f 3788//1223 3802//1223 3761//1223
f 3791//1223 3788//1223 3761//1223
f 3784//1329 3792//1329 3787//1329
f 3792//1329 3789//1329 3787//1329
f 3761//1222 3802//1222 3762//1222
f 3799//1330 3796//1330 3757//1330
f 3755//1330 3799//1330 3757//1330
f 3781//1227 3767//1227 3772//1227
f 3783//1228 3782//1228 3770//1228
f 3770//1227 3781//1227 3772//1227
f 3782//1228 3781//1228 3770//1228
f 3772//1224 3767//1224 3776//1224
f 3767//1224 3771//1224 3776//1224
f 3775//1245 3778//1245 3773//1245
f 3776//1225 3771//1225 3775//1225
f 3773//1263 3779//1263 3774//1263
f 3771//1331 3778//1331 3775//1331
f 3778//1245 3779//1245 3773//1245
f 3779//1263 3780//1263 3774//1263
f 3774//1247 3780//1247 3803//1247
f 3804//1250 3805//1250 3806//1250
f 3780//1247 3807//1247 3803//1247
f 3803//1246 3807//1246 3808//1246
f 3809//1332 3804//1332 3806//1332
f 3810//1251 3804//1251 3809//1251
f 3807//1246 3810//1246 3808//1246
f 3808//1251 3810//1251 3809//1251
f 3797//1372 3799//1372 3755//1372
f 3801//1234 3800//1234 3753//1234
f 3753//1235 3800//1235 3756//1235
f 3752//1234 3801//1234 3753//1234
f 3800//1236 3798//1236 3756//1236
f 3756//1237 3798//1237 3754//1237
f 3798//1238 3797//1238 3754//1238
f 3754//1372 3797//1372 3755//1372
f 3811//1242 3812//1242 3813//1242
f 3814//186 3815//186 3816//186
f 3812//1244 3817//1244 3813//1244
f 3813//1243 3817//1243 3818//1243
f 3817//1243 3814//1243 3818//1243
f 3815//198 3801//198 3752//198
f 3816//198 3815//198 3752//198
f 3818//186 3814//186 3816//186
f 3777//35 620//35 3758//35
f 3758//36 3801//36 3777//36
f 3805//1252 3819//1252 3820//1252
f 3806//1252 3805//1252 3820//1252
f 3819//1241 3812//1241 3811//1241
f 3820//1240 3819//1240 3811//1240
f 3809//52 3806//52 620//52
f 3806//52 3820//52 620//52
f 3813//52 3818//52 620//52
f 3811//52 3813//52 620//52
f 620//52 3820//52 3811//52
f 620//52 3808//52 3809//52
f 3818//52 3816//52 620//52
f 620//52 3803//52 3808//52
f 3816//52 3752//52 620//52
f 3774//52 3803//52 620//52
f 3777//36 3815//36 3814//36
f 3814//130 3817//130 3777//130
f 3777//36 3804//36 3810//36
f 3810//36 3807//36 3777//36
f 3801//36 3815//36 3777//36
f 3805//36 3804//36 3777//36
f 3807//73 3780//73 3777//73
f 3819//36 3805//36 3777//36
f 3817//36 3812//36 3777//36
f 3777//36 3812//36 3819//36
f 3758//38 3759//38 3790//38
f 3759//38 3821//38 3790//38
f 3764//1373 3790//1373 3821//1373
f 3402//1374 3417//1374 3822//1374
f 3822//1374 3417//1374 3823//1374
f 3417//1375 3418//1375 3823//1375
f 3823//1375 3418//1375 3824//1375
f 3825//1376 3402//1376 3822//1376
f 3403//1376 3402//1376 3825//1376
f 3826//1377 3403//1377 3825//1377
f 3401//1378 3403//1378 3826//1378
f 3603//1379 3596//1379 3826//1379
f 3827//1380 3603//1380 3826//1380
f 3605//1302 3603//1302 3827//1302
f 3606//1381 3605//1381 3827//1381
f 3602//1382 3826//1382 3598//1382
f 3563//1383 3401//1383 3826//1383
f 3826//1384 3596//1384 3598//1384
f 3602//1385 3563//1385 3826//1385
f 3827//1386 3623//1386 3608//1386
f 3608//1387 3606//1387 3827//1387
f 3418//1388 3428//1388 3824//1388
f 3824//1388 3428//1388 3828//1388
f 3428//1389 3421//1389 3828//1389
f 3828//1389 3421//1389 3829//1389
f 3421//1390 3426//1390 3829//1390
f 3829//1391 3426//1391 3830//1391
f 3831//1392 3589//1392 3617//1392
f 3831//1393 3617//1393 3827//1393
f 3617//1394 3619//1394 3827//1394
f 3625//1395 3623//1395 3827//1395
f 3620//1396 3625//1396 3827//1396
f 3827//1397 3619//1397 3620//1397
f 3589//1398 3831//1398 3582//1398
f 3831//1399 3832//1399 3582//1399
f 3582//1400 3832//1400 3641//1400
f 3832//1401 3833//1401 3641//1401
f 3641//1401 3833//1401 3647//1401
f 3834//36 3708//36 3701//36
f 3700//36 3835//36 3701//36
f 3835//36 3836//36 3701//36
f 3701//36 3836//36 3834//36
f 3837//1334 3700//1334 3653//1334
f 3647//1402 3837//1402 3653//1402
f 3833//1402 3837//1402 3647//1402
f 3834//1403 3838//1403 3708//1403
f 3839//1403 3838//1403 3834//1403
f 3836//1404 3839//1404 3834//1404
f 3835//1405 3700//1405 3837//1405
f 3837//1406 3840//1406 3835//1406
f 3840//1407 3841//1407 3835//1407
f 3835//1407 3841//1407 3836//1407
f 3841//1404 3839//1404 3836//1404
f 3842//1408 3457//1408 3843//1408
f 3442//1408 3457//1408 3842//1408
f 3830//1409 3442//1409 3842//1409
f 3440//1409 3442//1409 3830//1409
f 3426//1410 3440//1410 3830//1410
f 3462//1411 3493//1411 3844//1411
f 3844//1411 3493//1411 3845//1411
f 3493//1412 3512//1412 3845//1412
f 3845//1412 3512//1412 3846//1412
f 3457//1413 3462//1413 3843//1413
f 3843//1413 3462//1413 3844//1413
f 3513//1414 3737//1414 3847//1414
f 3848//1414 3513//1414 3847//1414
f 3849//1415 3513//1415 3848//1415
f 3514//1415 3513//1415 3849//1415
f 3512//1416 3514//1416 3846//1416
f 3846//1417 3514//1417 3849//1417
f 3847//1418 3737//1418 3850//1418
f 3737//1418 3769//1418 3850//1418
f 3769//1419 3768//1419 3850//1419
f 3850//1420 3768//1420 3851//1420
f 3768//1421 3765//1421 3851//1421
f 3851//1421 3765//1421 3852//1421
f 3759//36 3853//36 3821//36
f 3764//1373 3821//1373 3854//1373
f 3852//1422 3764//1422 3854//1422
f 3765//1422 3764//1422 3852//1422
f 3855//36 3853//36 3759//36
f 3856//36 3855//36 3759//36
f 3759//36 3708//36 3856//36
f 3854//1423 3821//1423 3857//1423
f 3821//1424 3853//1424 3857//1424
f 3857//1425 3853//1425 3855//1425
f 3858//1425 3857//1425 3855//1425
f 3856//1426 3858//1426 3855//1426
f 3859//1426 3858//1426 3856//1426
f 3708//1427 3859//1427 3856//1427
f 3838//1427 3859//1427 3708//1427
f 3860//52 3861//52 3862//52
f 3862//52 3861//52 3863//52
f 3864//52 3865//52 3866//52
f 3863//52 3864//52 3866//52
f 3863//206 3867//206 3862//206
f 3868//206 3867//206 3863//206
f 3861//52 3864//52 3863//52
f 3822//36 3823//36 3868//36
f 3823//36 3824//36 3867//36
f 3868//36 3823//36 3867//36
f 3864//1375 3861//1375 3869//1375
f 3870//1374 3864//1374 3869//1374
f 3869//1375 3861//1375 3871//1375
f 3861//1388 3860//1388 3871//1388
f 3871//1388 3860//1388 3872//1388
f 3865//1374 3864//1374 3870//1374
f 3825//36 3822//36 3873//36
f 3874//36 3825//36 3873//36
f 3826//36 3825//36 3874//36
f 3875//208 3873//208 3866//208
f 3874//208 3873//208 3875//208
f 3873//36 3822//36 3868//36
f 3873//240 3868//240 3866//240
f 3866//325 3868//325 3863//325
f 3866//52 3865//52 3875//52
f 3865//52 3876//52 3875//52
f 3877//1376 3865//1376 3870//1376
f 3876//1376 3865//1376 3877//1376
f 3878//1377 3876//1377 3877//1377
f 3879//1378 3876//1378 3878//1378
f 3880//37 3881//37 3338//37
f 3338//37 3337//37 3880//37
f 3336//38 3335//38 3882//38
f 3882//38 3883//38 3336//38
f 3335//1 3347//1 3884//1
f 3884//1 3882//1 3335//1
f 3348//35 3338//35 3881//35
f 3881//35 3885//35 3348//35
f 3870//1428 3886//1428 3877//1428
f 3887//1428 3886//1428 3870//1428
f 3869//1429 3887//1429 3870//1429
f 3888//1430 3889//1430 3871//1430
f 3872//1431 3888//1431 3871//1431
f 3889//1429 3887//1429 3869//1429
f 3871//1430 3889//1430 3869//1430
f 3890//36 3827//36 3891//36
f 3827//36 3826//36 3891//36
f 3891//36 3826//36 3874//36
f 3892//205 3874//205 3875//205
f 3879//52 3893//52 3894//52
f 3892//52 3879//52 3894//52
f 3890//1432 3891//1432 3894//1432
f 3894//1432 3891//1432 3892//1432
f 3876//52 3879//52 3892//52
f 3875//52 3876//52 3892//52
f 3891//205 3874//205 3892//205
f 3895//36 3832//36 3896//36
f 3832//36 3831//36 3896//36
f 3831//36 3827//36 3890//36
f 3896//36 3831//36 3890//36
f 3894//52 3893//52 3897//52
f 3897//1433 3890//1433 3894//1433
f 3896//1433 3890//1433 3897//1433
f 3898//69 3896//69 3897//69
f 3895//69 3896//69 3898//69
f 3893//52 3899//52 3897//52
f 3897//52 3899//52 3898//52
f 3899//52 3900//52 3898//52
f 3893//1380 3879//1380 3901//1380
f 3901//1380 3879//1380 3878//1380
f 3886//1434 3902//1434 3877//1434
f 3877//1434 3902//1434 3878//1434
f 3902//1435 3903//1435 3878//1435
f 3878//1435 3903//1435 3901//1435
f 3904//1399 3905//1399 3899//1399
f 3899//1400 3905//1400 3900//1400
f 3906//1436 3904//1436 3899//1436
f 3906//1437 3893//1437 3901//1437
f 3899//1438 3893//1438 3906//1438
f 3907//1439 3908//1439 3904//1439
f 3904//1439 3908//1439 3905//1439
f 3903//1440 3906//1440 3901//1440
f 3909//1441 3907//1441 3904//1441
f 3906//1441 3909//1441 3904//1441
f 3903//1440 3909//1440 3906//1440
f 3898//52 3900//52 3910//52
f 3837//36 3833//36 3911//36
f 3911//36 3833//36 3895//36
f 3900//52 3912//52 3910//52
f 3833//36 3832//36 3895//36
f 3910//52 3912//52 3913//52
f 3912//52 3914//52 3913//52
f 3915//36 3837//36 3911//36
f 3910//72 3895//72 3898//72
f 3911//72 3895//72 3910//72
f 3913//71 3911//71 3910//71
f 3915//71 3911//71 3913//71
f 3916//62 3915//62 3913//62
f 3917//62 3915//62 3916//62
f 3841//36 3840//36 3915//36
f 3840//36 3837//36 3915//36
f 3913//52 3914//52 3918//52
f 3917//36 3841//36 3915//36
f 3913//52 3918//52 3916//52
f 3918//52 3919//52 3916//52
f 3920//1442 3921//1442 3922//1442
f 3921//1443 3923//1443 3922//1443
f 3905//1401 3920//1401 3900//1401
f 3900//1401 3920//1401 3912//1401
f 3908//1444 3924//1444 3905//1444
f 3924//1442 3921//1442 3920//1442
f 3905//1444 3924//1444 3920//1444
f 3918//1407 3925//1407 3919//1407
f 3926//1407 3925//1407 3918//1407
f 3914//1406 3926//1406 3918//1406
f 3922//1406 3926//1406 3914//1406
f 3926//1445 3927//1445 3925//1445
f 3912//1402 3922//1402 3914//1402
f 3920//1402 3922//1402 3912//1402
f 3923//1445 3927//1445 3926//1445
f 3922//1443 3923//1443 3926//1443
f 3828//36 3829//36 3928//36
f 3929//36 3828//36 3928//36
f 3824//36 3828//36 3929//36
f 3867//36 3824//36 3929//36
f 3930//52 3860//52 3862//52
f 3931//52 3860//52 3930//52
f 3932//52 3931//52 3930//52
f 3929//200 3928//200 3930//200
f 3930//200 3928//200 3932//200
f 3867//1446 3929//1446 3862//1446
f 3862//1446 3929//1446 3930//1446
f 3860//1389 3931//1389 3872//1389
f 3872//1389 3931//1389 3933//1389
f 3934//52 3935//52 3932//52
f 3935//52 3931//52 3932//52
f 3928//36 3829//36 3936//36
f 3829//36 3830//36 3936//36
f 3932//198 3936//198 3934//198
f 3928//198 3936//198 3932//198
f 3830//36 3842//36 3937//36
f 3936//36 3830//36 3937//36
f 3938//52 3935//52 3934//52
f 3936//196 3937//196 3934//196
f 3934//196 3937//196 3939//196
f 3939//52 3938//52 3934//52
f 3940//1409 3938//1409 3941//1409
f 3935//1409 3938//1409 3940//1409
f 3931//1 3935//1 3933//1
f 3933//1 3935//1 3940//1
f 3942//36 3843//36 3943//36
f 3842//36 3843//36 3942//36
f 3937//36 3842//36 3942//36
f 3843//36 3844//36 3943//36
f 3937//239 3942//239 3939//239
f 3944//52 3945//52 3946//52
f 3945//52 3947//52 3946//52
f 3946//52 3947//52 3939//52
f 3947//52 3938//52 3939//52
f 3939//239 3942//239 3946//239
f 3942//181 3943//181 3946//181
f 3946//181 3943//181 3944//181
f 3948//52 3945//52 3944//52
f 3949//52 3948//52 3944//52
f 3950//52 3949//52 3944//52
f 3943//36 3845//36 3951//36
f 3845//36 3846//36 3951//36
f 3943//190 3951//190 3944//190
f 3944//190 3951//190 3950//190
f 3943//36 3844//36 3845//36
f 3938//1408 3947//1408 3941//1408
f 3941//1408 3947//1408 3952//1408
f 3947//1413 3945//1413 3952//1413
f 3952//1413 3945//1413 3953//1413
f 3945//1411 3948//1411 3953//1411
f 3953//1411 3948//1411 3954//1411
f 3948//1412 3949//1412 3954//1412
f 3954//1412 3949//1412 3955//1412
f 3956//1 3880//1 3337//1
f 3337//1 3346//1 3956//1
f 3883//35 3957//35 3345//35
f 3345//35 3336//35 3883//35
f 3933//1447 3958//1447 3872//1447
f 3958//1431 3888//1431 3872//1431
f 3959//1448 3960//1448 3941//1448
f 3952//1449 3959//1449 3941//1449
f 3961//1450 3959//1450 3952//1450
f 3962//1447 3958//1447 3933//1447
f 3940//1451 3962//1451 3933//1451
f 3960//1451 3962//1451 3940//1451
f 3941//1448 3960//1448 3940//1448
f 3350//37 3345//37 3957//37
f 3957//37 3963//37 3350//37
f 3347//1217 3350//1217 3963//1217
f 3885//1452 3964//1452 3349//1452
f 3349//1452 3348//1452 3885//1452
f 3964//38 3956//38 3346//38
f 3346//38 3349//38 3964//38
f 3963//1217 3884//1217 3347//1217
f 3953//1453 3961//1453 3952//1453
f 3965//1453 3961//1453 3953//1453
f 3954//1454 3965//1454 3953//1454
f 3966//1454 3965//1454 3954//1454
f 3955//1455 3966//1455 3954//1455
f 3902//36 3886//36 3967//36
f 3903//36 3902//36 3967//36
f 3967//36 3909//36 3903//36
f 3967//36 3888//36 3958//36
f 3889//36 3888//36 3967//36
f 3967//36 3886//36 3887//36
f 3887//36 3889//36 3967//36
f 3958//36 3962//36 3967//36
f 3967//36 3927//36 3923//36
f 3967//36 3924//36 3908//36
f 3921//36 3924//36 3967//36
f 3923//36 3921//36 3967//36
f 3907//36 3909//36 3967//36
f 3908//36 3907//36 3967//36
f 3968//36 3969//36 3967//36
f 3966//36 3968//36 3967//36
f 3967//36 3969//36 3970//36
f 3959//36 3961//36 3967//36
f 3961//36 3965//36 3967//36
f 3967//36 3965//36 3966//36
f 3967//36 3960//36 3959//36
f 3962//36 3960//36 3967//36
f 3971//36 3972//36 3967//36
f 3973//36 3974//36 3967//36
f 3974//36 3975//36 3967//36
f 3967//36 3975//36 3971//36
f 3967//36 3976//36 3973//36
f 3951//36 3846//36 3977//36
f 3846//36 3849//36 3977//36
f 3849//36 3848//36 3978//36
f 3977//36 3849//36 3978//36
f 3979//194 3978//194 3980//194
f 3951//192 3977//192 3950//192
f 3950//192 3977//192 3979//192
f 3981//52 3949//52 3950//52
f 3979//52 3981//52 3950//52
f 3982//52 3981//52 3979//52
f 3980//52 3982//52 3979//52
f 3977//194 3978//194 3979//194
f 3949//1416 3981//1416 3955//1416
f 3983//1415 3982//1415 3984//1415
f 3955//1417 3981//1417 3983//1417
f 3981//1415 3982//1415 3983//1415
f 3980//52 3985//52 3982//52
f 3986//52 3985//52 3980//52
f 3978//36 3848//36 3847//36
f 3978//38 3987//38 3980//38
f 3980//38 3987//38 3988//38
f 3978//36 3847//36 3987//36
f 3847//36 3850//36 3987//36
f 3988//52 3986//52 3980//52
f 3987//55 3989//55 3988//55
f 3987//36 3850//36 3989//36
f 3850//36 3851//36 3989//36
f 3988//55 3989//55 3990//55
f 3991//52 3986//52 3988//52
f 3990//52 3991//52 3988//52
f 3992//1418 3985//1418 3986//1418
f 3991//1420 3992//1420 3986//1420
f 3993//1418 3985//1418 3992//1418
f 3982//1414 3985//1414 3993//1414
f 3984//1414 3982//1414 3993//1414
f 3994//1420 3992//1420 3991//1420
f 3968//1455 3966//1455 3955//1455
f 3983//1456 3968//1456 3955//1456
f 3969//1456 3968//1456 3983//1456
f 3984//1457 3969//1457 3983//1457
f 3970//1457 3969//1457 3984//1457
f 3993//1458 3970//1458 3984//1458
f 3973//1459 3976//1459 3994//1459
f 3994//1459 3976//1459 3992//1459
f 3976//1460 3995//1460 3992//1460
f 3992//1460 3995//1460 3993//1460
f 3995//1458 3970//1458 3993//1458
f 3970//36 3995//36 3967//36
f 3995//36 3976//36 3967//36
f 3996//36 3838//36 3997//36
f 3839//36 3841//36 3917//36
f 3997//36 3839//36 3917//36
f 3838//36 3839//36 3997//36
f 3998//63 3997//63 3999//63
f 3996//63 3997//63 3998//63
f 3997//65 3917//65 3999//65
f 3999//65 3917//65 3916//65
f 3919//52 4000//52 3999//52
f 3999//52 4000//52 3998//52
f 4000//52 4001//52 3998//52
f 3916//52 3919//52 3999//52
f 3925//1404 4002//1404 3919//1404
f 3919//1404 4002//1404 4000//1404
f 4002//1403 4003//1403 4000//1403
f 4000//1403 4003//1403 4001//1403
f 4004//36 3858//36 4005//36
f 3859//36 3838//36 3996//36
f 4005//36 3859//36 3996//36
f 3858//36 3859//36 4005//36
f 3998//52 4001//52 4006//52
f 4007//61 4005//61 4006//61
f 4005//58 3996//58 4006//58
f 4006//58 3996//58 3998//58
f 4001//52 4008//52 4006//52
f 4006//52 4008//52 4007//52
f 4004//61 4005//61 4007//61
f 4001//1427 4009//1427 4008//1427
f 4003//1427 4009//1427 4001//1427
f 3967//36 4010//36 4011//36
f 3972//36 4010//36 3967//36
f 4012//36 3927//36 3967//36
f 4011//36 4012//36 3967//36
f 3927//1461 4012//1461 3925//1461
f 4010//1462 3972//1462 4009//1462
f 3925//1461 4012//1461 4002//1461
f 4012//1463 4011//1463 4002//1463
f 4003//1464 4010//1464 4009//1464
f 4011//1464 4010//1464 4003//1464
f 4002//1463 4011//1463 4003//1463
f 4013//59 4004//59 4007//59
f 4014//59 4004//59 4013//59
f 4015//187 4014//187 4013//187
f 4014//36 3857//36 4004//36
f 3857//36 3858//36 4004//36
f 4016//187 4014//187 4015//187
f 4013//52 4017//52 4015//52
f 4018//52 4017//52 4013//52
f 4007//52 4018//52 4013//52
f 4008//52 4018//52 4007//52
f 3989//56 4019//56 3990//56
f 4019//36 3852//36 4016//36
f 3851//36 3852//36 4019//36
f 3989//36 3851//36 4019//36
f 3990//56 4019//56 4020//56
f 4019//57 4016//57 4020//57
f 4020//57 4016//57 4015//57
f 4020//52 4021//52 3990//52
f 4021//52 3991//52 3990//52
f 4016//36 3854//36 4014//36
f 4022//52 4021//52 4020//52
f 4015//52 4022//52 4020//52
f 3854//36 3857//36 4014//36
f 4017//52 4022//52 4015//52
f 3852//36 3854//36 4016//36
f 3972//1465 3971//1465 4023//1465
f 4009//1462 3972//1462 4023//1462
f 4009//1426 4023//1426 4008//1426
f 4008//1426 4023//1426 4018//1426
f 4023//1425 4024//1425 4018//1425
f 4018//1425 4024//1425 4017//1425
f 4023//1465 3971//1465 4024//1465
f 3971//1466 3975//1466 4024//1466
f 4024//1467 4025//1467 4017//1467
f 4017//1467 4025//1467 4022//1467
f 4021//1421 3994//1421 3991//1421
f 4025//1422 4026//1422 4022//1422
f 4022//1422 4026//1422 4021//1422
f 4026//1421 3994//1421 4021//1421
f 4025//1468 3974//1468 4026//1468
f 3975//1468 3974//1468 4025//1468
f 4024//1469 3975//1469 4025//1469
f 3974//1470 3973//1470 4026//1470
f 4026//1470 3973//1470 3994//1470
f 4027//1170 4028//1170 4029//1170
f 4030//1171 4031//1171 4027//1171
f 4032//37 4033//37 4030//37
f 4034//37 4030//37 4029//37
f 4035//1 4036//1 4037//1
f 4037//1 4038//1 4035//1
f 4034//1172 4039//1172 4032//1172
f 4040//1171 4041//1171 4034//1171
f 4034//37 4032//37 4030//37
f 4030//37 4027//37 4029//37
f 4042//1172 4040//1172 4034//1172
f 4043//1172 4044//1172 4042//1172
f 4043//37 4042//37 4034//37
f 4045//37 4043//37 4034//37
f 4042//1170 4046//1170 4040//1170
f 4044//1173 4047//1173 4042//1173
f 4043//37 4048//37 4044//37
f 4049//37 4050//37 4043//37
f 4051//37 4052//37 4049//37
f 4045//37 4051//37 4043//37
f 4051//1172 4049//1172 4043//1172
f 4029//37 4053//37 4045//37
f 4034//37 4029//37 4045//37
f 4029//37 4054//37 4053//37
f 4029//1171 4055//1171 4054//1171
f 4054//1174 4056//1174 4053//1174
f 4053//37 4057//37 4058//37
f 4058//37 4059//37 4045//37
f 4045//37 4060//37 4051//37
f 4045//37 4061//37 4060//37
f 4053//1175 4058//1175 4045//1175
f 4060//37 4062//37 4051//37
f 4063//36 4037//36 4036//36
f 4036//36 4064//36 4063//36
f 4065//35 4063//35 4064//35
f 4064//35 4066//35 4065//35
f 4038//52 4065//52 4066//52
f 4066//52 4035//52 4038//52
f 4036//38 4035//38 4066//38
f 4066//38 4064//38 4036//38
f 4038//37 4037//37 4063//37
f 4063//37 4065//37 4038//37
f 4047//1181 4067//1181 4068//1181
f 4068//1181 4042//1181 4047//1181
f 4046//1178 4042//1178 4068//1178
f 4068//1179 4069//1179 4046//1179
f 4040//1177 4046//1177 4069//1177
f 4069//1176 4070//1176 4040//1176
f 4071//1471 4072//1471 4034//1471
f 4034//1471 4041//1471 4071//1471
f 4070//1177 4071//1177 4041//1177
f 4041//1177 4040//1177 4070//1177
f 4039//1180 4034//1180 4072//1180
f 4072//1180 4073//1180 4039//1180
f 4032//1182 4039//1182 4073//1182
f 4073//1182 4074//1182 4032//1182
f 4033//1183 4032//1183 4074//1183
f 4074//1183 4075//1183 4033//1183
f 4033//1184 4075//1184 4076//1184
f 4076//1184 4030//1184 4033//1184
f 4031//1185 4030//1185 4076//1185
f 4076//1185 4077//1185 4031//1185
f 4027//1186 4031//1186 4077//1186
f 4077//1186 4078//1186 4027//1186
f 4028//1472 4027//1472 4078//1472
f 4078//1472 4079//1472 4028//1472
f 4029//1188 4028//1188 4079//1188
f 4079//1188 4080//1188 4029//1188
f 4055//1187 4029//1187 4080//1187
f 4080//1187 4081//1187 4055//1187
f 4054//1189 4055//1189 4081//1189
f 4081//1473 4082//1473 4054//1473
f 4056//1190 4054//1190 4082//1190
f 4082//1190 4083//1190 4056//1190
f 4084//1195 4067//1195 4047//1195
f 4047//1195 4044//1195 4084//1195
f 4085//1193 4084//1193 4044//1193
f 4044//1193 4048//1193 4085//1193
f 4086//1192 4085//1192 4048//1192
f 4050//1194 4049//1194 4087//1194
f 4087//1194 4088//1194 4050//1194
f 4043//1474 4050//1474 4088//1474
f 4048//1191 4043//1191 4086//1191
f 4088//1474 4086//1474 4043//1474
f 4052//1196 4051//1196 4089//1196
f 4089//1197 4051//1197 4062//1197
f 4089//1196 4090//1196 4052//1196
f 4049//1475 4052//1475 4090//1475
f 4090//1475 4087//1475 4049//1475
f 4062//1197 4091//1197 4089//1197
f 4061//1476 4045//1476 4092//1476
f 4093//1199 4091//1199 4062//1199
f 4062//1199 4060//1199 4093//1199
f 4094//1200 4093//1200 4060//1200
f 4060//1200 4061//1200 4094//1200
f 4092//1476 4094//1476 4061//1476
f 4056//1201 4083//1201 4095//1201
f 4096//1198 4092//1198 4045//1198
f 4045//1198 4059//1198 4096//1198
f 4097//1203 4096//1203 4059//1203
f 4059//1203 4058//1203 4097//1203
f 4098//1204 4097//1204 4058//1204
f 4058//1204 4057//1204 4098//1204
f 4095//1205 4098//1205 4057//1205
f 4057//1205 4053//1205 4095//1205
f 4095//1201 4053//1201 4056//1201
f 4099//52 4100//52 4101//52
f 4102//37 4099//37 4100//37
f 4101//52 4103//52 4099//52
f 4104//37 4102//37 4100//37
f 4076//38 4072//38 4068//38
f 4105//37 4104//37 4100//37
f 4072//1207 4071//1207 4070//1207
f 4074//1206 4073//1206 4072//1206
f 4072//1208 4070//1208 4068//1208
f 4076//38 4074//38 4072//38
f 4090//38 4089//38 4091//38
f 4068//38 4086//38 4091//38
f 4076//38 4068//38 4091//38
f 4068//1208 4084//1208 4086//1208
f 4087//38 4090//38 4091//38
f 4086//38 4088//38 4087//38
f 4084//1207 4085//1207 4086//1207
f 4068//38 4067//38 4084//38
f 4070//1207 4069//1207 4068//1207
f 4086//38 4087//38 4091//38
f 4095//38 4080//38 4076//38
f 4076//38 4075//38 4074//38
f 4078//1208 4077//1208 4076//1208
f 4080//1208 4079//1208 4078//1208
f 4082//1209 4081//1209 4080//1209
f 4100//37 4106//37 4105//37
f 4080//38 4078//38 4076//38
f 4107//1 4101//1 4100//1
f 4100//1 4106//1 4107//1
f 4095//1206 4082//1206 4080//1206
f 4092//1206 4097//1206 4095//1206
f 4095//38 4083//38 4082//38
f 4101//37 4107//37 4108//37
f 4097//1209 4098//1209 4095//1209
f 4092//38 4096//38 4097//38
f 4108//37 4103//37 4101//37
f 4091//38 4092//38 4095//38
f 4091//38 4095//38 4076//38
f 4091//1206 4093//1206 4094//1206
f 4091//38 4094//38 4092//38
f 4099//38 4109//38 4106//38
f 4106//38 4100//38 4099//38
f 4109//35 4099//35 4103//35
f 4103//35 4108//35 4109//35
f 4106//37 4109//37 4110//37
f 4106//37 4110//37 4105//37
f 4106//36 4109//36 4108//36
f 4108//36 4107//36 4106//36
f 4111//52 4112//52 4113//52
f 4113//52 4114//52 4111//52
f 4112//52 4115//52 4113//52
f 4114//1210 4113//1210 4116//1210
f 4116//36 4117//36 4118//36
f 4116//1210 4118//1210 4114//1210
f 4116//35 4119//35 4120//35
f 4113//37 4115//37 4121//37
f 4121//37 4122//37 4119//37
f 4116//37 4113//37 4121//37
f 4121//37 4119//37 4116//37
f 4120//35 4117//35 4116//35
f 4115//1 4112//1 4123//1
f 4123//1 4121//1 4115//1
f 4124//1210 4119//1210 4122//1210
f 4122//1210 4125//1210 4124//1210
f 4125//36 4122//36 4121//36
f 4120//52 4119//52 4124//52
f 4121//36 4123//36 4125//36
f 4126//1 4127//1 4128//1
f 4128//1 4129//1 4126//1
f 4127//52 4130//52 4131//52
f 4131//52 4128//52 4127//52
f 4132//1174 4133//1174 4134//1174
f 4134//1172 4135//1172 4136//1172
f 4134//37 4137//37 4135//37
f 4136//1175 4138//1175 4139//1175
f 4136//37 4139//37 4140//37
f 4135//37 4141//37 4136//37
f 4142//37 4134//37 4136//37
f 4143//37 4142//37 4136//37
f 4144//37 4145//37 4142//37
f 4142//37 4132//37 4134//37
f 4143//37 4144//37 4142//37
f 4142//37 4146//37 4132//37
f 4145//1171 4147//1171 4142//1171
f 4144//37 4148//37 4145//37
f 4129//38 4128//38 4131//38
f 4131//38 4149//38 4129//38
f 4129//36 4149//36 4150//36
f 4150//36 4126//36 4129//36
f 4150//37 4130//37 4127//37
f 4127//37 4126//37 4150//37
f 4139//37 4151//37 4140//37
f 4140//1170 4152//1170 4153//1170
f 4153//37 4154//37 4155//37
f 4155//37 4156//37 4157//37
f 4136//37 4140//37 4155//37
f 4140//37 4153//37 4155//37
f 4155//37 4157//37 4158//37
f 4158//1175 4159//1175 4143//1175
f 4158//37 4160//37 4159//37
f 4136//37 4155//37 4143//37
f 4155//37 4158//37 4143//37
f 4157//1173 4161//1173 4158//1173
f 4130//35 4150//35 4149//35
f 4143//37 4162//37 4163//37
f 4149//35 4131//35 4130//35
f 4159//1170 4164//1170 4143//1170
f 4163//37 4165//37 4144//37
f 4143//37 4163//37 4144//37
f 4166//1181 4134//1181 4133//1181
f 4137//1178 4134//1178 4166//1178
f 4166//1179 4167//1179 4137//1179
f 4135//1176 4137//1176 4167//1176
f 4167//1176 4168//1176 4135//1176
f 4141//1177 4135//1177 4168//1177
f 4168//1177 4169//1177 4141//1177
f 4136//1180 4141//1180 4169//1180
f 4169//1180 4170//1180 4136//1180
f 4133//1181 4171//1181 4166//1181
f 4170//1471 4172//1471 4138//1471
f 4139//1182 4138//1182 4172//1182
f 4172//1182 4173//1182 4139//1182
f 4151//1183 4139//1183 4173//1183
f 4173//1183 4174//1183 4151//1183
f 4138//1471 4136//1471 4170//1471
f 4175//1195 4171//1195 4133//1195
f 4133//1195 4132//1195 4175//1195
f 4176//1193 4175//1193 4132//1193
f 4132//1214 4146//1214 4176//1214
f 4177//1191 4176//1191 4146//1191
f 4146//1191 4142//1191 4177//1191
f 4178//1192 4177//1192 4142//1192
f 4142//1192 4147//1192 4178//1192
f 4179//1475 4178//1475 4147//1475
f 4147//1475 4145//1475 4179//1475
f 4180//1475 4179//1475 4145//1475
f 4145//1475 4148//1475 4180//1475
f 4181//1196 4180//1196 4148//1196
f 4148//1196 4144//1196 4181//1196
f 4181//1197 4144//1197 4165//1197
f 4165//1197 4182//1197 4181//1197
f 4151//1184 4174//1184 4183//1184
f 4183//1184 4140//1184 4151//1184
f 4152//1185 4140//1185 4183//1185
f 4183//1185 4184//1185 4152//1185
f 4153//1472 4152//1472 4184//1472
f 4184//1472 4185//1472 4153//1472
f 4157//1189 4156//1189 4186//1189
f 4186//1473 4187//1473 4157//1473
f 4161//1190 4157//1190 4187//1190
f 4187//1190 4188//1190 4161//1190
f 4189//1187 4186//1187 4156//1187
f 4156//1187 4155//1187 4189//1187
f 4190//1188 4189//1188 4155//1188
f 4155//1188 4154//1188 4190//1188
f 4185//1186 4190//1186 4154//1186
f 4154//1186 4153//1186 4185//1186
f 4191//1199 4182//1199 4165//1199
f 4165//1199 4163//1199 4191//1199
f 4192//1200 4191//1200 4163//1200
f 4163//1200 4162//1200 4192//1200
f 4193//1476 4192//1476 4162//1476
f 4162//1476 4143//1476 4193//1476
f 4164//1203 4159//1203 4194//1203
f 4194//1203 4195//1203 4164//1203
f 4143//1476 4164//1476 4195//1476
f 4195//1476 4193//1476 4143//1476
f 4196//1204 4194//1204 4159//1204
f 4159//1204 4160//1204 4196//1204
f 4161//1201 4188//1201 4197//1201
f 4197//1216 4196//1216 4160//1216
f 4160//1205 4158//1205 4197//1205
f 4197//1201 4158//1201 4161//1201
f 4198//37 4199//37 4200//37
f 4201//52 4202//52 4198//52
f 4198//37 4200//37 4203//37
f 4198//52 4199//52 4201//52
f 4174//38 4172//38 4170//38
f 4174//38 4170//38 4166//38
f 4170//38 4168//38 4166//38
f 4174//38 4173//38 4172//38
f 4170//38 4169//38 4168//38
f 4168//1207 4167//1207 4166//1207
f 4166//38 4171//38 4175//38
f 4175//1207 4176//1207 4177//1207
f 4177//1206 4178//1206 4179//1206
f 4166//1208 4175//1208 4177//1208
f 4177//38 4179//38 4181//38
f 4174//38 4166//38 4181//38
f 4166//38 4177//38 4181//38
f 4179//1206 4180//1206 4181//1206
f 4199//1 4204//1 4205//1
f 4205//1 4201//1 4199//1
f 4181//38 4197//38 4174//38
f 4185//38 4184//38 4174//38
f 4197//38 4189//38 4174//38
f 4184//38 4183//38 4174//38
f 4189//38 4185//38 4174//38
f 4201//37 4205//37 4206//37
f 4206//37 4202//37 4201//37
f 4197//1206 4187//1206 4189//1206
f 4187//1209 4186//1209 4189//1209
f 4189//38 4190//38 4185//38
f 4197//38 4188//38 4187//38
f 4204//38 4199//38 4198//38
f 4198//38 4207//38 4204//38
f 4206//36 4205//36 4204//36
f 4208//37 4209//37 4207//37
f 4204//36 4207//36 4206//36
f 4209//37 4204//37 4207//37
f 4194//1209 4196//1209 4197//1209
f 4181//38 4193//38 4197//38
f 4181//38 4191//38 4193//38
f 4193//1206 4194//1206 4197//1206
f 4181//38 4182//38 4191//38
f 4191//1208 4192//1208 4193//1208
f 4193//1209 4195//1209 4194//1209
f 4203//37 4208//37 4207//37
f 4207//37 4198//37 4203//37
f 4207//35 4198//35 4202//35
f 4202//35 4206//35 4207//35
f 4210//52 4211//52 4212//52
f 4212//52 4213//52 4210//52
f 4212//37 4211//37 4214//37
f 4211//1217 4210//1217 4215//1217
f 4215//1217 4214//1217 4211//1217
f 4216//36 4214//36 4215//36
f 4212//37 4214//37 4217//37
f 4217//1217 4218//1217 4219//1217
f 4219//1217 4220//1217 4217//1217
f 4221//36 4222//36 4220//36
f 4220//36 4219//36 4221//36
f 4217//52 4223//52 4218//52
f 4217//1 4214//1 4216//1
f 4216//1 4223//1 4217//1
f 4220//37 4224//37 4212//37
f 4222//36 4224//36 4220//36
f 4217//37 4220//37 4212//37
f 4213//35 4212//35 4224//35
f 4224//35 4222//35 4213//35
f 3197//35 3200//35 4225//35
f 4225//35 4226//35 3197//35
f 3198//38 3197//38 4226//38
f 4226//38 4227//38 3198//38
f 3199//1 3198//1 4227//1
f 4227//1 4228//1 3199//1
f 4229//52 4230//52 4100//52
f 4112//1 4231//1 4232//1
f 4112//1 4232//1 4233//1
f 4102//36 4104//36 4234//36
f 4100//52 4099//52 4229//52
f 4235//35 4229//35 4099//35
f 4234//36 4235//36 4102//36
f 4099//35 4102//35 4235//35
f 4104//35 4105//35 4236//35
f 4230//1 4237//1 4106//1
f 4236//35 4234//35 4104//35
f 4106//1 4100//1 4230//1
f 4233//1 4238//1 4123//1
f 4238//1 4239//1 4123//1
f 4123//1 4112//1 4233//1
f 4239//1 4240//1 4123//1
f 4241//52 4236//52 4105//52
f 4109//36 4106//36 4237//36
f 4237//36 4242//36 4109//36
f 4110//35 4109//35 4242//35
f 4242//35 4241//35 4110//35
f 4105//52 4110//52 4241//52
f 4243//37 4244//37 4245//37
f 4245//37 4246//37 4243//37
f 4247//35 4114//35 4118//35
f 4118//35 4124//35 4247//35
f 4247//35 4111//35 4114//35
f 4124//35 4125//35 4247//35
f 4117//37 4120//37 4124//37
f 4124//37 4118//37 4117//37
f 4123//36 4247//36 4125//36
f 4247//38 4123//38 4112//38
f 4112//38 4111//38 4247//38
f 4248//1211 4243//1211 4246//1211
f 4246//1211 4249//1211 4248//1211
f 4250//52 4248//52 4249//52
f 4249//52 4251//52 4250//52
f 4243//1 4248//1 4250//1
f 4252//38 4250//38 4251//38
f 4250//1 4252//1 4253//1
f 4251//38 4254//38 4252//38
f 4243//1 4250//1 4253//1
f 4245//35 4254//35 4249//35
f 4254//35 4251//35 4249//35
f 4249//35 4246//35 4245//35
f 3213//36 3216//36 3215//36
f 3213//36 3218//36 3216//36
f 4253//36 4252//36 4254//36
f 4254//36 4255//36 4253//36
f 4244//1212 4253//1212 4255//1212
f 4255//1212 4245//1212 4244//1212
f 4253//1 4244//1 4243//1
f 4245//35 4255//35 4254//35
f 4228//36 4226//36 4225//36
f 4228//36 4227//36 4226//36
f 4237//38 4230//38 4234//38
f 4234//38 4236//38 4237//38
f 4230//38 4235//38 4234//38
f 4236//38 4241//38 4237//38
f 4230//38 4229//38 4235//38
f 4241//38 4242//38 4237//38
f 3216//36 3218//36 3220//36
f 3219//36 3216//36 3220//36
f 3214//36 3215//36 3217//36
f 3214//36 3213//36 3215//36
f 3222//36 3214//36 3217//36
f 3217//36 3221//36 3222//36
f 3221//36 3219//36 3220//36
f 3221//36 3220//36 3222//36
f 4228//37 4256//37 3203//37
f 3203//37 3199//37 4228//37
f 4257//38 4225//38 3200//38
f 3200//38 3201//38 4257//38
f 4258//1 4257//1 3201//1
f 3201//1 3205//1 4258//1
f 4259//38 4258//38 3205//38
f 3205//38 3206//38 4259//38
f 4256//35 4259//35 3206//35
f 3206//35 3203//35 4256//35
f 4213//52 4260//52 4231//52
f 4232//38 4231//38 4260//38
f 4260//38 4261//38 4232//38
f 4233//36 4232//36 4261//36
f 4261//36 4262//36 4233//36
f 4258//36 4259//36 4256//36
f 4257//36 4258//36 4256//36
f 4225//36 4257//36 4256//36
f 4256//36 4228//36 4225//36
f 4231//52 4112//52 4213//52
f 4222//37 4213//37 4112//37
f 4112//37 4123//37 4222//37
f 4263//36 4222//36 4123//36
f 4123//36 4240//36 4263//36
f 4264//38 4263//38 4240//38
f 4240//38 4239//38 4264//38
f 4265//52 4264//52 4239//52
f 4239//52 4238//52 4265//52
f 4262//38 4265//38 4238//38
f 4238//38 4233//38 4262//38
f 4215//1 4210//1 4266//1
f 4266//1 4221//1 4219//1
f 4218//1 4215//1 4266//1
f 4266//1 4219//1 4218//1
f 4213//52 4266//52 4210//52
f 4266//38 4213//38 4222//38
f 4222//38 4221//38 4266//38
f 4223//37 4216//37 4215//37
f 4215//37 4218//37 4223//37
f 4203//36 4200//36 4267//36
f 4268//1 4267//1 4200//1
f 4200//1 4199//1 4268//1
f 4269//52 4268//52 4199//52
f 4199//52 4198//52 4269//52
f 4267//36 4270//36 4203//36
f 4261//35 4260//35 4213//35
f 4265//35 4262//35 4213//35
f 4262//35 4261//35 4213//35
f 4222//35 4264//35 4265//35
f 4222//35 4263//35 4264//35
f 4213//35 4222//35 4265//35
f 4271//36 4272//36 4207//36
f 4207//36 4204//36 4271//36
f 4209//52 4208//52 4273//52
f 4273//52 4274//52 4209//52
f 4204//1 4209//1 4274//1
f 4274//1 4271//1 4204//1
f 4272//35 4269//35 4198//35
f 4270//1 4273//1 4208//1
f 4208//1 4203//1 4270//1
f 4198//35 4207//35 4272//35
f 4275//37 4276//37 4277//37
f 4277//37 4278//37 4275//37
f 4277//1 4279//1 4280//1
f 4276//1211 4281//1211 4279//1211
f 4279//1211 4277//1211 4276//1211
f 4280//52 4279//52 4281//52
f 4281//52 4282//52 4280//52
f 4283//38 4280//38 4282//38
f 4282//38 4284//38 4283//38
f 4275//35 4284//35 4281//35
f 4277//1 4280//1 4285//1
f 4281//35 4276//35 4275//35
f 4284//35 4282//35 4281//35
f 4280//1 4283//1 4285//1
f 4285//1 4278//1 4277//1
f 4275//35 4286//35 4284//35
f 4285//36 4283//36 4284//36
f 4284//36 4286//36 4285//36
f 4278//1212 4285//1212 4286//1212
f 4286//1212 4275//1212 4278//1212
f 3881//36 3880//36 3883//36
f 3881//36 3883//36 3882//36
f 4272//38 4274//38 4273//38
f 4270//38 4267//38 4269//38
f 4272//38 4271//38 4274//38
f 4267//38 4268//38 4269//38
f 3882//36 3884//36 3885//36
f 3885//36 3881//36 3882//36
f 3956//36 3957//36 3883//36
f 4273//38 4270//38 4269//38
f 3880//36 3956//36 3883//36
f 4269//38 4272//38 4273//38
f 3963//36 3956//36 3964//36
f 3884//36 3963//36 3964//36
f 3963//36 3957//36 3956//36
f 3884//36 3964//36 3885//36
usemtl Black.001
f 4//2 18//2 19//2
f 19//2 5//2 4//2
f 20//3 21//3 8//3
f 8//3 7//3 20//3
f 22//4 20//4 7//4
f 1//5 5//5 19//5
f 7//4 6//4 22//4
f 23//6 22//6 6//6
f 6//6 1//6 23//6
f 19//5 23//5 1//5
f 10//7 9//7 24//7
f 24//7 25//7 10//7
f 2//8 8//8 21//8
f 21//8 26//8 2//8
f 9//9 2//9 26//9
f 26//9 24//9 9//9
f 11//10 3//10 27//10
f 27//10 28//10 11//10
f 10//11 25//11 29//11
f 29//12 27//12 3//12
f 3//12 17//12 29//12
f 29//11 17//11 10//11
f 14//13 13//13 30//13
f 31//14 30//14 13//14
f 30//13 32//13 14//13
f 15//15 14//15 32//15
f 33//16 34//16 16//16
f 13//14 12//14 31//14
f 28//17 31//17 12//17
f 12//17 11//17 28//17
f 16//16 15//16 33//16
f 32//15 33//15 15//15
f 2415//38 16//38 34//38
f 34//38 2413//38 2415//38
f 2412//37 18//37 4//37
f 4//37 2414//37 2412//37
f 2429//475 2412//475 2414//475
f 2414//475 36//475 2429//475
f 2430//476 2429//476 36//476
f 36//476 2421//476 2430//476
f 2420//477 2418//477 2431//477
f 2431//477 2432//477 2420//477
f 2417//478 2420//478 2432//478
f 2432//478 2433//478 2417//478
f 2421//479 2417//479 2433//479
f 2433//479 2430//479 2421//479
f 2434//480 2431//480 2418//480
f 2418//480 2419//480 2434//480
f 2435//481 2434//481 2419//481
f 2419//481 2416//481 2435//481
f 2435//482 2416//482 2425//482
f 2425//482 2436//482 2435//482
f 2425//483 2424//483 2437//483
f 2437//483 2436//483 2425//483
f 2438//484 2437//484 2424//484
f 2424//484 2426//484 2438//484
f 2439//485 2438//485 2426//485
f 2426//485 2423//485 2439//485
f 2422//486 2428//486 2440//486
f 2440//486 2441//486 2422//486
f 2427//487 2422//487 2441//487
f 2441//487 2442//487 2427//487
f 2423//488 2427//488 2442//488
f 2442//488 2439//488 2423//488
f 2443//489 2440//489 2428//489
f 2428//489 35//489 2443//489
f 2443//490 35//490 2415//490
f 2415//490 2413//490 2443//490
